<?xml version="1.0" encoding="UTF-8" standalone="no" ?>
<COLLADA xmlns="http://www.collada.org/2005/11/COLLADASchema" version="1.4.1">
  <asset>
    <contributor>
      <author>Assimp</author>
      <authoring_tool>3D Builder</authoring_tool>
    </contributor>
    <created>2026-07-22T19:06:52</created>
    <modified>2026-07-22T19:06:52</modified>
    <unit name="meter" meter="1" />
    <up_axis>Y_UP</up_axis>
  </asset>
  <library_images>
    <image id="material_0-diffuse-image">
      <init_from>hyundai_ioniq5_texture_0001.png</init_from>
    </image>
    <image id="material_1-diffuse-image">
      <init_from>hyundai_ioniq5_texture_0002.jpg</init_from>
    </image>
    <image id="material_3-diffuse-image">
      <init_from>hyundai_ioniq5_texture_0003.png</init_from>
    </image>
    <image id="material_4-diffuse-image">
      <init_from>hyundai_ioniq5_texture_0004.png</init_from>
    </image>
    <image id="material_6-diffuse-image">
      <init_from>hyundai_ioniq5_texture_0005.jpg</init_from>
    </image>
    <image id="material_7-diffuse-image">
      <init_from>hyundai_ioniq5_texture_0006.png</init_from>
    </image>
  </library_images>
  <library_effects>
    <effect id="material_0-fx" name="">
      <profile_COMMON>
        <newparam sid="material_0-diffuse-surface">
          <surface type="2D">
            <init_from>material_0-diffuse-image</init_from>
          </surface>
        </newparam>
        <newparam sid="material_0-diffuse-sampler">
          <sampler2D>
            <source>material_0-diffuse-surface</source>
          </sampler2D>
        </newparam>
        <technique sid="standard">
          <phong>
            <emission>
              <color sid="emission">0   0   0   1</color>
            </emission>
            <diffuse>
              <texture texture="material_0-diffuse-sampler" texcoord="CHANNEL0" />
            </diffuse>
            <shininess>
              <float sid="shininess">0</float>
            </shininess>
            <transparency>
              <float sid="transparency">1</float>
            </transparency>
          </phong>
        </technique>
      </profile_COMMON>
    </effect>
    <effect id="material_1-fx" name="">
      <profile_COMMON>
        <newparam sid="material_1-diffuse-surface">
          <surface type="2D">
            <init_from>material_1-diffuse-image</init_from>
          </surface>
        </newparam>
        <newparam sid="material_1-diffuse-sampler">
          <sampler2D>
            <source>material_1-diffuse-surface</source>
          </sampler2D>
        </newparam>
        <technique sid="standard">
          <phong>
            <emission>
              <color sid="emission">0   0   0   1</color>
            </emission>
            <diffuse>
              <texture texture="material_1-diffuse-sampler" texcoord="CHANNEL0" />
            </diffuse>
            <shininess>
              <float sid="shininess">0</float>
            </shininess>
            <transparency>
              <float sid="transparency">1</float>
            </transparency>
          </phong>
        </technique>
      </profile_COMMON>
    </effect>
    <effect id="M_Gravity_Gold_Matte-fx" name="M_Gravity_Gold_Matte">
      <profile_COMMON>
        <technique sid="standard">
          <phong>
            <emission>
              <color sid="emission">0   0   0   1</color>
            </emission>
            <diffuse>
              <color sid="diffuse">0.571124911   0.533276021   0.502886951   1</color>
            </diffuse>
            <shininess>
              <float sid="shininess">289.75</float>
            </shininess>
            <transparency>
              <float sid="transparency">1</float>
            </transparency>
          </phong>
        </technique>
      </profile_COMMON>
    </effect>
    <effect id="material_3-fx" name="">
      <profile_COMMON>
        <newparam sid="material_3-diffuse-surface">
          <surface type="2D">
            <init_from>material_3-diffuse-image</init_from>
          </surface>
        </newparam>
        <newparam sid="material_3-diffuse-sampler">
          <sampler2D>
            <source>material_3-diffuse-surface</source>
          </sampler2D>
        </newparam>
        <technique sid="standard">
          <phong>
            <emission>
              <color sid="emission">0   0   0   1</color>
            </emission>
            <diffuse>
              <texture texture="material_3-diffuse-sampler" texcoord="CHANNEL0" />
            </diffuse>
            <shininess>
              <float sid="shininess">0</float>
            </shininess>
            <transparency>
              <float sid="transparency">1</float>
            </transparency>
          </phong>
        </technique>
      </profile_COMMON>
    </effect>
    <effect id="material_4-fx" name="">
      <profile_COMMON>
        <newparam sid="material_4-diffuse-surface">
          <surface type="2D">
            <init_from>material_4-diffuse-image</init_from>
          </surface>
        </newparam>
        <newparam sid="material_4-diffuse-sampler">
          <sampler2D>
            <source>material_4-diffuse-surface</source>
          </sampler2D>
        </newparam>
        <technique sid="standard">
          <phong>
            <emission>
              <color sid="emission">0   0   0   1</color>
            </emission>
            <diffuse>
              <texture texture="material_4-diffuse-sampler" texcoord="CHANNEL0" />
            </diffuse>
            <shininess>
              <float sid="shininess">690.322754</float>
            </shininess>
            <transparency>
              <float sid="transparency">1</float>
            </transparency>
          </phong>
        </technique>
      </profile_COMMON>
    </effect>
    <effect id="M_Black_Dark-fx" name="M_Black_Dark">
      <profile_COMMON>
        <technique sid="standard">
          <phong>
            <emission>
              <color sid="emission">0   0   0   1</color>
            </emission>
            <diffuse>
              <color sid="diffuse">0.000910580973   0.000910580973   0.000910580973   1</color>
            </diffuse>
            <shininess>
              <float sid="shininess">250</float>
            </shininess>
            <transparency>
              <float sid="transparency">1</float>
            </transparency>
          </phong>
        </technique>
      </profile_COMMON>
    </effect>
    <effect id="material_6-fx" name="">
      <profile_COMMON>
        <newparam sid="material_6-diffuse-surface">
          <surface type="2D">
            <init_from>material_6-diffuse-image</init_from>
          </surface>
        </newparam>
        <newparam sid="material_6-diffuse-sampler">
          <sampler2D>
            <source>material_6-diffuse-surface</source>
          </sampler2D>
        </newparam>
        <technique sid="standard">
          <phong>
            <emission>
              <color sid="emission">0   0   0   1</color>
            </emission>
            <diffuse>
              <texture texture="material_6-diffuse-sampler" texcoord="CHANNEL0" />
            </diffuse>
            <shininess>
              <float sid="shininess">0</float>
            </shininess>
            <transparency>
              <float sid="transparency">1</float>
            </transparency>
          </phong>
        </technique>
      </profile_COMMON>
    </effect>
    <effect id="material_7-fx" name="">
      <profile_COMMON>
        <newparam sid="material_7-diffuse-surface">
          <surface type="2D">
            <init_from>material_7-diffuse-image</init_from>
          </surface>
        </newparam>
        <newparam sid="material_7-diffuse-sampler">
          <sampler2D>
            <source>material_7-diffuse-surface</source>
          </sampler2D>
        </newparam>
        <technique sid="standard">
          <phong>
            <emission>
              <color sid="emission">0   0   0   1</color>
            </emission>
            <diffuse>
              <texture texture="material_7-diffuse-sampler" texcoord="CHANNEL0" />
            </diffuse>
            <shininess>
              <float sid="shininess">0</float>
            </shininess>
            <transparency>
              <float sid="transparency">1</float>
            </transparency>
          </phong>
        </technique>
      </profile_COMMON>
    </effect>
    <effect id="material_8-fx" name="">
      <profile_COMMON>
        <technique sid="standard">
          <phong>
            <emission>
              <color sid="emission">0   0   0   1</color>
            </emission>
            <diffuse>
              <color sid="diffuse">1   1   1   1</color>
            </diffuse>
            <shininess>
              <float sid="shininess">0</float>
            </shininess>
            <transparency>
              <float sid="transparency">1</float>
            </transparency>
          </phong>
        </technique>
      </profile_COMMON>
    </effect>
  </library_effects>
  <library_materials>
    <material id="material_0" name="">
      <instance_effect url="#material_0-fx"/>
    </material>
    <material id="material_1" name="">
      <instance_effect url="#material_1-fx"/>
    </material>
    <material id="M_Gravity_Gold_Matte" name="M_Gravity_Gold_Matte">
      <instance_effect url="#M_Gravity_Gold_Matte-fx"/>
    </material>
    <material id="material_3" name="">
      <instance_effect url="#material_3-fx"/>
    </material>
    <material id="material_4" name="">
      <instance_effect url="#material_4-fx"/>
    </material>
    <material id="M_Black_Dark" name="M_Black_Dark">
      <instance_effect url="#M_Black_Dark-fx"/>
    </material>
    <material id="material_6" name="">
      <instance_effect url="#material_6-fx"/>
    </material>
    <material id="material_7" name="">
      <instance_effect url="#material_7-fx"/>
    </material>
    <material id="material_8" name="">
      <instance_effect url="#material_8-fx"/>
    </material>
  </library_materials>
  <library_geometries>
    <geometry id="meshesP0R-0" name="meshes[0]-0" >
      <mesh>
        <source id="meshesP0R-0-positions" name="meshesP0R-0-positions">
          <float_array id="meshesP0R-0-positions-array" count="960"> -0.890683293 1.479967 0.584766269 -0.898947716 1.4873265 0.593733966 -0.89893651 1.50774646 0.575226426 -0.890672565 1.49954331 0.567023277 -0.890694857 1.45874572 0.600504875 -0.898959816 1.46519089 0.610150814 -0.890707195 1.43608403 0.61408776 -0.898972809 1.44155276 0.624318957 -0.890720248 1.41220021 0.625384033 -0.89898634 1.4166398 0.636101961 -0.890733898 1.38732409 0.634284794 -0.899000525 1.39069164 0.645386279 -0.890747905 1.36169529 0.640704513 -0.899015248 1.36395848 0.652082562 -0.89076215 1.3355608 0.644581199 -0.89903003 1.33669782 0.656126261 -0.890776634 1.30917203 0.645877481 -0.89904511 1.30917203 0.657478452 -0.892688334 1.53066695 0.646553993 -0.879325807 1.54744196 0.667013645 -0.879310906 1.57475495 0.642258584 -0.892674506 1.55605543 0.623543322 -0.892703414 1.50314534 0.666965425 -0.87934202 1.51783419 0.688972294 -0.892719507 1.47375548 0.684581041 -0.879359245 1.48621655 0.707923055 -0.892736435 1.44278061 0.699230909 -0.879377484 1.45289361 0.723683655 -0.892754018 1.41051912 0.710774422 -0.879396498 1.41818643 0.736102104 -0.892772198 1.37728131 0.719099998 -0.879416049 1.38242912 0.745058835 -0.892790735 1.34338748 0.724127531 -0.879436016 1.3459661 0.750467539 -0.892809451 1.30916417 0.725808799 -0.879456043 1.30914843 0.752276301 -0.648769438 1.54730713 0.667013645 -0.648754537 1.57462001 0.642258584 -0.648785651 1.51769924 0.688972294 -0.648802936 1.4860816 0.707923055 -0.648821235 1.45275879 0.723683655 -0.648840129 1.41805136 0.736102104 -0.64885968 1.38229406 0.745058835 -0.648879588 1.34583116 0.750467539 -0.648899674 1.30901349 0.752276301 -0.890630126 1.57710135 0.403040767 -0.898892403 1.58864641 0.404177845 -0.898891568 1.58999872 0.376652032 -0.89062947 1.57839775 0.376652002 -0.890632212 1.57322454 0.429175317 -0.898894548 1.58460271 0.431438595 -0.890635848 1.56680501 0.454804063 -0.898898184 1.57790637 0.458171666 -0.890640616 1.55790412 0.47968021 -0.89890331 1.56862187 0.484119713 -0.890646875 1.54660797 0.503564119 -0.898909807 1.55683899 0.509032845 -0.890654206 1.53302503 0.526225686 -0.898917496 1.54267085 0.532670975 -0.890662849 1.5172863 0.547446966 -0.898926497 1.52625394 0.55480653 -0.89261955 1.65663993 0.41087541 -0.879251719 1.68296421 0.413469732 -0.879250824 1.68477309 0.376652062 -0.892618537 1.65832126 0.376652062 -0.892622292 1.65161228 0.444769174 -0.879254758 1.67755532 0.449932724 -0.892626762 1.64328659 0.478006989 -0.879259586 1.66859865 0.485689998 -0.89263308 1.63174319 0.510268688 -0.879266381 1.65618014 0.520397305 -0.892641127 1.61709321 0.541243494 -0.879275024 1.6404196 0.553720295 -0.892650723 1.59947753 0.570633292 -0.879285336 1.62146878 0.585337877 -0.892661929 1.57906616 0.598154902 -0.879297376 1.59950995 0.61494565 -0.648695469 1.68282926 0.413469732 -0.648694456 1.68463802 0.376652062 -0.64869839 1.67742038 0.449932724 -0.648703277 1.66846371 0.485689998 -0.648710012 1.6560452 0.520397305 -0.648718655 1.64028466 0.553720295 -0.648729026 1.62133384 0.585337877 -0.648741007 1.59937501 0.61494565 -0.890662849 1.51728654 0.205856994 -0.898926497 1.52625418 0.198497474 -0.89893651 1.5077467 0.178077593 -0.890672565 1.49954355 0.186280683 -0.890654206 1.53302515 0.227078184 -0.898917496 1.54267108 0.220633075 -0.890646875 1.54660809 0.249739856 -0.898909807 1.55683923 0.244271204 -0.890640616 1.55790424 0.273623765 -0.89890331 1.56862211 0.269184291 -0.890635848 1.56680512 0.298499942 -0.898898184 1.57790649 0.295132339 -0.890632212 1.57322466 0.324128658 -0.898894548 1.58460283 0.321865439 -0.890630126 1.57710135 0.350263268 -0.898892403 1.58864641 0.34912619 -0.892661929 1.57906628 0.155149072 -0.879297376 1.59951031 0.138358369 -0.879310906 1.57475519 0.11104542 -0.892674506 1.55605578 0.129760653 -0.892650723 1.59947777 0.182670712 -0.879285336 1.62146902 0.167966202 -0.892641127 1.61709332 0.212060541 -0.879275024 1.64041984 0.199583933 -0.89263308 1.63174319 0.243035421 -0.879266381 1.65618026 0.232906774 -0.892626762 1.64328671 0.275297105 -0.879259586 1.66859889 0.267614067 -0.892622292 1.6516124 0.308534861 -0.879254758 1.67755556 0.30337137 -0.89261955 1.65664005 0.342428714 -0.879251719 1.68296409 0.339834422 -0.648741007 1.59937525 0.138358369 -0.648754537 1.57462037 0.11104542 -0.648729026 1.62133408 0.167966202 -0.648718655 1.6402849 0.199583933 -0.648710012 1.65604532 0.232906774 -0.648703218 1.66846395 0.267614067 -0.64869839 1.6774205 0.30337137 -0.64869535 1.68282926 0.339834422 -0.89076215 1.33556116 0.108722627 -0.89903003 1.33669829 0.0971775055 -0.89904511 1.30917239 0.0958251655 -0.890776634 1.30917239 0.107426137 -0.890747905 1.36169565 0.112599313 -0.899015248 1.36395884 0.101221293 -0.890733898 1.38732445 0.119018972 -0.899000525 1.390692 0.107917607 -0.890720248 1.41220057 0.127919793 -0.89898634 1.41664016 0.117201954 -0.890707195 1.43608439 0.139216051 -0.898972809 1.44155312 0.128985018 -0.890694857 1.45874596 0.15279898 -0.898959816 1.46519125 0.143153146 -0.890683293 1.47996736 0.168537676 -0.898947716 1.48732686 0.159570068 -0.892790735 1.34338796 0.0291761458 -0.879436016 1.34596658 0.00283616781 -0.879456043 1.30914891 0.00102743506 -0.892809451 1.30916464 0.0274948478 -0.892772198 1.37728167 0.0342037678 -0.879416049 1.3824296 0.0082449913 -0.892754018 1.4105196 0.0425294638 -0.879396498 1.4181869 0.0172018111 -0.892736435 1.44278109 0.0540729463 -0.879377484 1.45289409 0.0296201408 -0.892719507 1.47375596 0.0687228739 -0.879359245 1.48621702 0.0453807414 -0.892703414 1.50314569 0.0863384604 -0.87934202 1.51783454 0.0643316209 -0.892688334 1.5306673 0.106749952 -0.879325807 1.54744232 0.0862902701 -0.648879588 1.34583163 0.00283616781 -0.648899674 1.30901396 0.00102743506 -0.64885968 1.38229465 0.0082449913 -0.648840129 1.41805184 0.0172017813 -0.648821235 1.45275915 0.0296201408 -0.648802936 1.48608208 0.0453807414 -0.648785651 1.5176996 0.0643316209 -0.648769438 1.54730749 0.0862902701 -0.890869915 1.13837755 0.168537438 -0.899142504 1.13101792 0.159569696 -0.899153709 1.11059809 0.178077206 -0.890880644 1.11880112 0.186280414 -0.890858352 1.15959859 0.152798772 -0.899130344 1.15315366 0.143152937 -0.890846014 1.18226027 0.139215872 -0.89911747 1.17679167 0.128984839 -0.890832961 1.20614421 0.127919644 -0.89910382 1.20170474 0.117201835 -0.890819311 1.23102021 0.119018853 -0.899089694 1.22765279 0.107917398 -0.890805364 1.25664902 0.112599254 -0.899075031 1.25438583 0.101221234 -0.890790999 1.28278363 0.108722568 -0.89906013 1.28164661 0.0971774459 -0.892930567 1.08766174 0.106749654 -0.879586339 1.07085538 0.0862899721 -0.8796013 1.04354239 0.111045063 -0.892944396 1.06227338 0.129760325 -0.892915428 1.11518323 0.086338222 -0.879570186 1.10046315 0.0643313229 -0.892899394 1.14457321 0.0687227547 -0.879552901 1.13208079 0.045380652 -0.892882466 1.17554808 0.0540727675 -0.879534602 1.1654036 0.029619962 -0.892864883 1.20780969 0.0425293446 -0.879515648 1.20011091 0.0172015429 -0.892846704 1.24104738 0.0342036486 -0.879496157 1.23586833 0.00824487209 -0.892828166 1.27494109 0.0291760862 -0.87947619 1.27233124 0.00283610821 -0.64902997 1.07072043 0.0862899721 -0.649044931 1.04340744 0.111045063 -0.649013817 1.10032821 0.0643313229 -0.648996532 1.13194585 0.045380652 -0.648978353 1.1652689 0.029619962 -0.648959279 1.19997597 0.0172015131 -0.648939788 1.23573327 0.00824487209 -0.648919821 1.27219629 0.00283610821 -0.890923023 1.04124308 0.35026291 -0.899197936 1.0296979 0.349125803 -0.899198592 1.0283457 0.376651645 -0.890923738 1.03994656 0.376651645 -0.890920937 1.04511976 0.32412836 -0.899195671 1.03374171 0.321865082 -0.89091742 1.05153942 0.298499584 -0.899192035 1.04043806 0.295131981 -0.890912592 1.0604403 0.273623437 -0.899186909 1.04972243 0.269183934 -0.890906394 1.07173657 0.249739528 -0.899180472 1.06150544 0.244270816 -0.890898943 1.0853194 0.227077886 -0.899172783 1.07567346 0.220632747 -0.89089036 1.10105824 0.205856696 -0.899163842 1.09209049 0.198497176 -0.892999411 0.961688817 0.342428237 -0.879660368 0.935333133 0.339833915 -0.879661381 0.933524311 0.376651555 -0.893000245 0.960007548 0.376651585 -0.892996609 0.966716409 0.308534384 -0.879657447 0.940742016 0.303370863 -0.89299202 0.975042105 0.275296658 -0.8796525 0.949698806 0.26761359 -0.892985821 0.986585617 0.243034974 -0.879645824 0.962117255 0.232906297 -0.892977715 1.00123549 0.212060124 -0.879637182 0.977877736 0.199583352 -0.892968059 1.01885116 0.182670325 -0.879626811 0.996828616 0.167965785 -0.892957032 1.03926277 0.155148715 -0.87961483 1.01878738 0.138357982 -0.649104059 0.935198188 0.339833915 -0.649105132 0.933389425 0.376651555 -0.649101079 0.940607011 0.303370863 -0.649096251 0.949563861 0.26761359 -0.649089396 0.96198225 0.232906297 -0.649080813 0.977742791 0.199583352 -0.649070442 0.996693611 0.167965785 -0.649058402 1.01865244 0.138357982 -0.89089036 1.10105789 0.547446668 -0.899163842 1.09209025 0.554806173 -0.899153709 1.11059785 0.575226068 -0.890880644 1.11880088 0.567022979 -0.890898943 1.08531928 0.526225448 -0.899172783 1.07567334 0.532670617 -0.890906394 1.07173634 0.503563821 -0.899180472 1.06150532 0.509032428 -0.890912592 1.06044006 0.479679823 -0.899186909 1.04972219 0.484119356 -0.89091742 1.05153942 0.454803705 -0.899192035 1.04043794 0.458171308 -0.890920937 1.04511976 0.42917496 -0.899195671 1.03374171 0.431438208 -0.890923023 1.04124308 0.403040379 -0.899197936 1.02969801 0.404177397 -0.892957032 1.03926241 0.598154426 -0.87961483 1.01878715 0.614945292 -0.8796013 1.04354203 0.642258227 -0.892944396 1.06227303 0.623543024 -0.892968059 1.01885092 0.570632935 -0.879626811 0.996828318 0.58533746 -0.892977715 1.00123549 0.541243076 -0.879637182 0.977877498 0.553719699 -0.892985821 0.986585438 0.510268211 -0.879645824 0.962117076 0.520396829 -0.89299202 0.975041986 0.478006512 -0.8796525 0.949698627 0.48568958 -0.892996609 0.966716468 0.444768786 -0.879657447 0.940741897 0.449932218 -0.892999411 0.961688757 0.410874933 -0.879660368 0.935333133 0.413469195 -0.649058402 1.01865208 0.614945292 -0.649044931 1.04340708 0.642258227 -0.649070442 0.996693492 0.58533746 -0.649080813 0.977742553 0.553719699 -0.649089396 0.961982131 0.520396829 -0.649096251 0.949563622 0.48568958 -0.649101079 0.940606892 0.449932218 -0.649104059 0.935198128 0.413469195 -0.890790999 1.28278327 0.644581079 -0.89906013 1.28164625 0.656126142 -0.890805364 1.25664866 0.640704453 -0.899075031 1.25438547 0.652082443 -0.890819311 1.23101997 0.634284675 -0.899089694 1.22765231 0.6453861 -0.890832961 1.20614386 0.625383854 -0.89910382 1.2017045 0.636101782 -0.890846014 1.18225992 0.614087522 -0.89911747 1.17679131 0.624318719 -0.890858352 1.15959835 0.600504696 -0.899130344 1.15315318 0.610150576 -0.890869915 1.13837731 0.58476603 -0.899142504 1.13101768 0.593733668 -0.892828166 1.27494061 0.724127531 -0.87947619 1.27233076 0.75046742 -0.892846704 1.24104702 0.71909982 -0.879496157 1.23586774 0.745058656 -0.892864883 1.20780921 0.710774183 -0.879515648 1.20011044 0.736101925 -0.892882466 1.1755476 0.69923079 -0.879534602 1.16540313 0.723683476 -0.892899394 1.14457285 0.684580803 -0.879552901 1.13208032 0.707922876 -0.892915428 1.11518288 0.666965187 -0.879570186 1.10046279 0.688971996 -0.892930567 1.08766139 0.646553695 -0.879586339 1.07085502 0.667013288 -0.648919821 1.27219582 0.75046742 -0.648939788 1.23573279 0.745058656 -0.648959398 1.19997549 0.736101866 -0.648978353 1.16526842 0.723683476 -0.648996532 1.13194537 0.707922876 -0.649013817 1.10032785 0.688971996 -0.64902997 1.07071996 0.667013288 </float_array>
          <technique_common>
            <accessor count="320" offset="0" source="#meshesP0R-0-positions-array" stride="3">
              <param name="X" type="float" />
              <param name="Y" type="float" />
              <param name="Z" type="float" />
            </accessor>
          </technique_common>
        </source>
        <source id="meshesP0R-0-tex0" name="meshesP0R-0-tex0">
          <float_array id="meshesP0R-0-tex0-array" count="640"> 0.0330652297 0.552632511 1.33514404e-05 0.554905534 1.00135803e-05 0.518353879 0.0330623686 0.517590821 0.0330690444 0.587167263 1.69277191e-05 0.590928316 0.0330730677 0.620862365 2.07424164e-05 0.626075268 0.0330773592 0.653393269 2.5510788e-05 0.660007954 0.0330816507 0.684446692 3.0040741e-05 0.69239974 0.0330864191 0.713723898 3.4570694e-05 0.722938299 0.0330911875 0.740942478 4.02629375e-05 0.75132978 0.0330961943 0.76584053 4.55081463e-05 0.777300656 0.0249280632 0.568271399 0.078299731 0.573454201 0.0782954395 0.524563789 0.0249237716 0.522825956 0.0249325633 0.613059103 0.0783047378 0.621636927 0.0249375701 0.656758249 0.0783104599 0.668648303 0.0249430537 0.698947251 0.0783161819 0.714035749 0.0249490142 0.739220321 0.078322351 0.75736171 0.0249552131 0.777189612 0.0783287883 0.79820931 0.024961412 0.812489271 0.0783352256 0.836184621 0.0249680877 0.844779432 0.078342855 0.870922685 0.999870896 0.573454082 0.999866605 0.524563968 0.999875903 0.621637106 0.999881327 0.668648303 0.999886811 0.71403563 0.999893486 0.757361889 0.999899924 0.79820931 0.999906838 0.836184621 0.99991399 0.870922565 0.0330530703 0.286246419 0 0.277040839 9.53674316e-07 0.24864918 0.0330535471 0.259027779 0.0330530703 0.315523684 0 0.307579398 0.0330528319 0.346577048 4.76837158e-07 0.339971185 0.0330542624 0.379108071 1.1920929e-06 0.373904049 0.0330552161 0.412803113 2.38418579e-06 0.409051001 0.0330573618 0.447337747 4.529953e-06 0.445073724 0.0330595076 0.482379556 6.91413879e-06 0.481625319 0.0249116123 0.222797036 0.0782823265 0.201791644 0.0782830417 0.163815856 0.0249130428 0.187497258 0.0249116123 0.260766268 0.0782818496 0.242639065 0.0249123275 0.301039457 0.0782825649 0.285964966 0.0249135196 0.343228638 0.078283757 0.331352413 0.0249149501 0.386927485 0.0782854259 0.378363967 0.0249175727 0.431715429 0.0782882869 0.426546872 0.0249204338 0.477160692 0.0782916248 0.475436985 0.999853015 0.201791525 0.999854207 0.163815856 0.999853015 0.242638946 0.999853492 0.285964847 0.999854922 0.331352234 0.99985683 0.378363729 0.999859452 0.426546693 0.99986279 0.475437164 0.0330711901 0.145065308 1.90734863e-05 0.129776478 2.36034393e-05 0.126176476 0.0330752134 0.141614199 0.0330676138 0.151934922 1.52587891e-05 0.136941791 0.0330637991 0.162156105 1.12056732e-05 0.147603571 0.0330611765 0.175630927 8.58306885e-06 0.161659002 0.0330583155 0.19222945 5.96046448e-06 0.178972602 0.0330566466 0.211791754 3.57627869e-06 0.199377775 0.0330547392 0.234129608 1.66893005e-06 0.222678304 0.0249354243 0.0397005081 0.0783075988 0.00481539965 0.0783133209 2.98023224e-07 0.0249406695 0.0352241993 0.024930656 0.0486092567 0.0783023536 0.0143995285 0.0249261558 0.0618653297 0.0782975852 0.0286605358 0.0249223411 0.0793406963 0.0782935321 0.047460556 0.0249192417 0.100867152 0.0782899559 0.0706188083 0.0249161422 0.126237154 0.0782868564 0.0979121923 0.024913758 0.155206978 0.0782849491 0.12907815 0.999878705 0.00481557846 0.999884427 2.98023224e-07 0.999873519 0.0143994093 0.999868989 0.0286604166 0.999864697 0.047460556 0.999861121 0.0706186295 0.999858022 0.0979121923 0.999856114 0.129077971 0.0331095457 0.211791515 5.90980053e-05 0.199377656 6.4343214e-05 0.222677946 0.0331145525 0.23412931 0.0331043005 0.192229271 5.33759594e-05 0.178972542 0.0330990553 0.175630689 4.83691692e-05 0.161658823 0.0330942869 0.162155986 4.28855419e-05 0.147603333 0.0330890417 0.151934862 3.76701355e-05 0.136941671 0.0330840349 0.145065546 3.29017639e-05 0.129776239 0.0330792665 0.141614079 2.78949738e-05 0.126176238 0.0249849856 0.126236916 0.0783607364 0.0979118347 0.078368336 0.129077673 0.0249916613 0.155206561 0.0249783099 0.100866675 0.0783538222 0.0706185102 0.024971664 0.0793401003 0.0783466697 0.0474603176 0.0249647498 0.0618650913 0.0783397555 0.0286602378 0.0249583125 0.0486090183 0.0783328414 0.0143994093 0.024952352 0.0397002697 0.0783259273 0.00481534004 0.0249463916 0.0352243781 0.07831949 2.38418579e-07 0.999932289 0.0979118347 0.999939442 0.129077554 0.999924898 0.0706185102 0.999917805 0.0474603772 0.999910414 0.0286602378 0.999903738 0.0143992901 0.999897063 0.00481545925 0.999890625 5.96046448e-08 0.0331455171 0.44733727 9.62615013e-05 0.445073009 9.95993614e-05 0.481624722 0.0331486166 0.482379079 0.0331417024 0.412802696 9.29236412e-05 0.409050286 0.0331376493 0.379107714 8.88705254e-05 0.373903394 0.0331335962 0.346576631 8.43405724e-05 0.339970648 0.0331290662 0.315523267 7.96020031e-05 0.307578921 0.0331242979 0.286246181 7.48336315e-05 0.277040482 0.0331197679 0.259027541 6.95884228e-05 0.248648882 0.0250314474 0.431714773 0.0784112215 0.426545918 0.0784152746 0.47543633 0.0250357389 0.477160037 0.0250271559 0.386927128 0.0784059763 0.378363252 0.0250219107 0.343227983 0.0784007609 0.331351757 0.025016427 0.301038861 0.0783950388 0.285964489 0.0250104964 0.260765672 0.07838884 0.242638469 0.0250042975 0.2227965 0.0783819258 0.201790929 0.0249980986 0.187496901 0.0783752501 0.163815498 0.999982357 0.426545918 0.999986649 0.47543627 0.99997735 0.378363132 0.999971867 0.331351876 0.999965906 0.28596437 0.999959946 0.24263835 0.999953032 0.201790929 0.999946594 0.163815498 0.0331578851 0.713723421 0.000109136105 0.722937822 0.000109136105 0.751329303 0.0331574082 0.74094218 0.0331578851 0.684446394 0.000109612942 0.692399144 0.0331576467 0.653392792 0.000109136105 0.660007477 0.033156693 0.620861709 0.000108659267 0.626074672 0.0331555307 0.587166607 0.000106990337 0.590927601 0.0331536233 0.552632034 0.000105082989 0.554905117 0.0331512392 0.517590165 0.000102460384 0.518353283 0.0250476599 0.777189076 0.0784288645 0.798208594 0.0784279108 0.836184204 0.0250474215 0.812488794 0.0250481367 0.739219785 0.0784288645 0.757360995 0.0250478983 0.698946595 0.0784286261 0.714035034 0.0250462294 0.656757295 0.0784269571 0.668647707 0.0250447989 0.613058627 0.0784250498 0.621636212 0.0250426531 0.568270624 0.0784224272 0.573453426 0.0250390768 0.522825181 0.0784190893 0.524563074 0.999999762 0.798208594 0.999998569 0.836184144 1 0.757360995 0.999999285 0.714034915 0.999998331 0.668647707 0.999996424 0.621636212 0.999993801 0.573453426 0.999990702 0.524563015 0.0331395566 0.854904413 9.03010368e-05 0.870202184 8.60095024e-05 0.873802125 0.0331357419 0.858355641 0.0331433713 0.848034859 9.43541527e-05 0.863036871 0.0331469476 0.837813735 9.81688499e-05 0.852374971 0.0331498086 0.824338913 0.000101268291 0.838319778 0.0331521928 0.807740211 0.000103652477 0.821005881 0.0331543386 0.788177967 0.000106036663 0.800600648 0.0331562459 0.765840173 0.000107467175 0.777300179 0.0250240564 0.960285544 0.0784031451 0.9951846 0.078397423 1 0.0250188112 0.964761794 0.0250295401 0.951376915 0.0784083605 0.985600591 0.0250335932 0.938120723 0.0784128904 0.971339643 0.0250374079 0.920645416 0.078417182 0.952539563 0.0250409842 0.89911902 0.0784212351 0.929381251 0.0250436068 0.873748779 0.0784238577 0.902087808 0.0250455141 0.844779015 0.0784262419 0.870922089 0.999974728 0.99518466 0.999968767 0.999999881 0.999979734 0.985600471 0.999984264 0.971339583 0.999988556 0.952539444 0.999991894 0.929381251 0.999994993 0.902087808 0.999997139 0.870922089 0.0331014395 0.788178384 5.0753355e-05 0.800600886 0.0331064463 0.807740808 5.59985638e-05 0.821006179 0.0331116915 0.824339151 6.12437725e-05 0.838319898 0.0331166685 0.837813854 6.69658184e-05 0.85237515 0.0331216753 0.848035097 7.19726086e-05 0.863036931 0.033126682 0.854904413 7.69793987e-05 0.870202422 0.0331314504 0.858355641 8.17477703e-05 0.873802245 0.0249744952 0.873749375 0.0783497691 0.902088404 0.0249811709 0.899119377 0.0783569217 0.929381669 0.0249878466 0.920645833 0.0783645213 0.952539921 0.0249947608 0.93812108 0.0783714354 0.971340001 0.0250011981 0.951377034 0.0783783495 0.98560071 0.0250073969 0.960286021 0.0783847868 0.995184839 0.025013119 0.964761794 0.0783914626 0.99999994 0.999921083 0.902088284 0.999927998 0.929381669 0.99993515 0.952539802 0.999942303 0.971339822 0.999949455 0.98560071 0.999956131 0.995184779 0.999962568 1 </float_array>
          <technique_common>
            <accessor count="320" offset="0" source="#meshesP0R-0-tex0-array" stride="2">
              <param name="S" type="float" />
              <param name="T" type="float" />
            </accessor>
          </technique_common>
        </source>
        <vertices id="meshesP0R-0-vertices">
          <input semantic="POSITION" source="#meshesP0R-0-positions" />
        </vertices>
        <polylist count="446" material="defaultMaterial">
          <input offset="0" semantic="VERTEX" source="#meshesP0R-0-vertices" />
          <input offset="0" semantic="TEXCOORD" source="#meshesP0R-0-tex0" set="0" />
          <vcount>3 3 3 3 3 3 3 3 3 3 3 3 3 3 3 3 3 3 3 3 3 3 3 3 3 3 3 3 3 3 3 3 3 3 3 3 3 3 3 3 3 3 3 3 3 3 3 3 3 3 3 3 3 3 3 3 3 3 3 3 3 3 3 3 3 3 3 3 3 3 3 3 3 3 3 3 3 3 3 3 3 3 3 3 3 3 3 3 3 3 3 3 3 3 3 3 3 3 3 3 3 3 3 3 3 3 3 3 3 3 3 3 3 3 3 3 3 3 3 3 3 3 3 3 3 3 3 3 3 3 3 3 3 3 3 3 3 3 3 3 3 3 3 3 3 3 3 3 3 3 3 3 3 3 3 3 3 3 3 3 3 3 3 3 3 3 3 3 3 3 3 3 3 3 3 3 3 3 3 3 3 3 3 3 3 3 3 3 3 3 3 3 3 3 3 3 3 3 3 3 3 3 3 3 3 3 3 3 3 3 3 3 3 3 3 3 3 3 3 3 3 3 3 3 3 3 3 3 3 3 3 3 3 3 3 3 3 3 3 3 3 3 3 3 3 3 3 3 3 3 3 3 3 3 3 3 3 3 3 3 3 3 3 3 3 3 3 3 3 3 3 3 3 3 3 3 3 3 3 3 3 3 3 3 3 3 3 3 3 3 3 3 3 3 3 3 3 3 3 3 3 3 3 3 3 3 3 3 3 3 3 3 3 3 3 3 3 3 3 3 3 3 3 3 3 3 3 3 3 3 3 3 3 3 3 3 3 3 3 3 3 3 3 3 3 3 3 3 3 3 3 3 3 3 3 3 3 3 3 3 3 3 3 3 3 3 3 3 3 3 3 3 3 3 3 3 3 3 3 3 3 3 3 3 3 3 3 3 3 3 3 3 3 3 3 3 3 3 3 3 3 3 3 3 3 3 3 3 3 3 3 3 3 3 3 3 3 3 3 3 3 3 3 3 3 3 3 3 3 3 3 3 3 3 3 3 3 3 3 3 3 3 3 3 3 3 </vcount>
          <p>0 1 2 0 2 3 4 5 1 4 1 0 6 7 5 6 5 4 8 9 7 8 7 6 10 11 9 10 9 8 12 13 11 12 11 10 14 15 13 14 13 12 16 17 15 16 15 14 18 19 20 18 20 21 22 23 19 22 19 18 24 25 23 24 23 22 26 27 25 26 25 24 28 29 27 28 27 26 30 31 29 30 29 28 32 33 31 32 31 30 34 35 33 34 33 32 19 36 37 19 37 20 23 38 36 23 36 19 25 39 38 25 38 23 27 40 39 27 39 25 29 41 40 29 40 27 31 42 41 31 41 29 33 43 42 33 42 31 35 44 43 35 43 33 45 46 47 45 47 48 49 50 46 49 46 45 51 52 50 51 50 49 53 54 52 53 52 51 55 56 54 55 54 53 57 58 56 57 56 55 59 60 58 59 58 57 3 2 60 3 60 59 61 62 63 61 63 64 65 66 62 65 62 61 67 68 66 67 66 65 69 70 68 69 68 67 71 72 70 71 70 69 73 74 72 73 72 71 75 76 74 75 74 73 21 20 76 21 76 75 62 77 78 62 78 63 66 79 77 66 77 62 68 80 79 68 79 66 70 81 80 70 80 68 72 82 81 72 81 70 74 83 82 74 82 72 76 84 83 76 83 74 20 37 84 20 84 76 85 86 87 85 87 88 89 90 86 89 86 85 91 92 90 91 90 89 93 94 92 93 92 91 95 96 94 95 94 93 97 98 96 97 96 95 99 100 98 99 98 97 48 47 100 48 100 99 101 102 103 101 103 104 105 106 102 105 102 101 107 108 106 107 106 105 109 110 108 109 108 107 111 112 110 111 110 109 113 114 112 113 112 111 115 116 114 115 114 113 64 63 116 64 116 115 102 117 118 102 118 103 106 119 117 106 117 102 108 120 119 108 119 106 110 121 120 110 120 108 112 122 121 112 121 110 114 123 122 114 122 112 116 124 123 116 123 114 63 78 124 63 124 116 125 126 127 125 127 128 129 130 126 129 126 125 131 132 130 131 130 129 133 134 132 133 132 131 135 136 134 135 134 133 137 138 136 137 136 135 139 140 138 139 138 137 88 87 140 88 140 139 141 142 143 141 143 144 145 146 142 145 142 141 147 148 146 147 146 145 149 150 148 149 148 147 151 152 150 151 150 149 153 154 152 153 152 151 155 156 154 155 154 153 104 103 156 104 156 155 142 157 158 142 158 143 146 159 157 146 157 142 148 160 159 148 159 146 150 161 160 150 160 148 152 162 161 152 161 150 154 163 162 154 162 152 156 164 163 156 163 154 103 118 164 103 164 156 165 166 167 165 167 168 169 170 166 169 166 165 171 172 170 171 170 169 173 174 172 173 172 171 175 176 174 175 174 173 177 178 176 177 176 175 179 180 178 179 178 177 128 127 180 128 180 179 181 182 183 181 183 184 185 186 182 185 182 181 187 188 186 187 186 185 189 190 188 189 188 187 191 192 190 191 190 189 193 194 192 193 192 191 195 196 194 195 194 193 144 143 196 144 196 195 182 197 198 182 198 183 186 199 197 186 197 182 188 200 199 188 199 186 190 201 200 190 200 188 192 202 201 192 201 190 194 203 202 194 202 192 196 204 203 196 203 194 143 158 204 143 204 196 205 206 207 205 207 208 209 210 206 209 206 205 211 212 210 211 210 209 213 214 212 213 212 211 215 216 214 215 214 213 217 218 216 217 216 215 219 220 218 219 218 217 168 167 220 168 220 219 221 222 223 221 223 224 225 226 222 225 222 221 227 228 226 227 226 225 229 230 228 229 228 227 231 232 230 231 230 229 233 234 232 233 232 231 235 236 234 235 234 233 184 183 236 184 236 235 222 237 238 222 238 223 226 239 237 226 237 222 228 240 239 228 239 226 230 241 240 230 240 228 232 242 241 232 241 230 234 243 242 234 242 232 236 244 243 236 243 234 183 198 244 183 244 236 245 246 247 245 247 248 249 250 246 249 246 245 251 252 250 251 250 249 253 254 252 253 252 251 255 256 254 255 254 253 257 258 256 257 256 255 259 260 258 259 258 257 208 207 260 208 260 259 261 262 263 261 263 264 265 266 262 265 262 261 267 268 266 267 266 265 269 270 268 269 268 267 271 272 270 271 270 269 273 274 272 273 272 271 275 276 274 275 274 273 224 223 276 224 276 275 262 277 278 262 278 263 266 279 277 266 277 262 268 280 279 268 279 266 270 281 280 270 280 268 272 282 281 272 281 270 274 283 282 274 282 272 276 284 283 276 283 274 223 238 284 223 284 276 285 286 17 285 17 16 287 288 286 287 286 285 289 290 288 289 288 287 291 292 290 291 290 289 293 294 292 293 292 291 295 296 294 295 294 293 297 298 296 297 296 295 248 247 298 248 298 297 299 300 35 299 35 34 301 302 300 301 300 299 303 304 302 303 302 301 305 306 304 305 304 303 307 308 306 307 306 305 309 310 308 309 308 307 311 312 310 311 310 309 264 263 312 264 312 311 300 313 44 300 44 35 302 314 313 302 313 300 304 315 314 304 314 302 306 316 315 306 315 304 308 317 316 308 316 306 310 318 317 310 317 308 312 319 318 312 318 310 263 278 319 263 319 312 313 43 44 43 313 42 42 313 314 42 314 41 41 314 315 41 315 40 40 315 316 40 316 317 40 317 39 39 317 318 39 318 38 38 318 319 38 319 36 36 319 37 37 319 278 37 278 277 37 277 84 84 277 279 84 279 83 83 279 280 83 280 82 82 280 81 81 280 281 81 281 282 81 282 80 80 282 283 80 283 79 79 283 284 79 284 77 77 284 238 77 238 78 78 238 237 78 237 124 124 237 239 124 239 123 123 239 240 123 240 122 122 240 241 122 241 121 121 241 242 121 242 120 120 242 119 119 242 243 119 243 244 119 244 117 117 244 198 117 198 118 118 198 197 118 197 164 164 197 199 164 199 163 163 199 200 163 200 162 162 200 201 162 201 161 161 201 202 161 202 160 160 202 159 159 202 203 159 203 204 159 204 157 157 204 158 </p>
        </polylist>
      </mesh>
    </geometry>
    <geometry id="meshesP0R-1" name="meshes[0]-1" >
      <mesh>
        <source id="meshesP0R-1-positions" name="meshesP0R-1-positions">
          <float_array id="meshesP0R-1-positions-array" count="384"> -0.898947716 1.4873265 0.593733966 -0.892688334 1.53066695 0.646553993 -0.892674506 1.55605543 0.623543322 -0.89893651 1.50774646 0.575226426 -0.898959816 1.46519089 0.610150814 -0.892703414 1.50314534 0.666965425 -0.898972809 1.44155276 0.624318957 -0.892719507 1.47375548 0.684581041 -0.89898634 1.4166398 0.636101961 -0.892736435 1.44278061 0.699230909 -0.899000525 1.39069164 0.645386279 -0.892754018 1.41051912 0.710774422 -0.899015248 1.36395848 0.652082562 -0.892772198 1.37728131 0.719099998 -0.89903003 1.33669782 0.656126261 -0.892790735 1.34338748 0.724127531 -0.89904511 1.30917203 0.657478452 -0.892809451 1.30916417 0.725808799 -0.898892403 1.58864641 0.404177845 -0.89261955 1.65663993 0.41087541 -0.892618537 1.65832126 0.376652062 -0.898891568 1.58999872 0.376652032 -0.898894548 1.58460271 0.431438595 -0.892622292 1.65161228 0.444769174 -0.898898184 1.57790637 0.458171666 -0.892626762 1.64328659 0.478006989 -0.89890331 1.56862187 0.484119713 -0.89263308 1.63174319 0.510268688 -0.898909807 1.55683899 0.509032845 -0.892641127 1.61709321 0.541243494 -0.898917496 1.54267085 0.532670975 -0.892650723 1.59947753 0.570633292 -0.898926497 1.52625394 0.55480653 -0.892661929 1.57906616 0.598154902 -0.898926497 1.52625418 0.198497474 -0.892661929 1.57906628 0.155149072 -0.892674506 1.55605578 0.129760653 -0.89893651 1.5077467 0.178077593 -0.898917496 1.54267108 0.220633075 -0.892650723 1.59947777 0.182670712 -0.898909807 1.55683923 0.244271204 -0.892641127 1.61709332 0.212060541 -0.89890331 1.56862211 0.269184291 -0.89263308 1.63174319 0.243035421 -0.898898184 1.57790649 0.295132339 -0.892626762 1.64328671 0.275297105 -0.898894548 1.58460283 0.321865439 -0.892622292 1.6516124 0.308534861 -0.898892403 1.58864641 0.34912619 -0.89261955 1.65664005 0.342428714 -0.89903003 1.33669829 0.0971775055 -0.892790735 1.34338796 0.0291761458 -0.892809451 1.30916464 0.0274948478 -0.89904511 1.30917239 0.0958251655 -0.899015248 1.36395884 0.101221293 -0.892772198 1.37728167 0.0342037678 -0.899000525 1.390692 0.107917607 -0.892754018 1.4105196 0.0425294638 -0.89898634 1.41664016 0.117201954 -0.892736435 1.44278109 0.0540729463 -0.898972809 1.44155312 0.128985018 -0.892719507 1.47375596 0.0687228739 -0.898959816 1.46519125 0.143153146 -0.892703414 1.50314569 0.0863384604 -0.898947716 1.48732686 0.159570068 -0.892688334 1.5306673 0.106749952 -0.899142504 1.13101792 0.159569696 -0.892930567 1.08766174 0.106749654 -0.892944396 1.06227338 0.129760325 -0.899153709 1.11059809 0.178077206 -0.899130344 1.15315366 0.143152937 -0.892915428 1.11518323 0.086338222 -0.89911747 1.17679167 0.128984839 -0.892899394 1.14457321 0.0687227547 -0.89910382 1.20170474 0.117201835 -0.892882466 1.17554808 0.0540727675 -0.899089694 1.22765279 0.107917398 -0.892864883 1.20780969 0.0425293446 -0.899075031 1.25438583 0.101221234 -0.892846704 1.24104738 0.0342036486 -0.89906013 1.28164661 0.0971774459 -0.892828166 1.27494109 0.0291760862 -0.899197936 1.0296979 0.349125803 -0.892999411 0.961688817 0.342428237 -0.893000245 0.960007548 0.376651585 -0.899198592 1.0283457 0.376651645 -0.899195671 1.03374171 0.321865082 -0.892996609 0.966716409 0.308534384 -0.899192035 1.04043806 0.295131981 -0.89299202 0.975042105 0.275296658 -0.899186909 1.04972243 0.269183934 -0.892985821 0.986585617 0.243034974 -0.899180472 1.06150544 0.244270816 -0.892977715 1.00123549 0.212060124 -0.899172783 1.07567346 0.220632747 -0.892968059 1.01885116 0.182670325 -0.899163842 1.09209049 0.198497176 -0.892957032 1.03926277 0.155148715 -0.899163842 1.09209025 0.554806173 -0.892957032 1.03926241 0.598154426 -0.892944396 1.06227303 0.623543024 -0.899153709 1.11059785 0.575226068 -0.899172783 1.07567334 0.532670617 -0.892968059 1.01885092 0.570632935 -0.899180472 1.06150532 0.509032428 -0.892977715 1.00123549 0.541243076 -0.899186909 1.04972219 0.484119356 -0.892985821 0.986585438 0.510268211 -0.899192035 1.04043794 0.458171308 -0.89299202 0.975041986 0.478006512 -0.899195671 1.03374171 0.431438208 -0.892996609 0.966716468 0.444768786 -0.899197936 1.02969801 0.404177397 -0.892999411 0.961688757 0.410874933 -0.89906013 1.28164625 0.656126142 -0.892828166 1.27494061 0.724127531 -0.899075031 1.25438547 0.652082443 -0.892846704 1.24104702 0.71909982 -0.899089694 1.22765231 0.6453861 -0.892864883 1.20780921 0.710774183 -0.89910382 1.2017045 0.636101782 -0.892882466 1.1755476 0.69923079 -0.89911747 1.17679131 0.624318719 -0.892899394 1.14457285 0.684580803 -0.899130344 1.15315318 0.610150576 -0.892915428 1.11518288 0.666965187 -0.899142504 1.13101768 0.593733668 -0.892930567 1.08766139 0.646553695 </float_array>
          <technique_common>
            <accessor count="128" offset="0" source="#meshesP0R-1-positions-array" stride="3">
              <param name="X" type="float" />
              <param name="Y" type="float" />
              <param name="Z" type="float" />
            </accessor>
          </technique_common>
        </source>
        <source id="meshesP0R-1-tex0" name="meshesP0R-1-tex0">
          <float_array id="meshesP0R-1-tex0-array" count="256"> 0.244081676 0.811167419 0.18280381 0.887124658 0.146446884 0.854243934 0.214839727 0.784721375 0.27578032 0.834614813 0.222215205 0.916277349 0.309630662 0.854837835 0.264302194 0.941421151 0.345306516 0.871641695 0.308658779 0.962313414 0.382464826 0.88486445 0.354857832 0.978753746 0.420747161 0.89437902 0.402455181 0.990583301 0.459785163 0.900093436 0.450991869 0.997688055 0.499202579 0.901952863 0.500000358 1 0.0989893675 0.540002406 0.00240769982 0.549980223 0 0.500976384 0.0970527828 0.500588655 0.104780108 0.579029083 0.00960734487 0.598502755 0.114369482 0.617292643 0.0215300322 0.646076739 0.127665073 0.654424787 0.0380604267 0.692243814 0.144538224 0.690068007 0.0590396523 0.736559451 0.164827317 0.723878741 0.0842656791 0.778596997 0.18833679 0.75553143 0.113494933 0.817951441 0.188336432 0.245289445 0.113494754 0.183557987 0.146446377 0.147136927 0.214839399 0.215996027 0.164826959 0.277033985 0.0842653215 0.223026633 0.144537896 0.310923874 0.0590394735 0.265162706 0.127664745 0.346632838 0.0380604267 0.309560299 0.114369303 0.383816957 0.0215298533 0.355791986 0.104779929 0.422118068 0.00960716605 0.403412402 0.0989893675 0.461167336 0.00240752101 0.451963127 0.459784478 0.0996672511 0.450991184 0.00250327587 0.499999821 0 0.499202073 0.0976537466 0.420746654 0.105534256 0.402454674 0.0097976923 0.38246429 0.115198255 0.354857147 0.0218132138 0.345306009 0.128566146 0.308658063 0.0384339094 0.309630156 0.145509362 0.264301538 0.0594995022 0.275779814 0.165864587 0.222214878 0.0848075151 0.244081169 0.18943578 0.182803273 0.114114165 0.754323125 0.18843919 0.817196548 0.112875283 0.853553116 0.145756066 0.783564568 0.214885235 0.722624302 0.164991975 0.777785301 0.083722651 0.68877399 0.144769013 0.735697985 0.0585790873 0.653097928 0.127965152 0.6913414 0.0376865864 0.615939975 0.11474216 0.645142198 0.0212463737 0.577657461 0.105227828 0.597544968 0.00941669941 0.538619459 0.0995132923 0.549008489 0.00231194496 0.899415433 0.459604204 0.99759233 0.450019717 1 0.499023557 0.90135169 0.499018013 0.893624663 0.420577586 0.990392804 0.401497066 0.884035349 0.382313967 0.978470147 0.353923261 0.870739937 0.345181763 0.961939573 0.307756126 0.853866398 0.309538603 0.940960646 0.26344043 0.833577335 0.275728047 0.915734649 0.221402884 0.810067892 0.244075298 0.886504889 0.18204844 0.81006819 0.754317164 0.886505425 0.816441774 0.853553653 0.852863073 0.783564925 0.783610642 0.833577514 0.722572684 0.915735006 0.776973426 0.853866577 0.688682675 0.940960646 0.734837234 0.870740235 0.652973711 0.961939931 0.690439582 0.884035468 0.615789652 0.978470325 0.644207954 0.893624663 0.577488542 0.990392685 0.596587539 0.899415255 0.538439214 0.997592449 0.548036814 0.538619995 0.899939418 0.549009144 0.997496724 0.577657938 0.894072533 0.597545505 0.990202188 0.61594069 0.884408474 0.645142853 0.978186786 0.653098285 0.871040583 0.691342115 0.961566091 0.688774467 0.854097366 0.73569864 0.940500557 0.722625017 0.833742201 0.777785659 0.915192485 0.754323483 0.810170889 0.817197084 0.885885835 </float_array>
          <technique_common>
            <accessor count="128" offset="0" source="#meshesP0R-1-tex0-array" stride="2">
              <param name="S" type="float" />
              <param name="T" type="float" />
            </accessor>
          </technique_common>
        </source>
        <vertices id="meshesP0R-1-vertices">
          <input semantic="POSITION" source="#meshesP0R-1-positions" />
        </vertices>
        <polylist count="128" material="defaultMaterial">
          <input offset="0" semantic="VERTEX" source="#meshesP0R-1-vertices" />
          <input offset="0" semantic="TEXCOORD" source="#meshesP0R-1-tex0" set="0" />
          <vcount>3 3 3 3 3 3 3 3 3 3 3 3 3 3 3 3 3 3 3 3 3 3 3 3 3 3 3 3 3 3 3 3 3 3 3 3 3 3 3 3 3 3 3 3 3 3 3 3 3 3 3 3 3 3 3 3 3 3 3 3 3 3 3 3 3 3 3 3 3 3 3 3 3 3 3 3 3 3 3 3 3 3 3 3 3 3 3 3 3 3 3 3 3 3 3 3 3 3 3 3 3 3 3 3 3 3 3 3 3 3 3 3 3 3 3 3 3 3 3 3 3 3 3 3 3 3 3 3 </vcount>
          <p>0 1 2 0 2 3 4 5 1 4 1 0 6 7 5 6 5 4 8 9 7 8 7 6 10 11 9 10 9 8 12 13 11 12 11 10 14 15 13 14 13 12 16 17 15 16 15 14 18 19 20 18 20 21 22 23 19 22 19 18 24 25 23 24 23 22 26 27 25 26 25 24 28 29 27 28 27 26 30 31 29 30 29 28 32 33 31 32 31 30 3 2 33 3 33 32 34 35 36 34 36 37 38 39 35 38 35 34 40 41 39 40 39 38 42 43 41 42 41 40 44 45 43 44 43 42 46 47 45 46 45 44 48 49 47 48 47 46 21 20 49 21 49 48 50 51 52 50 52 53 54 55 51 54 51 50 56 57 55 56 55 54 58 59 57 58 57 56 60 61 59 60 59 58 62 63 61 62 61 60 64 65 63 64 63 62 37 36 65 37 65 64 66 67 68 66 68 69 70 71 67 70 67 66 72 73 71 72 71 70 74 75 73 74 73 72 76 77 75 76 75 74 78 79 77 78 77 76 80 81 79 80 79 78 53 52 81 53 81 80 82 83 84 82 84 85 86 87 83 86 83 82 88 89 87 88 87 86 90 91 89 90 89 88 92 93 91 92 91 90 94 95 93 94 93 92 96 97 95 96 95 94 69 68 97 69 97 96 98 99 100 98 100 101 102 103 99 102 99 98 104 105 103 104 103 102 106 107 105 106 105 104 108 109 107 108 107 106 110 111 109 110 109 108 112 113 111 112 111 110 85 84 113 85 113 112 114 115 17 114 17 16 116 117 115 116 115 114 118 119 117 118 117 116 120 121 119 120 119 118 122 123 121 122 121 120 124 125 123 124 123 122 126 127 125 126 125 124 101 100 127 101 127 126 </p>
        </polylist>
      </mesh>
    </geometry>
    <geometry id="meshesP1R-0" name="meshes[1]-0" >
      <mesh>
        <source id="meshesP1R-0-positions" name="meshesP1R-0-positions">
          <float_array id="meshesP1R-0-positions-array" count="1152"> 0.921477199 1.80646861 0.532356501 0.940862536 1.78874481 0.530497074 0.933492184 1.71439052 0.517973125 0.592072487 1.9390918 0.721018493 0.594771624 1.93829644 0.720897913 0.59342581 1.93807685 0.719727993 0.838459015 -2.210114 0.75700599 0.849501729 -2.1788249 0.75947237 0.847389042 -2.19451618 0.761370003 0.853334486 -2.18098235 0.768415809 0.77004832 -1.23670781 1.07408488 0.772613227 -1.22143447 1.07569611 0.770012975 -1.23642814 1.06547034 0.46887058 -1.43900514 0.983520806 0.485437363 -1.50164294 0.983520806 0.564174294 -1.46808529 0.982235193 0.381368101 -1.53159428 0.984864473 0.65066427 -1.40498638 0.984263778 0.759348035 -1.25438213 1.08005428 0.761261284 -1.25022197 1.08028984 0.760418892 -1.25241637 1.07802331 0.934599578 0.872155726 0.450087994 0.947250247 0.8362028 0.577950835 0.946643531 0.872155726 0.450087994 0.946453035 1.60458088 0.789899945 0.944742858 1.46751046 0.781839371 0.932698905 1.46751046 0.781839371 0.944595695 1.74637532 0.623690844 0.944382846 1.62181115 0.676992953 0.932338893 1.62181115 0.676992953 0.947250247 1.1249634 0.848582387 0.946643531 1.0618211 0.740398586 0.934599578 1.0618211 0.740398586 0.934599578 1.24953258 0.811242938 0.944181621 1.38414001 0.877568483 0.946643531 1.24953258 0.811242938 0.946643531 0.927888751 0.605038166 0.934599578 0.927888751 0.605038166 0.947250247 0.951137781 0.745780706 0.859208524 -0.941089928 1.19174004 0.855573297 -0.942096174 1.16915035 0.853868246 -0.973589242 1.16866934 -0.924438596 1.80646861 0.532356501 -0.936453581 1.71439052 0.517973125 -0.943823934 1.78874481 0.530497074 -0.595033884 1.9390918 0.721018493 -0.596387208 1.93807685 0.719727993 -0.597733021 1.93829644 0.720897913 -0.841420412 -2.210114 0.75700599 -0.85035044 -2.19451618 0.761370003 -0.852463126 -2.1788249 0.75947237 -0.856295884 -2.18098235 0.768415809 -0.773009717 -1.23670781 1.07408488 -0.772974372 -1.23642814 1.06547034 -0.775574625 -1.22143447 1.07569611 -0.471831977 -1.43900514 0.983520806 -0.567135692 -1.46808529 0.982235193 -0.488398761 -1.50164294 0.983520806 -0.384329498 -1.53159428 0.984864473 -0.653625667 -1.40498638 0.984263778 -0.762309432 -1.25438213 1.08005428 -0.763380289 -1.25241637 1.07802331 -0.764222682 -1.25022197 1.08028984 -0.937560976 0.872155726 0.450087994 -0.949604928 0.872155726 0.450087994 -0.950211644 0.8362028 0.577950835 -0.949414432 1.60458088 0.789899945 -0.935660303 1.46751046 0.781839371 -0.947704256 1.46751046 0.781839371 -0.947557092 1.74637532 0.623690844 -0.935300291 1.62181115 0.676992953 -0.947344244 1.62181115 0.676992953 -0.950211644 1.1249634 0.848582387 -0.937560976 1.0618211 0.740398586 -0.949604928 1.0618211 0.740398586 -0.937560976 1.24953258 0.811242938 -0.949604928 1.24953258 0.811242938 -0.947143018 1.38414001 0.877568483 -0.949604928 0.927888751 0.605038166 -0.950211644 0.951137781 0.745780706 -0.937560976 0.927888751 0.605038166 -0.862169921 -0.941089928 1.19174004 -0.856829643 -0.973589242 1.16866934 -0.858534694 -0.942096174 1.16915035 0.0426791869 1.1825726 1.53323197 0.0426791869 1.23758268 1.51594305 0.0426791869 1.29102111 1.49079561 0.164501801 1.52895403 1.4752754 0.052807197 1.53158593 1.47590697 0.052807197 1.50796509 1.47590697 0.164501801 1.50533342 1.4752754 0.165413797 1.53114033 1.49287283 0.270917356 1.52320981 1.48953712 0.270917356 1.4995892 1.489537 0.165413797 1.50751972 1.49287283 -0.00148070231 1.53441119 1.49437499 0.0526283346 1.53475046 1.49439895 0.0526283346 1.51112986 1.49439895 -0.00148070231 1.51079059 1.49437499 -0.00148070231 1.53158593 1.47590697 -0.00148070231 1.50796509 1.47590697 0.270827472 1.52105856 1.47316992 0.270827472 1.49743795 1.4731698 0.17728968 -0.596208811 1.48361516 -0.00148070231 -0.598305583 1.48466027 -0.00148070231 -0.598305583 1.47621417 0.173664466 -0.596208811 1.4759866 0.65066427 -1.40498638 1.07606184 0.719810605 -1.33318782 1.07927322 0.719810605 -1.33318782 1.06986678 0.65066427 -1.40498638 1.0666554 0.485437363 -1.50164294 1.07531881 0.564174294 -1.46808529 1.07403326 0.564174294 -1.46808529 1.06462681 0.485437363 -1.50164294 1.06591225 -0.00148070231 -1.5716815 1.07666242 0.179616526 -1.56626606 1.07666242 0.179616526 -1.56626606 1.06725597 -0.00148070231 -1.5716815 1.06725597 0.381368101 -1.53159428 1.07666242 0.381368101 -1.53159428 1.06725597 0.770051956 -1.23673666 1.08354104 0.772615075 -1.22144902 1.08464754 0.764202356 -1.25199556 1.07297909 0.764167011 -1.2517159 1.05504525 0.719807267 -1.33316159 1.01371777 0.179616526 -1.56626606 0.984864473 -0.00148070231 -1.5716815 0.984864473 0.172591656 -1.47462487 0.984864473 -0.00148070231 -1.48167872 0.984864473 0.666738212 -0.789439499 1.35469913 0.643356442 -0.682409942 1.41117334 0.640432 -0.668988287 1.40978122 0.66567117 -0.784824193 1.34890151 0.731807113 -1.06982625 1.19128788 0.731807113 -1.06982625 1.18284178 0.52868408 -0.57055521 1.47964787 0.35803014 -0.588042617 1.48420131 0.35803014 -0.588042617 1.47575521 0.52868408 -0.57055521 1.47120166 0.696824133 -0.919575453 1.28001988 0.696824133 -0.919575453 1.27157378 0.617267489 -0.559594393 1.47054231 0.617267489 -0.559594393 1.46209621 0.907092035 -0.986967266 1.1403749 0.9605968 -0.962260664 1.1403749 0.966445386 -0.935667932 1.16858041 0.907887876 -0.95998913 1.16869497 0.972699881 -0.900519073 1.19714105 0.909946024 -0.923868239 1.19903302 0.976013839 -0.866960287 1.21516943 0.911460102 -0.890296996 1.21607292 1.00359333 -0.919767559 1.16938949 1.01622832 -0.882656515 1.1981045 0.991456628 -0.947651446 1.1403749 1.02398324 -0.848181248 1.21450138 1.03694034 -0.889859498 1.15941846 1.04092932 -0.86195755 1.18009651 1.02966535 -0.910323799 1.13957 1.04619658 -0.834726095 1.1945715 1.06653965 -0.823924661 1.16918695 1.05999696 -0.847603679 1.16082323 1.07362509 -0.836041331 1.1393019 1.07976496 -0.815546751 1.13927436 1.05830133 -0.865819693 1.13935673 1.04958403 -0.873279929 1.14975178 1.04733312 -0.815912724 1.20130599 1.06810439 -0.806573272 1.17274106 1.08219075 -0.79957521 1.13939643 1.02662814 -0.826772094 1.21905386 0.978182614 -0.845163941 1.22342932 0.91247654 -0.868604779 1.223894 0.86442709 -0.90591985 1.2087183 0.857663035 -0.90657407 1.16927707 0.861157656 -0.980760992 1.16853368 0.868418276 -0.938031375 1.19960535 0.851075888 -0.943647802 1.1403749 0.851075888 -0.904492915 1.1403749 0.85794884 -0.887470543 1.17225945 0.851075888 -0.890160501 1.1403749 0.86755234 -0.884124577 1.21553481 0.873772204 -0.903080404 1.21655858 0.877395391 -0.880719841 1.2236681 0.851075888 -1.00177014 1.1403749 0.865753591 -0.876986921 1.17196167 0.876821756 -0.873116732 1.22117031 0.876821756 -0.878562152 1.22117031 0.865753591 -0.882432401 1.17196167 0.909281254 -0.857272029 1.08413303 0.899572134 -0.861558557 1.09144628 0.899572134 -0.867442131 1.09144628 0.909281254 -0.862717509 1.08413303 0.858420908 -0.879336655 1.14049017 0.858420908 -0.884782016 1.14049017 0.916339099 -0.859349132 1.22170913 0.916339099 -0.864794612 1.22170913 0.956001282 -0.838806868 1.08396399 0.956001282 -0.844252348 1.08396399 1.02459061 -0.818915963 1.21548808 1.04337704 -0.810095906 1.19951665 1.04337704 -0.815541387 1.19951665 1.02459061 -0.824361444 1.21548808 0.882587433 -0.869463086 1.10629833 0.882587433 -0.87376976 1.10629833 1.06334436 -0.80036962 1.17222846 1.0765506 -0.794695616 1.13958132 1.0765506 -0.800140977 1.13958132 1.06334436 -0.807140112 1.17222846 0.978371978 -0.836805224 1.22048724 0.978371978 -0.842250705 1.22048724 1.06011534 -0.798930645 1.1056031 1.04376483 -0.806284785 1.09540021 1.04376483 -0.811730146 1.09540021 1.06011534 -0.804376125 1.1056031 1.02241886 -0.813369632 1.08939624 1.02241886 -0.818815112 1.08939624 0.985491693 -0.827267051 1.08493006 0.985491693 -0.832712531 1.08493006 0.858420908 -0.879954875 1.12959158 0.858420908 -0.885400355 1.12959158 0.858874381 -1.00846756 1.1403749 0.59602201 1.95473039 0.90218991 0.594771624 1.94034207 0.720897913 0.59602201 1.952685 0.90218991 0.593363941 1.95359933 0.902114034 0.592072487 1.94113719 0.721018493 0.593363941 1.95564473 0.902114034 -0.0456405915 1.1825726 1.53323197 -0.0456405915 1.29102111 1.49079561 -0.0456405915 1.23758268 1.51594305 -0.167463198 1.52895403 1.4752754 -0.167463198 1.50533342 1.4752754 -0.0557686016 1.50796509 1.47590697 -0.0557686016 1.53158593 1.47590697 -0.168375194 1.53114033 1.49287283 -0.168375194 1.50751972 1.49287283 -0.273878753 1.4995892 1.489537 -0.273878753 1.52320981 1.48953712 -0.0555897392 1.51112986 1.49439895 -0.0555897392 1.53475046 1.49439895 -0.273788869 1.52105856 1.47316992 -0.273788869 1.49743795 1.4731698 -0.180251077 -0.596208811 1.48361516 -0.176625863 -0.596208811 1.4759866 -0.653625667 -1.40498638 1.07606184 -0.653625667 -1.40498638 1.0666554 -0.722772002 -1.33318782 1.06986678 -0.722772002 -1.33318782 1.07927322 -0.488398761 -1.50164294 1.07531881 -0.488398761 -1.50164294 1.06591225 -0.567135692 -1.46808529 1.06462681 -0.567135692 -1.46808529 1.07403326 -0.182577923 -1.56626606 1.06725597 -0.182577923 -1.56626606 1.07666242 -0.384329498 -1.53159428 1.07666242 -0.384329498 -1.53159428 1.06725597 -0.773013353 -1.23673666 1.08354104 -0.775576472 -1.22144902 1.08464754 -0.722768664 -1.33316159 1.01371777 -0.767128408 -1.2517159 1.05504525 -0.767163754 -1.25199556 1.07297909 -0.182577923 -1.56626606 0.984864473 -0.175553054 -1.47462487 0.984864473 -0.669699609 -0.789439499 1.35469913 -0.668632567 -0.784824193 1.34890151 -0.643393397 -0.668988287 1.40978122 -0.64631784 -0.682409942 1.41117334 -0.73476851 -1.06982625 1.18284178 -0.73476851 -1.06982625 1.19128788 -0.531645477 -0.57055521 1.47964787 -0.531645477 -0.57055521 1.47120166 -0.360991538 -0.588042617 1.47575521 -0.360991538 -0.588042617 1.48420131 -0.699785531 -0.919575453 1.28001988 -0.699785531 -0.919575453 1.27157378 -0.620228887 -0.559594393 1.46209621 -0.620228887 -0.559594393 1.47054231 -0.910053432 -0.986967266 1.1403749 -0.910849273 -0.95998913 1.16869497 -0.969406784 -0.935667932 1.16858041 -0.963558197 -0.962260664 1.1403749 -0.912907422 -0.923868239 1.19903302 -0.975661278 -0.900519073 1.19714105 -0.914421499 -0.890296996 1.21607292 -0.978975236 -0.866960287 1.21516943 -1.01918972 -0.882656515 1.1981045 -1.00655472 -0.919767559 1.16938949 -0.994418025 -0.947651446 1.1403749 -1.02694464 -0.848181248 1.21450138 -1.04389071 -0.86195755 1.18009651 -1.03990173 -0.889859498 1.15941846 -1.03262675 -0.910323799 1.13957 -1.04915798 -0.834726095 1.1945715 -1.06950104 -0.823924661 1.16918695 -1.08272636 -0.815546751 1.13927436 -1.07658648 -0.836041331 1.1393019 -1.06295836 -0.847603679 1.16082323 -1.06126273 -0.865819693 1.13935673 -1.05254543 -0.873279929 1.14975178 -1.05029452 -0.815912724 1.20130599 -1.07106578 -0.806573272 1.17274106 -1.08515215 -0.79957521 1.13939643 -1.02958953 -0.826772094 1.21905386 -0.981144011 -0.845163941 1.22342932 -0.915437937 -0.868604779 1.223894 -0.860624433 -0.90657407 1.16927707 -0.867388487 -0.90591985 1.2087183 -0.864119053 -0.980760992 1.16853368 -0.871379673 -0.938031375 1.19960535 -0.854037285 -0.943647802 1.1403749 -0.854037285 -0.904492915 1.1403749 -0.854037285 -0.890160501 1.1403749 -0.860910237 -0.887470543 1.17225945 -0.870513737 -0.884124577 1.21553481 -0.876733601 -0.903080404 1.21655858 -0.880356789 -0.880719841 1.2236681 -0.854037285 -1.00177014 1.1403749 -0.868714988 -0.876986921 1.17196167 -0.868714988 -0.882432401 1.17196167 -0.879783154 -0.878562152 1.22117031 -0.879783154 -0.873116732 1.22117031 -0.912242651 -0.857272029 1.08413303 -0.912242651 -0.862717509 1.08413303 -0.902533531 -0.867442131 1.09144628 -0.902533531 -0.861558557 1.09144628 -0.861382306 -0.879336655 1.14049017 -0.861382306 -0.884782016 1.14049017 -0.919300497 -0.864794612 1.22170913 -0.919300497 -0.859349132 1.22170913 -0.958962679 -0.838806868 1.08396399 -0.958962679 -0.844252348 1.08396399 -1.02755201 -0.818915963 1.21548808 -1.02755201 -0.824361444 1.21548808 -1.04633844 -0.815541387 1.19951665 -1.04633844 -0.810095906 1.19951665 -0.88554883 -0.87376976 1.10629833 -0.88554883 -0.869463086 1.10629833 -1.06630576 -0.80036962 1.17222846 -1.06630576 -0.807140112 1.17222846 -1.079512 -0.800140977 1.13958132 -1.079512 -0.794695616 1.13958132 -0.981333375 -0.842250705 1.22048724 -0.981333375 -0.836805224 1.22048724 -1.06307673 -0.798930645 1.1056031 -1.06307673 -0.804376125 1.1056031 -1.04672623 -0.811730146 1.09540021 -1.04672623 -0.806284785 1.09540021 -1.02538025 -0.818815112 1.08939624 -1.02538025 -0.813369632 1.08939624 -0.98845309 -0.832712531 1.08493006 -0.98845309 -0.827267051 1.08493006 -0.861382306 -0.885400355 1.12959158 -0.861382306 -0.879954875 1.12959158 -0.861835778 -1.00846756 1.1403749 -0.637902081 1.07439864 1.48870707 -0.635139644 1.0755657 1.48830104 -0.599434078 1.07356572 1.51825237 -0.600937903 1.07232833 1.51971412 -0.556701839 1.07366037 1.53682494 -0.556704164 1.07485247 1.5347805 -0.5550071 1.07226396 1.53515565 -0.554944932 1.07098055 1.53721333 -0.673484206 1.15769207 1.41656089 -0.669510245 1.15602314 1.41861129 -0.649915934 1.08921444 1.46370137 -0.653199196 1.08852875 1.46324039 -0.557015836 1.07379079 1.53695107 -0.557007492 1.07497835 1.53490233 -0.683927298 1.2080723 1.38958597 -0.679597735 1.20468771 1.39255476 -0.557777345 1.07550097 1.53471375 -0.55781281 1.07433176 1.5367558 -0.598983407 1.95473039 0.90218991 -0.598983407 1.952685 0.90218991 -0.597733021 1.94034207 0.720897913 -0.596325338 1.95359933 0.902114034 -0.595033884 1.94113719 0.721018493 -0.596325338 1.95564473 0.902114034 0.764205158 -1.25201797 1.08032799 0.76504755 -1.24982369 1.08259451 0.763134301 -1.25398374 1.08235896 -0.767166555 -1.25201797 1.08032799 -0.768008947 -1.24982369 1.08259451 -0.766095698 -1.25398374 1.08235896 </float_array>
          <technique_common>
            <accessor count="384" offset="0" source="#meshesP1R-0-positions-array" stride="3">
              <param name="X" type="float" />
              <param name="Y" type="float" />
              <param name="Z" type="float" />
            </accessor>
          </technique_common>
        </source>
        <vertices id="meshesP1R-0-vertices">
          <input semantic="POSITION" source="#meshesP1R-0-positions" />
        </vertices>
        <polylist count="406" material="defaultMaterial">
          <input offset="0" semantic="VERTEX" source="#meshesP1R-0-vertices" />
          <vcount>3 3 3 3 3 3 3 3 3 3 3 3 3 3 3 3 3 3 3 3 3 3 3 3 3 3 3 3 3 3 3 3 3 3 3 3 3 3 3 3 3 3 3 3 3 3 3 3 3 3 3 3 3 3 3 3 3 3 3 3 3 3 3 3 3 3 3 3 3 3 3 3 3 3 3 3 3 3 3 3 3 3 3 3 3 3 3 3 3 3 3 3 3 3 3 3 3 3 3 3 3 3 3 3 3 3 3 3 3 3 3 3 3 3 3 3 3 3 3 3 3 3 3 3 3 3 3 3 3 3 3 3 3 3 3 3 3 3 3 3 3 3 3 3 3 3 3 3 3 3 3 3 3 3 3 3 3 3 3 3 3 3 3 3 3 3 3 3 3 3 3 3 3 3 3 3 3 3 3 3 3 3 3 3 3 3 3 3 3 3 3 3 3 3 3 3 3 3 3 3 3 3 3 3 3 3 3 3 3 3 3 3 3 3 3 3 3 3 3 3 3 3 3 3 3 3 3 3 3 3 3 3 3 3 3 3 3 3 3 3 3 3 3 3 3 3 3 3 3 3 3 3 3 3 3 3 3 3 3 3 3 3 3 3 3 3 3 3 3 3 3 3 3 3 3 3 3 3 3 3 3 3 3 3 3 3 3 3 3 3 3 3 3 3 3 3 3 3 3 3 3 3 3 3 3 3 3 3 3 3 3 3 3 3 3 3 3 3 3 3 3 3 3 3 3 3 3 3 3 3 3 3 3 3 3 3 3 3 3 3 3 3 3 3 3 3 3 3 3 3 3 3 3 3 3 3 3 3 3 3 3 3 3 3 3 3 3 3 3 3 3 3 3 3 3 3 3 3 3 3 3 3 3 3 3 3 3 3 3 3 3 3 3 3 3 3 3 3 3 3 3 3 3 3 3 3 </vcount>
          <p>0 1 2 3 4 5 6 7 8 8 7 9 10 11 12 13 14 15 13 16 14 15 17 13 18 19 20 21 22 23 24 25 26 27 28 29 30 31 32 33 34 35 36 37 38 39 40 41 42 43 44 45 46 47 48 49 50 49 51 50 52 53 54 55 56 57 55 57 58 56 55 59 60 61 62 63 64 65 66 67 68 69 70 71 72 73 74 75 76 77 78 79 80 81 82 83 84 85 86 87 88 89 87 89 90 91 92 93 91 93 94 95 96 97 95 97 98 88 99 100 88 100 89 101 87 90 101 90 102 96 91 94 96 94 97 103 104 105 103 105 106 107 108 109 107 109 110 111 112 113 111 113 114 115 116 117 115 117 118 119 111 114 119 114 120 121 122 11 121 11 10 112 107 110 112 110 113 116 119 120 116 120 117 109 123 124 109 124 125 113 110 17 113 17 15 114 113 15 114 15 14 110 109 125 110 125 17 118 117 126 118 126 127 120 114 14 120 14 16 117 120 16 117 16 126 123 10 12 123 12 124 127 126 128 127 128 129 130 131 132 130 132 133 122 134 135 122 135 11 136 137 138 136 138 139 140 130 133 140 133 141 131 142 143 131 143 132 137 103 106 137 106 138 142 136 139 142 139 143 134 140 141 134 141 135 16 13 128 16 128 126 144 145 146 144 146 147 146 148 149 146 149 147 148 150 151 148 151 149 148 146 152 148 152 153 146 145 154 146 154 152 150 148 153 150 153 155 153 152 156 153 156 157 152 154 158 152 158 156 155 153 157 155 157 159 160 161 162 160 162 163 164 165 156 164 156 158 161 157 156 161 156 165 162 161 165 162 165 164 159 157 161 159 161 160 166 159 160 166 160 167 167 160 163 167 163 168 169 155 159 169 159 166 170 150 155 170 155 169 150 170 171 150 171 151 39 172 173 39 173 40 174 147 149 174 149 175 176 40 173 176 173 177 173 178 179 173 179 177 180 178 173 180 173 172 181 151 171 181 171 182 41 40 176 41 176 183 175 149 151 175 151 181 184 185 186 184 186 187 188 189 190 188 190 191 192 184 187 192 187 193 185 194 195 185 195 186 196 188 191 196 191 197 198 199 200 198 200 201 189 202 203 189 203 190 204 205 206 204 206 207 194 208 209 194 209 195 210 211 212 210 212 213 199 204 207 199 207 200 211 214 215 211 215 212 214 216 217 214 217 215 216 196 197 216 197 217 208 198 201 208 201 209 202 218 219 202 219 203 41 183 220 41 220 174 172 39 175 172 175 181 39 41 174 39 174 175 180 172 181 180 181 182 220 144 147 220 147 174 221 222 4 221 4 223 3 224 223 3 223 4 225 226 224 225 224 3 227 228 229 230 231 232 230 232 233 234 235 236 234 236 237 95 98 238 95 238 239 233 232 100 233 100 99 240 241 231 240 231 230 239 238 235 239 235 234 242 243 105 242 105 104 244 245 246 244 246 247 248 249 250 248 250 251 115 118 252 115 252 253 254 255 249 254 249 248 256 52 54 256 54 257 251 250 245 251 245 244 253 252 255 253 255 254 246 258 259 246 259 260 250 56 59 250 59 245 249 57 56 249 56 250 245 59 258 245 258 246 118 127 261 118 261 252 255 58 57 255 57 249 252 261 58 252 58 255 260 259 53 260 53 52 127 129 262 127 262 261 263 264 265 263 265 266 257 54 267 257 267 268 269 270 271 269 271 272 273 274 264 273 264 263 266 265 275 266 275 276 272 271 243 272 243 242 276 275 270 276 270 269 268 267 274 268 274 273 58 261 262 58 262 55 277 278 279 277 279 280 279 278 281 279 281 282 282 281 283 282 283 284 282 285 286 282 286 279 279 286 287 279 287 280 284 288 285 284 285 282 285 289 290 285 290 286 286 290 291 286 291 287 288 292 289 288 289 285 293 294 295 293 295 296 297 291 290 297 290 298 296 298 290 296 290 289 295 297 298 295 298 296 292 293 296 292 296 289 299 300 293 299 293 292 300 301 294 300 294 293 302 299 292 302 292 288 303 302 288 303 288 284 284 283 304 284 304 303 81 83 305 81 305 306 307 308 281 307 281 278 309 310 305 309 305 83 305 310 311 305 311 312 313 306 305 313 305 312 314 315 304 314 304 283 82 316 309 82 309 83 308 314 283 308 283 281 317 318 319 317 319 320 321 322 323 321 323 324 325 326 318 325 318 317 320 319 327 320 327 328 329 330 322 329 322 321 331 332 333 331 333 334 324 323 335 324 335 336 337 338 339 337 339 340 328 327 341 328 341 342 343 344 345 343 345 346 334 333 338 334 338 337 346 345 347 346 347 348 348 347 349 348 349 350 350 349 330 350 330 329 342 341 332 342 332 331 336 335 351 336 351 352 82 307 353 82 353 316 306 314 308 306 308 81 81 308 307 81 307 82 313 315 314 313 314 306 353 307 278 353 278 277 354 355 356 354 356 357 358 359 360 358 360 361 362 363 364 362 364 365 366 367 359 366 359 358 368 369 363 368 363 362 365 364 355 365 355 354 357 356 370 357 370 371 371 370 367 371 367 366 372 373 47 372 47 374 45 47 373 45 373 375 376 45 375 376 375 377 378 10 123 10 378 121 121 378 379 97 100 98 100 97 89 89 97 94 89 94 90 90 94 102 102 94 93 108 123 109 123 108 378 378 108 380 52 381 260 381 52 256 381 256 382 235 241 236 241 235 231 231 235 238 231 238 232 232 238 100 100 238 98 260 247 246 247 260 381 247 381 383 </p>
        </polylist>
      </mesh>
    </geometry>
    <geometry id="meshesP1R-1" name="meshes[1]-1" >
      <mesh>
        <source id="meshesP1R-1-positions" name="meshesP1R-1-positions">
          <float_array id="meshesP1R-1-positions-array" count="5268"> 0.728086293 -2.25816083 0.897866189 0.653539896 -2.37172318 0.856223762 0.761769414 -2.25752521 0.880121291 0.917149782 -2.228477 0.451296061 0.910286069 -2.24000382 0.451025933 0.902634799 -2.23746204 0.359234691 0.694926262 -2.26302314 0.906398177 0.929849744 -1.30804229 0.817931712 0.931195796 -1.41306853 0.806281567 0.929849744 -1.33278298 0.73157227 0.808138728 -1.15338218 1.05266309 0.808315992 -1.14848721 1.05281103 0.807434797 -1.14989984 1.0547086 0.852617383 -2.31586838 0.451776952 0.882200301 -2.2875073 0.451512307 0.843423605 -2.20367622 0.754014432 0.797143817 -2.27517056 0.746379912 0.826504767 -2.30183983 0.721377254 0.898625255 -2.26043153 0.451365203 0.926822901 0.111025982 0.570279002 0.926423073 0.111025982 0.55533874 0.918846071 0.28510651 0.557072103 0.926288486 0.111025974 0.595831156 0.927187383 0.111025982 0.584835649 0.924938023 0.111025982 0.542870283 0.91076088 -1.03969419 0.896955848 0.905765533 -1.17831981 0.889211714 0.909872711 -1.03908145 0.889566243 0.906335592 1.53624129 0.897797048 0.925945759 1.38677812 0.895143747 0.926852584 1.51189876 0.858568549 0.878395259 1.83303463 0.677407622 0.926394403 1.74854875 0.658257604 0.92530638 1.79015625 0.576339126 0.819090605 1.20519459 1.13453543 0.818819165 1.21229994 1.13467896 0.818131626 1.20638263 1.13664627 0.924733877 0.425122142 0.527184665 0.929271221 0.421767831 0.553564966 0.440351397 1.32289708 1.52117109 0.449751616 1.31837475 1.52071571 0.450881809 1.33002913 1.51908469 0.458141088 1.3121835 1.52033854 0.450153857 1.31820714 1.50668573 0.477837503 1.27817428 1.50996566 0.474916965 1.28543651 1.50917745 0.473222136 1.27945459 1.50590849 0.470958829 1.29218137 1.50883627 0.0479909293 1.36270893 1.53035104 0.0452836566 1.35808527 1.53071189 0.0499593914 1.36764896 1.517905 0.0539567545 1.36821997 1.52990031 0.061801251 1.37032425 1.52968633 0.0426791869 1.34848249 1.53138542 0.0434420183 1.35343015 1.53105295 0.0375259817 1.3536371 1.53117776 0.898144186 -2.16575646 0.747628748 0.894835114 -2.17866516 0.739710093 0.903661609 -2.16390347 0.736534655 0.787171304 -1.19927728 1.08417928 0.80916059 -1.14329326 1.06743109 0.797053099 -1.13038862 1.08514786 0.0523189716 1.38399529 1.45180953 0.0520588867 1.47252798 1.47424555 0.899256647 -2.18189096 0.724194944 0.887625754 -2.19428635 0.735117733 0.676636338 1.20468771 1.39255476 0.677723527 1.19974267 1.39165545 0.677740097 1.20507491 1.39054751 0.781975687 1.83899295 1.03263068 0.785955191 1.83181465 1.03263712 0.782224 1.83719003 1.03074515 -0.73104769 -2.25816083 0.897866189 -0.764730811 -2.25752521 0.880121291 -0.656501293 -2.37172318 0.856223762 -0.920111179 -2.228477 0.451296061 -0.905596197 -2.23746204 0.359234691 -0.913247466 -2.24000382 0.451025933 -0.697887659 -2.26302314 0.906398177 -0.932811141 -1.30804229 0.817931712 -0.932811141 -1.33278298 0.73157227 -0.934157193 -1.41306853 0.806281567 -0.811100125 -1.15338218 1.05266309 -0.810396194 -1.14989984 1.0547086 -0.81127739 -1.14848721 1.05281103 -0.85557878 -2.31586838 0.451776952 -0.885161698 -2.2875073 0.451512307 -0.846385002 -2.20367622 0.754014432 -0.829466164 -2.30183983 0.721377254 -0.800105214 -2.27517056 0.746379912 -0.901586652 -2.26043153 0.451365203 -0.929784298 0.111025982 0.570279002 -0.921807468 0.28510651 0.557072103 -0.92938447 0.111025982 0.55533874 -0.929249883 0.111025974 0.595831156 -0.93014878 0.111025982 0.584835649 -0.92789942 0.111025982 0.542870283 -0.913722277 -1.03969419 0.896955848 -0.912834108 -1.03908145 0.889566243 -0.908726931 -1.17831981 0.889211714 -0.909296989 1.53624129 0.897797048 -0.929813981 1.51189876 0.858568549 -0.928907156 1.38677812 0.895143747 -0.881356657 1.83303463 0.677407622 -0.928267777 1.79015625 0.576339126 -0.9293558 1.74854875 0.658257604 -0.822052002 1.20519459 1.13453543 -0.821093023 1.20638263 1.13664627 -0.821780562 1.21229994 1.13467896 -0.927695274 0.425122142 0.527184665 -0.932232618 0.421767831 0.553564966 -0.443312794 1.32289708 1.52117109 -0.453843206 1.33002913 1.51908469 -0.452713013 1.31837475 1.52071571 -0.461102486 1.3121835 1.52033854 -0.453115255 1.31820714 1.50668573 -0.4807989 1.27817428 1.50996566 -0.476183534 1.27945459 1.50590849 -0.477878362 1.28543651 1.50917745 -0.473920226 1.29218137 1.50883627 -0.050952334 1.36270893 1.53035104 -0.052920796 1.36764896 1.517905 -0.0482450612 1.35808527 1.53071189 -0.0569181591 1.36821997 1.52990031 -0.0647626594 1.37032425 1.52968633 -0.0456405915 1.34848249 1.53138542 -0.0404873863 1.3536371 1.53117776 -0.046403423 1.35343015 1.53105295 -0.901105583 -2.16575646 0.747628748 -0.906623006 -2.16390347 0.736534655 -0.897796512 -2.17866516 0.739710093 -0.790132701 -1.19927728 1.08417928 -0.800014496 -1.13038862 1.08514786 -0.812121987 -1.14329326 1.06743109 -0.0552803762 1.38399529 1.45180953 -0.0550202914 1.47252798 1.47424555 -0.902218044 -2.18189096 0.724194944 -0.890587151 -2.19428635 0.735117733 -0.679597735 1.20468771 1.39255476 -0.680701494 1.20507491 1.39054751 -0.680684924 1.19974267 1.39165545 -0.784937084 1.83899295 1.03263068 -0.785185397 1.83719003 1.03074515 -0.788916588 1.83181465 1.03263712 0.554054439 1.07379079 1.53695107 0.554851413 1.07433176 1.5367558 0.55212152 1.18558049 1.52382302 0.514465332 1.20032907 1.52820015 0.612578213 0.075106062 1.5517658 0.614300609 -0.00175476621 1.55027926 0.656313241 -0.00175476202 1.51484668 0.656120002 0.0751060694 1.51472032 0.625879228 -0.287646383 1.53357887 0.631340861 -0.377319753 1.51705396 0.669940114 -0.369215488 1.4845413 0.665657163 -0.281113118 1.49784148 0.640348732 -0.467610925 1.49323666 0.649356604 -0.552207112 1.46475112 0.682692707 -0.518597007 1.44181371 0.675352633 -0.447659701 1.46543229 0.6066401 0.340090811 1.55024457 0.610855818 0.1519669 1.55085123 0.654114902 0.1519669 1.51465392 0.65018189 0.340090811 1.51359963 0.598475456 0.745265901 1.54030979 0.598475456 0.704429686 1.54251385 0.642017305 0.706368268 1.50653982 0.642017305 0.746235192 1.50438809 0.620417595 -0.193305001 1.54310179 0.662346721 -0.190690562 1.50699508 0.57075876 -0.00175476773 1.56280828 0.576875746 -0.193305001 1.5556308 0.554933667 0.745265901 1.5528388 0.554933667 0.704429686 1.55504286 0.563098252 0.340090811 1.56277359 0.567313969 0.151966885 1.56338024 0.605162382 -0.474343628 1.50138378 0.617267489 -0.559594393 1.47054231 0.58496654 -0.290685505 1.54509497 0.593057334 -0.383397937 1.52755702 0.569036365 0.075106062 1.56429482 0.66625756 -0.658298552 1.414343 0.643356442 -0.682409942 1.41117334 0.666738212 -0.789439499 1.35469913 0.686633527 -0.770832002 1.35537028 0.694897473 -0.621431112 1.39495385 0.712031066 -0.724818528 1.34221196 0.696824133 -0.919575453 1.28001988 0.71638608 -0.905583262 1.27804255 0.748864412 -1.05173004 1.18931055 0.731807113 -1.06982625 1.19128788 0.772615075 -1.22144902 1.08464754 0.554933667 0.833581865 1.54838657 0.554933667 0.786102116 1.55063486 0.598475456 0.786102116 1.53810573 0.598475456 0.833581865 1.53585756 0.642017305 0.786102116 1.50223637 0.641365886 0.833581865 1.4999882 0.658072233 0.806809902 1.48036659 0.657244086 0.853115976 1.47756338 0.693278551 0.878873587 1.41846025 0.690313935 0.924837589 1.41798067 0.756592155 1.11165035 1.2700417 0.761307001 1.04837501 1.27063584 0.778651178 1.0947715 1.23092735 0.773380101 1.16271436 1.23019385 0.835348129 1.22576368 1.10322678 0.821181059 1.20519459 1.13453543 0.823707342 1.07903397 1.13106525 0.839973986 1.08931005 1.09956586 0.826899886 1.40292883 1.10503578 0.849641979 1.41785145 1.05646193 0.825342298 1.57196498 1.05717957 0.807210207 1.53833818 1.10460949 0.878010869 1.19807684 1.01856315 0.884865165 1.06461465 1.01401889 0.879712224 1.06392825 1.00343442 0.873363316 1.19189847 1.00736105 0.811640501 -1.2745266 1.05108154 0.811407745 -1.22545636 1.05182922 0.789276302 -1.24103653 1.08233416 0.812013268 -1.4047544 1.04736328 0.789859354 -1.35688019 1.07620537 0.787879348 -1.46924949 1.06786966 0.806901753 -1.50442219 1.04147482 0.776774943 -1.69218826 1.04627442 0.65066427 -1.40498638 1.07606184 0.636635661 -1.67957854 1.05233645 0.77494216 -1.85000575 1.00557852 0.765437067 -1.85025012 1.02618361 0.753053367 -1.96392071 1.00481749 0.759841502 -1.96235812 0.985550642 0.742923319 -2.07046723 0.96508503 0.736540437 -2.07202983 0.981301606 0.714203298 -2.17689753 0.950505316 0.720180988 -2.17533493 0.937327862 0.815122604 -2.15592909 0.897793233 0.769324481 -2.16610503 0.926567197 0.782534182 -1.77689803 1.0145669 0.771106005 -1.77121913 1.03622901 0.720103145 -2.32916546 0.856598318 0.786666334 -2.26077509 0.856972873 0.564174294 -1.46808529 1.07403326 0.543649137 -1.70143676 1.05406928 0.689759016 -2.26575279 0.915880024 0.594646394 -2.09759521 0.980910778 0.572309256 -2.21118212 0.950505316 0.624259531 -1.8607372 1.02886415 0.61037761 -1.98049796 1.00596619 0.661858141 -2.35136127 0.871979237 0.530890524 -2.39202881 0.871979237 0.529055655 -2.41352272 0.856223762 0.630447626 -1.77015793 1.0406003 0.477638245 -2.11540866 0.981301606 0.455290169 -2.22731495 0.950505316 0.485437363 -1.50164294 1.07531881 0.381368101 -1.53159428 1.07666242 0.388603479 -1.72449541 1.05560529 0.467839509 -1.71271133 1.0548203 0.520404398 -1.87687004 1.03014612 0.497885615 -1.9983114 1.00604224 0.551616788 -2.30574465 0.91666168 0.532026768 -1.78915322 1.0421077 0.418959677 -2.41320324 0.871979237 0.417124808 -2.43469715 0.856223762 0.435391307 -2.32355785 0.91666168 0.38554132 -2.23470998 0.950505316 0.406291693 -2.12280393 0.981301606 0.331720412 -2.13053322 0.981301606 0.312640011 -2.24243951 0.950505316 0.456508577 -1.79848826 1.04251158 0.377577186 -1.80824482 1.04293382 0.426082611 -2.00570679 1.00593066 0.445177674 -1.8842653 1.03020287 0.366550863 -1.8919946 1.03026235 0.351034224 -2.01343608 1.00581396 0.348060727 -2.44209242 0.856223762 0.350352079 -2.42059851 0.871979237 0.278643548 -2.42832804 0.871979237 0.275875092 -2.44982195 0.856223762 0.179616526 -1.56626606 1.07666242 -0.00148070231 -1.5716815 1.07666242 -0.00148070231 -1.75609577 1.0558871 0.19356136 -1.7423048 1.0557462 0.719810605 -1.33318782 1.07927322 0.158817947 -2.14099383 0.981301606 0.171275675 -2.02544522 1.00601852 -0.00148070231 -2.03745437 1.00622296 -0.00148070231 -2.15145445 0.981301606 0.146476924 -2.25142002 0.950505257 -0.00148070231 -2.26040077 0.950505257 0.188048244 -1.82395732 1.04312944 -0.00148070231 -1.83766043 1.04332495 0.366897851 -2.33095312 0.91666168 0.29530865 -2.33868265 0.91666168 0.119808607 -2.45610428 0.856223762 0.120726041 -2.43480539 0.871979237 -0.00148070231 -2.44128323 0.871979237 -0.00148070231 -2.46238708 0.856223762 0.182535112 -1.90560997 1.03051257 -0.00148070231 -1.91922534 1.03076291 0.133609951 -2.34639025 0.91666168 -0.00148070231 -2.35409832 0.91666168 0.790126204 -1.70379043 1.02355528 0.835667074 -1.72663975 0.987517655 0.84264636 -1.54844451 0.99475199 0.811858237 -1.32044077 1.05038202 0.789487541 -1.27954936 1.08063257 0.770051956 -1.23673666 1.08354104 0.76504755 -1.24982369 1.08259451 0.845843077 -1.47250628 0.995358467 0.84545505 -1.39767098 0.995696247 0.811878741 -1.32680321 1.05021656 0.815265238 -1.14848721 1.05281103 0.855066776 -1.16241944 0.999294698 0.855066776 -1.02372444 1.00600922 0.818232238 -1.01053965 1.05952537 0.872830153 -1.34885192 0.955183864 0.912710667 -1.38413954 0.886719763 0.909356892 -1.284235 0.888036728 0.875624955 -1.2644465 0.954693198 0.88041693 -1.1702491 0.954809368 0.88041693 -1.03154743 0.959231019 0.879756272 -1.5246675 0.954863727 0.873722732 -1.44812727 0.955706358 -0.00148070231 -2.50358367 0.825472474 0.119808607 -2.50047183 0.825472474 0.27190721 -2.49101877 0.825472474 0.346120626 -2.48328924 0.825472474 0.529055655 -2.45471954 0.825472474 0.630847871 -2.42167282 0.825472474 0.411254138 -2.47453499 0.825472474 0.884182394 -1.73186755 0.946962357 0.883967757 -1.59564185 0.952048004 0.825324714 -1.85446632 0.975432277 0.830495894 -1.79055297 0.981474936 0.848000586 -1.317873 0.995831013 0.845540404 -1.39152527 0.995715022 0.873445928 -1.44179106 0.955724239 0.870470464 -2.12397981 0.859748185 0.889235198 -2.10046148 0.840327501 0.90079242 -2.07065535 0.84137845 0.894277453 -2.06638145 0.861061096 0.933138967 -2.00734615 0.816359103 0.933657646 -1.92841661 0.862889409 0.933229983 -1.73643279 0.901301503 0.933657646 -1.63274479 0.899302542 0.879075706 -1.85677087 0.937569261 0.88162905 -1.79431927 0.942265749 0.933064163 -1.85401547 0.888244927 0.933147073 -1.79522407 0.894773185 0.933204532 -1.54316497 0.877499521 0.934588373 -1.58369207 0.889170647 0.933623374 -1.54482007 0.876306772 0.811894357 -1.95738375 0.961281657 0.867016912 -1.94945896 0.924571693 0.793310225 -2.06568789 0.945596218 0.847854972 -2.06070375 0.911525428 0.781208634 -2.37721181 0.648403049 0.855093718 -2.29370832 0.655789852 0.741434216 -2.39584374 0.710357428 0.859485507 -2.31571913 0.504800618 0.889026225 -2.27278352 0.505570114 0.873595357 -2.28452253 0.583486319 0.822154284 -2.34905696 0.579579055 0.850302815 -1.2489506 0.995939672 0.933717787 -1.5490725 0.878063083 0.789521039 -1.28607392 1.0802995 0.93082583 -1.18407571 0.811796606 0.93082583 -1.02718532 0.794557393 0.918515325 -1.03592145 0.851190269 0.93082583 -1.18290842 0.720162332 0.93082583 -1.00293458 0.704808712 0.93082583 -1.18076098 0.624983191 0.93082583 -0.974499822 0.611596704 0.930769384 -1.17609227 0.50770247 0.924938023 -0.925654292 0.490107536 0.864420533 1.21530807 1.05437005 0.87022537 1.08109272 1.05115747 0.876183987 0.943322241 1.04785979 0.891170204 0.936365426 1.00805306 0.826305211 0.949302495 1.12749696 0.844720304 0.949302495 1.09580958 0.886000395 0.300593466 1.02517486 0.853176594 0.302014321 1.07168293 0.855811715 0.100310385 1.06416464 0.889059305 0.100310333 1.01810598 0.798120439 1.71105742 1.05374801 0.831658006 1.58454585 1.03022885 0.804481387 1.73291326 1.03275728 0.859614968 1.42008162 1.02641499 0.770798206 1.59352612 1.14332521 0.795275033 1.49853301 1.14021957 0.783668876 1.65574002 1.10160518 0.811755776 1.37415314 1.13675261 0.76693058 1.56990051 1.15579379 0.790104806 1.47459173 1.15330517 0.805271983 1.35283661 1.1505245 0.731179953 1.36475134 1.26766503 0.745006263 1.27430511 1.26851428 0.760470748 1.3373673 1.22830832 0.744762659 1.4344852 1.22725987 0.751877367 1.17492568 1.26944745 0.768109024 1.23065698 1.22946036 0.704868019 0.963160992 1.38720667 0.708135605 0.913599372 1.38763189 0.730226219 0.965232611 1.34179378 0.7265082 1.02014387 1.34144926 0.68867439 1.16140783 1.38550568 0.696986735 1.09056413 1.38611352 0.717293859 1.16129792 1.34056377 0.706839681 1.23978817 1.34007132 0.651408195 1.03718245 1.46660709 0.655485988 0.970546603 1.47093391 0.683329165 1.04299223 1.41674793 0.676457405 1.10869348 1.41606247 0.65771997 0.899619937 1.47499609 0.687349379 0.970801473 1.41750109 0.637851477 1.02350104 1.49156058 0.639691532 0.955632925 1.49420881 0.640714526 0.881061554 1.49773991 0.598511338 1.02198148 1.52382588 0.598475456 0.956645846 1.52855885 0.598475456 0.881061554 1.53360927 0.554933667 1.02350092 1.53939366 0.554933667 0.955632925 1.54260731 0.554933667 0.881061554 1.54613841 0.906830609 0.298940569 0.978642166 0.91171062 0.100310273 0.968975306 0.829456925 0.302014321 1.10908687 0.830439091 0.100310378 1.10335016 0.912573993 -0.0117617473 0.962914646 0.887526095 -0.00571253896 1.01245761 0.88798207 -0.100980707 1.00804949 0.914640605 -0.108203292 0.956117868 0.912472546 -0.00469156587 0.963353157 0.907212853 -0.00469505135 0.951682746 0.906450868 0.100310281 0.957305074 0.857313335 0.00850837491 1.06081462 0.887562573 0.0013495069 1.01280999 0.856850147 -0.0934939235 1.05624604 0.856900096 -0.22565189 1.05073929 0.884828568 -0.229759961 1.00309348 0.914573729 -0.350171089 0.941724539 0.914281249 -0.235641688 0.949201345 0.884189546 -0.346011758 0.995990396 0.828669071 -0.090044342 1.0954845 0.827512026 -0.220750436 1.09127593 0.858807325 -0.341069698 1.04440486 0.826514423 -0.331291676 1.08703756 0.906297445 -1.18329465 0.88795805 0.930806339 -1.18892491 0.812179983 0.880289972 -1.17514002 0.954729915 0.91076088 -0.876348913 0.909123302 0.88041693 -0.86820209 0.966830552 0.855066776 -0.8603791 1.01398242 0.821252108 -0.847194314 1.06479084 0.883105755 -0.49602589 0.98761338 0.913449645 -0.505293071 0.932113469 0.857755601 -0.487082571 1.035851 0.82500267 -0.479499429 1.08064651 0.762528718 1.73792911 1.09865284 0.776952624 1.80983436 1.05086958 0.72854054 1.83944046 1.05012035 0.713695228 1.76754582 1.09759188 0.780969024 1.8024677 1.05107772 0.570459127 1.82833827 1.09759188 0.585304439 1.90023267 1.05012035 0.46584478 1.93539059 1.05012035 0.447458208 1.86431944 1.09759188 0.589896619 1.92940795 1.03263068 0.471875787 1.96430266 1.03263068 0.555775583 1.74673152 1.1454829 0.428752333 1.78353941 1.1454829 0.336711764 1.96254647 1.05012035 0.326263666 1.88988268 1.09759188 0.339522183 1.99194682 1.03263068 0.315778226 1.80676877 1.1454829 0.198520064 1.97379935 1.05012035 0.193301797 1.90153635 1.09759188 0.199218035 2.00627804 1.03263068 0.189526916 1.81979334 1.1454829 0.0783634111 1.90945446 1.09759188 0.080642812 1.98267996 1.05012035 -0.00148070231 1.98535216 1.05012035 -0.00148070231 1.91212666 1.09759188 0.0809476897 2.01745534 1.03263068 -0.00148070231 2.02182603 1.03263068 0.0767144486 1.82662308 1.1454829 -0.00148070231 1.82929528 1.1454829 0.633988678 1.71594429 1.1454829 0.647168815 1.79824483 1.09759188 0.662014127 1.87013924 1.05012035 0.666606307 1.89931452 1.03263068 0.73313272 1.86861575 1.03263068 0.699011683 1.68593907 1.1454829 0.900572658 -2.11738181 0.792830467 0.933138967 -2.05822301 0.777642787 0.119808607 -2.50047183 0.718067825 0.0167859942 -2.50311494 0.718067825 0.0180596448 -2.55705285 0.638320625 0.123371534 -2.55590081 0.643382847 0.27190721 -2.49101877 0.718067825 0.278835118 -2.55098939 0.656438828 0.573870003 -2.49532461 0.630402088 0.440513104 -2.53381658 0.618854225 0.481209934 -2.52374482 0.561383784 0.623604596 -2.47350073 0.567263663 0.307821929 -2.55255795 0.557438195 0.138841569 -2.55912805 0.552286088 0.151351631 -2.5607636 0.506146491 0.354373395 -2.54475522 0.506054223 -0.00148070231 -2.56049371 0.548525631 -0.00148070231 -2.56212878 0.503738821 0.686390817 -2.44314337 0.505367935 0.817591667 -2.35155439 0.503709257 0.763318837 -2.3970356 0.575110018 0.444794357 -2.52639055 0.505891263 0.531305194 -2.50881982 0.505735338 0.398277491 -2.53816867 0.55945462 0.35061869 -2.54362822 0.66440928 0.294472218 -2.55258155 0.605672538 0.371379197 -2.54299164 0.612409055 0.541929007 -2.50833869 0.687047899 0.419298112 -2.53624249 0.672035098 0.128516197 -2.55749297 0.59861052 0.656363726 -2.46401501 0.699337602 0.633995891 -2.42094707 0.727436423 0.525560379 -2.45602894 0.722752094 -0.00148070231 -2.55885816 0.593544364 0.715569854 -2.36097503 0.736908197 0.707323551 -2.43488264 0.641016245 0.346120626 -2.48328924 0.718067825 0.411254138 -2.47453499 0.718067825 0.909414232 -2.22477818 0.589377224 0.907304466 -2.20676112 0.660541236 0.912054241 -2.23633909 0.505883098 0.929564416 -2.16010714 0.654282928 0.92740941 -2.19231343 0.590766191 0.923639119 -2.21945024 0.506732702 0.930753827 -1.18093789 0.507879972 0.929849744 -1.21136677 0.507971644 0.929369688 -1.19944048 0.42559123 0.930058956 -1.1764667 0.425278783 0.930794001 -1.18560493 0.625094652 0.929849744 -1.25743675 0.623739898 0.930809736 -1.18775809 0.720553398 0.920143664 -1.03724468 0.860776782 0.917234659 -1.0385679 0.870363295 0.93082583 -0.87193948 0.602478325 0.93082583 -0.87291199 0.689855278 0.925104678 -0.50414741 0.731655002 0.93082583 -0.50414741 0.696062982 0.93082583 -0.34823963 0.664854765 0.926105678 -0.34823963 0.69607389 0.924938023 -0.865210593 0.493973285 0.93082583 -0.872912049 0.769878805 0.922737062 -0.872912049 0.815813959 0.93082583 -0.50414741 0.639153838 0.93082583 -0.348239601 0.61771816 0.93082583 -0.503823161 0.579731941 0.93082583 -0.348189533 0.570115149 0.924938023 -0.501580238 0.511483967 0.924938023 -0.347843111 0.518887222 0.93082583 -0.235641643 0.643773079 0.926288486 -0.235641643 0.669735849 0.93082583 -0.235641643 0.563462973 0.93082583 -0.235641643 0.601737797 0.924938023 -0.235641629 0.524486065 0.929296196 -0.121367022 0.621599793 0.926288486 -0.121367022 0.645728886 0.927996397 -0.121367015 0.590629458 0.924938023 -0.121367007 0.529510736 0.925959349 -0.121367015 0.557843924 0.925437093 -0.0145283667 0.555933714 0.924938023 -0.0145261595 0.535238743 0.92737627 -0.0215418972 0.581349969 0.928389609 -0.0215405002 0.6060009 0.926288486 -0.0145314746 0.623144507 0.928326011 -0.0145309353 0.604893386 0.924938023 -0.0215454679 0.53483808 0.925428212 -0.0215434749 0.556014538 0.92734009 -0.0145298 0.580732167 0.926288486 -0.0215394888 0.624646723 0.901583672 0.298770279 0.966964185 0.854355216 1.42008162 1.01856256 0.826398253 1.58454585 1.02237642 0.799221635 1.73291326 1.02490485 0.909380853 -0.108203292 0.944447637 0.907314181 -0.0117581701 0.951244652 0.909840345 -0.876348913 0.89745307 0.903270841 1.0327698 0.936647236 0.904256284 1.16084993 0.939861715 0.912105262 -0.690820932 0.920618415 0.909738362 -0.690820932 0.908948183 0.909551084 -0.350171089 0.930054307 0.909021497 -0.235641688 0.937531114 0.885964394 0.935648739 0.997960985 0.923470557 -0.119616777 0.779825509 0.924069107 -0.0204507969 0.770791769 0.920808196 -0.0193613227 0.824069619 0.919490576 -0.117866524 0.828159511 0.909096718 0.296242326 0.900733411 0.912474513 0.103637181 0.89106971 0.918498218 0.106964082 0.824834406 0.916609824 0.293714345 0.834502697 0.93082583 0.111025974 0.645504296 0.93082583 0.111025967 0.695177495 0.927420318 -0.0145335412 0.710297883 0.929123104 -0.0145325819 0.666721225 0.928058505 -0.235641658 0.71099937 0.929138184 -0.12136703 0.688610196 0.927450538 -0.121367037 0.731491506 0.92529124 -0.235641658 0.75226289 0.927644849 -0.348309189 0.733313203 0.924646676 -0.348378807 0.770552576 0.92732954 -0.0215371158 0.711423397 0.922390938 -0.235641658 0.794104338 0.919490576 -0.235641673 0.835945785 0.920769334 -0.348397642 0.807708681 0.916892052 -0.348416537 0.844864726 0.902210891 0.902780116 0.933320284 0.91671741 0.863348007 0.868679583 0.920387983 1.01187766 0.871010721 0.913998902 -0.008517012 0.887811124 0.920787752 -0.0123381671 0.823949933 0.914256036 -0.235641673 0.88673842 0.914435744 -0.113034889 0.886303544 0.918836474 -0.690576792 0.843241096 0.915909767 -0.690821052 0.864156485 0.915377557 -0.876348913 0.87460947 0.917789221 -0.875982583 0.862493873 0.913221061 -0.348416567 0.887513816 0.925110698 -0.689431071 0.798030019 0.921763182 -0.690332413 0.822325647 0.920200825 -0.875616133 0.850378275 0.923737645 -0.874264121 0.833096087 0.914205074 -1.0393008 0.880708456 0.915719867 -1.03893435 0.875535846 0.913039207 -0.505293071 0.887073338 0.916442037 -0.505293071 0.853703499 0.912038922 -1.03919113 0.88513732 0.912608981 -0.876348913 0.88603127 0.929271221 0.28510648 0.62543577 0.929271221 0.28510648 0.688062131 0.924661994 0.108995028 0.768197179 0.924106181 -0.0134332478 0.770408928 0.929271221 0.584820628 0.629556417 0.929271221 0.566968083 0.552859366 0.929271221 0.707898796 0.552153647 0.929271221 0.734677732 0.633751452 0.901610494 0.511415541 0.988982797 0.896377265 0.511063039 0.977296412 0.850357831 0.517777026 1.07972515 0.828406334 0.517777026 1.11522365 0.882728219 0.514836371 1.03273654 0.922940493 0.289410412 0.773884296 0.923265219 0.642639756 0.789471626 0.929271221 0.607573986 0.706253588 0.929271221 0.768807709 0.715349376 0.923427522 0.819254518 0.797265351 0.872881413 1.19911015 1.00766385 0.904182315 1.16789973 0.939900279 0.900961399 1.27941108 0.938297987 0.863907635 1.30614471 1.01335442 0.916681528 0.67347002 0.857287288 0.914060354 -0.0155593585 0.887659848 0.929077744 -0.0215383619 0.66803503 0.929271221 0.805446088 0.55179131 0.929271221 0.848710716 0.642762125 0.929271221 0.918650508 0.737119973 0.92392087 -0.68852973 0.77373451 0.924734652 0.686020553 0.472644299 0.929263771 0.785755694 0.448962897 0.924733877 0.572306514 0.496635497 0.897470593 1.40118122 0.934628904 0.878877401 1.55331588 0.931575954 0.856850743 1.68502498 0.933147669 0.906801462 0.49842158 0.911595702 0.916645706 0.483592212 0.845894992 0.909636378 -0.505293071 0.920443237 0.882239759 1.66714668 0.902058899 0.77393508 1.83719003 1.02500844 0.82781446 1.79926383 0.938318312 0.597976506 1.07232833 1.51971412 0.596098363 1.17473435 1.5092653 0.634940684 1.07439864 1.48870707 0.650237799 1.08852875 1.46324039 0.644822478 1.17416704 1.45735979 0.62890929 1.1682297 1.48373389 0.598072469 1.06556773 1.52033007 0.635354757 1.06755126 1.48908126 0.670522809 1.15769207 1.41656089 0.662667274 1.21546376 1.42086351 0.701600432 1.01272285 1.38678133 0.722790182 1.07505476 1.34110475 0.721348107 1.42123103 1.27145982 0.732646823 1.50242805 1.22752917 0.747853875 1.656317 1.1454829 0.868786216 1.31008697 1.02252233 0.831063747 1.31612325 1.10417902 0.856954336 1.31835723 1.05545855 0.816432655 1.29145932 1.13569319 0.810037136 1.2723341 1.14973128 0.929015875 1.12982118 0.873274863 0.929271221 1.13037694 0.871962368 0.929271221 1.00449407 0.812789083 0.845059931 1.78577197 0.906244993 0.928407252 1.61488199 0.80350548 0.926394403 1.69663858 0.727471292 0.869813502 1.84333313 0.699642181 0.8136127 1.86690176 0.905977607 0.744918585 1.89868987 0.905374229 0.802213192 1.86898386 0.706442297 0.70260644 1.90713918 0.715060711 0.681693971 1.92303193 0.904157877 0.929271221 1.26020527 0.897845507 0.877526939 1.2052573 1.0188123 0.835057735 1.23285997 1.10335708 0.864006162 1.22240889 1.05449092 0.929271221 1.13711417 0.874076188 0.6809659 1.2080723 1.38958597 0.669188499 1.24687922 1.40224946 0.619367778 1.26851702 1.47601664 0.635387719 1.25849152 1.45334661 0.631333351 1.35362172 1.44295037 0.61107564 1.39506483 1.46182752 0.590766191 1.28520298 1.49830413 0.580100358 1.43217707 1.47582352 0.549309373 1.30311096 1.51039279 0.545012832 1.45769453 1.48456132 0.0426791869 1.07098055 1.54894912 0.0426791869 1.1825726 1.53323197 0.0426791869 1.29102111 1.49079561 0.165413797 1.36687911 1.5291611 0.165413797 1.36687911 1.5171659 0.165413797 1.52819669 1.50330544 0.270917356 1.35913765 1.52656233 0.270917356 1.51992214 1.50157797 0.559015989 0.522260308 1.56096637 0.602557778 0.522260308 1.54843736 0.646099567 0.522260308 1.51218021 0.891170859 0.723355889 0.987628639 0.904506207 0.700600743 0.922457993 0.929271221 0.434963554 0.625361383 0.929271221 0.446340144 0.69715786 0.923102856 0.466025114 0.781677961 0.847539067 0.73353982 1.08776736 0.879456103 0.729079366 1.0402981 0.896390319 0.723890424 0.999323428 0.827355802 0.73353982 1.1213603 0.387930959 1.34021771 1.52381742 0.389900744 1.50481868 1.49830544 0.650532007 1.08141935 1.46371675 0.671324849 1.15141594 1.41631567 0.651404917 1.25923395 1.42634439 0.505244792 1.1825726 1.52380443 0.553740442 1.07366037 1.53682494 0.650229931 1.29960823 1.42131472 0.682091415 1.20295274 1.38865495 0.739804268 1.06058633 1.30988967 0.735645711 1.11919415 1.30943477 0.697820008 1.29168248 1.34309161 0.716535687 1.28956747 1.31122804 0.708294928 1.34003425 1.31639326 0.729541779 1.21124303 1.30872047 0.743962824 1.00197875 1.31034446 0.480805844 1.28577411 1.52020931 0.92912817 -1.19344115 0.384152055 0.92446667 -1.17415905 0.383733988 0.594771624 1.94034207 0.720897913 0.59602201 1.95473039 0.90218991 0.320967734 1.07098055 1.54253662 0.482208371 1.07098055 1.5388211 0.458114922 1.1825726 1.52380443 0.306463093 1.1825726 1.52715373 0.169226825 1.07098055 1.54603302 0.169226825 1.1825726 1.53031588 0.415109664 1.29102111 1.48221374 0.440872908 1.23758268 1.50695276 0.467610329 1.26007247 1.49609208 0.453067452 1.29018331 1.48288012 0.297934681 1.23758268 1.51006126 0.169226825 1.23758268 1.51302695 0.0426791869 1.23758268 1.51594305 0.169226825 1.29102111 1.48787951 0.289022535 1.29102111 1.48523355 0.388753444 1.34702706 1.43760943 0.43062067 1.34004521 1.43603873 0.270917356 1.35913765 1.51456714 0.387930959 1.34021771 1.50962734 0.445983738 1.43150473 1.46421099 0.472275823 1.29860771 1.51974559 0.477089316 1.29262531 1.51978445 0.0503287762 1.36332512 1.44684839 0.471875787 1.96430266 1.02571106 0.339522183 1.99194682 1.02571106 0.666606307 1.89931452 1.02571106 0.589896619 1.92940795 1.02571106 0.199218035 2.00627804 1.02571106 0.0809476897 2.01745534 1.02571106 -0.00148070231 2.02182603 1.02571106 0.73313272 1.86861575 1.02571106 0.930054605 -1.17162871 0.42538619 0.923904717 -1.16942859 0.384705067 0.715249658 -2.35907722 0.829105854 0.799651384 -2.27064919 0.832739174 0.786690474 1.29174685 1.18999243 0.791708589 1.21752417 1.18996251 0.740386724 1.56717443 1.19260001 0.75584662 1.50219274 1.19152689 0.748126566 1.63192105 1.15767097 0.775287747 1.40597939 1.19080675 0.796726704 1.14330137 1.1899327 0.814802289 1.19183147 1.14893818 0.780174613 -1.01937044 1.16177177 0.74769628 -0.874925435 1.25390756 0.815087974 -1.15338218 1.05266309 0.854928493 -1.16732728 0.999081314 0.857352495 0.00143822271 1.06052613 0.830149233 0.0139830848 1.1006304 0.820909619 1.21229994 1.13467896 0.766733229 1.73070931 1.098912 0.164762393 1.46968508 1.47449303 0.269319862 1.46299434 1.472646 0.38202408 1.44684672 1.4682436 0.273664951 1.35866857 1.44259334 0.166283295 1.36332512 1.4450345 0.912824094 -0.690820932 0.886552334 0.92648381 -0.504598081 0.762963951 0.919883788 -0.505171001 0.823988259 0.923325539 -0.505048811 0.794273019 0.924938023 -0.683395326 0.502728641 0.93082583 -0.687881291 0.591105163 0.93082583 -0.68852967 0.664504588 0.93082583 -0.68852967 0.732970953 0.856411219 -0.673730731 1.02491665 0.823127389 -0.663346887 1.07271874 0.881761312 -0.682114005 0.977222025 0.923105359 -1.17162871 0.42538619 0.916955471 -1.16942859 0.384705067 0.923876584 -1.18290842 0.720162332 0.923876584 -1.18076098 0.624983191 0.84811753 -1.16241944 0.999294698 0.92310971 -1.1764667 0.425278783 0.923804581 -1.18093789 0.507879972 0.899348199 -1.18329465 0.88795805 0.873340726 -1.17514002 0.954729915 0.814384043 -1.14989984 1.0547086 0.923820138 -1.17609227 0.50770247 0.873467684 -1.1702491 0.954809368 0.898816288 -1.17831981 0.889211714 0.92386049 -1.18775809 0.720553398 0.923857093 -1.18892491 0.812179983 0.923876584 -1.18407571 0.811796606 0.917517424 -1.17415905 0.383733988 0.916966259 -1.1716466 0.381267905 0.9169994 -1.16937637 0.383781314 0.847979248 -1.16732728 0.999081314 0.923844755 -1.18560493 0.625094652 0.923948646 -1.16937637 0.383781314 0.929418266 -1.54356337 0.875194848 0.929837108 -1.54521847 0.874002159 0.761261284 -1.25022197 1.08028984 0.785701275 -1.27994776 1.07832778 0.869936466 -1.44852567 0.953401685 0.841668785 -1.39806938 0.993391573 0.764205158 -1.25201797 1.08032799 0.760418892 -1.25241637 1.07802331 0.808071971 -1.32083917 1.04807734 0.841754138 -1.39192367 0.993410349 0.763134301 -1.25398374 1.08235896 0.785734773 -1.28647232 1.07799482 0.759348035 -1.25438213 1.08005428 0.808092475 -1.3272016 1.04791188 0.869659662 -1.44218946 0.953419566 0.929931521 -1.5494709 0.87575841 0.921117067 -0.0215418972 0.581349969 0.922130406 -0.0215405002 0.6060009 0.907739699 -0.008517012 0.887811124 0.914528549 -0.0123381671 0.823949933 0.914548993 -0.0193613227 0.824069619 0.907801151 -0.0155593585 0.887659848 0.922066808 -0.0145309353 0.604893386 0.921080887 -0.0145298 0.580732167 0.90095365 -0.00469505135 0.951682746 0.919169009 -0.0215434749 0.556014538 0.901054978 -0.0117581701 0.951244652 0.91917789 -0.0145283667 0.555933714 0.920029283 -0.0215394888 0.624646723 0.922818542 -0.0215383619 0.66803503 0.922863901 -0.0145325819 0.666721225 0.920029283 -0.0145314746 0.623144507 0.851054132 0.00850837491 1.06081462 0.88130337 0.0013495069 1.01280999 0.921070337 -0.0215371158 0.711423397 0.917809904 -0.0204507969 0.770791769 0.881266892 -0.00571253896 1.01245761 0.851093292 0.00143822271 1.06052613 0.917846978 -0.0134332478 0.770408928 0.921161115 -0.0145335412 0.710297883 0.906213343 -0.00469156587 0.963353157 0.90631479 -0.0117617473 0.962914646 0.830085695 0.0069150487 1.10034204 0.823826492 0.0069150487 1.10034204 0.82389003 0.0139830848 1.1006304 0.91867882 -0.0145261595 0.535238743 0.91867882 -0.0215454679 0.53483808 0.902091861 1.16789973 0.939900279 0.927180767 1.13711417 0.874076188 0.833257675 1.22576368 1.10322678 0.862330079 1.21530807 1.05437005 0.90216583 1.16084993 0.939861715 0.871272862 1.19189847 1.00736105 0.861915708 1.22240889 1.05449092 0.875436485 1.2052573 1.0188123 0.870790958 1.19911015 1.00766385 0.927180767 1.13037694 0.871962368 0.926925421 1.12982118 0.873274863 0.929018915 1.13245809 0.870810509 0.832967281 1.23285997 1.10335708 0.875920415 1.19807684 1.01856315 0.82022208 1.20638263 1.13664627 0.596472681 1.07356572 1.51825237 0.632178247 1.0755657 1.48830104 0.667323589 1.1499604 1.4183743 0.647238731 1.08234727 1.4641614 0.551983535 1.07098055 1.53721333 0.552045703 1.07226396 1.53515565 0.553742766 1.07485247 1.5347805 0.646954536 1.08921444 1.46370137 0.666548848 1.15602314 1.41861129 0.554046094 1.07497835 1.53490233 0.554933667 1.06760311 1.53730536 0.596565366 1.06703544 1.51884723 0.554895401 1.06900144 1.53524446 0.554815948 1.07550097 1.53471375 0.632578194 1.06895149 1.48866248 0.682108521 1.20847285 1.38750803 0.752327025 1.64993382 1.14532089 -0.557015836 1.07379079 1.53695107 -0.517426729 1.20032907 1.52820015 -0.555082917 1.18558049 1.52382302 -0.55781281 1.07433176 1.5367558 -0.61553961 0.075106062 1.5517658 -0.659081399 0.0751060694 1.51472032 -0.659274638 -0.00175476202 1.51484668 -0.617262006 -0.00175476621 1.55027926 -0.628840625 -0.287646383 1.53357887 -0.66861856 -0.281113118 1.49784148 -0.672901511 -0.369215488 1.4845413 -0.634302258 -0.377319753 1.51705396 -0.64331013 -0.467610925 1.49323666 -0.67831403 -0.447659701 1.46543229 -0.685654104 -0.518597007 1.44181371 -0.652318001 -0.552207112 1.46475112 -0.609601498 0.340090811 1.55024457 -0.653143287 0.340090811 1.51359963 -0.657076299 0.1519669 1.51465392 -0.613817215 0.1519669 1.55085123 -0.601436853 0.745265901 1.54030979 -0.644978702 0.746235192 1.50438809 -0.644978702 0.706368268 1.50653982 -0.601436853 0.704429686 1.54251385 -0.665308118 -0.190690562 1.50699508 -0.623378992 -0.193305001 1.54310179 -0.573720157 -0.00175476773 1.56280828 -0.579837143 -0.193305001 1.5556308 -0.557895064 0.745265901 1.5528388 -0.557895064 0.704429686 1.55504286 -0.566059649 0.340090811 1.56277359 -0.570275366 0.151966885 1.56338024 -0.608123779 -0.474343628 1.50138378 -0.620228887 -0.559594393 1.47054231 -0.587927938 -0.290685505 1.54509497 -0.596018732 -0.383397937 1.52755702 -0.571997762 0.075106062 1.56429482 -0.669218957 -0.658298552 1.414343 -0.689594924 -0.770832002 1.35537028 -0.669699609 -0.789439499 1.35469913 -0.64631784 -0.682409942 1.41117334 -0.69785887 -0.621431112 1.39495385 -0.714992464 -0.724818528 1.34221196 -0.719347477 -0.905583262 1.27804255 -0.699785531 -0.919575453 1.28001988 -0.751825809 -1.05173004 1.18931055 -0.775576472 -1.22144902 1.08464754 -0.73476851 -1.06982625 1.19128788 -0.557895064 0.833581865 1.54838657 -0.601436853 0.833581865 1.53585756 -0.601436853 0.786102116 1.53810573 -0.557895064 0.786102116 1.55063486 -0.644327283 0.833581865 1.4999882 -0.644978702 0.786102116 1.50223637 -0.660205483 0.853115976 1.47756338 -0.66103363 0.806809902 1.48036659 -0.693275332 0.924837589 1.41798067 -0.696239948 0.878873587 1.41846025 -0.759553552 1.11165035 1.2700417 -0.776341498 1.16271436 1.23019385 -0.781612575 1.0947715 1.23092735 -0.764268398 1.04837501 1.27063584 -0.838309526 1.22576368 1.10322678 -0.842935383 1.08931005 1.09956586 -0.826668739 1.07903397 1.13106525 -0.824142456 1.20519459 1.13453543 -0.829861283 1.40292883 1.10503578 -0.810171604 1.53833818 1.10460949 -0.828303695 1.57196498 1.05717957 -0.852603376 1.41785145 1.05646193 -0.880972266 1.19807684 1.01856315 -0.876324713 1.19189847 1.00736105 -0.882673621 1.06392825 1.00343442 -0.887826562 1.06461465 1.01401889 -0.814601898 -1.2745266 1.05108154 -0.792237699 -1.24103653 1.08233416 -0.814369142 -1.22545636 1.05182922 -0.814974666 -1.4047544 1.04736328 -0.80986315 -1.50442219 1.04147482 -0.790840745 -1.46924949 1.06786966 -0.792820752 -1.35688019 1.07620537 -0.77973634 -1.69218826 1.04627442 -0.639597058 -1.67957854 1.05233645 -0.653625667 -1.40498638 1.07606184 -0.777903557 -1.85000575 1.00557852 -0.762802899 -1.96235812 0.985550642 -0.756014764 -1.96392071 1.00481749 -0.768398464 -1.85025012 1.02618361 -0.745884717 -2.07046723 0.96508503 -0.723142385 -2.17533493 0.937327862 -0.717164695 -2.17689753 0.950505316 -0.739501834 -2.07202983 0.981301606 -0.772285879 -2.16610503 0.926567197 -0.818084002 -2.15592909 0.897793233 -0.785495579 -1.77689803 1.0145669 -0.774067402 -1.77121913 1.03622901 -0.789627731 -2.26077509 0.856972873 -0.723064542 -2.32916546 0.856598318 -0.567135692 -1.46808529 1.07403326 -0.546610534 -1.70143676 1.05406928 -0.692720413 -2.26575279 0.915880024 -0.575270653 -2.21118212 0.950505316 -0.597607791 -2.09759521 0.980910778 -0.613339007 -1.98049796 1.00596619 -0.627220929 -1.8607372 1.02886415 -0.532017052 -2.41352272 0.856223762 -0.533851922 -2.39202881 0.871979237 -0.664819539 -2.35136127 0.871979237 -0.633409023 -1.77015793 1.0406003 -0.458251566 -2.22731495 0.950505316 -0.480599642 -2.11540866 0.981301606 -0.488398761 -1.50164294 1.07531881 -0.470800906 -1.71271133 1.0548203 -0.391564876 -1.72449541 1.05560529 -0.384329498 -1.53159428 1.07666242 -0.500846982 -1.9983114 1.00604224 -0.523365796 -1.87687004 1.03014612 -0.554578185 -2.30574465 0.91666168 -0.534988165 -1.78915322 1.0421077 -0.420086205 -2.43469715 0.856223762 -0.421921074 -2.41320324 0.871979237 -0.438352704 -2.32355785 0.91666168 -0.388502717 -2.23470998 0.950505316 -0.315601408 -2.24243951 0.950505316 -0.334681809 -2.13053322 0.981301606 -0.409253091 -2.12280393 0.981301606 -0.459469974 -1.79848826 1.04251158 -0.380538583 -1.80824482 1.04293382 -0.429044008 -2.00570679 1.00593066 -0.353995621 -2.01343608 1.00581396 -0.36951226 -1.8919946 1.03026235 -0.448139071 -1.8842653 1.03020287 -0.351022124 -2.44209242 0.856223762 -0.278836489 -2.44982195 0.856223762 -0.281604946 -2.42832804 0.871979237 -0.353313476 -2.42059851 0.871979237 -0.182577923 -1.56626606 1.07666242 -0.196522757 -1.7423048 1.0557462 -0.722772002 -1.33318782 1.07927322 -0.161779344 -2.14099383 0.981301606 -0.174237072 -2.02544522 1.00601852 -0.149438322 -2.25142002 0.950505257 -0.191009641 -1.82395732 1.04312944 -0.298270047 -2.33868265 0.91666168 -0.369859248 -2.33095312 0.91666168 -0.122770019 -2.45610428 0.856223762 -0.123687454 -2.43480539 0.871979237 -0.185496509 -1.90560997 1.03051257 -0.136571348 -2.34639025 0.91666168 -0.845607758 -1.54844451 0.99475199 -0.838628471 -1.72663975 0.987517655 -0.793087602 -1.70379043 1.02355528 -0.814819634 -1.32044077 1.05038202 -0.792448938 -1.27954936 1.08063257 -0.768008947 -1.24982369 1.08259451 -0.773013353 -1.23673666 1.08354104 -0.848804474 -1.47250628 0.995358467 -0.814840138 -1.32680321 1.05021656 -0.848416448 -1.39767098 0.995696247 -0.818226635 -1.14848721 1.05281103 -0.821193635 -1.01053965 1.05952537 -0.858028173 -1.02372444 1.00600922 -0.858028173 -1.16241944 0.999294698 -0.87579155 -1.34885192 0.955183864 -0.878586352 -1.2644465 0.954693198 -0.912318289 -1.284235 0.888036728 -0.915672064 -1.38413954 0.886719763 -0.883378327 -1.03154743 0.959231019 -0.883378327 -1.1702491 0.954809368 -0.876684129 -1.44812727 0.955706358 -0.882717669 -1.5246675 0.954863727 -0.122770019 -2.50047183 0.825472474 -0.349082023 -2.48328924 0.825472474 -0.274868608 -2.49101877 0.825472474 -0.633809268 -2.42167282 0.825472474 -0.532017052 -2.45471954 0.825472474 -0.414215535 -2.47453499 0.825472474 -0.886929154 -1.59564185 0.952048004 -0.887143791 -1.73186755 0.946962357 -0.833457291 -1.79055297 0.981474936 -0.828286111 -1.85446632 0.975432277 -0.850961983 -1.317873 0.995831013 -0.876407325 -1.44179106 0.955724239 -0.848501801 -1.39152527 0.995715022 -0.873431861 -2.12397981 0.859748185 -0.897238851 -2.06638145 0.861061096 -0.903753817 -2.07065535 0.84137845 -0.892196596 -2.10046148 0.840327501 -0.936619043 -1.92841661 0.862889409 -0.936100364 -2.00734615 0.816359103 -0.93619138 -1.73643279 0.901301503 -0.936619043 -1.63274479 0.899302542 -0.884590447 -1.79431927 0.942265749 -0.882037103 -1.85677087 0.937569261 -0.93610847 -1.79522407 0.894773185 -0.93602556 -1.85401547 0.888244927 -0.936165929 -1.54316497 0.877499521 -0.93754977 -1.58369207 0.889170647 -0.936584771 -1.54482007 0.876306772 -0.869978309 -1.94945896 0.924571693 -0.814855754 -1.95738375 0.961281657 -0.850816369 -2.06070375 0.911525428 -0.796271622 -2.06568789 0.945596218 -0.784170032 -2.37721181 0.648403049 -0.744395614 -2.39584374 0.710357428 -0.858055115 -2.29370832 0.655789852 -0.862446904 -2.31571913 0.504800618 -0.825115681 -2.34905696 0.579579055 -0.876556754 -2.28452253 0.583486319 -0.891987622 -2.27278352 0.505570114 -0.853264213 -1.2489506 0.995939672 -0.936679184 -1.5490725 0.878063083 -0.792482436 -1.28607392 1.0802995 -0.933787227 -1.18407571 0.811796606 -0.921476722 -1.03592145 0.851190269 -0.933787227 -1.02718532 0.794557393 -0.933787227 -1.00293458 0.704808712 -0.933787227 -1.18290842 0.720162332 -0.933787227 -0.974499822 0.611596704 -0.933787227 -1.18076098 0.624983191 -0.92789942 -0.925654292 0.490107536 -0.933730781 -1.17609227 0.50770247 -0.873186767 1.08109272 1.05115747 -0.86738193 1.21530807 1.05437005 -0.894131601 0.936365426 1.00805306 -0.879145384 0.943322241 1.04785979 -0.847681701 0.949302495 1.09580958 -0.829266608 0.949302495 1.12749696 -0.888961792 0.300593466 1.02517486 -0.892020702 0.100310333 1.01810598 -0.858773112 0.100310385 1.06416464 -0.856137991 0.302014321 1.07168293 -0.801081836 1.71105742 1.05374801 -0.807442784 1.73291326 1.03275728 -0.834619403 1.58454585 1.03022885 -0.862576365 1.42008162 1.02641499 -0.773759604 1.59352612 1.14332521 -0.786630273 1.65574002 1.10160518 -0.79823643 1.49853301 1.14021957 -0.814717174 1.37415314 1.13675261 -0.769891977 1.56990051 1.15579379 -0.793066204 1.47459173 1.15330517 -0.80823338 1.35283661 1.1505245 -0.73414135 1.36475134 1.26766503 -0.747724056 1.4344852 1.22725987 -0.763432145 1.3373673 1.22830832 -0.74796766 1.27430511 1.26851428 -0.771070421 1.23065698 1.22946036 -0.754838765 1.17492568 1.26944745 -0.707829416 0.963160992 1.38720667 -0.729469597 1.02014387 1.34144926 -0.733187616 0.965232611 1.34179378 -0.711097002 0.913599372 1.38763189 -0.691635787 1.16140783 1.38550568 -0.709801078 1.23978817 1.34007132 -0.720255256 1.16129792 1.34056377 -0.699948132 1.09056413 1.38611352 -0.654369593 1.03718245 1.46660709 -0.679418802 1.10869348 1.41606247 -0.686290562 1.04299223 1.41674793 -0.658447385 0.970546603 1.47093391 -0.690310776 0.970801473 1.41750109 -0.660681367 0.899619937 1.47499609 -0.640812874 1.02350104 1.49156058 -0.642652929 0.955632925 1.49420881 -0.643675923 0.881061554 1.49773991 -0.601472735 1.02198148 1.52382588 -0.601436853 0.956645846 1.52855885 -0.601436853 0.881061554 1.53360927 -0.557895064 1.02350092 1.53939366 -0.557895064 0.955632925 1.54260731 -0.557895064 0.881061554 1.54613841 -0.909792006 0.298940569 0.978642166 -0.914672017 0.100310273 0.968975306 -0.833400488 0.100310378 1.10335016 -0.832418323 0.302014321 1.10908687 -0.91553539 -0.0117617473 0.962914646 -0.917602003 -0.108203292 0.956117868 -0.890943468 -0.100980707 1.00804949 -0.890487492 -0.00571253896 1.01245761 -0.909412265 0.100310281 0.957305074 -0.910174251 -0.00469505135 0.951682746 -0.915433943 -0.00469156587 0.963353157 -0.89052397 0.0013495069 1.01280999 -0.860274732 0.00850837491 1.06081462 -0.887789965 -0.229759961 1.00309348 -0.859861493 -0.22565189 1.05073929 -0.859811544 -0.0934939235 1.05624604 -0.917535126 -0.350171089 0.941724539 -0.887150943 -0.346011758 0.995990396 -0.917242646 -0.235641688 0.949201345 -0.830473423 -0.220750436 1.09127593 -0.831630468 -0.090044342 1.0954845 -0.861768723 -0.341069698 1.04440486 -0.82947582 -0.331291676 1.08703756 -0.909258842 -1.18329465 0.88795805 -0.933767736 -1.18892491 0.812179983 -0.883251369 -1.17514002 0.954729915 -0.883378327 -0.86820209 0.966830552 -0.913722277 -0.876348913 0.909123302 -0.858028173 -0.8603791 1.01398242 -0.824213505 -0.847194314 1.06479084 -0.886067152 -0.49602589 0.98761338 -0.916411042 -0.505293071 0.932113469 -0.860716999 -0.487082571 1.035851 -0.827964067 -0.479499429 1.08064651 -0.765490115 1.73792911 1.09865284 -0.716656625 1.76754582 1.09759188 -0.731501937 1.83944046 1.05012035 -0.779914021 1.80983436 1.05086958 -0.783930421 1.8024677 1.05107772 -0.573420525 1.82833827 1.09759188 -0.450419605 1.86431944 1.09759188 -0.468806177 1.93539059 1.05012035 -0.588265836 1.90023267 1.05012035 -0.474837184 1.96430266 1.03263068 -0.592858016 1.92940795 1.03263068 -0.55873698 1.74673152 1.1454829 -0.43171373 1.78353941 1.1454829 -0.329225063 1.88988268 1.09759188 -0.339673162 1.96254647 1.05012035 -0.34248358 1.99194682 1.03263068 -0.318739623 1.80676877 1.1454829 -0.196263194 1.90153635 1.09759188 -0.201481462 1.97379935 1.05012035 -0.202179432 2.00627804 1.03263068 -0.192488313 1.81979334 1.1454829 -0.0813248232 1.90945446 1.09759188 -0.083604224 1.98267996 1.05012035 -0.0839091018 2.01745534 1.03263068 -0.0796758607 1.82662308 1.1454829 -0.636950076 1.71594429 1.1454829 -0.650130212 1.79824483 1.09759188 -0.664975524 1.87013924 1.05012035 -0.669567704 1.89931452 1.03263068 -0.736094117 1.86861575 1.03263068 -0.701973081 1.68593907 1.1454829 -0.936100364 -2.05822301 0.777642787 -0.903534055 -2.11738181 0.792830467 -0.122770019 -2.50047183 0.718067825 -0.126332939 -2.55590081 0.643382847 -0.0210210495 -2.55705285 0.638320625 -0.0197473988 -2.50311494 0.718067825 -0.274868608 -2.49101877 0.718067825 -0.281796515 -2.55098939 0.656438828 -0.5768314 -2.49532461 0.630402088 -0.626565993 -2.47350073 0.567263663 -0.484171331 -2.52374482 0.561383784 -0.443474501 -2.53381658 0.618854225 -0.310783327 -2.55255795 0.557438195 -0.357334793 -2.54475522 0.506054223 -0.154313028 -2.5607636 0.506146491 -0.141802967 -2.55912805 0.552286088 -0.689352214 -2.44314337 0.505367935 -0.766280234 -2.3970356 0.575110018 -0.820553064 -2.35155439 0.503709257 -0.447755754 -2.52639055 0.505891263 -0.401238889 -2.53816867 0.55945462 -0.534266591 -2.50881982 0.505735338 -0.353580087 -2.54362822 0.66440928 -0.374340594 -2.54299164 0.612409055 -0.297433615 -2.55258155 0.605672538 -0.544890404 -2.50833869 0.687047899 -0.42225951 -2.53624249 0.672035098 -0.131477594 -2.55749297 0.59861052 -0.659325123 -2.46401501 0.699337602 -0.528521776 -2.45602894 0.722752094 -0.636957288 -2.42094707 0.727436423 -0.718531251 -2.36097503 0.736908197 -0.710284948 -2.43488264 0.641016245 -0.349082023 -2.48328924 0.718067825 -0.414215535 -2.47453499 0.718067825 -0.910265863 -2.20676112 0.660541236 -0.912375629 -2.22477818 0.589377224 -0.915015638 -2.23633909 0.505883098 -0.932525814 -2.16010714 0.654282928 -0.930370808 -2.19231343 0.590766191 -0.926600516 -2.21945024 0.506732702 -0.933715224 -1.18093789 0.507879972 -0.933020353 -1.1764667 0.425278783 -0.932331085 -1.19944048 0.42559123 -0.932811141 -1.21136677 0.507971644 -0.933755398 -1.18560493 0.625094652 -0.932811141 -1.25743675 0.623739898 -0.933771133 -1.18775809 0.720553398 -0.920196056 -1.0385679 0.870363295 -0.923105061 -1.03724468 0.860776782 -0.933787227 -0.87291199 0.689855278 -0.933787227 -0.87193948 0.602478325 -0.928066075 -0.50414741 0.731655002 -0.929067075 -0.34823963 0.69607389 -0.933787227 -0.34823963 0.664854765 -0.933787227 -0.50414741 0.696062982 -0.92789942 -0.865210593 0.493973285 -0.933787227 -0.872912049 0.769878805 -0.925698459 -0.872912049 0.815813959 -0.933787227 -0.348239601 0.61771816 -0.933787227 -0.50414741 0.639153838 -0.933787227 -0.348189533 0.570115149 -0.933787227 -0.503823161 0.579731941 -0.92789942 -0.347843111 0.518887222 -0.92789942 -0.501580238 0.511483967 -0.929249883 -0.235641643 0.669735849 -0.933787227 -0.235641643 0.643773079 -0.933787227 -0.235641643 0.601737797 -0.933787227 -0.235641643 0.563462973 -0.92789942 -0.235641629 0.524486065 -0.929249883 -0.121367022 0.645728886 -0.932257593 -0.121367022 0.621599793 -0.930957794 -0.121367015 0.590629458 -0.928920746 -0.121367015 0.557843924 -0.92789942 -0.121367007 0.529510736 -0.92839849 -0.0145283667 0.555933714 -0.92789942 -0.0145261595 0.535238743 -0.931351006 -0.0215405002 0.6060009 -0.930337667 -0.0215418972 0.581349969 -0.929249883 -0.0145314746 0.623144507 -0.931287408 -0.0145309353 0.604893386 -0.928389609 -0.0215434749 0.556014538 -0.92789942 -0.0215454679 0.53483808 -0.930301487 -0.0145298 0.580732167 -0.929249883 -0.0215394888 0.624646723 -0.904545069 0.298770279 0.966964185 -0.829359651 1.58454585 1.02237642 -0.857316613 1.42008162 1.01856256 -0.802183032 1.73291326 1.02490485 -0.910275578 -0.0117581701 0.951244652 -0.91234225 -0.108203292 0.944447637 -0.912801743 -0.876348913 0.89745307 -0.907217681 1.16084993 0.939861715 -0.906232238 1.0327698 0.936647236 -0.915066659 -0.690820932 0.920618415 -0.912699759 -0.690820932 0.908948183 -0.911982894 -0.235641688 0.937531114 -0.912512481 -0.350171089 0.930054307 -0.888925791 0.935648739 0.997960985 -0.926431954 -0.119616777 0.779825509 -0.922451973 -0.117866524 0.828159511 -0.923769593 -0.0193613227 0.824069619 -0.927030504 -0.0204507969 0.770791769 -0.912058115 0.296242326 0.900733411 -0.919571221 0.293714345 0.834502697 -0.921459615 0.106964082 0.824834406 -0.91543591 0.103637181 0.89106971 -0.933787227 0.111025974 0.645504296 -0.932084501 -0.0145325819 0.666721225 -0.930381715 -0.0145335412 0.710297883 -0.933787227 0.111025967 0.695177495 -0.931019902 -0.235641658 0.71099937 -0.928252637 -0.235641658 0.75226289 -0.930411935 -0.121367037 0.731491506 -0.932099581 -0.12136703 0.688610196 -0.930606246 -0.348309189 0.733313203 -0.927608073 -0.348378807 0.770552576 -0.930290937 -0.0215371158 0.711423397 -0.925352335 -0.235641658 0.794104338 -0.922451973 -0.235641673 0.835945785 -0.923730731 -0.348397642 0.807708681 -0.919853449 -0.348416537 0.844864726 -0.92334938 1.01187766 0.871010721 -0.919678807 0.863348007 0.868679583 -0.905172288 0.902780116 0.933320284 -0.923749149 -0.0123381671 0.823949933 -0.916960299 -0.008517012 0.887811124 -0.917217433 -0.235641673 0.88673842 -0.917397141 -0.113034889 0.886303544 -0.921797872 -0.690576792 0.843241096 -0.920750618 -0.875982583 0.862493873 -0.918338954 -0.876348913 0.87460947 -0.918871164 -0.690821052 0.864156485 -0.916182458 -0.348416567 0.887513816 -0.928072095 -0.689431071 0.798030019 -0.926699042 -0.874264121 0.833096087 -0.923162222 -0.875616133 0.850378275 -0.924724579 -0.690332413 0.822325647 -0.918681264 -1.03893435 0.875535846 -0.917166471 -1.0393008 0.880708456 -0.916000605 -0.505293071 0.887073338 -0.919403434 -0.505293071 0.853703499 -0.915000319 -1.03919113 0.88513732 -0.915570378 -0.876348913 0.88603127 -0.932232618 0.28510648 0.688062131 -0.932232618 0.28510648 0.62543577 -0.927623391 0.108995028 0.768197179 -0.927067578 -0.0134332478 0.770408928 -0.932232618 0.584820628 0.629556417 -0.932232618 0.734677732 0.633751452 -0.932232618 0.707898796 0.552153647 -0.932232618 0.566968083 0.552859366 -0.904571891 0.511415541 0.988982797 -0.899338663 0.511063039 0.977296412 -0.853319228 0.517777026 1.07972515 -0.831367731 0.517777026 1.11522365 -0.885689616 0.514836371 1.03273654 -0.92590189 0.289410412 0.773884296 -0.926226616 0.642639756 0.789471626 -0.926388919 0.819254518 0.797265351 -0.932232618 0.768807709 0.715349376 -0.932232618 0.607573986 0.706253588 -0.87584281 1.19911015 1.00766385 -0.866869032 1.30614471 1.01335442 -0.903922796 1.27941108 0.938297987 -0.907143712 1.16789973 0.939900279 -0.919642925 0.67347002 0.857287288 -0.917021751 -0.0155593585 0.887659848 -0.932039142 -0.0215383619 0.66803503 -0.932232618 0.805446088 0.55179131 -0.932232618 0.848710716 0.642762125 -0.932232618 0.918650508 0.737119973 -0.926882267 -0.68852973 0.77373451 -0.932225168 0.785755694 0.448962897 -0.927696049 0.686020553 0.472644299 -0.927695274 0.572306514 0.496635497 -0.881838799 1.55331588 0.931575954 -0.900431991 1.40118122 0.934628904 -0.85981214 1.68502498 0.933147669 -0.909762859 0.49842158 0.911595702 -0.919607103 0.483592212 0.845894992 -0.912597775 -0.505293071 0.920443237 -0.885201156 1.66714668 0.902058899 -0.776896477 1.83719003 1.02500844 -0.830775857 1.79926383 0.938318312 -0.599059761 1.17473435 1.5092653 -0.600937903 1.07232833 1.51971412 -0.637902081 1.07439864 1.48870707 -0.631870687 1.1682297 1.48373389 -0.647783875 1.17416704 1.45735979 -0.653199196 1.08852875 1.46324039 -0.601033866 1.06556773 1.52033007 -0.638316154 1.06755126 1.48908126 -0.673484206 1.15769207 1.41656089 -0.665628672 1.21546376 1.42086351 -0.725751579 1.07505476 1.34110475 -0.70456183 1.01272285 1.38678133 -0.724309504 1.42123103 1.27145982 -0.73560822 1.50242805 1.22752917 -0.750815272 1.656317 1.1454829 -0.871747613 1.31008697 1.02252233 -0.859915733 1.31835723 1.05545855 -0.834025145 1.31612325 1.10417902 -0.819394052 1.29145932 1.13569319 -0.812998533 1.2723341 1.14973128 -0.931977272 1.12982118 0.873274863 -0.932232618 1.13037694 0.871962368 -0.932232618 1.00449407 0.812789083 -0.848021328 1.78577197 0.906244993 -0.9293558 1.69663858 0.727471292 -0.931368649 1.61488199 0.80350548 -0.816574097 1.86690176 0.905977607 -0.872774899 1.84333313 0.699642181 -0.747879982 1.89868987 0.905374229 -0.684655368 1.92303193 0.904157877 -0.705567837 1.90713918 0.715060711 -0.805174589 1.86898386 0.706442297 -0.932232618 1.26020527 0.897845507 -0.880488336 1.2052573 1.0188123 -0.866967559 1.22240889 1.05449092 -0.838019133 1.23285997 1.10335708 -0.932232618 1.13711417 0.874076188 -0.683927298 1.2080723 1.38958597 -0.672149897 1.24687922 1.40224946 -0.622329175 1.26851702 1.47601664 -0.614037037 1.39506483 1.46182752 -0.634294748 1.35362172 1.44295037 -0.638349116 1.25849152 1.45334661 -0.593727589 1.28520298 1.49830413 -0.583061755 1.43217707 1.47582352 -0.55227077 1.30311096 1.51039279 -0.547974229 1.45769453 1.48456132 -0.0456405915 1.1825726 1.53323197 -0.0456405915 1.07098055 1.54894912 -0.0456405915 1.29102111 1.49079561 -0.168375194 1.36687911 1.5291611 -0.168375194 1.36687911 1.5171659 -0.168375194 1.52819669 1.50330544 -0.273878753 1.51992214 1.50157797 -0.273878753 1.35913765 1.52656233 -0.561977386 0.522260308 1.56096637 -0.605519176 0.522260308 1.54843736 -0.649060965 0.522260308 1.51218021 -0.907467604 0.700600743 0.922457993 -0.894132257 0.723355889 0.987628639 -0.932232618 0.446340144 0.69715786 -0.932232618 0.434963554 0.625361383 -0.926064253 0.466025114 0.781677961 -0.8824175 0.729079366 1.0402981 -0.850500464 0.73353982 1.08776736 -0.899351716 0.723890424 0.999323428 -0.830317199 0.73353982 1.1213603 -0.392862141 1.50481868 1.49830544 -0.390892357 1.34021771 1.52381742 -0.653493404 1.08141935 1.46371675 -0.674286246 1.15141594 1.41631567 -0.654366314 1.25923395 1.42634439 -0.556701839 1.07366037 1.53682494 -0.508206189 1.1825726 1.52380443 -0.653191328 1.29960823 1.42131472 -0.685052812 1.20295274 1.38865495 -0.738607109 1.11919415 1.30943477 -0.742765665 1.06058633 1.30988967 -0.700781405 1.29168248 1.34309161 -0.711256325 1.34003425 1.31639326 -0.719497085 1.28956747 1.31122804 -0.732503176 1.21124303 1.30872047 -0.746924222 1.00197875 1.31034446 -0.483767241 1.28577411 1.52020931 -0.927428067 -1.17415905 0.383733988 -0.932089567 -1.19344115 0.384152055 -0.598983407 1.95473039 0.90218991 -0.597733021 1.94034207 0.720897913 -0.323929131 1.07098055 1.54253662 -0.30942449 1.1825726 1.52715373 -0.461076319 1.1825726 1.52380443 -0.485169768 1.07098055 1.5388211 -0.172188222 1.1825726 1.53031588 -0.172188222 1.07098055 1.54603302 -0.418071061 1.29102111 1.48221374 -0.456028849 1.29018331 1.48288012 -0.470571727 1.26007247 1.49609208 -0.443834305 1.23758268 1.50695276 -0.172188222 1.23758268 1.51302695 -0.300896078 1.23758268 1.51006126 -0.0456405915 1.23758268 1.51594305 -0.172188222 1.29102111 1.48787951 -0.291983932 1.29102111 1.48523355 -0.391714841 1.34702706 1.43760943 -0.433582067 1.34004521 1.43603873 -0.273878753 1.35913765 1.51456714 -0.390892357 1.34021771 1.50962734 -0.448945135 1.43150473 1.46421099 -0.475237221 1.29860771 1.51974559 -0.480050713 1.29262531 1.51978445 -0.0532901809 1.36332512 1.44684839 -0.34248358 1.99194682 1.02571106 -0.474837184 1.96430266 1.02571106 -0.592858016 1.92940795 1.02571106 -0.669567704 1.89931452 1.02571106 -0.202179432 2.00627804 1.02571106 -0.0839091018 2.01745534 1.02571106 -0.736094117 1.86861575 1.02571106 -0.926866114 -1.16942859 0.384705067 -0.933016002 -1.17162871 0.42538619 -0.718211055 -2.35907722 0.829105854 -0.802612782 -2.27064919 0.832739174 -0.789651871 1.29174685 1.18999243 -0.794669986 1.21752417 1.18996251 -0.743348122 1.56717443 1.19260001 -0.751087964 1.63192105 1.15767097 -0.758808017 1.50219274 1.19152689 -0.778249145 1.40597939 1.19080675 -0.817763686 1.19183147 1.14893818 -0.799688101 1.14330137 1.1899327 -0.750657678 -0.874925435 1.25390756 -0.78313601 -1.01937044 1.16177177 -0.818049371 -1.15338218 1.05266309 -0.857889891 -1.16732728 0.999081314 -0.860313892 0.00143822271 1.06052613 -0.833110631 0.0139830848 1.1006304 -0.823871017 1.21229994 1.13467896 -0.769694626 1.73070931 1.098912 -0.16772379 1.46968508 1.47449303 -0.384985477 1.44684672 1.4682436 -0.272281259 1.46299434 1.472646 -0.276626348 1.35866857 1.44259334 -0.169244692 1.36332512 1.4450345 -0.915785491 -0.690820932 0.886552334 -0.929445207 -0.504598081 0.762963951 -0.926286936 -0.505048811 0.794273019 -0.922845185 -0.505171001 0.823988259 -0.933787227 -0.687881291 0.591105163 -0.92789942 -0.683395326 0.502728641 -0.933787227 -0.68852967 0.664504588 -0.933787227 -0.68852967 0.732970953 -0.826088786 -0.663346887 1.07271874 -0.859372616 -0.673730731 1.02491665 -0.88472271 -0.682114005 0.977222025 -0.919916868 -1.16942859 0.384705067 -0.926066756 -1.17162871 0.42538619 -0.926837981 -1.18076098 0.624983191 -0.926837981 -1.18290842 0.720162332 -0.851078928 -1.16241944 0.999294698 -0.926765978 -1.18093789 0.507879972 -0.926071107 -1.1764667 0.425278783 -0.876302123 -1.17514002 0.954729915 -0.902309597 -1.18329465 0.88795805 -0.81734544 -1.14989984 1.0547086 -0.926781535 -1.17609227 0.50770247 -0.901777685 -1.17831981 0.889211714 -0.876429081 -1.1702491 0.954809368 -0.92681849 -1.18892491 0.812179983 -0.926821887 -1.18775809 0.720553398 -0.926837981 -1.18407571 0.811796606 -0.919960797 -1.16937637 0.383781314 -0.919927657 -1.1716466 0.381267905 -0.920478821 -1.17415905 0.383733988 -0.850940645 -1.16732728 0.999081314 -0.926806152 -1.18560493 0.625094652 -0.926910043 -1.16937637 0.383781314 -0.932798505 -1.54521847 0.874002159 -0.932379663 -1.54356337 0.875194848 -0.788662672 -1.27994776 1.07832778 -0.764222682 -1.25022197 1.08028984 -0.844630182 -1.39806938 0.993391573 -0.872897863 -1.44852567 0.953401685 -0.763380289 -1.25241637 1.07802331 -0.767166555 -1.25201797 1.08032799 -0.844715536 -1.39192367 0.993410349 -0.811033368 -1.32083917 1.04807734 -0.766095698 -1.25398374 1.08235896 -0.762309432 -1.25438213 1.08005428 -0.78869617 -1.28647232 1.07799482 -0.811053872 -1.3272016 1.04791188 -0.872621059 -1.44218946 0.953419566 -0.932892919 -1.5494709 0.87575841 -0.925091803 -0.0215405002 0.6060009 -0.924078465 -0.0215418972 0.581349969 -0.917489946 -0.0123381671 0.823949933 -0.910701096 -0.008517012 0.887811124 -0.910762548 -0.0155593585 0.887659848 -0.91751039 -0.0193613227 0.824069619 -0.924042284 -0.0145298 0.580732167 -0.925028205 -0.0145309353 0.604893386 -0.903915048 -0.00469505135 0.951682746 -0.922130406 -0.0215434749 0.556014538 -0.904016376 -0.0117581701 0.951244652 -0.922139287 -0.0145283667 0.555933714 -0.925779939 -0.0215383619 0.66803503 -0.92299068 -0.0215394888 0.624646723 -0.92299068 -0.0145314746 0.623144507 -0.925825298 -0.0145325819 0.666721225 -0.884264767 0.0013495069 1.01280999 -0.854015529 0.00850837491 1.06081462 -0.920771301 -0.0204507969 0.770791769 -0.924031734 -0.0215371158 0.711423397 -0.854054689 0.00143822271 1.06052613 -0.884228289 -0.00571253896 1.01245761 -0.924122512 -0.0145335412 0.710297883 -0.920808375 -0.0134332478 0.770408928 -0.90917474 -0.00469156587 0.963353157 -0.909276187 -0.0117617473 0.962914646 -0.833047092 0.0069150487 1.10034204 -0.826787889 0.0069150487 1.10034204 -0.826851428 0.0139830848 1.1006304 -0.921640217 -0.0145261595 0.535238743 -0.921640217 -0.0215454679 0.53483808 -0.930142164 1.13711417 0.874076188 -0.905053258 1.16789973 0.939900279 -0.836219072 1.22576368 1.10322678 -0.865291476 1.21530807 1.05437005 -0.874234259 1.19189847 1.00736105 -0.905127227 1.16084993 0.939861715 -0.878397882 1.2052573 1.0188123 -0.864877105 1.22240889 1.05449092 -0.873752356 1.19911015 1.00766385 -0.929886818 1.12982118 0.873274863 -0.930142164 1.13037694 0.871962368 -0.931980312 1.13245809 0.870810509 -0.835928679 1.23285997 1.10335708 -0.878881812 1.19807684 1.01856315 -0.823183477 1.20638263 1.13664627 -0.650200129 1.08234727 1.4641614 -0.670284986 1.1499604 1.4183743 -0.557895064 1.06760311 1.53730536 -0.557856798 1.06900144 1.53524446 -0.599526763 1.06703544 1.51884723 -0.599434078 1.07356572 1.51825237 -0.557777345 1.07550097 1.53471375 -0.635139644 1.0755657 1.48830104 -0.635539591 1.06895149 1.48866248 -0.649915934 1.08921444 1.46370137 -0.669510245 1.15602314 1.41861129 -0.685069919 1.20847285 1.38750803 -0.755288422 1.64993382 1.14532089 -0.00148070231 -2.55726647 0.637381315 0.840940833 1.78920496 0.914852202 0.0526283346 1.37969124 1.52827752 0.0526283346 1.53209198 1.5038029 0.493612021 1.4797225 1.49135423 0.45729205 1.49164653 1.49477077 0.478481591 1.30054128 1.51840878 0.485147625 1.29424584 1.51858175 0.750480652 1.65161347 1.14704728 0.933138967 -2.10151935 0.732534468 -0.00148070231 1.07098055 1.54996669 -0.00148070231 1.3536371 1.5320766 0.0434519723 1.37062919 1.52990532 -0.00148070231 1.53175342 1.50383365 -0.00148070231 1.37062919 1.53075039 0.93035835 -1.54544258 0.873755991 0.931366146 -1.5474112 0.873543262 0.749794364 1.6518774 1.14720368 0.750297785 1.65181804 1.14733517 0.749747574 1.65196371 1.14730215 0.749279916 1.65365934 1.14828527 0.749682307 1.65352678 1.1484313 -0.84390223 1.78920496 0.914852202 -0.557007492 1.07497835 1.53490233 -0.556704164 1.07485247 1.5347805 -0.5550071 1.07226396 1.53515565 -0.0555897392 1.37969124 1.52827752 -0.0555897392 1.53209198 1.5038029 -0.496573418 1.4797225 1.49135423 -0.460253447 1.49164653 1.49477077 -0.481442988 1.30054128 1.51840878 -0.488109022 1.29424584 1.51858175 -0.753442049 1.65161347 1.14704728 -0.936100364 -2.10151935 0.732534468 -0.554944932 1.07098055 1.53721333 -0.0464133769 1.37062919 1.52990532 -0.933319747 -1.54544258 0.873755991 -0.934327543 -1.5474112 0.873543262 -0.752755761 1.6518774 1.14720368 -0.753259182 1.65181804 1.14733517 -0.752708972 1.65196371 1.14730215 -0.752241313 1.65365934 1.14828527 -0.752643704 1.65352678 1.1484313 </float_array>
          <technique_common>
            <accessor count="1756" offset="0" source="#meshesP1R-1-positions-array" stride="3">
              <param name="X" type="float" />
              <param name="Y" type="float" />
              <param name="Z" type="float" />
            </accessor>
          </technique_common>
        </source>
        <source id="meshesP1R-1-tex0" name="meshesP1R-1-tex0">
          <float_array id="meshesP1R-1-tex0-array" count="3512"> 0.915873408 0.123945296 0.888605714 0.0946536064 0.930584669 0.122949123 0.997215867 0.0871396065 0.994755864 0.0845988989 0.991287351 0.0752777457 0.901590407 0.123116493 0.95935297 0.31456238 0.96489656 0.291854858 0.960520089 0.300395072 0.898790658 0.368285835 0.898637295 0.369307876 0.898318291 0.369199038 0.973096251 0.0678676963 0.984705091 0.0743013024 0.963779986 0.122491181 0.94689858 0.106022835 0.961006343 0.0985742807 0.990616202 0.0801935196 0.891084492 0.579026699 0.890909553 0.57744348 0.879381299 0.61311096 0.890850663 0.581707537 0.891244054 0.580568671 0.890259624 0.576096773 0.938339591 0.377426744 0.942693055 0.348109543 0.937922001 0.376753867 0.814884543 0.904974937 0.83051765 0.874517798 0.825012088 0.896308601 0.788655519 0.941917777 0.813647687 0.923656464 0.811208725 0.923521399 0.792319059 0.860196829 0.79186511 0.861661196 0.791843355 0.860641479 0.875352919 0.638766944 0.877496898 0.640960038 0.621012926 0.916684508 0.625340283 0.915917873 0.625285089 0.918157816 0.629303932 0.914795399 0.625524223 0.914413989 0.639528394 0.907171965 0.637907624 0.908511758 0.637448072 0.906904697 0.635857165 0.909769773 0.447420001 0.917143703 0.446453273 0.916175067 0.448048443 0.916887403 0.449770927 0.918356657 0.453104764 0.91893822 0.445766449 0.914221883 0.445866913 0.915216982 0.443268001 0.915141881 0.985939384 0.13079232 0.98510015 0.127241135 0.988266587 0.130124569 0.891779423 0.361744642 0.898761928 0.371930838 0.892854333 0.376173437 0.448309958 0.91332221 0.444019675 0.933812439 0.987187386 0.125043094 0.98268187 0.123398781 0.729998529 0.884137869 0.730707645 0.883054316 0.730463266 0.884029984 0.746176839 0.978442311 0.748257101 0.977060676 0.746370554 0.977879763 0.277289718 0.0917335749 0.262518466 0.0892502069 0.315271854 0.065733254 0.193146557 0.0465803146 0.19992286 0.0353593826 0.196694195 0.0443426967 0.292031407 0.0923688412 0.144167483 0.273442447 0.145334601 0.259275079 0.148532927 0.25067544 0.190137744 0.332539618 0.19028157 0.333483934 0.18982926 0.333553791 0.225511521 0.0301576853 0.211226791 0.0352851152 0.224242568 0.0851870775 0.236277819 0.0620172024 0.247869432 0.0707620382 0.202761173 0.0404521823 0.0785483718 0.53804034 0.0738272071 0.572476804 0.078723371 0.536474824 0.0787822604 0.540744781 0.07838884 0.539566278 0.0793732703 0.535193682 0.139862448 0.33714956 0.140222222 0.336515963 0.14858824 0.308052897 0.0202807486 0.864893138 0.01244995 0.85532093 0.0187493265 0.833570242 0.0185076892 0.903069615 0 0.882602036 0.00148662925 0.882689118 0.0740801096 0.823967099 0.0744437873 0.824454069 0.0738637149 0.825443387 0.0646452904 0.597872853 0.0628177822 0.599865615 0.234281152 0.897176862 0.229336083 0.898185134 0.230380535 0.89599514 0.227000952 0.894502282 0.23021239 0.894473493 0.219985276 0.886009157 0.221944779 0.885945737 0.220920831 0.887477875 0.222334921 0.888910651 0.404117882 0.91495949 0.403023362 0.914616227 0.405520856 0.914110303 0.401246995 0.915908933 0.397714615 0.916144192 0.407113671 0.912272096 0.409125805 0.913419724 0.406546414 0.913233519 0.198505461 0.0910722017 0.196003348 0.0901608467 0.200562626 0.0876671076 0.201479137 0.326924205 0.193904638 0.340916693 0.189214617 0.33613956 0.401219577 0.910946846 0.397156924 0.931448579 0.198779732 0.0852738619 0.20445472 0.0841430426 0.136448503 0.854197741 0.135947198 0.8540411 0.136206031 0.853066206 0.0604242086 0.943851233 0.0604006052 0.943277836 0.0590212047 0.942293882 0.682526052 0.869840026 0.682849288 0.869947791 0.676406503 0.891308665 0.659230709 0.893959165 0.755251169 0.66816026 0.759630799 0.652300417 0.778017461 0.649494052 0.774307013 0.665217757 0.778184891 0.592244923 0.784805477 0.57225883 0.801316023 0.571344614 0.795285344 0.590695143 0.793007195 0.551456034 0.800940275 0.531327665 0.813944101 0.536529899 0.807385325 0.55338484 0.740151823 0.722138345 0.750871539 0.68376714 0.769803643 0.680907726 0.759207726 0.719237983 0.717464685 0.803891897 0.719391108 0.79576087 0.738355577 0.793328285 0.736474931 0.801266313 0.771344185 0.612449169 0.789570928 0.610105395 0.740574896 0.652659416 0.752288222 0.612808228 0.698408842 0.804250956 0.700335264 0.796119928 0.721095979 0.722497404 0.731815577 0.684126198 0.77792567 0.550158918 0.787245035 0.529716551 0.760423064 0.591932893 0.768337607 0.571275651 0.736195266 0.668519378 0.813341677 0.504661083 0.804456472 0.498883426 0.819738507 0.47152853 0.827567816 0.47584939 0.824136615 0.51080066 0.836512327 0.484447062 0.839044571 0.437671065 0.846945703 0.440760136 0.868054092 0.402195573 0.861442745 0.398321211 0.88645494 0.356931865 0.694242597 0.821869135 0.69648242 0.812382102 0.715538263 0.812023044 0.71329844 0.821510077 0.734594226 0.8092044 0.732069254 0.818677068 0.74064368 0.811495245 0.738096774 0.820665121 0.752652049 0.820507705 0.749186218 0.829805255 0.769379854 0.85393846 0.774428248 0.841146231 0.779830098 0.846846819 0.774318099 0.860568047 0.798463821 0.86146909 0.793233991 0.860243022 0.800291181 0.83409512 0.806925416 0.833239436 0.786408782 0.897757053 0.795657814 0.896196663 0.777752936 0.927298665 0.771403849 0.925009608 0.818441033 0.847818971 0.827736855 0.820158005 0.825514078 0.81878829 0.816698551 0.845270514 0.906038165 0.343385816 0.903621376 0.353509188 0.894670665 0.353044271 0.912344694 0.316331267 0.900390685 0.328686297 0.904825091 0.304750681 0.914809465 0.295185745 0.910482287 0.256571531 0.84174192 0.315746069 0.848556101 0.256699145 0.917125165 0.219921231 0.912976861 0.221832752 0.912919521 0.196027815 0.915816605 0.194467425 0.913512409 0.169796348 0.910792708 0.17104423 0.905964017 0.145828724 0.908506393 0.144892097 0.949141741 0.146796227 0.929578424 0.146733344 0.916998982 0.236008644 0.911729574 0.239202142 0.915729225 0.104878426 0.941634059 0.120393872 0.806866646 0.300700128 0.808892131 0.250352383 0.899457812 0.12344265 0.849899411 0.16263473 0.845482051 0.135674715 0.851685822 0.216850758 0.851260066 0.189604104 0.891285598 0.100667596 0.835886657 0.0894476175 0.836097598 0.0833448172 0.850120962 0.236774921 0.799531639 0.156444669 0.795030236 0.129787326 0.77399075 0.292224765 0.729858279 0.283934832 0.742124796 0.242368996 0.77624619 0.246448874 0.806995153 0.211389124 0.802868783 0.183480501 0.84088707 0.112284899 0.807943583 0.230870783 0.787899494 0.0826400518 0.788110495 0.0765372515 0.790861726 0.106070936 0.764853776 0.126733124 0.768656015 0.153355002 0.736384809 0.150125802 0.733313501 0.123540699 0.775333762 0.22733438 0.741250038 0.223638177 0.771793365 0.18036902 0.774421334 0.208219826 0.74037528 0.204907358 0.739313424 0.17711699 0.758233726 0.0734980106 0.75822258 0.0796109438 0.727204263 0.0764448643 0.727006614 0.0703214407 0.643198192 0.272380114 0.564197242 0.267273128 0.572896898 0.227315426 0.657605648 0.234430671 0.868616462 0.332315445 0.661208272 0.14416647 0.661209404 0.170710742 0.586169839 0.16445899 0.591547728 0.138485432 0.661016583 0.11803329 0.596687198 0.112927675 0.659044743 0.216256857 0.576744676 0.209287047 0.76123476 0.103044331 0.730268717 0.0998809338 0.659001172 0.0655895472 0.658397913 0.0716321468 0.605220258 0.0676076412 0.606215835 0.0616252422 0.660483837 0.198082924 0.580592453 0.19125855 0.659865558 0.0947327018 0.601107359 0.090171814 0.91687274 0.252096057 0.93788141 0.244624197 0.932529628 0.28203541 0.908299387 0.333913565 0.896579921 0.344982147 0.886054337 0.353627682 0.884481549 0.350737214 0.93034631 0.29772222 0.926646113 0.313075662 0.908608496 0.33259356 0.901678622 0.369461238 0.919754803 0.361847103 0.913211942 0.39095974 0.896469533 0.398486257 0.936323762 0.319409132 0.955441952 0.305847943 0.949261308 0.326373339 0.93356514 0.336705565 0.931218565 0.356115401 0.924675405 0.384987772 0.947649002 0.283520877 0.941397667 0.299152136 0.608159244 0.0499475002 0.661094189 0.0532624722 0.727213502 0.0585561991 0.759328067 0.0617774725 0.838041067 0.0716671348 0.881031036 0.0806822777 0.787420511 0.0650082827 0.9593606 0.240350962 0.952840328 0.268781424 0.939385295 0.216943264 0.938633382 0.230783701 0.923995793 0.329488873 0.926393628 0.314338207 0.940977633 0.300445557 0.971857309 0.150552332 0.978960156 0.153736651 0.982612014 0.160206914 0.979559183 0.163012505 0.993781745 0.171250343 0.990285277 0.192330003 0.981041431 0.235687077 0.976337194 0.256721377 0.963017941 0.21366787 0.96118927 0.227009416 0.98651576 0.210226297 0.983778536 0.222956657 0.97191298 0.272759974 0.974430442 0.265720367 0.972174287 0.272304535 0.938362598 0.194077849 0.962112904 0.193049312 0.935338557 0.169833779 0.958974659 0.168468356 0.944738269 0.0744481087 0.973134577 0.0939593315 0.928210139 0.0762828588 0.976094961 0.0736373663 0.986997843 0.0831639767 0.980798423 0.0886297822 0.961329818 0.0738656521 0.921751976 0.343666613 0.972416282 0.27162081 0.896902323 0.343611538 0.953932047 0.339326084 0.946530819 0.369640946 0.941555381 0.373547852 0.953876972 0.329908848 0.945386827 0.365149975 0.953775644 0.320318878 0.944045424 0.36115098 0.953530788 0.308914959 0.9391644 0.358222365 0.811680436 0.854821086 0.820552468 0.827123165 0.829659462 0.798691511 0.836546302 0.793402791 0.807548106 0.807207167 0.815607369 0.804274559 0.864275932 0.664885402 0.84984374 0.66935277 0.860512257 0.627309263 0.875062943 0.623189628 0.759277821 0.95482254 0.779923439 0.927174628 0.761030555 0.957227111 0.799917221 0.893707275 0.752864778 0.939588189 0.768058181 0.920346439 0.755562663 0.948217511 0.78113848 0.894871593 0.752286673 0.935978174 0.766924918 0.916707993 0.779306531 0.891814113 0.74631834 0.904962718 0.756636143 0.886833787 0.760429144 0.895853639 0.748973131 0.915286362 0.7643314 0.86673069 0.76880604 0.874289155 0.75374788 0.834732294 0.757515907 0.824698925 0.764748096 0.830930829 0.760530472 0.84205842 0.737308621 0.874796987 0.744288445 0.860535622 0.749838948 0.870670378 0.741561055 0.886462688 0.72685945 0.857078969 0.731787622 0.843977809 0.740555525 0.853719473 0.734448671 0.866951227 0.736111224 0.829929233 0.745720506 0.839102745 0.721571863 0.856607258 0.725578785 0.843027413 0.729544401 0.828149736 0.704426527 0.858827591 0.707492948 0.845944762 0.711058617 0.830997109 0.685283244 0.859817326 0.688484907 0.846256495 0.692002714 0.831356168 0.873470187 0.660103261 0.884976149 0.618512392 0.839462876 0.672770679 0.849408031 0.630878448 0.890640974 0.594940186 0.879393458 0.600846887 0.884087265 0.580881298 0.896094978 0.574518144 0.890263081 0.596432149 0.887961328 0.595085502 0.882674217 0.61716646 0.865500093 0.608188152 0.879076302 0.602331102 0.87010932 0.586806178 0.876365662 0.559160769 0.888782263 0.553915143 0.907480359 0.523444355 0.901949525 0.547681689 0.893986702 0.529343903 0.857613266 0.591025412 0.863272905 0.56378746 0.88264513 0.534897506 0.868051052 0.540679753 0.943160474 0.34697032 0.954152286 0.338372886 0.931393743 0.355102539 0.930633903 0.412162364 0.916969657 0.419242084 0.905506253 0.425253391 0.890085459 0.432561278 0.900589228 0.497713983 0.914306283 0.490637422 0.889072955 0.504069149 0.874381006 0.509619653 0.742433548 0.964272141 0.745354056 0.974281609 0.722770035 0.979197323 0.719664693 0.969147921 0.747459292 0.972883463 0.654110134 0.978436232 0.657215536 0.988485575 0.603276014 0.993048847 0.59858191 0.983089924 0.657848954 0.992719114 0.604551494 0.997260213 0.651533723 0.966445565 0.594206095 0.971179664 0.54548043 0.995759726 0.544335723 0.985649824 0.545323431 1 0.543667674 0.973443091 0.484470546 0.995013654 0.485595763 0.985101223 0.483243853 0.999837697 0.487799883 0.973323464 0.434919953 0.984185576 0.432463139 0.994230151 0.396396101 0.992964447 0.399850458 0.982970178 0.430956066 0.999515891 0.394675434 0.998591363 0.438105822 0.972231746 0.403757989 0.971052766 0.687215686 0.961866856 0.689101458 0.973966479 0.69220686 0.984015882 0.692840278 0.988249421 0.723403454 0.983430862 0.717088223 0.957157135 0.984720111 0.145516455 0.996181846 0.156750798 0.661094189 0.041944325 0.616131485 0.0391286612 0.61923337 0.0197066069 0.665268302 0.0228008032 0.727213502 0.0472380519 0.733074546 0.028614521 0.859569371 0.0437842607 0.803022146 0.031740129 0.8203578 0.0286451578 0.880306005 0.0426983833 0.745834529 0.0185006857 0.672190905 0.0128818154 0.677743077 0.00796091557 0.765839458 0.0157116055 0.610843956 0.00910806656 0.610921085 0.00405371189 0.906352043 0.043779254 0.959450841 0.0652584434 0.937844098 0.0622697473 0.804545522 0.0214517117 0.841577709 0.026943624 0.78474319 0.0236569643 0.764143109 0.032546699 0.739993215 0.0232839584 0.773198843 0.0276557207 0.84620446 0.0463830829 0.793851972 0.0363790989 0.667594969 0.017870307 0.894195378 0.0592819452 0.882374465 0.0705696344 0.836573124 0.0604972839 0.610766768 0.0141869783 0.915245831 0.0856509209 0.915123403 0.0602275133 0.759328067 0.0504593849 0.787420511 0.0536901951 0.99365598 0.1022771 0.991882682 0.113419592 0.995356739 0.0911692381 0.999423742 0.122806311 1 0.109469533 0.999630094 0.0949733853 0.953752518 0.30794096 0.954792321 0.301698744 0.954019666 0.295449555 0.953237534 0.300136924 0.95399034 0.319337845 0.956965685 0.30446291 0.954098761 0.328956485 0.94233036 0.37432301 0.941119671 0.374997973 0.939207196 0.381194711 0.939253092 0.390203118 0.919353008 0.470005393 0.921856821 0.466381073 0.914501965 0.495022655 0.912436247 0.498208284 0.936313033 0.371008754 0.939253092 0.398635864 0.935713112 0.403297842 0.921856821 0.46038413 0.914501905 0.490055501 0.921841502 0.454188704 0.914499581 0.485049486 0.919158936 0.447326303 0.911906481 0.479592085 0.909190178 0.515861452 0.907204509 0.518497169 0.909190178 0.507398486 0.909190178 0.511431813 0.906613469 0.503161192 0.903129935 0.536894798 0.901813626 0.539371073 0.902561069 0.533602476 0.901222587 0.527094424 0.901669562 0.530102611 0.896400928 0.551770627 0.896182418 0.549579263 0.897580504 0.553055346 0.898023844 0.555675685 0.896773696 0.558871329 0.897665381 0.556993127 0.896513581 0.548099458 0.896728039 0.550342202 0.897233844 0.554425538 0.897104323 0.557594359 0.871181965 0.658721924 0.79761529 0.892763674 0.777621567 0.926231027 0.758728683 0.95628351 0.893793046 0.573172212 0.888338804 0.593595028 0.930231035 0.410912275 0.837294221 0.80588913 0.831683397 0.832480669 0.922470093 0.451399922 0.921434224 0.450117886 0.905282259 0.522103727 0.899647653 0.546335757 0.834301829 0.792077601 0.900497794 0.553798199 0.896081686 0.573168874 0.894603133 0.578934312 0.898673415 0.55916214 0.874589205 0.651390791 0.885153532 0.611001015 0.887632847 0.604835629 0.877996564 0.644059658 0.892836332 0.587042153 0.892836332 0.592276633 0.89726913 0.568079948 0.898014307 0.563525677 0.907979131 0.522884548 0.903060794 0.543952763 0.902322173 0.548434258 0.906768024 0.527171731 0.913113117 0.502152264 0.911804259 0.505995989 0.897559762 0.566762209 0.905498743 0.53151685 0.904229403 0.535862029 0.910108209 0.509822011 0.908412218 0.513647974 0.842962563 0.778892994 0.851171494 0.764325738 0.845771074 0.795071602 0.891111493 0.587721884 0.89426285 0.580359578 0.901938558 0.541098893 0.896233261 0.566167176 0.925404429 0.44344461 0.924135089 0.445533991 0.932654381 0.408627272 0.933692575 0.407478809 0.906805634 0.518061221 0.928096294 0.439053535 0.92667377 0.441355228 0.934730649 0.406330407 0.936214745 0.404864192 0.939828396 0.375871181 0.940474033 0.375434577 0.914126635 0.485882163 0.915615916 0.482440829 0.938875198 0.376312554 0.931442738 0.409769773 0.883943796 0.620545149 0.883943796 0.627144575 0.89023459 0.599419296 0.895766795 0.574566543 0.869804978 0.682361484 0.870647132 0.670623064 0.863998771 0.699411571 0.86273551 0.713494599 0.861162186 0.704593003 0.858888566 0.703173816 0.838431597 0.71432668 0.828824639 0.717582822 0.852737069 0.709487438 0.88097018 0.636930048 0.864448905 0.710921943 0.868731618 0.695103645 0.861125469 0.72908318 0.856188178 0.747917891 0.816147447 0.846768737 0.831318498 0.833926976 0.82464838 0.856524765 0.807170808 0.869091213 0.860113144 0.724236965 0.891470611 0.586265028 0.898324966 0.562228322 0.859397054 0.719351292 0.857356071 0.737798333 0.854056716 0.762065411 0.927533031 0.436651647 0.863045514 0.68645215 0.860322714 0.704482615 0.868409634 0.665691435 0.817376196 0.880999804 0.802062094 0.911425233 0.786208868 0.93807888 0.86404705 0.693891525 0.869054854 0.684148312 0.912637413 0.489323497 0.798163712 0.931701779 0.742742956 0.977092266 0.768112183 0.96137917 0.701817334 0.868693709 0.696164429 0.888524175 0.717896938 0.866666257 0.723924994 0.867214203 0.717515111 0.884013891 0.710830867 0.885225892 0.702178299 0.867376149 0.718401134 0.865312457 0.729539931 0.876907825 0.723376632 0.889019608 0.749979734 0.844765782 0.756312907 0.853185892 0.739351094 0.916712701 0.740465522 0.928962111 0.73986119 0.952168703 0.80911994 0.870972395 0.792326093 0.879980683 0.803551614 0.875875711 0.787086368 0.877927423 0.785189629 0.875348628 0.843983114 0.819655776 0.844068646 0.819636881 0.850007117 0.787620246 0.77629602 0.955616832 0.820834279 0.911631644 0.816096544 0.920318842 0.784413934 0.946180522 0.758706033 0.971509993 0.727142751 0.976440191 0.753618836 0.950658083 0.708226442 0.957181692 0.698324442 0.979901671 0.837944031 0.848953545 0.817890525 0.849305034 0.798001945 0.862929821 0.811164141 0.856279016 0.843750834 0.821239471 0.73173368 0.884613752 0.724748611 0.893635988 0.701924086 0.904741049 0.709408045 0.900652528 0.703145981 0.918950379 0.692325234 0.928980052 0.688619554 0.909875572 0.677018285 0.93737179 0.669631362 0.913901806 0.660458565 0.942743957 0.458857477 0.859239697 0.453593165 0.880437732 0.448477179 0.898176372 0.498612881 0.920464635 0.498612881 0.919200599 0.491002798 0.950778246 0.545151234 0.920934439 0.537566304 0.951230645 0.710715652 0.759525537 0.729771495 0.759166539 0.748827338 0.756307006 0.846595168 0.747625709 0.853504777 0.7363922 0.876874387 0.651228368 0.876337707 0.661124051 0.872709513 0.673925996 0.827019513 0.75930059 0.841198266 0.754089475 0.848854244 0.749082804 0.818186402 0.762395024 0.597254276 0.919353485 0.590351403 0.950419188 0.724389195 0.865814865 0.730186999 0.875614285 0.716382921 0.898312688 0.656033039 0.889655828 0.682394803 0.869793057 0.713964045 0.906025529 0.732467771 0.883491993 0.764441609 0.847308993 0.75985682 0.859172225 0.735165536 0.897209883 0.743456125 0.893832207 0.737468839 0.904530227 0.752843142 0.877814054 0.769026339 0.835445762 0.640468955 0.909873366 0.953630924 0.292306125 0.95068121 0.296108186 0.659466684 0.962216258 0.659335136 0.984294832 0.580649257 0.86470747 0.651215553 0.867875457 0.635406852 0.888615429 0.56903708 0.885620475 0.514240503 0.861726046 0.508976221 0.882924139 0.611469746 0.905493796 0.625265837 0.897725165 0.635906458 0.90177691 0.628121376 0.90623033 0.56270957 0.894897223 0.506381094 0.892368436 0.450998098 0.889882088 0.503860176 0.90066278 0.556288242 0.903028488 0.597293019 0.911681771 0.615945399 0.911010623 0.545151234 0.919670343 0.597254276 0.917858124 0.61835444 0.93304956 0.636130393 0.912264585 0.638519228 0.91114974 0.448414087 0.908522129 0.604551494 0.996531069 0.545323431 0.999270797 0.692840278 0.987520218 0.657848954 0.99198997 0.483243853 0.999108553 0.430956066 0.998786807 0.394675434 0.99786222 0.723403454 0.982701659 0.95300734 0.301138997 0.950212121 0.297166884 0.915016174 0.0957481265 0.947782636 0.116104543 0.774056256 0.883051634 0.779753804 0.867958307 0.740798473 0.938712358 0.750629902 0.925632238 0.741131425 0.948462784 0.763677001 0.906280816 0.785451412 0.852864981 0.791072726 0.858883142 0.880230367 0.406612039 0.859202266 0.445186853 0.901831985 0.368439198 0.919925869 0.360816419 0.865850806 0.606710613 0.85335362 0.612905383 0.792779982 0.86170733 0.744614244 0.962913632 0.49347797 0.935744286 0.539552748 0.936487615 0.589639008 0.935204685 0.546375871 0.912050486 0.499161065 0.910890818 0.922784686 0.447825909 0.919977844 0.473242879 0.917116404 0.47941041 0.918616891 0.47638011 0.927735984 0.409167528 0.930524349 0.417691708 0.930554986 0.425293624 0.930554986 0.432508469 0.897289634 0.4646613 0.882233262 0.471090436 0.908779442 0.458478034 0.949966073 0.300985575 0.947170734 0.297013521 0.950835705 0.329755485 0.950734377 0.320165455 0.916713536 0.36169368 0.950196207 0.299983501 0.95071125 0.307787538 0.940119207 0.346816897 0.928352475 0.354949117 0.901359618 0.36935246 0.950489461 0.308761537 0.928177238 0.355962038 0.939651728 0.347956121 0.951057434 0.328803122 0.951110959 0.338219523 0.950890779 0.339172661 0.947639883 0.295954764 0.947280169 0.296197295 0.947187543 0.29692781 0.916884542 0.360662997 0.950948954 0.319184422 0.95022893 0.297081232 0.970274687 0.272351921 0.970536113 0.271896541 0.882843316 0.35032922 0.894941688 0.344574094 0.939759374 0.298744023 0.925007939 0.312667608 0.884216428 0.350030422 0.882578135 0.349622369 0.906661153 0.333505511 0.924755335 0.313930154 0.883840501 0.34981823 0.895264149 0.343203485 0.882202208 0.349410176 0.906970263 0.332185507 0.93933934 0.300037503 0.970778048 0.271212757 0.894841194 0.552917182 0.895284534 0.555537522 0.888372183 0.587583721 0.89152354 0.580221415 0.891863823 0.578796148 0.888731301 0.586126804 0.894926071 0.556854963 0.894494534 0.554287374 0.885222018 0.594947338 0.893988669 0.550204039 0.885599494 0.593456864 0.893661618 0.551632404 0.894364953 0.557456195 0.895585656 0.562090158 0.895274997 0.563387513 0.894034386 0.558733165 0.862760842 0.608049929 0.876336992 0.602192938 0.894820452 0.566624045 0.893342376 0.573030651 0.876654148 0.600708663 0.863111496 0.606572449 0.893027484 0.57442832 0.894529819 0.567941785 0.887523711 0.596293926 0.887901664 0.594802022 0.853659272 0.611426055 0.850919962 0.611287892 0.850614309 0.61276722 0.893443108 0.54944104 0.893774271 0.547961295 0.830403566 0.833880782 0.842835903 0.821193337 0.79754889 0.861422956 0.810765624 0.854774952 0.830768526 0.832434535 0.815783679 0.84522438 0.810249209 0.856232882 0.816975653 0.8492589 0.815232515 0.846722603 0.843153715 0.819590747 0.843068242 0.819609642 0.84386003 0.819936156 0.797087073 0.862883627 0.817526221 0.847772717 0.792758226 0.860687613 0.701100826 0.868759871 0.716632903 0.8668015 0.728504598 0.875444829 0.722904146 0.865979075 0.681752324 0.869246364 0.681718946 0.869293749 0.682339549 0.869821787 0.7224558 0.86733073 0.727879465 0.876694322 0.682466388 0.869867146 0.683202744 0.868629456 0.701449454 0.867487192 0.683120012 0.868697822 0.682778656 0.869971275 0.717119932 0.865493774 0.732214808 0.884502053 0.742119968 0.950943112 0.196270943 0.845312059 0.207627565 0.871179223 0.191843271 0.866866112 0.195896655 0.845384717 0.217770696 0.641048431 0.198714793 0.636183441 0.202256113 0.620451212 0.220642745 0.625112534 0.2290622 0.56454581 0.211345375 0.561239779 0.21362713 0.541700125 0.230902255 0.544318557 0.231219411 0.523118079 0.214958906 0.523501396 0.215093017 0.506322384 0.231267959 0.502591968 0.207868963 0.695288718 0.18881309 0.690465927 0.195966482 0.651961982 0.214898616 0.656731367 0.192328274 0.777402759 0.173226655 0.772854686 0.17510733 0.764916599 0.194254696 0.769271672 0.208528548 0.580796182 0.227001965 0.584991217 0.239698678 0.627394021 0.246057868 0.587272763 0.211384147 0.779684305 0.213310599 0.771553159 0.226924866 0.697570205 0.233954549 0.659012854 0.246936202 0.523374498 0.245660126 0.502397656 0.247110873 0.566040158 0.24794361 0.545025706 0.236826569 0.643329978 0.228876144 0.475179195 0.225267351 0.44546783 0.234852284 0.442025423 0.24003616 0.470412672 0.214602798 0.480054259 0.211981624 0.45294416 0.218603104 0.409065008 0.22782442 0.406839609 0.211283535 0.369066417 0.208895564 0.322754085 0.219602227 0.36594522 0.207217902 0.797302425 0.188162029 0.795020938 0.190401852 0.785533905 0.209457725 0.787815392 0.169391185 0.79029417 0.171345949 0.780792832 0.16152066 0.791581213 0.163342714 0.78237474 0.14366436 0.799261212 0.144535244 0.789832771 0.105845183 0.820468187 0.0960891247 0.82635653 0.0969874263 0.812402606 0.106766731 0.807467759 0.0659947395 0.824521542 0.0704073608 0.796087623 0.0780111849 0.797661543 0.0731652379 0.823920965 0.0613344014 0.86118257 0.0635636449 0.889304399 0.0540418923 0.890792847 0.0506774783 0.858618021 0.0486297011 0.808987737 0.0509551764 0.806644559 0.0542134643 0.779882014 0.0519259274 0.781024218 0.194320172 0.307485044 0.202527881 0.31813091 0.192107141 0.317618668 0.200300425 0.280413985 0.20723927 0.259494126 0.213905066 0.269899011 0.207737565 0.293747187 0.229281902 0.222210109 0.29001835 0.228525162 0.270925075 0.286952674 0.23752892 0.185640752 0.249437839 0.160853624 0.252482325 0.162713766 0.241700321 0.18797183 0.261942029 0.136929512 0.276842177 0.113029361 0.279531956 0.114229977 0.264809191 0.138459265 0.254899323 0.11270088 0.234375924 0.110741735 0.230757505 0.201392949 0.235491097 0.205091 0.251775712 0.085595727 0.284133136 0.0730191469 0.31175369 0.275725424 0.331744671 0.226283908 0.294421613 0.0929230452 0.343248665 0.110340834 0.32811451 0.136314631 0.315705806 0.162589431 0.303980768 0.18922317 0.371723711 0.0599206686 0.369906723 0.0659424663 0.310670853 0.0713800192 0.296999544 0.208874166 0.395222604 0.109620094 0.380162954 0.135290623 0.347795635 0.270726383 0.365454286 0.225727558 0.400687516 0.225146055 0.394754022 0.267031312 0.365777791 0.161432564 0.35019359 0.188346922 0.356765568 0.0878646374 0.340969115 0.207315445 0.421708643 0.0580550432 0.419891685 0.0640768409 0.408471465 0.0867822766 0.426096767 0.109645367 0.458366334 0.109671712 0.444736749 0.135414362 0.411736339 0.135351062 0.374459714 0.207113266 0.409463972 0.206902146 0.397550911 0.161491394 0.430760145 0.161552787 0.418240428 0.188658118 0.383465111 0.188499033 0.452283114 0.058065176 0.484239489 0.0580756664 0.482013911 0.0640768409 0.450266361 0.0640769005 0.484685361 0.264384329 0.486887008 0.22581923 0.237276405 0.3004691 0.520900249 0.137089014 0.509997249 0.163083196 0.531510532 0.11150068 0.493151695 0.207888842 0.470491558 0.086777091 0.438796222 0.0867797136 0.55283767 0.0602344275 0.551431417 0.066236496 0.499416411 0.189958334 0.541621864 0.0887682438 0.193672508 0.244765639 0.2051332 0.207662582 0.223986089 0.217145145 0.196390837 0.298003137 0.204252243 0.310059428 0.213545978 0.316893578 0.21073848 0.31956315 0.188691109 0.260311306 0.196682006 0.296682239 0.185330629 0.275681853 0.186787963 0.333400369 0.178981841 0.362294436 0.163483381 0.353141546 0.170026243 0.324028969 0.171047002 0.28080672 0.165842086 0.297979712 0.152013004 0.286158204 0.155258149 0.265484691 0.152758032 0.346050322 0.159301192 0.317178011 0.175339639 0.260510206 0.176309824 0.244612634 0.554930687 0.0479072928 0.455075622 0.0464302301 0.48791945 0.0464856029 0.327559292 0.0527638197 0.373667151 0.0482429862 0.426157266 0.046785295 0.177814871 0.229687214 0.184147298 0.201247215 0.210411429 0.194050431 0.215689659 0.180438221 0.180452168 0.291982651 0.175161868 0.261815906 0.18500334 0.276940644 0.20864597 0.11205405 0.195509732 0.123463094 0.192860126 0.120369911 0.199324191 0.114409924 0.171766788 0.151041985 0.175717264 0.129985154 0.162897199 0.194417834 0.157818615 0.2154333 0.188210905 0.188018441 0.192274481 0.174789667 0.165706933 0.18169117 0.168516666 0.168964446 0.15379104 0.231491864 0.155097276 0.224391222 0.153685808 0.231018007 0.201924473 0.154703498 0.226422459 0.158165812 0.215558529 0.130968571 0.239664912 0.13474226 0.259657085 0.039890945 0.277943164 0.0434818268 0.223382384 0.0561400056 0.222498685 0.0356241465 0.240409225 0.0375006199 0.214851886 0.0499935746 0.207544833 0.0438463688 0.176193208 0.306058764 0.153845102 0.23033011 0.204545379 0.308687329 0.137892246 0.298162997 0.136290789 0.33292836 0.130491018 0.328477859 0.129346967 0.323986888 0.137837172 0.288745821 0.128005594 0.319987893 0.137735873 0.279155791 0.128278077 0.317319274 0.137540311 0.267754376 0.0575556159 0.788635731 0.0537646115 0.816589952 0.05521667 0.753990591 0.0614471138 0.759940982 0.0749349594 0.766913176 0.0829942524 0.770658851 0.0874713957 0.625701487 0.0955809355 0.583870649 0.110131592 0.589458227 0.101769596 0.631618023 0.0593937933 0.91951865 0.0555789471 0.921642363 0.0506843626 0.890390038 0.0462076366 0.855688334 0.0768957436 0.905490637 0.0683280528 0.913551688 0.0706647933 0.885168195 0.0693196356 0.858965755 0.0797029138 0.90205133 0.0740569532 0.881758094 0.0731628537 0.856194496 0.105026841 0.872614384 0.0957927704 0.882338345 0.0934996605 0.862212062 0.103242546 0.853875041 0.0951907933 0.840310335 0.104923606 0.833468556 0.135486931 0.803545713 0.12332806 0.809916377 0.124291331 0.798624635 0.136394918 0.793368101 0.133221835 0.844325304 0.121574312 0.855188966 0.12070182 0.838935137 0.132925957 0.829696953 0.155391484 0.828252733 0.141055286 0.837019086 0.141147345 0.823483825 0.156750381 0.814971447 0.142793477 0.808689594 0.159118623 0.800824285 0.16196996 0.828379512 0.164366305 0.814718485 0.167436421 0.799795628 0.179258674 0.832336903 0.182356536 0.819455564 0.185922176 0.804507971 0.198258579 0.835250616 0.201460212 0.821689725 0.204978049 0.806789458 0.0784330964 0.619999588 0.0856676996 0.578193307 0.121235818 0.594147623 0.112150401 0.636083245 0.0905767679 0.554582953 0.0942219198 0.534069657 0.105548173 0.541609824 0.10125351 0.561595559 0.087969631 0.577079594 0.0925896764 0.554965019 0.0902876556 0.556079388 0.100904435 0.563078225 0.113805145 0.570270777 0.113003373 0.514782906 0.125032395 0.521261632 0.118819743 0.548909307 0.105665892 0.482998848 0.118767202 0.490239918 0.10039103 0.507249117 0.137662709 0.527185917 0.130990356 0.554372787 0.129642457 0.496914208 0.143314034 0.504122257 0.148590118 0.306890249 0.138129532 0.297210693 0.159587502 0.316170752 0.145052284 0.380304635 0.1321567 0.37188518 0.155777633 0.387435198 0.169954509 0.396236062 0.126318336 0.458657861 0.113475651 0.450241566 0.136990845 0.466132283 0.15096727 0.473128855 0.0737027228 0.930539727 0.0936773419 0.937571526 0.0837887526 0.946965575 0.0639980733 0.939912319 0.0625878274 0.938336909 0.153496146 0.953184009 0.205629557 0.963268399 0.19423002 0.972415566 0.143607557 0.962577999 0.190226674 0.976360679 0.140221477 0.966608763 0.163772076 0.941841602 0.21762687 0.952184081 0.257463932 0.971179307 0.249463469 0.980827928 0.246846557 0.984944105 0.265973687 0.959435523 0.315104306 0.976501226 0.309411615 0.986183286 0.307573974 0.990976453 0.32061258 0.964890122 0.36503309 0.980660319 0.36058113 0.990604222 0.358807206 0.995876551 0.369662285 0.968779325 0.130994827 0.933809638 0.121344119 0.945327401 0.11145556 0.954721332 0.108069479 0.958752096 0.0804026723 0.95099628 0.103953302 0.926229119 0.178117365 0.115485668 0.195160627 0.105689168 0.554930687 0.0365891457 0.555986226 0.0172883868 0.602129877 0.0188438892 0.600142777 0.0383221507 0.48791945 0.0351674557 0.487716556 0.0162380338 0.355969846 0.0183814764 0.333174199 0.0150997639 0.397862852 0.00733351707 0.416148782 0.0122252703 0.4751046 0.00484442711 0.454363465 0 0.543970287 0.00121307373 0.549368083 0.00668632984 0.304264009 0.0134084225 0.26842165 0.0285024047 0.242523879 0.0290948153 0.413924813 0.00174790621 0.434838325 0.00600701571 0.375234812 0.00342017412 0.455953538 0.0170009136 0.446837753 0.0111932158 0.48094818 0.0102171302 0.370562613 0.0223904848 0.425547868 0.0178009272 0.553809822 0.0121306777 0.318389833 0.0302369595 0.375258625 0.0372274518 0.326147318 0.0425121784 0.287617683 0.0539917946 0.294713199 0.0289324522 0.455075622 0.0351121426 0.426157266 0.0354671478 0.196430892 0.0732949972 0.196357518 0.0620594025 0.195747495 0.0508349538 0.184488058 0.0816989541 0.186950475 0.0684573054 0.189880699 0.0541276336 0.137775719 0.266781092 0.137868911 0.259007752 0.139254332 0.254350781 0.139606863 0.260578752 0.137978286 0.278176188 0.141780198 0.263342977 0.138072997 0.287794173 0.136976093 0.334435046 0.135640562 0.333631575 0.123213261 0.349040091 0.123167366 0.340031624 0.108320802 0.429094911 0.100527883 0.457253635 0.0984621048 0.453859627 0.10581699 0.425217986 0.12542671 0.330105662 0.123213261 0.357472777 0.126753271 0.362491906 0.0984621048 0.448892474 0.10581699 0.419221044 0.0984597206 0.443886399 0.105801672 0.413025677 0.101020187 0.438688993 0.108272642 0.406423151 0.0951361358 0.477534473 0.0931503773 0.474698424 0.0931503773 0.470268786 0.0931503773 0.466235459 0.0957271457 0.462258101 0.0897452831 0.498408318 0.0884289443 0.495799243 0.0889978111 0.492564321 0.0898893178 0.489154458 0.090336293 0.486191273 0.0850777924 0.510845482 0.0852961242 0.508676171 0.0841164589 0.514620185 0.0845600069 0.512044609 0.0847053528 0.517908573 0.0838136375 0.515940428 0.0854126513 0.509417474 0.0856272578 0.507196367 0.0842450261 0.513416409 0.0850359797 0.516631663 0.0807374716 0.618849993 0.0529862642 0.889678657 0.0485095382 0.854976952 0.0578808486 0.920930982 0.0928785205 0.553470075 0.0965238214 0.532956004 0.132559568 0.370675743 0.0388996601 0.792490721 0.0453730822 0.765942693 0.122816175 0.411063433 0.123852015 0.409885883 0.102692932 0.506135404 0.107863992 0.48187995 0.057528764 0.752895236 0.0908959508 0.512959838 0.0925552249 0.518499553 0.0873316228 0.538213551 0.085955888 0.532304108 0.0775686502 0.6111871 0.0743998289 0.603524208 0.0823832452 0.564216852 0.0851764381 0.570648253 0.0767965019 0.545879126 0.0834648609 0.522437811 0.0842101276 0.527067244 0.0767965019 0.551113605 0.0943614841 0.48184365 0.095572561 0.486253023 0.0892367065 0.507420182 0.0884981155 0.502864182 0.0998575389 0.461129606 0.101172954 0.465105772 0.0845802128 0.525753498 0.0968418717 0.490726233 0.0981112123 0.495199442 0.102870733 0.469102979 0.104568541 0.473100126 0.0388673544 0.754369378 0.0474805832 0.72378552 0.0519691408 0.738993287 0.0870092511 0.539639711 0.0898001194 0.547301769 0.100402057 0.500667393 0.0945394933 0.525727749 0.119858772 0.402810931 0.129063517 0.366891325 0.130136222 0.3681463 0.121151179 0.405029535 0.106175125 0.477675438 0.117058843 0.398142815 0.126379162 0.364014089 0.127990812 0.365636468 0.118566364 0.400592327 0.137656301 0.334938467 0.138336569 0.335441947 0.113655269 0.445504367 0.112166017 0.44191277 0.139279395 0.335978985 0.131347895 0.369410992 0.0692647099 0.586050153 0.0692647099 0.579450727 0.0795898736 0.558528423 0.0856086314 0.533700168 0.0551258922 0.641267061 0.0480564237 0.672400177 0.0493197441 0.658317149 0.0559680462 0.629528642 0.0706942976 0.66471988 0.0730012357 0.663531721 0.0928247273 0.676716447 0.102431685 0.68094182 0.0787966847 0.670448005 0.0718322992 0.596115172 0.0550267696 0.670092702 0.0466240048 0.707081497 0.046446383 0.687988758 0.0540525019 0.654009223 0.0508258343 0.808164001 0.049703896 0.830882668 0.034748584 0.816680312 0.0385994613 0.793940306 0.056453675 0.683698416 0.0901054144 0.545842171 0.0838151872 0.521142483 0.0447179377 0.678256869 0.0426769853 0.696703911 0.0393776 0.720970988 0.117537051 0.395793438 0.0456500947 0.66338855 0.0523372293 0.645558059 0.0577019155 0.624797344 0.0314922333 0.872555792 0.030531913 0.841309488 0.0349188149 0.900181949 0.0690355003 0.653789163 0.0654267669 0.643611312 0.115144521 0.449095964 0.0246508121 0.892683864 0.0640282035 0.942856312 0.042237252 0.924764276 0.173108637 0.86213994 0.177117646 0.842226505 0.160842776 0.838567078 0.159055948 0.857392967 0.15181151 0.855478406 0.153481483 0.838439584 0.177394569 0.840904772 0.160984576 0.837195039 0.14134109 0.847237587 0.142053694 0.859696209 0.122364849 0.821208 0.134578943 0.813723445 0.106665283 0.884798467 0.0978900492 0.896548986 0.0839751065 0.919084191 0.0473828316 0.832548499 0.0521708429 0.837974191 0.0636070967 0.84322232 0.0711738765 0.841814995 0.0748750865 0.839518607 0.0295275152 0.778572619 0.0293895006 0.778542459 0.0353280008 0.746525824 0.0353263319 0.918240547 0.00393548608 0.879351377 0.00691136718 0.870575368 0.0452618301 0.935522079 0.0217776299 0.907711267 0.0738258958 0.94348526 0.100347579 0.949738204 0.0919450521 0.92609489 0.0501525402 0.915173531 0.0232649446 0.807859063 0.048502773 0.810495257 0.0536109209 0.81806612 0.065787077 0.825995088 0.0290717185 0.780145049 0.13439405 0.854482532 0.137717694 0.864024639 0.158500761 0.877329409 0.156159967 0.901934505 0.149249285 0.891010463 0.151962638 0.872533619 0.170230955 0.883726776 0.167965412 0.911693931 0.187529564 0.889583409 0.182117522 0.918615282 0.414940417 0.878488004 0.420204699 0.85728997 0.409824401 0.896226645 0.352531552 0.913095951 0.352531552 0.911831856 0.344921499 0.943409562 0.299138665 0.939203739 0.306723595 0.908907533 0.220117718 0.734778643 0.201061845 0.732497096 0.182005972 0.727715135 0.0605022907 0.696391225 0.0652649701 0.708213449 0.061658591 0.620029628 0.0621953011 0.610133946 0.0634295344 0.633103967 0.0701218843 0.715194464 0.0838798285 0.721814811 0.0629554987 0.709440112 0.0927129388 0.725800335 0.247778594 0.933138967 0.256405622 0.902160227 0.153688073 0.837027311 0.141286135 0.845908642 0.144917756 0.86948657 0.19641453 0.845279038 0.212500542 0.867282987 0.143527359 0.877251267 0.134142995 0.853311062 0.114656419 0.826626778 0.115601242 0.814579844 0.123073637 0.866334438 0.116208404 0.87319231 0.114982575 0.862130404 0.112985462 0.84553802 0.116546065 0.802533031 0.218327701 0.888579488 0.140207469 0.255225897 0.139077008 0.251218021 0.136346191 0.957913995 0.137572169 0.935890615 0.298412919 0.850470781 0.299496531 0.872024179 0.23312673 0.868323445 0.227846652 0.846519709 0.35955739 0.875387073 0.364821672 0.854189038 0.246831805 0.887100577 0.230259269 0.886161208 0.225315124 0.881065667 0.238077581 0.878194451 0.356962323 0.884831309 0.300633848 0.881677508 0.41234532 0.887932301 0.354441375 0.893125653 0.302013308 0.890202284 0.25572443 0.894452214 0.237730801 0.891932547 0.306723595 0.907643497 0.256405622 0.900664926 0.226692647 0.913293242 0.221455395 0.891347349 0.219631016 0.890020013 0.403065681 0.906234741 0.246846557 0.984214902 0.190226674 0.975631475 0.140221477 0.96587956 0.108069479 0.958022952 0.307573974 0.990247309 0.358807206 0.995147347 0.0804026723 0.950267136 0.140230238 0.25630939 0.137642592 0.260009944 0.287668288 0.0641031861 0.246558666 0.0807330608 0.0841768384 0.848252475 0.0854820907 0.832937479 0.091448307 0.90595758 0.0850066245 0.915366232 0.0877478421 0.892194867 0.0837783515 0.871985078 0.0765872598 0.822842717 0.086787343 0.817622662 0.203454107 0.412109256 0.19605422 0.372100532 0.187096447 0.332386196 0.170318276 0.323004365 0.114121526 0.568791509 0.125435114 0.576187432 0.0729488134 0.825397253 0.0722032189 0.928995609 0.34796685 0.928404331 0.25396058 0.918272257 0.302523315 0.924531221 0.305543244 0.899902344 0.352318704 0.903483748 0.122501582 0.407457709 0.107738525 0.432271481 0.109141946 0.435548186 0.110653996 0.438730478 0.114484519 0.376528621 0.116849661 0.368264437 0.114515096 0.384130538 0.114515096 0.391345441 0.16046086 0.434682488 0.146384239 0.4267838 0.135685325 0.419481277 0.143271565 0.256462812 0.140683889 0.260163367 0.140777171 0.279309213 0.140878469 0.288899183 0.17306751 0.324182391 0.140817046 0.266934514 0.140910178 0.259161174 0.16262877 0.316324115 0.151631415 0.307043612 0.187240273 0.333330512 0.140581608 0.267907798 0.151629537 0.30820632 0.162342519 0.317331374 0.14117083 0.297364116 0.141114295 0.287947536 0.140933543 0.298316419 0.143249869 0.256375194 0.143371493 0.255646169 0.143248767 0.255379319 0.173359603 0.323157787 0.141019583 0.278329611 0.140208572 0.256221771 0.155361682 0.230777144 0.155466884 0.231251001 0.205928057 0.309818566 0.215221822 0.316652775 0.187006474 0.275440991 0.177015483 0.260269403 0.21569401 0.315983057 0.214018196 0.316223979 0.186679155 0.276699781 0.198066682 0.297762275 0.214579582 0.316058993 0.216255397 0.315818191 0.206221193 0.308446467 0.19835785 0.296441376 0.176837742 0.261574984 0.155520946 0.230089188 0.0868557692 0.514758348 0.0872993171 0.512182772 0.0897485614 0.539777935 0.0925394297 0.547439933 0.0928447247 0.545980334 0.0900709331 0.538351715 0.0869843364 0.513554573 0.0865529478 0.516078651 0.0953290164 0.555103183 0.0881519616 0.509555638 0.0956178308 0.553608239 0.0878171325 0.510983646 0.0865544975 0.521280646 0.08777529 0.516769826 0.087444663 0.518046796 0.0862041712 0.522575974 0.103643745 0.563216388 0.116544455 0.57040894 0.0886951983 0.532442272 0.0873195231 0.525891662 0.116860837 0.568929732 0.10399282 0.561733723 0.0869494379 0.527205408 0.0883479118 0.533838332 0.0930269659 0.556217551 0.093316108 0.554721117 0.125796378 0.574710846 0.128535688 0.574849069 0.128174424 0.576325595 0.0880354345 0.508814335 0.0883665681 0.50733453 0.0299865901 0.780191183 0.0395143628 0.79398644 0.0669096112 0.824567676 0.0546794534 0.816636145 0.0518700182 0.806690693 0.0398145616 0.792536914 0.0494176447 0.810541391 0.0545257926 0.818112254 0.051740706 0.808210135 0.0304423869 0.778618753 0.0303044319 0.778588653 0.0294017792 0.77885294 0.0667019486 0.826041162 0.0495445728 0.809033871 0.0735288858 0.824407935 0.155085623 0.837336898 0.143105924 0.845915914 0.196178079 0.844062746 0.196128845 0.844132781 0.177984923 0.841082335 0.177717417 0.842359126 0.195856988 0.845409751 0.161996692 0.838824272 0.162133664 0.837498963 0.154886007 0.838701129 0.143159002 0.847199559 0.133875102 0.854320288 0.0823185742 0.917661071 0.610691667 0.0191324949 0.774331331 0.957135975 0.448648393 0.920505643 0.44145897 0.949138522 0.636924088 0.946836412 0.620466292 0.948836744 0.638755083 0.912656665 0.641969442 0.91153276 0.741232634 0.951428235 0.998224318 0.143130183 0.439531088 0.858372092 0.426196903 0.914375544 0.445059896 0.918618679 0.417794347 0.947877944 0.42539531 0.917715788 0.97077477 0.271836162 0.971308708 0.271432877 0.740919888 0.951483667 0.741142988 0.951496482 0.740895331 0.951510668 0.740610659 0.951951206 0.74079299 0.951948285 0.0369670689 0.919941545 0.19621858 0.845339596 0.19635728 0.845307648 0.197222114 0.844854534 0.401287228 0.91811657 0.394097805 0.946749568 0.203573704 0.924977183 0.218906492 0.928581119 0.218648255 0.891465485 0.216027886 0.890047252 0.0830474198 0.918227792 0.180159807 0.101864994 0.197309852 0.84480989 0.405730724 0.916634798 0.155144125 0.230693758 0.154795915 0.230245948 0.0833353102 0.918313503 0.0831177831 0.918304086 0.0833517015 0.91834259 0.0834763646 0.918803751 0.083306551 0.918783128 </float_array>
          <technique_common>
            <accessor count="1756" offset="0" source="#meshesP1R-1-tex0-array" stride="2">
              <param name="S" type="float" />
              <param name="T" type="float" />
            </accessor>
          </technique_common>
        </source>
        <vertices id="meshesP1R-1-vertices">
          <input semantic="POSITION" source="#meshesP1R-1-positions" />
        </vertices>
        <polylist count="2978" material="defaultMaterial">
          <input offset="0" semantic="VERTEX" source="#meshesP1R-1-vertices" />
          <input offset="0" semantic="TEXCOORD" source="#meshesP1R-1-tex0" set="0" />
          <vcount>3 3 3 3 3 3 3 3 3 3 3 3 3 3 3 3 3 3 3 3 3 3 3 3 3 3 3 3 3 3 3 3 3 3 3 3 3 3 3 3 3 3 3 3 3 3 3 3 3 3 3 3 3 3 3 3 3 3 3 3 3 3 3 3 3 3 3 3 3 3 3 3 3 3 3 3 3 3 3 3 3 3 3 3 3 3 3 3 3 3 3 3 3 3 3 3 3 3 3 3 3 3 3 3 3 3 3 3 3 3 3 3 3 3 3 3 3 3 3 3 3 3 3 3 3 3 3 3 3 3 3 3 3 3 3 3 3 3 3 3 3 3 3 3 3 3 3 3 3 3 3 3 3 3 3 3 3 3 3 3 3 3 3 3 3 3 3 3 3 3 3 3 3 3 3 3 3 3 3 3 3 3 3 3 3 3 3 3 3 3 3 3 3 3 3 3 3 3 3 3 3 3 3 3 3 3 3 3 3 3 3 3 3 3 3 3 3 3 3 3 3 3 3 3 3 3 3 3 3 3 3 3 3 3 3 3 3 3 3 3 3 3 3 3 3 3 3 3 3 3 3 3 3 3 3 3 3 3 3 3 3 3 3 3 3 3 3 3 3 3 3 3 3 3 3 3 3 3 3 3 3 3 3 3 3 3 3 3 3 3 3 3 3 3 3 3 3 3 3 3 3 3 3 3 3 3 3 3 3 3 3 3 3 3 3 3 3 3 3 3 3 3 3 3 3 3 3 3 3 3 3 3 3 3 3 3 3 3 3 3 3 3 3 3 3 3 3 3 3 3 3 3 3 3 3 3 3 3 3 3 3 3 3 3 3 3 3 3 3 3 3 3 3 3 3 3 3 3 3 3 3 3 3 3 3 3 3 3 3 3 3 3 3 3 3 3 3 3 3 3 3 3 3 3 3 3 3 3 3 3 3 3 3 3 3 3 3 3 3 3 3 3 3 3 3 3 3 3 3 3 3 3 3 3 3 3 3 3 3 3 3 3 3 3 3 3 3 3 3 3 3 3 3 3 3 3 3 3 3 3 3 3 3 3 3 3 3 3 3 3 3 3 3 3 3 3 3 3 3 3 3 3 3 3 3 3 3 3 3 3 3 3 3 3 3 3 3 3 3 3 3 3 3 3 3 3 3 3 3 3 3 3 3 3 3 3 3 3 3 3 3 3 3 3 3 3 3 3 3 3 3 3 3 3 3 3 3 3 3 3 3 3 3 3 3 3 3 3 3 3 3 3 3 3 3 3 3 3 3 3 3 3 3 3 3 3 3 3 3 3 3 3 3 3 3 3 3 3 3 3 3 3 3 3 3 3 3 3 3 3 3 3 3 3 3 3 3 3 3 3 3 3 3 3 3 3 3 3 3 3 3 3 3 3 3 3 3 3 3 3 3 3 3 3 3 3 3 3 3 3 3 3 3 3 3 3 3 3 3 3 3 3 3 3 3 3 3 3 3 3 3 3 3 3 3 3 3 3 3 3 3 3 3 3 3 3 3 3 3 3 3 3 3 3 3 3 3 3 3 3 3 3 3 3 3 3 3 3 3 3 3 3 3 3 3 3 3 3 3 3 3 3 3 3 3 3 3 3 3 3 3 3 3 3 3 3 3 3 3 3 3 3 3 3 3 3 3 3 3 3 3 3 3 3 3 3 3 3 3 3 3 3 3 3 3 3 3 3 3 3 3 3 3 3 3 3 3 3 3 3 3 3 3 3 3 3 3 3 3 3 3 3 3 3 3 3 3 3 3 3 3 3 3 3 3 3 3 3 3 3 3 3 3 3 3 3 3 3 3 3 3 3 3 3 3 3 3 3 3 3 3 3 3 3 3 3 3 3 3 3 3 3 3 3 3 3 3 3 3 3 3 3 3 3 3 3 3 3 3 3 3 3 3 3 3 3 3 3 3 3 3 3 3 3 3 3 3 3 3 3 3 3 3 3 3 3 3 3 3 3 3 3 3 3 3 3 3 3 3 3 3 3 3 3 3 3 3 3 3 3 3 3 3 3 3 3 3 3 3 3 3 3 3 3 3 3 3 3 3 3 3 3 3 3 3 3 3 3 3 3 3 3 3 3 3 3 3 3 3 3 3 3 3 3 3 3 3 3 3 3 3 3 3 3 3 3 3 3 3 3 3 3 3 3 3 3 3 3 3 3 3 3 3 3 3 3 3 3 3 3 3 3 3 3 3 3 3 3 3 3 3 3 3 3 3 3 3 3 3 3 3 3 3 3 3 3 3 3 3 3 3 3 3 3 3 3 3 3 3 3 3 3 3 3 3 3 3 3 3 3 3 3 3 3 3 3 3 3 3 3 3 3 3 3 3 3 3 3 3 3 3 3 3 3 3 3 3 3 3 3 3 3 3 3 3 3 3 3 3 3 3 3 3 3 3 3 3 3 3 3 3 3 3 3 3 3 3 3 3 3 3 3 3 3 3 3 3 3 3 3 3 3 3 3 3 3 3 3 3 3 3 3 3 3 3 3 3 3 3 3 3 3 3 3 3 3 3 3 3 3 3 3 3 3 3 3 3 3 3 3 3 3 3 3 3 3 3 3 3 3 3 3 3 3 3 3 3 3 3 3 3 3 3 3 3 3 3 3 3 3 3 3 3 3 3 3 3 3 3 3 3 3 3 3 3 3 3 3 3 3 3 3 3 3 3 3 3 3 3 3 3 3 3 3 3 3 3 3 3 3 3 3 3 3 3 3 3 3 3 3 3 3 3 3 3 3 3 3 3 3 3 3 3 3 3 3 3 3 3 3 3 3 3 3 3 3 3 3 3 3 3 3 3 3 3 3 3 3 3 3 3 3 3 3 3 3 3 3 3 3 3 3 3 3 3 3 3 3 3 3 3 3 3 3 3 3 3 3 3 3 3 3 3 3 3 3 3 3 3 3 3 3 3 3 3 3 3 3 3 3 3 3 3 3 3 3 3 3 3 3 3 3 3 3 3 3 3 3 3 3 3 3 3 3 3 3 3 3 3 3 3 3 3 3 3 3 3 3 3 3 3 3 3 3 3 3 3 3 3 3 3 3 3 3 3 3 3 3 3 3 3 3 3 3 3 3 3 3 3 3 3 3 3 3 3 3 3 3 3 3 3 3 3 3 3 3 3 3 3 3 3 3 3 3 3 3 3 3 3 3 3 3 3 3 3 3 3 3 3 3 3 3 3 3 3 3 3 3 3 3 3 3 3 3 3 3 3 3 3 3 3 3 3 3 3 3 3 3 3 3 3 3 3 3 3 3 3 3 3 3 3 3 3 3 3 3 3 3 3 3 3 3 3 3 3 3 3 3 3 3 3 3 3 3 3 3 3 3 3 3 3 3 3 3 3 3 3 3 3 3 3 3 3 3 3 3 3 3 3 3 3 3 3 3 3 3 3 3 3 3 3 3 3 3 3 3 3 3 3 3 3 3 3 3 3 3 3 3 3 3 3 3 3 3 3 3 3 3 3 3 3 3 3 3 3 3 3 3 3 3 3 3 3 3 3 3 3 3 3 3 3 3 3 3 3 3 3 3 3 3 3 3 3 3 3 3 3 3 3 3 3 3 3 3 3 3 3 3 3 3 3 3 3 3 3 3 3 3 3 3 3 3 3 3 3 3 3 3 3 3 3 3 3 3 3 3 3 3 3 3 3 3 3 3 3 3 3 3 3 3 3 3 3 3 3 3 3 3 3 3 3 3 3 3 3 3 3 3 3 3 3 3 3 3 3 3 3 3 3 3 3 3 3 3 3 3 3 3 3 3 3 3 3 3 3 3 3 3 3 3 3 3 3 3 3 3 3 3 3 3 3 3 3 3 3 3 3 3 3 3 3 3 3 3 3 3 3 3 3 3 3 3 3 3 3 3 3 3 3 3 3 3 3 3 3 3 3 3 3 3 3 3 3 3 3 3 3 3 3 3 3 3 3 3 3 3 3 3 3 3 3 3 3 3 3 3 3 3 3 3 3 3 3 3 3 3 3 3 3 3 3 3 3 3 3 3 3 3 3 3 3 3 3 3 3 3 3 3 3 3 3 3 3 3 3 3 3 3 3 3 3 3 3 3 3 3 3 3 3 3 3 3 3 3 3 3 3 3 3 3 3 3 3 3 3 3 3 3 3 3 3 3 3 3 3 3 3 3 3 3 3 3 3 3 3 3 3 3 3 3 3 3 3 3 3 3 3 3 3 3 3 3 3 3 3 3 3 3 3 3 3 3 3 3 3 3 3 3 3 3 3 3 3 3 3 3 3 3 3 3 3 3 3 3 3 3 3 3 3 3 3 3 3 3 3 3 3 3 3 3 3 3 3 3 3 3 3 3 3 3 3 3 3 3 3 3 3 3 3 3 3 3 3 3 3 3 3 3 3 3 3 3 3 3 3 3 3 3 3 3 3 3 3 3 3 3 3 3 3 3 3 3 3 3 3 3 3 3 3 3 3 3 3 3 3 3 3 3 3 3 3 3 3 3 3 3 3 3 3 3 3 3 3 3 3 3 3 3 3 3 3 3 3 3 3 3 3 3 3 3 3 3 3 3 3 3 3 3 3 3 3 3 3 3 3 3 3 3 3 3 3 3 3 3 3 3 3 3 3 3 3 3 3 3 3 3 3 3 3 3 3 3 3 3 3 3 3 3 3 3 3 3 3 3 3 3 3 3 3 3 3 3 3 3 3 3 3 3 3 3 3 3 3 3 3 3 3 3 3 3 3 3 3 3 3 3 3 3 3 3 3 3 3 3 3 3 3 3 3 3 3 3 3 3 3 3 3 3 3 3 3 3 3 3 3 3 3 3 3 3 3 3 3 3 3 3 3 3 3 3 3 3 3 3 3 3 3 3 3 3 3 3 3 3 3 3 3 3 3 3 3 3 3 3 3 3 3 3 3 3 3 3 3 3 3 3 3 3 3 3 3 3 3 3 3 3 3 3 3 3 3 3 3 3 3 3 3 3 3 3 3 3 3 3 3 3 3 3 3 3 3 3 3 3 3 3 3 3 3 3 3 3 3 3 3 3 3 3 3 3 3 3 3 3 3 3 3 3 3 3 3 3 3 3 3 3 3 3 3 3 3 3 3 3 3 3 3 3 3 3 3 3 3 3 3 3 3 3 3 3 3 3 3 3 3 3 3 3 3 3 3 3 3 3 3 3 3 3 3 3 3 3 3 3 3 3 3 3 3 3 3 3 3 3 3 3 3 3 3 3 3 3 3 3 3 3 3 3 3 3 3 3 3 3 3 3 3 3 3 3 3 3 3 3 3 3 3 3 3 3 3 3 3 3 3 3 3 3 3 3 3 3 3 3 3 3 3 3 3 3 3 3 3 3 3 3 3 3 3 3 3 3 3 3 3 3 3 3 3 3 3 3 3 3 3 3 3 3 3 3 3 3 3 3 3 3 3 3 3 3 3 3 3 3 3 3 3 3 3 3 3 3 3 3 3 3 3 3 3 3 3 3 3 3 3 3 3 3 3 3 3 3 3 3 3 3 3 3 3 3 3 3 3 3 3 3 3 3 3 3 3 3 3 3 3 3 3 3 3 3 3 3 3 3 3 3 3 3 3 3 3 3 3 3 3 3 3 3 3 3 3 3 3 3 3 3 3 3 3 3 3 3 3 3 3 3 3 3 3 3 3 3 3 3 3 3 3 3 3 3 3 3 3 3 3 3 3 3 3 3 3 3 3 3 3 3 3 3 3 3 3 3 3 3 3 3 3 3 3 3 3 3 3 3 3 3 3 3 3 3 3 3 3 3 3 3 3 3 3 3 3 3 3 3 3 3 3 3 3 3 3 3 3 3 3 3 3 3 3 3 3 3 3 3 3 3 3 3 3 3 3 3 3 3 3 3 3 3 3 3 3 3 3 3 3 3 3 3 3 3 3 3 3 3 3 3 3 3 3 3 3 3 3 3 3 3 3 3 3 3 3 3 3 3 3 3 3 3 3 3 3 3 3 3 3 3 3 3 3 3 3 3 3 3 3 3 3 3 3 3 3 3 3 3 3 3 3 3 3 3 3 3 3 3 3 3 3 3 3 3 3 3 3 3 3 3 3 3 3 3 3 3 3 3 3 3 3 3 3 3 3 3 3 3 3 3 3 3 3 3 3 3 3 3 3 3 3 3 3 3 3 3 3 3 3 3 3 3 3 3 3 3 3 3 3 3 3 3 3 3 3 3 3 3 3 3 3 3 3 3 3 3 3 3 3 3 3 3 3 3 3 3 3 3 3 3 3 3 3 3 3 3 3 3 3 3 3 3 3 3 3 3 3 3 3 3 3 3 3 3 3 3 3 3 3 3 3 3 3 3 3 3 3 3 3 3 3 3 3 3 3 3 3 3 3 3 3 3 3 3 3 3 3 3 3 3 3 3 3 3 3 3 3 3 3 3 3 3 3 3 3 3 3 3 3 3 3 3 3 3 3 3 3 3 3 3 3 3 3 3 3 3 3 3 3 3 3 3 3 3 3 3 3 3 3 3 3 3 3 3 3 3 3 3 3 3 3 3 3 3 3 3 3 3 3 3 3 3 3 3 3 3 3 3 3 3 3 3 3 3 3 3 3 3 3 3 3 3 3 3 3 3 3 3 3 3 3 3 3 3 3 3 3 3 3 3 3 3 3 3 3 3 3 3 3 3 3 3 3 3 3 3 3 3 3 3 3 3 3 3 3 3 3 3 3 3 3 3 3 3 3 3 3 3 3 3 3 3 </vcount>
          <p>0 1 2 3 4 5 1 0 6 7 8 9 10 11 12 13 5 14 15 16 17 4 18 5 19 20 21 22 23 21 23 19 21 20 24 21 25 26 27 28 29 30 31 32 33 34 35 36 37 38 21 39 40 41 40 42 41 43 42 40 43 40 39 44 45 46 45 47 46 48 49 50 48 50 51 51 50 52 53 54 55 54 49 55 53 50 54 54 50 49 56 57 58 14 5 18 59 60 61 62 63 50 58 57 64 64 57 65 66 67 68 69 70 71 72 73 74 75 76 77 74 78 72 79 80 81 82 83 84 85 86 76 87 88 89 77 76 90 91 92 93 94 92 95 95 92 91 93 92 96 97 98 99 100 101 102 103 104 105 106 107 108 109 92 110 111 112 113 113 112 114 115 113 114 115 111 113 116 117 118 118 117 119 120 121 122 120 123 121 123 124 121 125 126 127 127 126 122 125 127 121 127 122 121 128 129 130 86 90 76 131 132 133 134 121 135 129 136 130 136 137 130 138 139 140 141 142 143 144 145 146 144 146 147 148 149 150 148 150 151 152 153 154 152 154 155 156 157 158 156 158 159 160 161 162 160 162 163 164 165 166 164 166 167 149 168 169 149 169 150 170 171 168 170 168 149 172 173 165 172 165 164 174 175 161 174 161 160 176 177 157 176 157 156 178 179 153 178 153 152 180 170 149 180 149 148 181 182 183 181 183 184 185 181 184 185 184 186 184 183 187 184 187 188 179 176 156 179 156 153 153 156 159 153 159 154 171 178 152 171 152 168 168 152 155 168 155 169 158 157 181 158 181 185 157 177 182 157 182 181 189 190 191 189 191 59 188 187 190 188 190 189 192 193 194 192 194 195 195 194 196 195 196 197 197 196 198 197 198 199 199 198 200 199 200 201 202 203 204 202 204 205 206 207 208 206 208 209 210 211 212 210 212 213 214 215 216 214 216 217 218 219 59 218 59 220 221 222 223 221 223 224 225 223 226 225 226 227 228 229 230 228 230 231 232 233 234 232 234 235 0 2 236 0 236 237 231 230 233 231 233 232 238 239 229 238 229 228 1 240 241 1 241 2 242 243 227 242 227 226 235 234 244 235 244 6 234 233 245 234 245 246 230 229 247 230 247 248 1 249 250 1 250 251 239 225 227 239 227 252 233 230 248 233 248 245 6 244 249 6 249 1 246 245 253 246 253 254 255 256 257 255 257 258 248 247 259 248 259 260 249 244 261 249 261 250 244 234 246 244 246 261 245 248 260 245 260 253 252 227 243 252 243 262 251 250 263 251 263 264 261 246 254 261 254 265 266 267 268 266 268 269 270 258 257 270 257 271 272 273 274 272 274 275 267 272 275 267 275 268 276 277 278 276 278 279 280 281 282 280 282 283 250 261 265 250 265 263 284 226 223 284 223 222 257 256 280 257 280 283 285 286 287 285 287 288 289 285 288 289 288 290 291 283 282 291 282 292 277 293 294 277 294 278 295 296 297 295 297 298 286 299 300 286 300 287 293 266 269 293 269 294 301 289 290 301 290 302 275 274 299 275 299 286 279 278 296 279 296 295 296 301 302 296 302 297 271 257 283 271 283 291 224 303 304 224 304 305 269 268 285 269 285 289 268 275 286 268 286 285 306 218 220 306 220 307 220 308 309 220 309 307 310 311 312 310 312 221 313 314 315 313 315 316 317 318 319 317 319 320 314 321 322 314 322 315 311 310 323 311 323 324 295 298 325 295 325 326 276 279 327 276 327 328 279 295 326 279 326 327 1 251 329 1 329 330 251 264 331 251 331 329 305 304 332 305 332 333 238 228 334 238 334 335 336 337 338 336 338 317 221 224 305 221 305 310 235 6 0 235 0 237 339 340 341 339 341 342 342 341 343 342 343 344 345 346 333 345 333 332 335 334 347 335 347 348 348 347 349 348 349 350 310 305 333 310 333 323 338 351 318 338 318 317 323 333 346 323 346 352 321 26 25 321 25 322 8 318 351 8 351 353 347 334 354 347 354 355 278 294 301 278 301 296 265 254 266 265 266 293 231 354 334 231 334 228 349 347 355 349 355 344 355 354 356 355 356 357 232 356 354 232 354 231 344 355 357 344 357 342 294 269 289 294 289 301 235 237 356 235 356 232 339 342 357 339 357 236 357 356 237 357 237 236 241 339 236 241 236 2 358 359 17 358 17 360 361 362 363 361 363 364 365 336 317 365 317 320 324 323 352 324 352 366 219 218 336 219 336 365 312 367 222 312 222 221 59 191 308 59 308 220 319 318 8 319 8 7 368 369 370 368 370 26 368 371 372 368 372 369 371 373 374 371 374 372 373 375 376 373 376 374 214 377 378 214 378 215 215 378 379 215 379 380 209 208 381 209 381 382 378 209 382 378 382 379 383 384 385 383 385 386 387 212 388 387 388 389 212 211 390 212 390 388 391 392 213 391 213 393 392 394 210 392 210 213 395 396 392 395 392 391 396 397 394 396 394 392 398 399 400 398 400 401 399 402 403 399 403 400 404 405 406 404 406 407 408 409 410 408 410 411 412 413 414 412 414 415 413 416 417 413 417 414 418 419 413 418 413 412 419 420 416 419 416 413 421 422 419 421 419 418 422 423 420 422 420 419 424 425 422 424 422 421 425 426 423 425 423 422 427 383 386 427 386 428 384 429 430 384 430 385 431 432 433 431 433 434 428 435 436 428 436 437 386 385 438 386 438 439 175 180 148 175 148 161 161 148 151 161 151 162 433 440 441 433 441 442 428 386 439 428 439 435 443 444 442 443 442 445 434 433 442 434 442 444 440 446 447 440 447 441 448 441 447 448 447 449 445 442 441 445 441 448 450 319 7 450 7 451 320 319 450 320 450 452 322 25 453 322 453 454 315 322 454 315 454 455 316 315 455 316 455 456 457 458 443 457 443 445 459 457 445 459 445 448 460 459 448 460 448 449 461 462 463 461 463 464 465 387 389 465 389 70 466 467 468 466 468 469 467 470 471 467 471 468 472 466 469 472 469 473 469 468 474 469 474 475 468 471 476 468 476 474 473 469 475 473 475 477 475 474 478 475 478 479 474 476 480 474 480 478 477 475 479 477 479 481 482 483 484 482 484 485 483 486 487 483 487 484 488 482 485 488 485 489 490 491 466 490 466 472 492 493 470 492 470 467 491 492 467 491 467 466 464 463 492 464 492 491 463 494 493 463 493 492 495 464 491 495 491 490 343 341 496 343 496 497 14 18 362 14 362 361 364 363 359 364 359 358 498 499 500 498 500 501 502 498 501 502 501 503 504 505 506 504 506 507 508 509 510 508 510 511 509 512 513 509 513 510 514 515 516 514 516 507 517 518 506 517 506 519 520 503 521 520 521 522 522 521 508 522 508 519 523 524 505 523 505 504 503 501 525 503 525 521 526 527 528 526 528 523 525 529 512 525 512 509 521 525 509 521 509 508 530 360 17 530 17 16 518 514 507 518 507 506 531 504 507 531 507 516 520 532 502 520 502 503 523 528 533 523 533 524 526 523 504 526 504 531 363 534 535 363 535 359 363 362 536 363 536 534 537 535 534 537 534 538 536 362 18 536 18 4 538 534 536 538 536 539 539 536 4 539 4 3 263 265 293 263 293 277 243 242 255 243 255 258 540 541 542 540 542 543 544 545 541 544 541 540 546 9 545 546 545 544 26 370 547 26 547 548 372 374 549 372 549 550 551 552 553 551 553 554 374 376 555 374 555 549 369 372 550 369 550 556 370 369 556 370 556 557 552 558 559 552 559 553 558 560 561 558 561 559 560 562 563 560 563 561 554 553 564 554 564 565 559 561 566 559 566 567 553 559 567 553 567 564 561 563 568 561 568 566 565 564 569 565 569 570 564 567 571 564 571 569 566 568 572 566 572 573 567 566 573 567 573 571 574 575 24 574 24 20 569 571 576 569 576 577 578 579 23 578 23 22 573 572 580 573 580 581 571 573 581 571 581 576 582 574 20 582 20 19 570 569 577 570 577 583 427 428 437 427 437 584 388 390 585 388 585 586 389 388 586 389 586 587 431 434 588 431 588 589 579 582 19 579 19 23 451 7 9 451 9 546 453 25 27 453 27 590 217 216 591 217 591 592 593 453 590 593 590 594 444 443 595 444 595 596 215 380 597 215 597 216 434 444 596 434 596 588 598 599 600 598 600 601 602 603 604 602 604 605 606 607 608 606 608 609 610 611 612 610 612 613 614 610 613 614 613 615 612 616 599 612 599 598 617 598 601 617 601 618 619 617 618 619 618 620 591 621 622 591 622 623 603 624 625 603 625 604 626 618 601 626 601 627 628 629 630 628 630 631 632 620 618 632 618 626 633 634 635 633 635 636 631 630 637 631 637 638 639 640 620 639 620 632 636 635 548 636 548 547 641 637 630 641 630 642 27 26 637 27 637 641 606 643 644 606 644 607 645 646 608 645 608 607 647 648 649 647 649 650 637 26 548 651 427 584 651 584 652 653 654 429 653 429 384 651 655 383 651 383 427 655 653 384 655 384 383 656 605 604 656 604 645 657 658 659 657 659 660 661 662 663 661 663 664 665 657 660 665 660 622 644 656 645 644 645 607 627 601 600 627 600 666 635 631 638 635 638 548 634 628 631 634 631 635 615 613 617 615 617 619 613 612 598 613 598 617 611 667 616 611 616 612 668 669 650 668 650 649 658 647 650 658 650 659 669 670 659 669 659 650 437 436 624 437 624 603 22 21 643 22 643 606 557 636 547 557 547 370 671 633 636 671 636 557 554 565 610 554 610 614 565 570 611 565 611 610 22 606 609 22 609 578 668 649 672 668 672 673 649 648 674 649 674 672 586 585 675 586 675 676 587 586 676 587 676 677 678 602 605 678 605 679 676 675 29 676 29 28 652 584 602 652 602 678 27 641 642 27 642 590 680 639 632 680 632 595 595 632 626 595 626 596 596 626 627 596 627 588 604 625 646 604 646 645 216 597 621 216 621 591 584 437 603 584 603 602 588 627 666 588 666 589 677 676 28 677 28 681 682 587 677 682 677 683 213 212 387 213 387 393 145 684 685 145 685 146 686 687 688 686 688 689 690 421 418 690 418 691 692 693 688 692 688 687 409 694 695 409 695 410 696 398 401 696 401 697 698 461 464 698 464 495 462 69 494 462 494 463 390 699 664 390 664 585 210 700 701 210 701 211 211 701 699 211 699 390 394 702 700 394 700 210 397 703 702 397 702 394 402 202 205 402 205 403 416 199 201 416 201 417 420 197 199 420 199 416 423 195 197 423 197 420 426 192 195 426 195 423 592 591 623 592 623 704 705 704 623 705 623 706 664 663 675 664 675 585 707 681 708 707 708 709 681 28 30 681 30 708 707 709 710 707 710 711 712 713 714 712 714 715 711 710 713 711 713 712 710 709 32 710 32 31 675 663 716 675 716 29 699 717 661 699 661 664 700 718 719 700 719 701 377 206 209 377 209 378 701 719 717 701 717 699 660 706 623 660 623 622 662 720 716 662 716 663 660 659 670 660 670 706 694 404 407 694 407 695 417 201 404 417 404 694 721 722 693 721 693 692 414 417 694 414 694 409 415 414 409 415 409 408 201 200 405 201 405 404 723 724 725 723 725 726 727 723 726 727 726 728 729 727 728 729 728 730 53 731 732 53 732 50 732 733 50 481 479 482 481 482 488 478 480 486 478 486 483 479 478 483 479 483 482 734 52 50 734 50 735 736 734 737 736 737 738 739 174 160 739 160 740 740 160 163 740 163 741 165 740 741 165 741 166 173 739 740 173 740 165 597 742 743 597 743 621 742 652 678 742 678 743 621 743 665 621 665 622 743 678 679 743 679 665 644 643 744 644 744 745 745 744 647 745 647 658 605 656 746 605 746 679 679 746 657 679 657 665 656 644 745 656 745 746 746 745 658 746 658 657 379 382 747 379 747 748 748 747 653 748 653 655 380 379 748 380 748 749 749 748 655 749 655 651 382 381 750 382 750 747 747 750 654 747 654 653 380 749 742 380 742 597 749 651 652 749 652 742 643 21 38 643 38 744 744 38 648 744 648 647 738 737 751 738 751 752 146 685 727 146 727 729 685 689 723 685 723 727 684 686 689 684 689 685 753 412 415 753 415 754 724 688 693 724 693 755 147 756 757 147 757 144 755 693 722 755 722 758 754 415 408 754 408 759 724 755 758 724 758 725 695 407 760 695 760 761 762 411 763 762 763 764 410 695 761 410 761 765 411 410 765 411 765 763 407 406 766 407 766 760 761 760 202 761 202 402 764 763 398 764 398 696 765 761 402 765 402 399 763 765 399 763 399 398 760 766 203 760 203 202 689 688 724 689 724 723 767 44 756 767 756 147 570 583 667 570 667 611 674 648 38 674 38 37 543 542 768 543 768 769 524 533 532 524 532 520 505 522 519 505 519 506 524 520 522 524 522 505 511 517 519 511 519 508 264 276 328 264 328 331 264 263 277 264 277 276 253 260 272 253 272 267 260 259 273 260 273 272 262 243 258 262 258 270 254 253 267 254 267 266 715 714 770 715 770 771 772 773 774 772 774 775 731 776 777 731 777 732 776 772 775 776 775 777 778 779 780 778 780 781 777 775 782 777 782 783 691 418 412 691 412 753 775 774 779 775 779 782 732 777 783 732 783 784 784 783 785 784 785 733 783 782 786 783 786 785 787 778 781 787 781 788 782 779 778 782 778 786 779 774 756 779 756 780 737 734 735 737 735 789 751 737 789 751 789 790 791 788 781 791 781 43 792 42 43 792 43 47 756 44 46 756 46 780 39 751 790 39 790 43 44 767 793 44 793 45 45 793 792 45 792 47 50 733 794 50 794 62 476 471 795 476 795 796 470 493 797 470 797 798 480 476 796 480 796 799 487 486 800 487 800 801 486 480 799 486 799 800 493 494 802 493 802 797 471 470 798 471 798 795 224 223 225 224 225 303 375 803 804 375 804 376 805 806 241 805 241 240 806 340 339 806 339 241 330 805 240 330 240 1 527 526 360 527 360 530 516 364 358 516 358 531 13 14 361 13 361 515 515 361 364 515 364 516 531 358 360 531 360 526 807 808 703 807 703 397 809 810 395 809 395 811 812 807 397 812 397 396 810 812 396 810 396 395 808 813 814 808 814 703 188 189 815 188 815 816 184 188 816 184 816 186 61 815 189 61 189 59 817 219 365 817 365 818 818 365 320 818 320 452 432 819 440 432 440 433 385 430 820 385 820 438 702 821 718 702 718 700 193 172 164 193 164 194 194 164 167 194 167 196 393 387 465 393 465 822 205 204 813 205 813 808 401 400 812 401 812 810 400 403 807 400 807 812 697 401 810 697 810 809 403 205 808 403 808 807 735 50 63 735 63 823 790 789 824 790 824 825 789 735 823 789 823 824 43 790 825 43 825 791 786 778 787 786 787 826 785 786 826 785 826 827 733 785 827 733 827 794 590 642 828 590 828 594 594 828 639 594 639 680 554 614 829 554 829 551 551 829 633 551 633 671 615 619 830 615 830 831 831 830 628 831 628 634 642 630 629 642 629 828 828 629 640 828 640 639 614 615 831 614 831 829 829 831 634 829 634 633 619 620 640 619 640 830 830 640 629 830 629 628 443 458 680 443 680 595 458 593 594 458 594 680 549 555 832 549 832 833 833 832 562 833 562 560 550 549 833 550 833 834 834 833 560 834 560 558 556 550 834 556 834 835 835 834 558 835 558 552 557 556 835 557 835 671 671 835 552 671 552 551 456 455 836 456 836 837 837 836 459 837 459 460 455 454 838 455 838 836 836 838 457 836 457 459 454 453 593 454 593 838 838 593 458 838 458 457 218 306 337 218 337 336 259 262 270 259 270 273 332 348 350 332 350 345 304 335 348 304 348 332 303 238 335 303 335 304 274 271 291 274 291 299 299 291 292 299 292 300 273 270 271 273 271 274 247 252 262 247 262 259 229 239 252 229 252 247 303 225 239 303 239 238 804 803 839 804 839 840 373 371 841 373 841 842 314 313 11 314 11 843 540 543 844 540 844 845 452 450 846 452 846 847 848 817 10 848 10 12 803 375 849 803 849 839 26 321 850 26 850 851 451 546 852 451 852 853 371 368 854 371 854 841 840 855 856 840 856 857 843 11 10 843 10 858 850 843 858 850 858 847 851 850 847 851 847 846 854 851 846 854 846 853 841 854 853 841 853 852 842 841 852 842 852 859 849 842 859 849 859 845 839 849 845 839 845 844 840 839 844 840 844 855 817 818 858 817 858 10 546 544 859 546 859 852 368 26 851 368 851 854 543 769 855 543 855 844 860 804 840 860 840 857 450 451 853 450 853 846 321 314 843 321 843 850 375 373 842 375 842 849 818 452 847 818 847 858 544 540 845 544 845 859 353 351 861 353 861 862 307 309 863 307 863 864 311 324 865 311 865 866 309 867 868 309 868 863 337 306 869 337 869 870 871 367 872 871 872 873 867 871 873 867 873 868 871 284 222 871 222 367 873 872 864 873 864 863 872 874 869 872 869 864 874 866 870 874 870 869 866 865 875 866 875 870 865 876 861 865 861 875 367 312 874 367 874 872 338 337 870 338 870 875 324 366 876 324 876 865 306 307 864 306 864 869 351 338 875 351 875 861 312 311 866 312 866 874 577 576 877 577 877 878 625 624 879 625 879 880 666 600 881 666 881 882 582 579 883 582 883 884 624 436 885 624 885 879 576 581 886 576 886 877 589 666 882 589 882 887 574 582 884 574 884 888 667 583 889 667 889 890 578 609 891 578 891 892 439 438 893 439 893 894 599 616 895 599 895 896 819 432 897 819 897 898 608 646 899 608 899 900 435 439 894 435 894 901 600 599 896 600 896 881 432 431 902 432 902 897 646 625 880 646 880 899 819 903 446 819 446 440 904 898 893 904 893 905 897 902 901 897 901 894 898 897 894 898 894 893 888 884 877 888 877 886 884 883 878 884 878 877 906 888 886 906 886 907 889 878 883 889 883 892 902 887 885 902 885 901 891 900 895 891 895 890 899 880 881 899 881 896 900 899 896 900 896 895 892 891 890 892 890 889 887 882 879 887 879 885 882 881 880 882 880 879 575 574 888 575 888 906 581 580 907 581 907 886 583 577 878 583 878 889 579 578 892 579 892 883 431 589 887 431 887 902 436 435 901 436 901 885 609 608 900 609 900 891 903 819 898 903 898 904 616 667 890 616 890 895 438 820 905 438 905 893 720 662 908 720 908 909 207 206 910 207 910 34 206 377 911 206 911 910 217 592 912 217 912 913 717 719 914 717 914 915 662 661 916 662 916 908 704 705 917 704 917 918 909 918 917 909 917 919 34 910 920 34 920 35 911 921 915 911 915 914 910 911 914 910 914 920 921 913 916 921 916 915 908 916 913 908 913 912 909 908 912 909 912 918 719 718 920 719 920 914 592 704 918 592 918 912 214 217 913 214 913 921 718 821 35 718 35 920 821 922 36 821 36 35 661 717 915 661 915 916 377 214 921 377 921 911 686 684 923 686 923 924 753 754 925 753 925 926 757 927 928 757 928 929 692 687 930 692 930 931 144 757 929 144 929 932 933 690 934 933 934 935 933 424 421 933 421 690 923 936 935 923 935 934 924 923 934 924 934 937 930 924 937 930 937 926 931 930 926 931 926 925 66 931 925 66 925 67 721 692 931 721 931 66 690 691 937 690 937 934 754 759 67 754 67 925 759 938 68 759 68 67 687 686 924 687 924 930 691 753 926 691 926 937 684 145 936 684 936 923 145 144 932 145 932 936 461 698 939 461 939 822 69 462 465 69 465 70 462 461 822 462 822 465 939 391 393 939 393 822 940 941 942 940 942 943 944 945 946 944 946 947 948 949 950 948 950 951 952 953 954 952 954 955 956 957 958 956 958 959 960 961 962 960 962 963 947 946 964 947 964 965 966 947 965 966 965 967 968 960 963 968 963 969 970 956 959 970 959 971 972 952 955 972 955 973 974 948 951 974 951 975 976 944 947 976 947 966 977 978 979 977 979 980 981 982 978 981 978 977 978 983 984 978 984 979 975 951 952 975 952 972 951 950 953 951 953 952 967 965 948 967 948 974 965 964 949 965 949 948 954 981 977 954 977 955 955 977 980 955 980 973 985 131 986 985 986 987 983 985 987 983 987 984 988 989 990 988 990 991 989 992 993 989 993 990 992 994 995 992 995 993 994 996 997 994 997 995 998 999 1000 998 1000 1001 1002 1003 1004 1002 1004 1005 1006 1007 1008 1006 1008 1009 1010 1011 1012 1010 1012 1013 1014 1015 131 1014 131 1016 1017 1018 1019 1017 1019 1020 1021 1022 1023 1021 1023 1019 1024 1025 1026 1024 1026 1027 1028 1029 1030 1028 1030 1031 72 1032 1033 72 1033 73 1025 1028 1031 1025 1031 1026 1034 1024 1027 1034 1027 1035 74 73 1036 74 1036 1037 1038 1023 1022 1038 1022 1039 1029 78 1040 1029 1040 1030 1030 1041 1042 1030 1042 1031 1026 1043 1044 1026 1044 1027 74 1045 1046 74 1046 1047 1035 1048 1022 1035 1022 1021 1031 1042 1043 1031 1043 1026 78 74 1047 78 1047 1040 1041 1049 1050 1041 1050 1042 1051 1052 1053 1051 1053 1054 1043 1055 1056 1043 1056 1044 1047 1046 1057 1047 1057 1040 1040 1057 1041 1040 1041 1030 1042 1050 1055 1042 1055 1043 1048 1058 1039 1048 1039 1022 1045 1059 1060 1045 1060 1046 1057 1061 1049 1057 1049 1041 1062 1063 1064 1062 1064 1065 1066 1067 1053 1066 1053 1052 1068 1069 1070 1068 1070 1071 1065 1064 1069 1065 1069 1068 1072 1073 1074 1072 1074 1075 1076 1077 282 1076 282 281 1046 1060 1061 1046 1061 1057 1078 1020 1019 1078 1019 1023 1053 1077 1076 1053 1076 1054 1079 288 287 1079 287 1080 1081 290 288 1081 288 1079 1082 292 282 1082 282 1077 1075 1074 1083 1075 1083 1084 1085 298 297 1085 297 1086 1080 287 300 1080 300 1087 1084 1083 1063 1084 1063 1062 1088 302 290 1088 290 1081 1069 1080 1087 1069 1087 1070 1073 1085 1086 1073 1086 1074 1086 297 302 1086 302 1088 1067 1082 1077 1067 1077 1053 1018 1089 1090 1018 1090 1091 1063 1081 1079 1063 1079 1064 1064 1079 1080 1064 1080 1069 1092 1093 1015 1092 1015 1014 1015 1093 1094 1015 1094 1095 1096 1017 1097 1096 1097 1098 1099 1100 1101 1099 1101 1102 1103 1104 1105 1103 1105 1106 1102 1101 1107 1102 1107 1108 1098 1109 1110 1098 1110 1096 1085 1111 325 1085 325 298 1072 1112 1113 1072 1113 1073 1073 1113 1111 1073 1111 1085 74 1114 1115 74 1115 1045 1045 1115 1116 1045 1116 1059 1089 1117 1118 1089 1118 1090 1034 1119 1120 1034 1120 1024 1121 1103 1122 1121 1122 1123 1017 1096 1089 1017 1089 1018 1029 1032 72 1029 72 78 1124 1125 1126 1124 1126 1127 1125 1128 1129 1125 1129 1126 1130 1118 1117 1130 1117 1131 1119 1132 1133 1119 1133 1120 1132 1134 1135 1132 1135 1133 1096 1110 1117 1096 1117 1089 1122 1103 1106 1122 1106 1136 1110 1137 1131 1110 1131 1117 1108 1107 97 1108 97 99 81 1138 1136 81 1136 1106 1133 1139 1140 1133 1140 1120 1074 1086 1088 1074 1088 1083 1061 1084 1062 1061 1062 1049 1025 1024 1120 1025 1120 1140 1135 1128 1139 1135 1139 1133 1139 1141 1142 1139 1142 1140 1028 1025 1140 1028 1140 1142 1128 1125 1141 1128 1141 1139 1083 1088 1081 1083 1081 1063 1029 1028 1142 1029 1142 1032 1124 1033 1141 1124 1141 1125 1141 1033 1032 1141 1032 1142 1036 73 1033 1036 1033 1124 1143 1144 88 1143 88 1145 1146 1147 1148 1146 1148 1149 1150 1104 1103 1150 1103 1121 1109 1151 1137 1109 1137 1110 1016 1150 1121 1016 1121 1014 1097 1017 1020 1097 1020 1152 131 1015 1095 131 1095 986 1105 79 81 1105 81 1106 1153 99 1154 1153 1154 1155 1153 1155 1156 1153 1156 1157 1157 1156 1158 1157 1158 1159 1159 1158 1160 1159 1160 1161 1010 1013 1162 1010 1162 1163 1013 1164 1165 1013 1165 1162 1003 1166 1167 1003 1167 1004 1162 1165 1166 1162 1166 1003 1168 1169 1170 1168 1170 1171 1172 1173 1174 1172 1174 1008 1008 1174 1175 1008 1175 1009 1176 1177 1007 1176 1007 1178 1178 1007 1006 1178 1006 1179 1180 1176 1178 1180 1178 1181 1181 1178 1179 1181 1179 1182 1183 1184 1185 1183 1185 1186 1186 1185 1187 1186 1187 1188 1189 1190 1191 1189 1191 1192 1193 1194 1195 1193 1195 1196 1197 1198 1199 1197 1199 1200 1200 1199 1201 1200 1201 1202 1203 1197 1200 1203 1200 1204 1204 1200 1202 1204 1202 1205 1206 1203 1204 1206 1204 1207 1207 1204 1205 1207 1205 1208 1209 1206 1207 1209 1207 1210 1210 1207 1208 1210 1208 1211 1212 1213 1169 1212 1169 1168 1171 1170 1214 1171 1214 1215 1216 1217 1218 1216 1218 1219 1213 1220 1221 1213 1221 1222 1169 1223 1224 1169 1224 1170 971 959 944 971 944 976 959 958 945 959 945 944 1218 1225 1226 1218 1226 1227 1213 1222 1223 1213 1223 1169 1228 1229 1225 1228 1225 1230 1217 1230 1225 1217 1225 1218 1227 1226 1231 1227 1231 1232 1233 1234 1231 1233 1231 1226 1229 1233 1226 1229 1226 1225 1235 1236 79 1235 79 1105 1104 1237 1235 1104 1235 1105 1107 1238 1239 1107 1239 97 1101 1240 1238 1101 1238 1107 1100 1241 1240 1100 1240 1101 1242 1229 1228 1242 1228 1243 1244 1233 1229 1244 1229 1242 1245 1234 1233 1245 1233 1244 1246 1247 1248 1246 1248 1249 1250 143 1173 1250 1173 1172 1251 1252 1253 1251 1253 1254 1254 1253 1255 1254 1255 1256 1257 1258 1252 1257 1252 1251 1252 1259 1260 1252 1260 1253 1253 1260 1261 1253 1261 1255 1258 1262 1259 1258 1259 1252 1259 1263 1264 1259 1264 1260 1260 1264 1265 1260 1265 1261 1262 1266 1263 1262 1263 1259 1267 485 484 1267 484 1268 1268 484 487 1268 487 1269 1270 489 485 1270 485 1267 1271 1257 1251 1271 1251 1272 1273 1254 1256 1273 1256 1274 1272 1251 1254 1272 1254 1273 1247 1272 1273 1247 1273 1248 1248 1273 1274 1248 1274 1275 1276 1271 1272 1276 1272 1247 1129 1277 1278 1129 1278 1126 86 1146 1149 86 1149 90 1147 1143 1145 1147 1145 1148 1279 1280 1281 1279 1281 1282 1283 1284 1280 1283 1280 1279 1285 1286 1287 1285 1287 1288 1289 1290 1291 1289 1291 1292 1292 1291 513 1292 513 512 1293 1286 1294 1293 1294 1295 1296 1297 1287 1296 1287 1298 1299 1300 1301 1299 1301 1284 1300 1297 1289 1300 1289 1301 1302 1285 1288 1302 1288 1303 1284 1301 1304 1284 1304 1280 1305 1302 1306 1305 1306 1307 1304 1292 512 1304 512 529 1301 1289 1292 1301 1292 1304 1308 89 88 1308 88 1144 1298 1287 1286 1298 1286 1293 1309 1294 1286 1309 1286 1285 1299 1284 1283 1299 1283 1310 1302 1303 1311 1302 1311 1306 1305 1309 1285 1305 1285 1302 1148 1145 1312 1148 1312 1313 1148 1313 1314 1148 1314 1149 1315 1316 1313 1315 1313 1312 1314 77 90 1314 90 1149 1316 1317 1314 1316 1314 1313 1317 75 77 1317 77 1314 1060 1075 1084 1060 1084 1061 1039 1052 1051 1039 1051 1038 1318 1319 1320 1318 1320 1321 1322 1318 1321 1322 1321 1323 1324 1322 1323 1324 1323 80 99 1325 1326 99 1326 1154 1156 1327 1328 1156 1328 1158 1329 1330 1331 1329 1331 1332 1158 1328 1333 1158 1333 1160 1155 1334 1327 1155 1327 1156 1154 1335 1334 1154 1334 1155 1332 1331 1336 1332 1336 1337 1337 1336 1338 1337 1338 1339 1339 1338 1340 1339 1340 1341 1330 1342 1343 1330 1343 1331 1336 1344 1345 1336 1345 1338 1331 1343 1344 1331 1344 1336 1338 1345 1346 1338 1346 1340 1342 1347 1348 1342 1348 1343 1343 1348 1349 1343 1349 1344 1345 1350 1351 1345 1351 1346 1344 1349 1350 1344 1350 1345 1352 93 96 1352 96 1353 1348 1354 1355 1348 1355 1349 1356 94 95 1356 95 1357 1350 1358 1359 1350 1359 1351 1349 1355 1358 1349 1358 1350 1360 91 93 1360 93 1352 1347 1361 1354 1347 1354 1348 1212 1362 1220 1212 1220 1213 1174 1363 1364 1174 1364 1175 1173 1365 1363 1173 1363 1174 1216 1366 1367 1216 1367 1217 1357 95 91 1357 91 1360 1236 1324 80 1236 80 79 1239 1368 98 1239 98 97 1011 1369 1370 1011 1370 1012 1371 1372 1368 1371 1368 1239 1230 1373 1374 1230 1374 1228 1013 1012 1375 1013 1375 1164 1217 1367 1373 1217 1373 1230 1376 1377 1378 1376 1378 1379 1380 1381 1382 1380 1382 1383 1384 1385 1386 1384 1386 1387 1388 1389 1390 1388 1390 1391 1392 1393 1389 1392 1389 1388 1390 1376 1379 1390 1379 1394 1395 1396 1377 1395 1377 1376 1397 1398 1396 1397 1396 1395 1370 1399 1400 1370 1400 1401 1383 1382 1402 1383 1402 1403 1404 1405 1377 1404 1377 1396 1406 1407 1408 1406 1408 1409 1410 1404 1396 1410 1396 1398 1411 1412 1413 1411 1413 1414 1407 1415 1416 1407 1416 1408 1417 1410 1398 1417 1398 1418 1412 1326 1325 1412 1325 1413 1419 1420 1408 1419 1408 1416 98 1419 1416 98 1416 99 1384 1387 1421 1384 1421 1422 1423 1387 1386 1423 1386 1424 1425 1426 1427 1425 1427 1428 1416 1325 99 1429 1430 1362 1429 1362 1212 1431 1171 1215 1431 1215 1432 1429 1212 1168 1429 1168 1433 1433 1168 1171 1433 1171 1431 1434 1423 1382 1434 1382 1381 1435 1436 1437 1435 1437 1438 1439 1440 1441 1439 1441 1442 1443 1400 1436 1443 1436 1435 1421 1387 1423 1421 1423 1434 1405 1444 1378 1405 1378 1377 1413 1325 1415 1413 1415 1407 1414 1413 1407 1414 1407 1406 1393 1397 1395 1393 1395 1389 1389 1395 1376 1389 1376 1390 1391 1390 1394 1391 1394 1445 1446 1427 1426 1446 1426 1447 1438 1437 1426 1438 1426 1425 1447 1426 1437 1447 1437 1448 1220 1383 1403 1220 1403 1221 94 1384 1422 94 1422 92 1335 1154 1326 1335 1326 1412 1449 1335 1412 1449 1412 1411 1330 1392 1388 1330 1388 1342 1342 1388 1391 1342 1391 1347 94 1356 1385 94 1385 1384 1446 1450 1451 1446 1451 1427 1427 1451 1452 1427 1452 1428 1363 1453 1454 1363 1454 1364 1365 1455 1453 1365 1453 1363 1456 1457 1381 1456 1381 1380 1453 100 102 1453 102 1454 1430 1456 1380 1430 1380 1362 98 1368 1420 98 1420 1419 1458 1374 1410 1458 1410 1417 1374 1373 1404 1374 1404 1410 1373 1367 1405 1373 1405 1404 1382 1423 1424 1382 1424 1402 1012 1370 1401 1012 1401 1375 1362 1380 1383 1362 1383 1220 1367 1366 1444 1367 1444 1405 1455 1459 100 1455 100 1453 1460 1461 1455 1460 1455 1365 1007 1177 1172 1007 1172 1008 943 942 1462 943 1462 1463 1464 1465 1466 1464 1466 1467 1468 1469 1203 1468 1203 1206 1470 1467 1466 1470 1466 1471 1196 1195 1472 1196 1472 1473 1474 1475 1184 1474 1184 1183 1476 1276 1247 1476 1247 1246 1249 1248 1275 1249 1275 141 1175 1364 1440 1175 1440 1477 1006 1009 1478 1006 1478 1479 1009 1175 1477 1009 1477 1478 1179 1006 1479 1179 1479 1480 1182 1179 1480 1182 1480 1481 1188 1187 999 1188 999 998 1202 1201 996 1202 996 994 1205 1202 994 1205 994 992 1208 1205 992 1208 992 989 1211 1208 989 1211 989 988 1369 1482 1399 1369 1399 1370 1483 1484 1399 1483 1399 1482 1440 1364 1454 1440 1454 1441 1485 1486 1487 1485 1487 1459 1459 1487 101 1459 101 100 1485 1488 1489 1485 1489 1486 1490 1491 1492 1490 1492 1493 1488 1490 1493 1488 1493 1489 1489 103 105 1489 105 1486 1454 102 1494 1454 1494 1441 1477 1440 1439 1477 1439 1495 1479 1478 1496 1479 1496 1497 1163 1162 1003 1163 1003 1002 1478 1477 1495 1478 1495 1496 1436 1400 1399 1436 1399 1484 1442 1441 1494 1442 1494 1498 1436 1484 1448 1436 1448 1437 1473 1472 1190 1473 1190 1189 1201 1473 1189 1201 1189 996 1499 1470 1471 1499 1471 1500 1199 1196 1473 1199 1473 1201 1198 1193 1196 1198 1196 1199 996 1189 1192 996 1192 997 1501 1502 1503 1501 1503 1504 1505 1506 1502 1505 1502 1501 1507 1508 1506 1507 1506 1505 125 121 1509 125 1509 1510 1509 121 1511 1266 1270 1267 1266 1267 1263 1264 1268 1269 1264 1269 1265 1263 1267 1268 1263 1268 1264 1512 1513 121 1512 121 124 1514 1515 1516 1514 1516 1512 1517 1518 956 1517 956 970 1518 1519 957 1518 957 956 963 962 1519 963 1519 1518 969 963 1518 969 1518 1517 1375 1401 1520 1375 1520 1521 1521 1520 1456 1521 1456 1430 1401 1400 1443 1401 1443 1520 1520 1443 1457 1520 1457 1456 1421 1522 1523 1421 1523 1422 1522 1438 1425 1522 1425 1523 1381 1457 1524 1381 1524 1434 1457 1443 1435 1457 1435 1524 1434 1524 1522 1434 1522 1421 1524 1435 1438 1524 1438 1522 1165 1525 1526 1165 1526 1166 1525 1433 1431 1525 1431 1526 1164 1527 1525 1164 1525 1165 1527 1429 1433 1527 1433 1525 1166 1526 1528 1166 1528 1167 1526 1431 1432 1526 1432 1528 1164 1375 1521 1164 1521 1527 1527 1521 1430 1527 1430 1429 1422 1523 110 1422 110 92 1523 1425 1428 1523 1428 110 1515 1529 1530 1515 1530 1516 942 1507 1505 942 1505 1462 1462 1505 1501 1462 1501 1465 1463 1462 1465 1463 1465 1464 1531 1532 1198 1531 1198 1197 1504 1533 1471 1504 1471 1466 941 940 1534 941 1534 1535 1533 1536 1500 1533 1500 1471 1532 1537 1193 1532 1193 1198 1504 1503 1536 1504 1536 1533 1472 1538 1539 1472 1539 1190 1540 1541 1542 1540 1542 1194 1195 1543 1538 1195 1538 1472 1194 1542 1543 1194 1543 1195 1190 1539 1544 1190 1544 1191 1538 1188 998 1538 998 1539 1541 1474 1183 1541 1183 1542 1543 1186 1188 1543 1188 1538 1542 1183 1186 1542 1186 1543 1539 998 1001 1539 1001 1544 1465 1501 1504 1465 1504 1466 1545 941 1535 1545 1535 116 1347 1391 1445 1347 1445 1361 1452 109 110 1452 110 1428 1319 1546 1547 1319 1547 1320 1303 1299 1310 1303 1310 1311 1288 1287 1297 1288 1297 1300 1303 1288 1300 1303 1300 1299 1290 1289 1297 1290 1297 1296 1059 1116 1112 1059 1112 1072 1059 1072 1075 1059 1075 1060 1050 1065 1068 1050 1068 1055 1055 1068 1071 1055 1071 1056 1058 1066 1052 1058 1052 1039 1049 1062 1065 1049 1065 1050 1491 1548 1549 1491 1549 1492 1550 1551 1552 1550 1552 1553 1510 1509 1554 1510 1554 1555 1555 1554 1551 1555 1551 1550 1556 1557 1558 1556 1558 1559 1554 1560 1561 1554 1561 1551 1469 1531 1197 1469 1197 1203 1551 1561 1559 1551 1559 1552 1509 1562 1560 1509 1560 1554 1562 1511 1563 1562 1563 1560 1560 1563 1564 1560 1564 1561 1565 1566 1557 1565 1557 1556 1561 1564 1556 1561 1556 1559 1559 1558 1535 1559 1535 1552 1516 1567 1513 1516 1513 1512 1530 1568 1567 1530 1567 1516 1569 115 1557 1569 1557 1566 1570 119 115 1570 115 114 1535 1558 117 1535 117 116 111 115 1568 111 1568 1530 116 118 1571 116 1571 1545 118 119 1570 118 1570 1571 121 134 1572 121 1572 1511 1261 1573 1574 1261 1574 1255 1256 1575 1576 1256 1576 1274 1265 1577 1573 1265 1573 1261 487 801 1578 487 1578 1269 1269 1578 1577 1269 1577 1265 1274 1576 1579 1274 1579 1275 1255 1574 1575 1255 1575 1256 1018 1091 1021 1018 1021 1019 1161 1160 1580 1161 1580 1581 1582 1037 1036 1582 1036 1583 1583 1036 1124 1583 1124 1127 1114 74 1037 1114 1037 1582 1307 1308 1144 1307 1144 1305 1294 1309 1143 1294 1143 1147 85 1295 1146 85 1146 86 1295 1294 1147 1295 1147 1146 1309 1305 1144 1309 1144 1143 1584 1182 1481 1584 1481 1585 1586 1587 1180 1586 1180 1588 1589 1181 1182 1589 1182 1584 1588 1180 1181 1588 1181 1589 1585 1481 1590 1585 1590 1591 983 1592 1593 983 1593 985 978 982 1592 978 1592 983 132 131 985 132 985 1593 1594 1595 1150 1594 1150 1016 1595 1237 1104 1595 1104 1150 1219 1218 1227 1219 1227 1596 1170 1224 1597 1170 1597 1214 1480 1479 1497 1480 1497 1598 991 990 960 991 960 968 990 993 961 990 961 960 1177 1599 1250 1177 1250 1172 999 1585 1591 999 1591 1000 1184 1588 1589 1184 1589 1185 1185 1589 1584 1185 1584 1187 1475 1586 1588 1475 1588 1184 1187 1584 1585 1187 1585 999 1513 1600 135 1513 135 121 1568 1601 1602 1568 1602 1567 1567 1602 1600 1567 1600 1513 115 1569 1601 115 1601 1568 1564 1603 1565 1564 1565 1556 1563 1604 1603 1563 1603 1564 1511 1572 1604 1511 1604 1563 1368 1372 1605 1368 1605 1420 1372 1458 1417 1372 1417 1605 1330 1329 1606 1330 1606 1392 1329 1449 1411 1329 1411 1606 1393 1607 1608 1393 1608 1397 1607 1414 1406 1607 1406 1608 1420 1605 1409 1420 1409 1408 1605 1417 1418 1605 1418 1409 1392 1606 1607 1392 1607 1393 1606 1411 1414 1606 1414 1607 1397 1608 1418 1397 1418 1398 1608 1406 1409 1608 1409 1418 1228 1374 1458 1228 1458 1243 1243 1458 1372 1243 1372 1371 1328 1609 1610 1328 1610 1333 1609 1339 1341 1609 1341 1610 1327 1611 1609 1327 1609 1328 1611 1337 1339 1611 1339 1609 1334 1612 1611 1334 1611 1327 1612 1332 1337 1612 1337 1611 1335 1449 1612 1335 1612 1334 1449 1329 1332 1449 1332 1612 1241 1613 1614 1241 1614 1240 1613 1245 1244 1613 1244 1614 1240 1614 1615 1240 1615 1238 1614 1244 1242 1614 1242 1615 1238 1615 1371 1238 1371 1239 1615 1242 1243 1615 1243 1371 1014 1121 1123 1014 1123 1092 1056 1071 1066 1056 1066 1058 1118 1130 1134 1118 1134 1132 1090 1118 1132 1090 1132 1119 1091 1090 1119 1091 1119 1034 1070 1087 1082 1070 1082 1067 1087 300 292 1087 292 1082 1071 1070 1067 1071 1067 1066 1044 1056 1058 1044 1058 1048 1027 1044 1048 1027 1048 1035 1091 1034 1035 1091 1035 1021 1580 1616 1617 1580 1617 1581 1159 1618 1619 1159 1619 1157 1102 1620 84 1102 84 1099 1318 1621 1622 1318 1622 1319 1237 1623 1624 1237 1624 1235 1625 83 82 1625 82 1594 1581 1617 1626 1581 1626 1161 99 1627 1628 99 1628 1108 1236 1629 1630 1236 1630 1324 1157 1619 1631 1157 1631 1153 1616 1632 1633 1616 1633 1634 1620 1635 82 1620 82 84 1628 1623 1635 1628 1635 1620 1627 1624 1623 1627 1623 1628 1631 1629 1624 1631 1624 1627 1619 1630 1629 1619 1629 1631 1618 1636 1630 1618 1630 1619 1626 1621 1636 1626 1636 1618 1617 1622 1621 1617 1621 1626 1616 1634 1622 1616 1622 1617 1594 82 1635 1594 1635 1595 1324 1630 1636 1324 1636 1322 1153 1631 1627 1153 1627 99 1319 1622 1634 1319 1634 1546 1637 1632 1616 1637 1616 1580 1235 1624 1629 1235 1629 1236 1108 1628 1620 1108 1620 1102 1161 1626 1618 1161 1618 1159 1595 1635 1623 1595 1623 1237 1322 1636 1621 1322 1621 1318 1138 1638 1639 1138 1639 1136 1093 1640 1641 1093 1641 1094 1098 1642 1643 1098 1643 1109 1094 1641 1644 1094 1644 1645 1123 1646 1647 1123 1647 1092 1648 1649 1650 1648 1650 1152 1645 1644 1649 1645 1649 1648 1648 1152 1020 1648 1020 1078 1649 1641 1640 1649 1640 1650 1650 1640 1647 1650 1647 1651 1651 1647 1646 1651 1646 1642 1642 1646 1652 1642 1652 1643 1643 1652 1639 1643 1639 1653 1152 1650 1651 1152 1651 1097 1122 1652 1646 1122 1646 1123 1109 1643 1653 1109 1653 1151 1092 1647 1640 1092 1640 1093 1136 1639 1652 1136 1652 1122 1097 1651 1642 1097 1642 1098 1354 1654 1655 1354 1655 1355 1402 1656 1657 1402 1657 1403 1444 1658 1659 1444 1659 1378 1360 1660 1661 1360 1661 1357 1403 1657 1662 1403 1662 1221 1355 1655 1663 1355 1663 1358 1366 1664 1658 1366 1658 1444 1352 1665 1660 1352 1660 1360 1445 1666 1667 1445 1667 1361 1356 1668 1669 1356 1669 1385 1223 1670 1671 1223 1671 1224 1379 1672 1673 1379 1673 1394 1596 1674 1675 1596 1675 1219 1386 1676 1677 1386 1677 1424 1222 1678 1670 1222 1670 1223 1378 1659 1672 1378 1672 1379 1219 1675 1679 1219 1679 1216 1424 1677 1656 1424 1656 1402 1596 1227 1232 1596 1232 1680 1681 1682 1671 1681 1671 1674 1675 1670 1678 1675 1678 1679 1674 1671 1670 1674 1670 1675 1665 1663 1655 1665 1655 1660 1660 1655 1654 1660 1654 1661 1683 1684 1663 1683 1663 1665 1667 1668 1661 1667 1661 1654 1679 1678 1662 1679 1662 1664 1669 1666 1673 1669 1673 1676 1677 1672 1659 1677 1659 1656 1676 1673 1672 1676 1672 1677 1668 1667 1666 1668 1666 1669 1664 1662 1657 1664 1657 1658 1658 1657 1656 1658 1656 1659 1353 1683 1665 1353 1665 1352 1358 1663 1684 1358 1684 1359 1361 1667 1654 1361 1654 1354 1357 1661 1668 1357 1668 1356 1216 1679 1664 1216 1664 1366 1221 1662 1678 1221 1678 1222 1385 1669 1676 1385 1676 1386 1680 1681 1674 1680 1674 1596 1394 1673 1666 1394 1666 1445 1224 1671 1682 1224 1682 1597 1498 1685 1686 1498 1686 1442 1005 106 1687 1005 1687 1002 1002 1687 1688 1002 1688 1163 1011 1689 1690 1011 1690 1369 1495 1691 1692 1495 1692 1496 1442 1686 1693 1442 1693 1439 1482 1694 1695 1482 1695 1483 1685 1696 1695 1685 1695 1694 106 108 1697 106 1697 1687 1688 1692 1691 1688 1691 1698 1687 1697 1692 1687 1692 1688 1698 1691 1693 1698 1693 1689 1686 1690 1689 1686 1689 1693 1685 1694 1690 1685 1690 1686 1496 1692 1697 1496 1697 1497 1369 1690 1694 1369 1694 1482 1010 1698 1689 1010 1689 1011 1497 1697 108 1497 108 1598 1598 108 107 1598 107 1699 1439 1693 1691 1439 1691 1495 1163 1688 1698 1163 1698 1010 1531 1700 1701 1531 1701 1532 1702 1703 1704 1702 1704 1468 1702 1468 1206 1702 1206 1209 1705 1704 1703 1705 1703 1706 1707 1708 1704 1707 1704 1705 1709 1700 1708 1709 1708 1707 1710 1701 1700 1710 1700 1709 138 140 1701 138 1701 1710 1468 1704 1708 1468 1708 1469 1532 1701 140 1532 140 1537 1537 140 139 1537 139 1711 1469 1708 1700 1469 1700 1531 1246 1599 1712 1246 1712 1476 141 143 1250 141 1250 1249 1249 1250 1599 1249 1599 1246 1712 1599 1177 1712 1177 1176 702 922 821 922 702 703 922 703 814 70 682 71 682 70 587 587 70 389 525 1713 529 1713 525 500 500 525 501 69 802 494 802 69 682 682 69 71 707 677 681 677 707 1714 677 1714 683 932 935 936 935 932 929 935 929 928 1715 736 1716 736 1715 734 734 1715 52 41 1717 1718 1717 41 1719 1719 41 42 1719 42 792 780 43 781 43 780 46 43 46 47 762 408 411 408 762 938 408 938 759 1719 730 1717 730 1719 729 729 1719 1720 939 395 391 395 939 1721 395 1721 811 497 58 1722 58 497 56 56 497 496 535 17 359 17 535 64 17 64 65 751 1718 752 1718 751 41 41 751 39 1723 55 1724 55 1723 53 53 1723 731 773 756 774 756 773 757 757 773 927 792 1720 1719 1720 792 793 1720 793 767 1720 146 729 146 1720 767 146 767 147 1725 52 1715 52 1725 51 51 1725 48 1726 1715 1716 1715 1726 1727 1715 1727 1725 1724 1725 1727 1725 1724 48 48 1724 49 49 1724 55 1722 535 537 535 1722 64 64 1722 58 817 59 219 59 817 848 59 848 60 1728 876 1729 876 1728 862 876 862 861 698 1721 939 1721 698 1730 1721 1730 1731 1731 1730 1732 1731 1732 1733 1731 1733 1734 1699 1480 1598 1480 1699 1481 1481 1699 1590 1365 142 1460 142 1365 143 143 1365 1173 529 1280 1304 1280 529 1281 1281 529 1713 141 1460 142 1460 141 1275 1460 1275 1579 1455 1485 1459 1485 1455 1735 1735 1455 1461 1703 1736 1706 1736 1703 1737 1737 1703 1738 1514 1739 1740 1739 1514 1512 1739 1512 124 1741 112 1742 112 1741 1743 112 1743 114 114 1743 1570 115 1558 1557 1558 115 117 117 115 119 1193 1540 1194 1540 1193 1711 1711 1193 1537 1508 1743 1741 1743 1508 1507 1743 1507 1744 1180 1712 1176 1712 1180 1745 1745 1180 1587 129 1277 1746 1277 129 128 1277 128 1278 88 1312 1145 1312 88 136 136 88 137 1742 1530 1529 1530 1742 112 1530 112 111 125 1724 126 1724 125 1723 1723 125 1510 1534 1552 1535 1552 1534 1553 1553 1534 1747 1744 1570 1743 1570 1744 1571 1571 1744 1545 942 1744 1507 1744 942 1545 1545 942 941 124 1748 1739 1748 124 123 1748 123 120 1739 1726 1740 1726 1739 1727 1727 1739 1748 120 1727 1748 1727 120 1724 1724 120 122 1724 122 126 1312 1746 1315 1746 1312 136 1746 136 129 131 1594 1016 1594 131 1625 1625 131 133 1653 1749 1750 1749 1653 1638 1638 1653 1639 1745 1476 1712 1476 1745 1751 1751 1745 1752 1751 1752 1753 1753 1752 1754 1754 1752 1755 </p>
        </polylist>
      </mesh>
    </geometry>
    <geometry id="meshesP1R-2" name="meshes[1]-2" >
      <mesh>
        <source id="meshesP1R-2-positions" name="meshesP1R-2-positions">
          <float_array id="meshesP1R-2-positions-array" count="72"> 0.476940155 1.99270737 0.898151577 0.459973782 1.97830856 0.725681424 0.34233284 1.99959219 0.728087366 0.343714893 2.01908922 0.892183363 0.20090121 2.01537061 0.729865193 0.202386856 2.03586102 0.886839271 0.0821535513 2.02513456 0.730197489 0.0828061625 2.04375815 0.883878589 0.593363941 1.95564473 0.902114034 0.592072487 1.94113719 0.721018493 -0.479901552 1.99270737 0.898151577 -0.34667629 2.01908922 0.892183363 -0.345294237 1.99959219 0.728087366 -0.462935179 1.97830856 0.725681424 -0.205348253 2.03586102 0.886839271 -0.203862607 2.01537061 0.729865193 -0.0857675746 2.04375815 0.883878589 -0.0851149634 2.02513456 0.730197489 -0.596325338 1.95564473 0.902114034 -0.595033884 1.94113719 0.721018493 0.0135323815 2.04914784 0.882066667 -0.00148070231 2.028795 0.730197489 -0.00148070231 2.05031586 0.881673992 -0.0164937861 2.04914784 0.882066667 </float_array>
          <technique_common>
            <accessor count="24" offset="0" source="#meshesP1R-2-positions-array" stride="3">
              <param name="X" type="float" />
              <param name="Y" type="float" />
              <param name="Z" type="float" />
            </accessor>
          </technique_common>
        </source>
        <source id="meshesP1R-2-color0" name="meshesP1R-2-color0">
          <float_array id="meshesP1R-2-color0-array" count="72"> 0.850980401 0.992156863 0.992156863 0.850980401 0.992156863 0.992156863 0.850980401 0.992156863 0.992156863 0.850980401 0.992156863 0.992156863 0.850980401 0.992156863 0.992156863 0.850980401 0.992156863 0.992156863 0.850980401 0.992156863 0.992156863 0.850980401 0.992156863 0.992156863 0.850980401 0.992156863 0.992156863 0.850980401 0.992156863 0.992156863 0.850980401 0.992156863 0.992156863 0.850980401 0.992156863 0.992156863 0.850980401 0.992156863 0.992156863 0.850980401 0.992156863 0.992156863 0.850980401 0.992156863 0.992156863 0.850980401 0.992156863 0.992156863 0.850980401 0.992156863 0.992156863 0.850980401 0.992156863 0.992156863 0.850980401 0.992156863 0.992156863 0.850980401 0.992156863 0.992156863 0.850980401 0.992156863 0.992156863 0.850980401 0.992156863 0.992156863 0.850980401 0.992156863 0.992156863 0.850980401 0.992156863 0.992156863 </float_array>
          <technique_common>
            <accessor count="24" offset="0" source="#meshesP1R-2-color0-array" stride="3">
              <param name="R" type="float" />
              <param name="G" type="float" />
              <param name="B" type="float" />
            </accessor>
          </technique_common>
        </source>
        <vertices id="meshesP1R-2-vertices">
          <input semantic="POSITION" source="#meshesP1R-2-positions" />
        </vertices>
        <polylist count="22" material="defaultMaterial">
          <input offset="0" semantic="VERTEX" source="#meshesP1R-2-vertices" />
          <input offset="0" semantic="COLOR" source="#meshesP1R-2-color0" set="0" />
          <vcount>3 3 3 3 3 3 3 3 3 3 3 3 3 3 3 3 3 3 3 3 3 3 </vcount>
          <p>0 1 2 0 2 3 3 2 4 3 4 5 5 4 6 5 6 7 8 9 1 8 1 0 10 11 12 10 12 13 11 14 15 11 15 12 14 16 17 14 17 15 18 10 13 18 13 19 20 21 22 21 20 6 6 20 7 23 17 16 17 23 21 21 23 22 </p>
        </polylist>
      </mesh>
    </geometry>
    <geometry id="meshesP2R" name="meshes[2]" >
      <mesh>
        <source id="meshesP2R-positions" name="meshesP2R-positions">
          <float_array id="meshesP2R-positions-array" count="576"> -0.8908903 1.10105824 0.205856711 -0.863752544 1.15938318 0.253722847 -0.863745511 1.17215347 0.23963289 -0.890880585 1.11880112 0.186280429 -0.890662789 1.5172863 0.547446966 -0.86358875 1.45896137 0.49958086 -0.863595784 1.44619095 0.513670802 -0.890672505 1.49954331 0.567023218 -0.890869856 1.13837755 0.168537453 -0.863737822 1.18624353 0.226862475 -0.863729477 1.20151734 0.215534642 -0.890858293 1.15959859 0.152798787 -0.890733838 1.38732409 0.634284794 -0.863639891 1.36542165 0.562081993 -0.863649964 1.34697545 0.566702604 -0.890747786 1.36169529 0.640704513 -0.863720596 1.21782792 0.205758423 -0.890845954 1.18226027 0.139215887 -0.863660216 1.32816529 0.569492757 -0.890762091 1.3355608 0.644581199 -0.863711178 1.23501825 0.197628021 -0.890832901 1.20614421 0.127919674 -0.863670588 1.30917203 0.570425749 -0.890776515 1.30917203 0.645877481 -0.863701344 1.25292265 0.191221699 -0.890819252 1.23102033 0.119018883 -0.86369133 1.27136886 0.186601222 -0.890805244 1.25664902 0.112599283 -0.863681018 1.29017913 0.183810994 -0.890790939 1.28278363 0.108722597 -0.863681018 1.29017889 0.569492698 -0.890790939 1.28278327 0.64458102 -0.890776515 1.30917239 0.107426196 -0.863670588 1.30917227 0.182877913 -0.863660216 1.32816553 0.183811024 -0.890762091 1.33556116 0.108722657 -0.86369133 1.27136862 0.566702485 -0.890805244 1.25664866 0.640704453 -0.863649964 1.34697568 0.186601281 -0.890747786 1.36169565 0.112599343 -0.863701344 1.25292242 0.562081933 -0.890819252 1.23101997 0.634284675 -0.863639891 1.36542189 0.191221789 -0.890733838 1.38732445 0.119019002 -0.863711178 1.23501801 0.555675626 -0.890832901 1.20614386 0.625383854 -0.863630056 1.38332641 0.197628111 -0.890720189 1.41220057 0.127919823 -0.863720596 1.21782768 0.547545075 -0.890845954 1.18225992 0.614087522 -0.863620639 1.40051663 0.205758542 -0.890707135 1.43608439 0.139216065 -0.863729477 1.20151711 0.5377689 -0.890858293 1.15959835 0.600504696 -0.863611758 1.4168272 0.215534791 -0.890694737 1.45874596 0.152798995 -0.863737822 1.1862433 0.526441038 -0.890869856 1.13837731 0.584765971 -0.863603473 1.43210113 0.226862654 -0.890683174 1.47996724 0.168537691 -0.890880585 1.11880088 0.567022979 -0.863745511 1.17215335 0.513670623 -0.863752544 1.15938282 0.499580652 -0.8908903 1.10105789 0.547446609 -0.890672505 1.49954355 0.186280698 -0.863595784 1.44619107 0.239633068 -0.86358875 1.45896149 0.253723025 -0.890662789 1.51728654 0.205857009 -0.863758683 1.14805508 0.484306753 -0.890898883 1.08531928 0.526225388 -0.863582551 1.47028923 0.268996894 -0.890654147 1.53302515 0.227078199 -0.863764048 1.13827884 0.46799615 -0.890906274 1.07173634 0.503563762 -0.863577247 1.48006558 0.285307527 -0.890646815 1.54660809 0.249739856 -0.863768518 1.13014841 0.450805783 -0.890912533 1.06044006 0.479679823 -0.863572776 1.4881959 0.302497864 -0.890640557 1.55790424 0.273623794 -0.863771975 1.12374222 0.432901323 -0.890917301 1.05153942 0.454803705 -0.863569319 1.49460232 0.320402384 -0.890635729 1.56680512 0.298499942 -0.863774538 1.11912155 0.414455116 -0.890920877 1.04511976 0.42917496 -0.863566697 1.49922276 0.338848531 -0.890632153 1.57322466 0.324128658 -0.863776028 1.11633146 0.395644873 -0.890922964 1.04124308 0.403040379 -0.863565207 1.50201297 0.357658803 -0.890630066 1.57710123 0.350263268 -0.890923679 1.03994668 0.376651645 -0.863776565 1.11539829 0.376651704 -0.863776028 1.11633146 0.357658535 -0.890922964 1.04124308 0.35026291 -0.890629411 1.57839775 0.376652002 -0.86356473 1.50294602 0.376651973 -0.863565207 1.50201297 0.395645142 -0.890630066 1.57710135 0.403040767 -0.863774538 1.11912167 0.338848323 -0.890920877 1.04511976 0.32412836 -0.863566697 1.49922264 0.414455384 -0.890632153 1.57322454 0.429175317 -0.863771975 1.12374222 0.320402116 -0.890917301 1.05153942 0.298499584 -0.863569319 1.4946022 0.432901561 -0.890635729 1.56680501 0.454804063 -0.863603473 1.43210101 0.526441276 -0.890683174 1.479967 0.584766269 -0.863768518 1.13014853 0.302497625 -0.890912533 1.0604403 0.273623437 -0.863572776 1.4881959 0.450806051 -0.890640557 1.55790412 0.47968021 -0.863611758 1.41682696 0.537769079 -0.890694737 1.45874572 0.600504875 -0.863764048 1.13827908 0.285307288 -0.890906274 1.07173669 0.249739528 -0.863577247 1.48006546 0.467996389 -0.890646815 1.54660797 0.503564119 -0.863620639 1.40051639 0.547545254 -0.890707135 1.43608403 0.61408776 -0.863758683 1.1480552 0.268996686 -0.890898883 1.0853194 0.227077901 -0.863582551 1.47028923 0.484306961 -0.890654147 1.53302503 0.526225686 -0.863630056 1.38332617 0.555675685 -0.890720189 1.41220021 0.625383973 -0.830293536 1.30575752 0.411321431 -0.830295444 1.30237567 0.410819799 -0.830279648 1.33127284 0.349722147 -0.830278218 1.33380592 0.352018058 -0.830286145 1.31928492 0.409989119 -0.830287993 1.31596863 0.410819799 -0.830297232 1.29905939 0.409989089 -0.830305159 1.28453851 0.352017999 -0.830303788 1.28707159 0.349722117 -0.830289841 1.31258678 0.411321461 -0.83029902 1.2958405 0.408837348 -0.830302298 1.28981757 0.347685546 -0.830291688 1.30917215 0.411489189 -0.830300689 1.29274988 0.407375634 -0.830300689 1.29275 0.345927924 -0.830272675 1.34400952 0.376651824 -0.830272734 1.34384179 0.380066484 -0.830302298 1.28981757 0.405618012 -0.83029902 1.2958405 0.344466239 -0.830273032 1.34334016 0.383448243 -0.830303788 1.28707159 0.40358144 -0.830297232 1.29905939 0.343314469 -0.830273509 1.34250951 0.386764586 -0.830305159 1.28453839 0.401285529 -0.830295444 1.30237579 0.342483789 -0.830274105 1.34135771 0.389983505 -0.830293536 1.30575752 0.341982156 -0.83027494 1.33989596 0.393074065 -0.830291688 1.30917215 0.341814399 -0.830275893 1.33813846 0.396006435 -0.830310762 1.27433479 0.376651764 -0.830310643 1.27450252 0.373237103 -0.830276966 1.33610189 0.398752421 -0.830310404 1.27500415 0.369855344 -0.830278218 1.33380592 0.401285559 -0.830309927 1.27583492 0.366539001 -0.830276966 1.33610189 0.354551196 -0.830309272 1.2769866 0.363320082 -0.830275893 1.33813846 0.357297182 -0.830308497 1.27844834 0.360229522 -0.83027494 1.33989608 0.360229582 -0.830307543 1.28020597 0.357297152 -0.830274105 1.34135771 0.363320112 -0.830306411 1.28224254 0.354551166 -0.830273509 1.34250951 0.366539061 -0.830273032 1.34334016 0.369855374 -0.830306411 1.28224254 0.398752391 -0.830272734 1.34384179 0.373237163 -0.830307543 1.28020597 0.396006376 -0.830308497 1.27844834 0.393074006 -0.830289841 1.3125869 0.341982156 -0.830309272 1.2769866 0.389983445 -0.830287993 1.31596863 0.342483789 -0.830309927 1.27583492 0.386764526 -0.830286145 1.31928492 0.343314499 -0.830279648 1.33127272 0.4035815 -0.830310404 1.27500415 0.383448213 -0.830284417 1.32250392 0.344466239 -0.830281138 1.32852674 0.405618042 -0.830310643 1.27450252 0.380066425 -0.830282688 1.32559443 0.345927954 -0.830282688 1.32559443 0.407375634 -0.830281138 1.32852685 0.347685575 -0.830284417 1.32250381 0.408837348 </float_array>
          <technique_common>
            <accessor count="192" offset="0" source="#meshesP2R-positions-array" stride="3">
              <param name="X" type="float" />
              <param name="Y" type="float" />
              <param name="Z" type="float" />
            </accessor>
          </technique_common>
        </source>
        <source id="meshesP2R-tex0" name="meshesP2R-tex0">
          <float_array id="meshesP2R-tex0-array" count="384"> 0.0785267949 0.417979479 0.130949736 0.374957085 0.142427772 0.387621224 0.0944743156 0.435574651 0.452635646 0.110956192 0.400212824 0.153978467 0.388734549 0.141314328 0.436688006 0.0933607817 0.112069726 0.45152235 0.155092061 0.39909935 0.168820083 0.409281015 0.131143361 0.465668321 0.335824788 0.0329056382 0.316138595 0.0978018641 0.299559176 0.0936489701 0.312789589 0.0271354914 0.183480248 0.418067813 0.151511669 0.477876604 0.282652378 0.0911411047 0.289299577 0.023651123 0.198930964 0.425375581 0.172978818 0.488029897 0.265581161 0.0903024673 0.265581161 0.0224860311 0.215023562 0.431133687 0.195337594 0.496029913 0.231603131 0.435286582 0.218372896 0.501799941 0.248509973 0.437794447 0.241862863 0.505284309 0.248509973 0.0911412239 0.241862863 0.023651123 0.265581161 0.50644964 0.265581161 0.438632965 0.282652378 0.437794447 0.289299577 0.505284309 0.231603131 0.0936489701 0.218372896 0.0271354914 0.299559176 0.435286582 0.312789589 0.501799941 0.215023562 0.0978018641 0.195337594 0.0329056382 0.316138595 0.431133687 0.335824788 0.496029913 0.198930964 0.103559971 0.172978818 0.0409056544 0.332231402 0.425375581 0.358183622 0.488029897 0.183480248 0.110867858 0.151511669 0.051058948 0.347682238 0.418067813 0.379650593 0.477876604 0.168820083 0.119654596 0.131143361 0.0632671118 0.362342209 0.409281015 0.40001893 0.465668321 0.155092061 0.129836202 0.112069726 0.0774132013 0.376070529 0.39909935 0.419092774 0.45152235 0.0944743156 0.0933607817 0.142427772 0.141314328 0.130949616 0.153978467 0.0785267949 0.110956192 0.436688006 0.435574651 0.388734549 0.387621224 0.400212824 0.374957085 0.452635646 0.417979479 0.120768085 0.167706788 0.0643807203 0.130029857 0.410394251 0.361228764 0.466781467 0.398905694 0.111981153 0.182366788 0.0521723628 0.150398254 0.419181347 0.346568763 0.478990018 0.378537297 0.10467343 0.197817624 0.0420190692 0.171865344 0.426488847 0.331118047 0.489143193 0.357070208 0.0989154875 0.213910222 0.0340191275 0.194224298 0.432246983 0.31502521 0.497143328 0.334711373 0.0947623849 0.23048985 0.0282491148 0.217259526 0.436399758 0.298445702 0.502913117 0.311676145 0.0922545642 0.247396588 0.0247645974 0.240749419 0.438907713 0.281539083 0.506397605 0.288186252 0.0235993713 0.264467835 0.0914159566 0.264467835 0.0922545642 0.281539083 0.0247645974 0.288186252 0.507562757 0.264467835 0.439746469 0.264467835 0.438907713 0.247396588 0.506397605 0.240749419 0.0947623849 0.298445702 0.0282491148 0.311676145 0.436399758 0.23048985 0.502913117 0.217259526 0.0989154279 0.31502521 0.0340191275 0.334711373 0.432246983 0.213910222 0.497143328 0.194224298 0.376070529 0.129836202 0.419092774 0.0774132013 0.10467343 0.331118047 0.0420190692 0.357070208 0.426488847 0.197817504 0.489143193 0.171865344 0.362342209 0.119654596 0.40001893 0.0632671118 0.111981273 0.346568763 0.0521723628 0.378537297 0.419181347 0.182366788 0.478990018 0.150398254 0.347682238 0.110867679 0.379650593 0.051058948 0.120768085 0.361228764 0.0643807203 0.398905694 0.410394371 0.167706788 0.466781676 0.130029857 0.332231402 0.103559971 0.358183622 0.0409056544 0.262512028 0.233306527 0.259472519 0.233757436 0.285445392 0.288672328 0.287722051 0.286608875 0.274670571 0.234503984 0.271689892 0.233757436 0.256491661 0.234503984 0.243440107 0.286608875 0.245716959 0.288672328 0.268650293 0.233306527 0.253598541 0.235539198 0.248185113 0.290502846 0.265581161 0.233155787 0.250820726 0.236853063 0.250820726 0.292082608 0.296893269 0.264467835 0.29674235 0.261398733 0.248185113 0.238432825 0.253598541 0.293396413 0.29629153 0.258359194 0.245716959 0.240263343 0.256491661 0.294431686 0.295544982 0.255378425 0.243440107 0.242326796 0.259472519 0.295178354 0.294509709 0.252485216 0.262512028 0.295629144 0.293196082 0.249707341 0.265581161 0.295779884 0.291616261 0.247071803 0.234269097 0.264467835 0.234419808 0.267536938 0.289785713 0.244603634 0.234870732 0.270576477 0.287722051 0.242326796 0.235617399 0.273557127 0.289785713 0.284332037 0.236652538 0.276450574 0.291616261 0.281863868 0.237966359 0.27922821 0.293196082 0.27922821 0.23954612 0.281863868 0.294509709 0.276450574 0.241376579 0.284332037 0.295544982 0.273557127 0.29629153 0.270576477 0.241376579 0.244603634 0.29674235 0.267536938 0.23954612 0.247071803 0.237966359 0.249707341 0.268650293 0.295629144 0.236652538 0.252485216 0.271689892 0.295178354 0.235617399 0.255378425 0.274670571 0.294431686 0.285445392 0.240263343 0.234870732 0.258359194 0.277563751 0.293396413 0.282977343 0.238432825 0.234419808 0.261398733 0.280341595 0.292082608 0.280341595 0.236853063 0.282977343 0.290502846 0.277563751 0.235539198 </float_array>
          <technique_common>
            <accessor count="192" offset="0" source="#meshesP2R-tex0-array" stride="2">
              <param name="S" type="float" />
              <param name="T" type="float" />
            </accessor>
          </technique_common>
        </source>
        <vertices id="meshesP2R-vertices">
          <input semantic="POSITION" source="#meshesP2R-positions" />
        </vertices>
        <polylist count="318" material="defaultMaterial">
          <input offset="0" semantic="VERTEX" source="#meshesP2R-vertices" />
          <input offset="0" semantic="TEXCOORD" source="#meshesP2R-tex0" set="0" />
          <vcount>3 3 3 3 3 3 3 3 3 3 3 3 3 3 3 3 3 3 3 3 3 3 3 3 3 3 3 3 3 3 3 3 3 3 3 3 3 3 3 3 3 3 3 3 3 3 3 3 3 3 3 3 3 3 3 3 3 3 3 3 3 3 3 3 3 3 3 3 3 3 3 3 3 3 3 3 3 3 3 3 3 3 3 3 3 3 3 3 3 3 3 3 3 3 3 3 3 3 3 3 3 3 3 3 3 3 3 3 3 3 3 3 3 3 3 3 3 3 3 3 3 3 3 3 3 3 3 3 3 3 3 3 3 3 3 3 3 3 3 3 3 3 3 3 3 3 3 3 3 3 3 3 3 3 3 3 3 3 3 3 3 3 3 3 3 3 3 3 3 3 3 3 3 3 3 3 3 3 3 3 3 3 3 3 3 3 3 3 3 3 3 3 3 3 3 3 3 3 3 3 3 3 3 3 3 3 3 3 3 3 3 3 3 3 3 3 3 3 3 3 3 3 3 3 3 3 3 3 3 3 3 3 3 3 3 3 3 3 3 3 3 3 3 3 3 3 3 3 3 3 3 3 3 3 3 3 3 3 3 3 3 3 3 3 3 3 3 3 3 3 3 3 3 3 3 3 3 3 3 3 3 3 3 3 3 3 3 3 3 3 3 3 3 3 3 3 3 3 3 3 3 3 3 3 3 3 3 3 3 3 3 3 3 3 3 3 3 3 </vcount>
          <p>0 1 2 0 2 3 4 5 6 4 6 7 8 9 10 8 10 11 12 13 14 12 14 15 11 10 16 11 16 17 15 14 18 15 18 19 17 16 20 17 20 21 19 18 22 19 22 23 21 20 24 21 24 25 25 24 26 25 26 27 27 26 28 27 28 29 23 22 30 23 30 31 32 33 34 32 34 35 29 28 33 29 33 32 31 30 36 31 36 37 35 34 38 35 38 39 37 36 40 37 40 41 39 38 42 39 42 43 41 40 44 41 44 45 43 42 46 43 46 47 45 44 48 45 48 49 47 46 50 47 50 51 49 48 52 49 52 53 51 50 54 51 54 55 53 52 56 53 56 57 55 54 58 55 58 59 60 61 62 60 62 63 64 65 66 64 66 67 57 56 61 57 61 60 59 58 65 59 65 64 63 62 68 63 68 69 67 66 70 67 70 71 69 68 72 69 72 73 71 70 74 71 74 75 73 72 76 73 76 77 75 74 78 75 78 79 77 76 80 77 80 81 79 78 82 79 82 83 81 80 84 81 84 85 83 82 86 83 86 87 85 84 88 85 88 89 87 86 90 87 90 91 92 93 94 92 94 95 96 97 98 96 98 99 89 88 93 89 93 92 91 90 97 91 97 96 95 94 100 95 100 101 99 98 102 99 102 103 101 100 104 101 104 105 103 102 106 103 106 107 7 6 108 7 108 109 105 104 110 105 110 111 107 106 112 107 112 113 109 108 114 109 114 115 111 110 116 111 116 117 113 112 118 113 118 119 115 114 120 115 120 121 117 116 122 117 122 123 119 118 124 119 124 125 121 120 126 121 126 127 123 122 1 123 1 0 125 124 5 125 5 4 3 2 9 3 9 8 127 126 13 127 13 12 30 128 129 30 129 36 58 130 131 58 131 65 13 132 133 13 133 14 36 129 134 36 134 40 2 135 136 2 136 9 14 133 137 14 137 18 40 134 138 40 138 44 9 136 139 9 139 10 18 137 140 18 140 22 44 138 141 44 141 48 10 139 142 10 142 16 97 143 144 97 144 98 48 141 145 48 145 52 16 142 146 16 146 20 98 144 147 98 147 102 52 145 148 52 148 56 20 146 149 20 149 24 102 147 150 102 150 106 56 148 151 56 151 61 24 149 152 24 152 26 106 150 153 106 153 112 26 152 154 26 154 28 112 153 155 112 155 118 28 154 156 28 156 33 118 155 157 118 157 124 93 158 159 93 159 94 124 157 160 124 160 5 94 159 161 94 161 100 5 160 162 5 162 6 100 161 163 100 163 104 65 131 164 65 164 66 104 163 165 104 165 110 66 164 166 66 166 70 110 165 167 110 167 116 70 166 168 70 168 74 116 167 169 116 169 122 74 168 170 74 170 78 122 169 171 122 171 1 78 170 172 78 172 82 1 171 135 1 135 2 82 172 173 82 173 86 61 151 174 61 174 62 86 173 175 86 175 90 62 174 176 62 176 68 90 175 143 90 143 97 68 176 177 68 177 72 33 156 178 33 178 34 72 177 179 72 179 76 34 178 180 34 180 38 76 179 181 76 181 80 38 180 182 38 182 42 6 162 183 6 183 108 80 181 184 80 184 84 42 182 185 42 185 46 108 183 186 108 186 114 84 184 187 84 187 88 46 185 188 46 188 50 114 186 189 114 189 120 88 187 158 88 158 93 50 188 190 50 190 54 120 189 191 120 191 126 22 140 128 22 128 30 54 190 130 54 130 58 126 191 132 126 132 13 137 128 140 128 137 133 128 133 129 129 133 132 129 132 134 134 132 191 134 191 138 138 191 189 138 189 141 141 189 186 141 186 145 145 186 183 145 183 148 148 183 162 148 162 151 151 162 160 151 160 174 174 160 157 174 157 176 176 157 155 176 155 177 177 155 153 177 153 179 179 153 150 179 150 181 181 150 147 181 147 184 184 147 144 184 144 187 187 144 143 187 143 158 158 143 175 158 175 159 159 175 173 159 173 161 161 173 163 163 173 172 163 172 170 163 170 165 165 170 168 165 168 167 167 168 166 167 166 169 169 166 164 169 164 171 171 164 131 171 131 135 135 131 130 135 130 136 136 130 190 136 190 139 139 190 188 139 188 142 142 188 185 142 185 146 146 185 182 146 182 149 149 182 180 149 180 152 152 180 178 152 178 154 154 178 156 </p>
        </polylist>
      </mesh>
    </geometry>
    <geometry id="meshesP3R-0" name="meshes[3]-0" >
      <mesh>
        <source id="meshesP3R-0-positions" name="meshesP3R-0-positions">
          <float_array id="meshesP3R-0-positions-array" count="960"> 0.887352467 -1.54243231 0.584765792 0.887341738 -1.522856 0.5670228 0.895605683 -1.51465297 0.575225949 0.895616889 -1.5350728 0.59373349 0.88736403 -1.56365359 0.600504458 0.895628989 -1.5572083 0.610150397 0.887376368 -1.58631516 0.614087343 0.895641983 -1.58084655 0.62431848 0.887389421 -1.61019909 0.625383615 0.895655513 -1.6057595 0.636101544 0.887403071 -1.63507521 0.634284377 0.895669699 -1.63170767 0.645385861 0.887417078 -1.66070402 0.640704155 0.895684421 -1.65844083 0.652082145 0.887431324 -1.68683851 0.644580841 0.895699203 -1.68570137 0.656125844 0.887445807 -1.71322727 0.645877123 0.895714283 -1.71322727 0.657478094 0.889357507 -1.49173224 0.646553516 0.889343679 -1.46634388 0.623542845 0.875980079 -1.44764435 0.642258048 0.87599498 -1.47495723 0.667013168 0.889372587 -1.51925397 0.666965008 0.876011193 -1.50456512 0.688971817 0.88938868 -1.54864371 0.684580564 0.876028419 -1.53618264 0.707922578 0.889405608 -1.57961857 0.699230552 0.876046658 -1.56950569 0.723683238 0.889423192 -1.61188018 0.710774004 0.876065671 -1.60421288 0.736101687 0.889441371 -1.64511788 0.719099581 0.876085222 -1.63997018 0.745058417 0.889459908 -1.6790117 0.724127173 0.876105189 -1.67643309 0.750467181 0.889478624 -1.71323514 0.725808442 0.876125216 -1.71325076 0.752275944 0.64542371 -1.4477793 0.642258048 0.645438612 -1.47509205 0.667013168 0.645454824 -1.50470006 0.688971817 0.645472109 -1.53631759 0.707922578 0.645490408 -1.56964052 0.723683238 0.645509303 -1.60434783 0.736101687 0.645528853 -1.64010513 0.745058417 0.645548761 -1.67656815 0.750467181 0.645568848 -1.7133857 0.752275944 0.887299299 -1.44529796 0.40304023 0.887298644 -1.44400167 0.376651496 0.895560741 -1.4324007 0.376651496 0.895561576 -1.43375301 0.404177338 0.887301385 -1.44917488 0.429174811 0.895563722 -1.43779671 0.431438088 0.887305021 -1.4555943 0.454803556 0.895567358 -1.44449306 0.458171159 0.88730979 -1.4644953 0.479679704 0.895572484 -1.45377743 0.484119207 0.887316048 -1.47579145 0.503563643 0.89557898 -1.46556032 0.509032369 0.88732338 -1.48937428 0.526225209 0.895586669 -1.47972846 0.532670498 0.887332022 -1.50511301 0.547446489 0.89559567 -1.49614537 0.554806054 0.889288723 -1.36575949 0.410874844 0.88928771 -1.36407816 0.376651496 0.875919998 -1.33762634 0.376651496 0.875920892 -1.33943522 0.413469166 0.889291465 -1.37078702 0.444768608 0.875923932 -1.34484398 0.449932158 0.889295936 -1.37911272 0.478006423 0.87592876 -1.35380065 0.485689431 0.889302254 -1.39065611 0.510268152 0.875935555 -1.36621928 0.520396709 0.8893103 -1.4053061 0.541242957 0.875944197 -1.3819797 0.553719759 0.889319897 -1.42292178 0.570632815 0.875954509 -1.40093052 0.585337341 0.889331102 -1.44333315 0.598154366 0.875966549 -1.42288935 0.614945173 0.645363629 -1.3377614 0.376651496 0.645364642 -1.33957016 0.413469166 0.645367563 -1.34497893 0.449932158 0.64537245 -1.3539356 0.485689431 0.645379186 -1.36635423 0.520396709 0.645387828 -1.38211465 0.553719759 0.6453982 -1.40106559 0.585337341 0.64541018 -1.4230243 0.614945173 0.887332022 -1.50511301 0.205856517 0.887341738 -1.522856 0.186280221 0.895605683 -1.51465285 0.178077132 0.89559567 -1.49614537 0.198496997 0.88732338 -1.4893744 0.227077708 0.895586669 -1.47972846 0.220632583 0.887316048 -1.47579134 0.249739364 0.89557898 -1.46556032 0.244270712 0.88730979 -1.46449518 0.273623288 0.895572484 -1.45377743 0.269183785 0.887305021 -1.4555943 0.298499435 0.895567358 -1.44449306 0.295131832 0.887301385 -1.44917488 0.324128151 0.895563722 -1.43779671 0.321864933 0.887299299 -1.44529819 0.350262761 0.895561576 -1.43375301 0.349125683 0.889331102 -1.44333327 0.155148566 0.889343679 -1.46634388 0.129760161 0.875980079 -1.44764435 0.111044914 0.875966549 -1.42288923 0.138357848 0.889319897 -1.42292166 0.182670191 0.875954509 -1.40093052 0.167965665 0.8893103 -1.40530622 0.212060004 0.875944197 -1.3819797 0.199583396 0.889302254 -1.39065623 0.243034884 0.875935555 -1.36621916 0.232906222 0.889295936 -1.37911272 0.275296569 0.87592876 -1.35380065 0.2676135 0.889291465 -1.37078702 0.308534324 0.875923932 -1.34484398 0.303370804 0.889288723 -1.36575949 0.342428148 0.875920892 -1.33943534 0.339833856 0.64542371 -1.44777918 0.111044914 0.64541018 -1.42302418 0.138357848 0.6453982 -1.40106547 0.167965665 0.645387828 -1.38211465 0.199583396 0.645379186 -1.36635423 0.232906222 0.645372391 -1.3539356 0.2676135 0.645367563 -1.34497893 0.303370804 0.645364523 -1.33957016 0.339833856 0.887431324 -1.68683839 0.10872224 0.887445807 -1.71322727 0.107425779 0.895714283 -1.71322727 0.0958248079 0.895699203 -1.68570137 0.0971771181 0.887417078 -1.6607039 0.112598926 0.895684421 -1.65844071 0.101220906 0.887403071 -1.63507521 0.119018555 0.895669699 -1.63170767 0.10791719 0.887389421 -1.61019897 0.127919376 0.895655513 -1.6057595 0.117201537 0.887376368 -1.58631516 0.139215618 0.895641983 -1.58084655 0.128984585 0.88736403 -1.56365359 0.152798533 0.895628989 -1.5572083 0.143152699 0.887352467 -1.54243231 0.168537214 0.895616889 -1.53507268 0.159569606 0.889459908 -1.6790117 0.0291757584 0.889478624 -1.71323502 0.0274944901 0.876125216 -1.71325076 0.00102707744 0.876105189 -1.67643309 0.00283578038 0.889441371 -1.645118 0.0342033505 0.876085222 -1.63997006 0.00824457407 0.889423192 -1.61188006 0.0425290465 0.876065671 -1.60421276 0.017201364 0.889405608 -1.57961845 0.0540725291 0.876046658 -1.56950557 0.0296197236 0.88938868 -1.54864371 0.0687224269 0.876028419 -1.53618264 0.0453802943 0.889372587 -1.51925385 0.0863380134 0.876011193 -1.504565 0.0643311441 0.889357507 -1.49173224 0.106749475 0.87599498 -1.47495735 0.0862897933 0.645568848 -1.7133857 0.00102707744 0.645548761 -1.67656803 0.00283578038 0.645528853 -1.64010501 0.00824457407 0.645509303 -1.60434771 0.017201364 0.645490408 -1.56964052 0.0296197236 0.645472109 -1.53631759 0.0453802943 0.645454824 -1.50469995 0.0643311441 0.645438612 -1.47509205 0.0862897933 0.887539089 -1.884022 0.168537185 0.887549818 -1.90359843 0.186280161 0.895822883 -1.91180146 0.178076953 0.895811677 -1.89138162 0.159569442 0.887527525 -1.86280096 0.152798504 0.895799518 -1.86924589 0.143152669 0.887515187 -1.84013927 0.139215589 0.895786643 -1.845608 0.128984556 0.887502134 -1.81625533 0.127919346 0.895772994 -1.8206948 0.117201537 0.887488484 -1.79137933 0.119018555 0.895758867 -1.79474688 0.1079171 0.887474537 -1.76575053 0.112598926 0.895744205 -1.76801372 0.101220906 0.887460172 -1.73961592 0.10872224 0.895729303 -1.74075305 0.0971771181 0.889599741 -1.9347378 0.106749415 0.889613569 -1.96012616 0.129760101 0.876270473 -1.97885716 0.111044854 0.876255512 -1.95154428 0.0862897336 0.889584601 -1.90721631 0.0863379538 0.876239359 -1.92193639 0.0643310845 0.889568567 -1.87782633 0.0687224865 0.876222074 -1.89031887 0.0453803837 0.88955164 -1.84685147 0.0540724695 0.876203775 -1.85699594 0.029619664 0.889534056 -1.81458998 0.0425290465 0.876184821 -1.82228875 0.0172012448 0.889515877 -1.78135216 0.0342033505 0.87616533 -1.78653133 0.00824457407 0.88949734 -1.74745846 0.0291757584 0.876145363 -1.75006831 0.00283578038 0.645714104 -1.9789921 0.111044854 0.645699143 -1.95167923 0.0862897336 0.645682991 -1.92207134 0.0643310845 0.645665705 -1.89045382 0.0453803837 0.645647526 -1.85713065 0.029619664 0.645628452 -1.82242358 0.0172012448 0.645608962 -1.78666627 0.00824457407 0.645588994 -1.75020337 0.00283578038 0.887592196 -1.98115635 0.350262702 0.887592912 -1.98245287 0.376651436 0.895867765 -1.99405372 0.376651436 0.895867109 -1.99270153 0.349125594 0.88759011 -1.97727966 0.324128151 0.895864844 -1.98865771 0.321864873 0.887586594 -1.97086 0.298499376 0.895861208 -1.98196137 0.295131773 0.887581766 -1.96195924 0.273623228 0.895856082 -1.97267711 0.269183725 0.887575567 -1.95066285 0.249739304 0.895849645 -1.96089399 0.244270593 0.887568116 -1.93708014 0.227077648 0.895841956 -1.94672608 0.220632523 0.887559533 -1.9213413 0.205856457 0.895833015 -1.93030906 0.198496938 0.889668584 -2.06071067 0.342428058 0.889669418 -2.062392 0.376651406 0.876330554 -2.08887506 0.376651406 0.876329541 -2.08706617 0.339833766 0.889665782 -2.05568314 0.308534235 0.876326621 -2.08165741 0.303370714 0.889661193 -2.04735732 0.275296479 0.876321673 -2.07270074 0.267613411 0.889654994 -2.03581381 0.243034795 0.876314998 -2.06028223 0.232906133 0.889646888 -2.02116394 0.212059945 0.876306355 -2.04452181 0.199583173 0.889637232 -2.00354838 0.182670131 0.876295984 -2.02557087 0.167965606 0.889626205 -1.98313677 0.155148506 0.876284003 -2.00361204 0.138357788 0.645774305 -2.08901 0.376651406 0.645773232 -2.08720136 0.339833766 0.645770252 -2.08179235 0.303370714 0.645765424 -2.07283568 0.267613411 0.645758569 -2.06041718 0.232906133 0.645749986 -2.04465675 0.199583173 0.645739615 -2.02570581 0.167965606 0.645727575 -2.00374722 0.138357788 0.887559533 -1.92134142 0.54744643 0.887549818 -1.90359843 0.567022741 0.895822883 -1.91180158 0.57522583 0.895833015 -1.93030906 0.554805934 0.887568116 -1.93708014 0.526225209 0.895841956 -1.94672608 0.532670379 0.887575567 -1.95066297 0.503563583 0.895849645 -1.96089411 0.509032249 0.887581766 -1.96195924 0.479679585 0.895856082 -1.97267711 0.484119147 0.887586594 -1.97086 0.454803497 0.895861208 -1.98196137 0.458171099 0.88759011 -1.97727966 0.429174751 0.895864844 -1.98865771 0.431437999 0.887592196 -1.98115635 0.403040171 0.895867109 -1.99270141 0.404177219 0.889626205 -1.98313689 0.598154247 0.889613569 -1.96012628 0.623542786 0.876270473 -1.97885728 0.642258048 0.876284003 -2.00361228 0.614945054 0.889637232 -2.00354838 0.570632696 0.876295984 -2.02557087 0.585337281 0.889646888 -2.02116394 0.541242898 0.876306355 -2.04452181 0.553719521 0.889654994 -2.03581381 0.510268033 0.876314998 -2.06028223 0.52039665 0.889661193 -2.04735732 0.478006363 0.876321673 -2.07270074 0.485689402 0.889665782 -2.0556829 0.444768608 0.876326621 -2.08165741 0.449932069 0.889668584 -2.06071067 0.410874784 0.876329541 -2.08706617 0.413469076 0.645714104 -1.97899222 0.642258048 0.645727575 -2.00374722 0.614945054 0.645739615 -2.02570581 0.585337281 0.645749986 -2.04465675 0.553719521 0.645758569 -2.06041718 0.52039665 0.645765424 -2.07283568 0.485689402 0.645770252 -2.08179235 0.449932069 0.645773232 -2.08720136 0.413469076 0.887460172 -1.73961592 0.644580722 0.895729303 -1.74075305 0.656125844 0.887474537 -1.76575065 0.640704155 0.895744205 -1.76801383 0.652082086 0.887488484 -1.79137933 0.634284377 0.895758867 -1.79474688 0.645385802 0.887502134 -1.81625533 0.625383556 0.895772994 -1.8206948 0.636101484 0.887515187 -1.84013939 0.614087224 0.895786643 -1.845608 0.624318421 0.887527525 -1.86280096 0.600504398 0.895799518 -1.86924613 0.610150278 0.887539089 -1.884022 0.584765732 0.895811677 -1.89138174 0.59373343 0.88949734 -1.74745858 0.724127173 0.876145363 -1.75006843 0.750467122 0.889515877 -1.78135216 0.719099522 0.87616533 -1.78653145 0.745058358 0.889534056 -1.81458998 0.710773885 0.876184821 -1.82228887 0.736101627 0.88955164 -1.84685159 0.699230433 0.876203775 -1.85699606 0.723683178 0.889568567 -1.87782645 0.684580505 0.876222074 -1.89031887 0.707922578 0.889584601 -1.90721631 0.666964889 0.876239359 -1.92193651 0.688971758 0.889599741 -1.93473792 0.646553457 0.876255512 -1.95154428 0.667013049 0.645588994 -1.75020337 0.750467122 0.645608962 -1.78666639 0.745058358 0.645628572 -1.8224237 0.736101627 0.645647526 -1.85713077 0.723683178 0.645665705 -1.89045382 0.707922578 0.645682991 -1.92207146 0.688971758 0.645699143 -1.95167923 0.667013049 </float_array>
          <technique_common>
            <accessor count="320" offset="0" source="#meshesP3R-0-positions-array" stride="3">
              <param name="X" type="float" />
              <param name="Y" type="float" />
              <param name="Z" type="float" />
            </accessor>
          </technique_common>
        </source>
        <source id="meshesP3R-0-tex0" name="meshesP3R-0-tex0">
          <float_array id="meshesP3R-0-tex0-array" count="640"> 0.966933608 0.587166488 0.966936707 0.552631676 0.999988794 0.554904222 0.999985456 0.590927005 0.966929853 0.62086165 0.999981642 0.626073956 0.966925561 0.653392613 0.999977827 0.660006821 0.96692127 0.684446216 0.999973059 0.692398429 0.96691674 0.713723421 0.99996829 0.722937286 0.966911972 0.740942359 0.99996376 0.751329124 0.966906965 0.76584053 0.999958038 0.777299762 0.966902196 0.788178384 0.999952793 0.80060029 0.975070596 0.613056719 0.975075126 0.568269074 0.921703994 0.573450685 0.921699226 0.621633649 0.975066066 0.656755924 0.921694219 0.668645203 0.975061059 0.698945105 0.921688259 0.714032471 0.975055337 0.739218235 0.921682298 0.75735867 0.975049138 0.777187884 0.921676397 0.798206449 0.975043178 0.812487483 0.921669483 0.836182117 0.975036502 0.844777763 0.921662807 0.870919943 0.975030065 0.873747885 0.921655178 0.90208602 0.000134378672 0.573450685 0.000129848719 0.621633649 0.000124871731 0.668645382 0.000119149685 0.714032471 0.000113427639 0.75735867 0.000106751919 0.798206449 0.000100076199 0.836182117 9.31620598e-05 0.8709203 8.57710838e-05 0.902086198 0.966946483 0.315523148 0.966946244 0.286246181 0.999998808 0.277040005 1 0.307578564 0.966946721 0.346576691 0.999999523 0.339969993 0.966946483 0.379107356 0.999999046 0.373902678 0.966945052 0.412802517 0.999998331 0.40904963 0.966944098 0.447337151 0.999996901 0.445072293 0.966941714 0.482378602 0.999994516 0.481624007 0.966939569 0.517590046 0.999992132 0.51835233 0.975088239 0.260764301 0.975087285 0.222795248 0.921717346 0.201788783 0.921717823 0.242636263 0.975088477 0.301037252 0.921718299 0.285961986 0.975087285 0.343226433 0.921717107 0.331349075 0.975086093 0.38692534 0.921715915 0.378360629 0.975084424 0.431712985 0.921714008 0.426543415 0.975081801 0.477158546 0.921710908 0.475433648 0.97507894 0.522823513 0.921707809 0.52456063 0.000147968531 0.201788783 0.000148683786 0.242636263 0.000148683786 0.285961986 0.000147968531 0.331349075 0.000146538019 0.378360629 0.000144392252 0.426543593 0.000141769648 0.475433826 0.000138431787 0.52456063 0.966929138 0.151935935 0.966924846 0.145066917 0.999976397 0.129777193 0.999981165 0.136942327 0.966932654 0.162157178 0.99998498 0.147603989 0.966936231 0.175631642 0.999988794 0.161659002 0.966938853 0.192229867 0.999991655 0.178972602 0.966941714 0.211792111 0.999993801 0.199377775 0.966943383 0.234129906 0.999996185 0.222677827 0.966945052 0.259027839 0.999998093 0.248648643 0.975065112 0.048609376 0.975059867 0.0397007465 0.921687305 0.00481522083 0.921693027 0.0143989921 0.97506988 0.0618649721 0.921698034 0.0286593437 0.97507441 0.0793401599 0.921703041 0.0474591255 0.975077987 0.100866437 0.921706855 0.0706170797 0.975081086 0.1262362 0.921710432 0.097910285 0.975084186 0.155205727 0.921713531 0.129075766 0.975086331 0.187495828 0.921715438 0.163813591 0.000117719173 0.00481516123 0.000123679638 0.0143989921 0.000128895044 0.0286593437 0.000133424997 0.0474592447 0.000137478113 0.0706171989 0.000141054392 0.097910285 0.000143915415 0.129075885 0.000145822763 0.163813472 0.966890275 0.192232132 0.966885567 0.211794615 0.999935389 0.199380279 0.999940872 0.178974628 0.966895759 0.17563355 0.999946594 0.161661029 0.966900766 0.162158608 0.999951601 0.147605538 0.966906011 0.151936889 0.999956846 0.13694346 0.966910779 0.145067394 0.999962568 0.129778147 0.966916025 0.141616046 0.999967337 0.126177549 0.966920793 0.141615748 0.999972105 0.12617743 0.975015044 0.100869 0.975008607 0.126239538 0.921631813 0.0979138017 0.921639442 0.07062006 0.97502172 0.0793423653 0.921646595 0.0474616885 0.975028634 0.0618667603 0.921653986 0.0286614895 0.97503531 0.0486107469 0.9216609 0.014400363 0.975041986 0.039701581 0.921667814 0.00481587648 0.975047946 0.0352252722 0.921674728 2.38418579e-07 0.975053906 0.0352250338 0.921681106 1.1920929e-07 6.24358654e-05 0.0979139805 6.98268414e-05 0.0706202984 7.72178173e-05 0.0474617481 8.43405724e-05 0.0286614895 9.19699669e-05 0.0144004226 9.86456871e-05 0.00481593609 0.000105321407 3.57627869e-07 0.000111758709 0 0.966853619 0.41280663 0.966850519 0.447341442 0.999899447 0.445076585 0.999902785 0.409053743 0.966857433 0.379111648 0.999906361 0.373906791 0.966861725 0.346580505 0.999910653 0.339974105 0.966866016 0.315526605 0.999914944 0.307582378 0.966870308 0.286249697 0.999919891 0.277043641 0.966875553 0.259030819 0.99992466 0.248652101 0.966880083 0.234132588 0.999930143 0.222680926 0.974967837 0.386930585 0.974963367 0.431718349 0.921583652 0.426549315 0.921588182 0.378366351 0.974972129 0.343231797 0.921593428 0.331354797 0.974977374 0.301042318 0.921598911 0.285967529 0.974983096 0.26076889 0.921604633 0.242641032 0.974989295 0.222799718 0.921611071 0.201793551 0.974995255 0.187499762 0.921617985 0.163817883 0.975001931 0.155209363 0.921624899 0.1290797 1.43051147e-05 0.426549315 1.85966492e-05 0.378366351 2.38418579e-05 0.331354797 2.95639038e-05 0.285967708 3.57627869e-05 0.242640853 4.17232513e-05 0.201793551 4.86075878e-05 0.163817883 5.5283308e-05 0.129079878 0.966840506 0.684449852 0.966840982 0.713726938 0.999889195 0.722940803 0.999888957 0.692402244 0.966840506 0.653396606 0.999888718 0.660010636 0.966840982 0.620865643 0.999889195 0.626078129 0.966842175 0.58717066 0.999890149 0.590931177 0.966843367 0.552635849 0.999891579 0.554908156 0.966845274 0.517594218 0.999893963 0.518356979 0.966847897 0.482382894 0.999896586 0.481628299 0.974950492 0.739223003 0.974950731 0.777192175 0.921570301 0.798211038 0.921569347 0.757363737 0.974950016 0.698950052 0.921569347 0.714037836 0.974950731 0.656760871 0.921569824 0.668650746 0.9749524 0.613061965 0.921571493 0.621639192 0.97495383 0.568274498 0.921573639 0.573456407 0.974956214 0.522829056 0.921576262 0.524566174 0.974959791 0.477163613 0.921579838 0.47543937 1.1920929e-06 0.798211038 2.38418579e-07 0.757363737 0 0.714037836 9.53674316e-07 0.668650746 1.90734863e-06 0.621639192 4.29153442e-06 0.573456585 6.91413879e-06 0.524566174 1.00135803e-05 0.475439548 0.966858387 0.848037004 0.96686244 0.854906201 0.999911845 0.870203435 0.999907553 0.863038301 0.966854334 0.837816 0.9999035 0.852376938 0.966851234 0.824341476 0.999899685 0.838321805 0.966848373 0.807742953 0.999896824 0.821008205 0.966845751 0.788180947 0.99989444 0.800603032 0.966843843 0.765843391 0.999892056 0.777302861 0.966841936 0.740945339 0.999890864 0.751331985 0.974973559 0.951377869 0.974978566 0.960286856 0.921600342 0.995184839 0.92159462 0.985601008 0.974968076 0.938122511 0.921589136 0.971340597 0.974963844 0.920647264 0.921584606 0.952540696 0.974960506 0.899120986 0.921580553 0.929382563 0.97495693 0.873751044 0.9215765 0.902089536 0.974954307 0.844781578 0.921574116 0.870924115 0.9749524 0.812491655 0.921571732 0.836186409 3.09944153e-05 0.995184839 2.47955322e-05 0.985601008 1.97887421e-05 0.971340597 1.52587891e-05 0.952540874 1.09672546e-05 0.929382563 7.62939453e-06 0.902089536 4.76837158e-06 0.870924115 2.62260437e-06 0.836186528 0.966896713 0.807740688 0.999947309 0.82100594 0.966891706 0.824339747 0.999941826 0.838319898 0.966886282 0.837814569 0.999936581 0.852375388 0.966881275 0.848035753 0.999931097 0.863037348 0.966876507 0.854905605 0.999925852 0.87020278 0.966871262 0.858357072 0.999920607 0.873803198 0.966866493 0.858357251 0.999916136 0.873803496 0.975023389 0.899118304 0.921648264 0.929379702 0.975016713 0.920644879 0.921640873 0.952538013 0.975009799 0.938120484 0.921633482 0.971338689 0.975003123 0.951376677 0.921626091 0.985599399 0.974996448 0.960285902 0.921619415 0.995183885 0.974990249 0.96476233 0.921612978 0.999999642 0.974984527 0.964762449 0.921606302 1 7.86483288e-05 0.929379702 7.14957714e-05 0.952538311 6.45816326e-05 0.971338391 5.71906567e-05 0.985599399 5.00380993e-05 0.995184183 4.33623791e-05 0.999999642 3.67164612e-05 1 </float_array>
          <technique_common>
            <accessor count="320" offset="0" source="#meshesP3R-0-tex0-array" stride="2">
              <param name="S" type="float" />
              <param name="T" type="float" />
            </accessor>
          </technique_common>
        </source>
        <vertices id="meshesP3R-0-vertices">
          <input semantic="POSITION" source="#meshesP3R-0-positions" />
        </vertices>
        <polylist count="446" material="defaultMaterial">
          <input offset="0" semantic="VERTEX" source="#meshesP3R-0-vertices" />
          <input offset="0" semantic="TEXCOORD" source="#meshesP3R-0-tex0" set="0" />
          <vcount>3 3 3 3 3 3 3 3 3 3 3 3 3 3 3 3 3 3 3 3 3 3 3 3 3 3 3 3 3 3 3 3 3 3 3 3 3 3 3 3 3 3 3 3 3 3 3 3 3 3 3 3 3 3 3 3 3 3 3 3 3 3 3 3 3 3 3 3 3 3 3 3 3 3 3 3 3 3 3 3 3 3 3 3 3 3 3 3 3 3 3 3 3 3 3 3 3 3 3 3 3 3 3 3 3 3 3 3 3 3 3 3 3 3 3 3 3 3 3 3 3 3 3 3 3 3 3 3 3 3 3 3 3 3 3 3 3 3 3 3 3 3 3 3 3 3 3 3 3 3 3 3 3 3 3 3 3 3 3 3 3 3 3 3 3 3 3 3 3 3 3 3 3 3 3 3 3 3 3 3 3 3 3 3 3 3 3 3 3 3 3 3 3 3 3 3 3 3 3 3 3 3 3 3 3 3 3 3 3 3 3 3 3 3 3 3 3 3 3 3 3 3 3 3 3 3 3 3 3 3 3 3 3 3 3 3 3 3 3 3 3 3 3 3 3 3 3 3 3 3 3 3 3 3 3 3 3 3 3 3 3 3 3 3 3 3 3 3 3 3 3 3 3 3 3 3 3 3 3 3 3 3 3 3 3 3 3 3 3 3 3 3 3 3 3 3 3 3 3 3 3 3 3 3 3 3 3 3 3 3 3 3 3 3 3 3 3 3 3 3 3 3 3 3 3 3 3 3 3 3 3 3 3 3 3 3 3 3 3 3 3 3 3 3 3 3 3 3 3 3 3 3 3 3 3 3 3 3 3 3 3 3 3 3 3 3 3 3 3 3 3 3 3 3 3 3 3 3 3 3 3 3 3 3 3 3 3 3 3 3 3 3 3 3 3 3 3 3 3 3 3 3 3 3 3 3 3 3 3 3 3 3 3 3 3 3 3 3 3 3 3 3 3 3 3 3 3 3 3 3 3 3 3 3 3 3 3 3 3 3 3 3 3 3 3 3 </vcount>
          <p>0 1 2 0 2 3 4 0 3 4 3 5 6 4 5 6 5 7 8 6 7 8 7 9 10 8 9 10 9 11 12 10 11 12 11 13 14 12 13 14 13 15 16 14 15 16 15 17 18 19 20 18 20 21 22 18 21 22 21 23 24 22 23 24 23 25 26 24 25 26 25 27 28 26 27 28 27 29 30 28 29 30 29 31 32 30 31 32 31 33 34 32 33 34 33 35 21 20 36 21 36 37 23 21 37 23 37 38 25 23 38 25 38 39 27 25 39 27 39 40 29 27 40 29 40 41 31 29 41 31 41 42 33 31 42 33 42 43 35 33 43 35 43 44 45 46 47 45 47 48 49 45 48 49 48 50 51 49 50 51 50 52 53 51 52 53 52 54 55 53 54 55 54 56 57 55 56 57 56 58 59 57 58 59 58 60 1 59 60 1 60 2 61 62 63 61 63 64 65 61 64 65 64 66 67 65 66 67 66 68 69 67 68 69 68 70 71 69 70 71 70 72 73 71 72 73 72 74 75 73 74 75 74 76 19 75 76 19 76 20 64 63 77 64 77 78 66 64 78 66 78 79 68 66 79 68 79 80 70 68 80 70 80 81 72 70 81 72 81 82 74 72 82 74 82 83 76 74 83 76 83 84 20 76 84 20 84 36 85 86 87 85 87 88 89 85 88 89 88 90 91 89 90 91 90 92 93 91 92 93 92 94 95 93 94 95 94 96 97 95 96 97 96 98 99 97 98 99 98 100 46 99 100 46 100 47 101 102 103 101 103 104 105 101 104 105 104 106 107 105 106 107 106 108 109 107 108 109 108 110 111 109 110 111 110 112 113 111 112 113 112 114 115 113 114 115 114 116 62 115 116 62 116 63 104 103 117 104 117 118 106 104 118 106 118 119 108 106 119 108 119 120 110 108 120 110 120 121 112 110 121 112 121 122 114 112 122 114 122 123 116 114 123 116 123 124 63 116 124 63 124 77 125 126 127 125 127 128 129 125 128 129 128 130 131 129 130 131 130 132 133 131 132 133 132 134 135 133 134 135 134 136 137 135 136 137 136 138 139 137 138 139 138 140 86 139 140 86 140 87 141 142 143 141 143 144 145 141 144 145 144 146 147 145 146 147 146 148 149 147 148 149 148 150 151 149 150 151 150 152 153 151 152 153 152 154 155 153 154 155 154 156 102 155 156 102 156 103 144 143 157 144 157 158 146 144 158 146 158 159 148 146 159 148 159 160 150 148 160 150 160 161 152 150 161 152 161 162 154 152 162 154 162 163 156 154 163 156 163 164 103 156 164 103 164 117 165 166 167 165 167 168 169 165 168 169 168 170 171 169 170 171 170 172 173 171 172 173 172 174 175 173 174 175 174 176 177 175 176 177 176 178 179 177 178 179 178 180 126 179 180 126 180 127 181 182 183 181 183 184 185 181 184 185 184 186 187 185 186 187 186 188 189 187 188 189 188 190 191 189 190 191 190 192 193 191 192 193 192 194 195 193 194 195 194 196 142 195 196 142 196 143 184 183 197 184 197 198 186 184 198 186 198 199 188 186 199 188 199 200 190 188 200 190 200 201 192 190 201 192 201 202 194 192 202 194 202 203 196 194 203 196 203 204 143 196 204 143 204 157 205 206 207 205 207 208 209 205 208 209 208 210 211 209 210 211 210 212 213 211 212 213 212 214 215 213 214 215 214 216 217 215 216 217 216 218 219 217 218 219 218 220 166 219 220 166 220 167 221 222 223 221 223 224 225 221 224 225 224 226 227 225 226 227 226 228 229 227 228 229 228 230 231 229 230 231 230 232 233 231 232 233 232 234 235 233 234 235 234 236 182 235 236 182 236 183 224 223 237 224 237 238 226 224 238 226 238 239 228 226 239 228 239 240 230 228 240 230 240 241 232 230 241 232 241 242 234 232 242 234 242 243 236 234 243 236 243 244 183 236 244 183 244 197 245 246 247 245 247 248 249 245 248 249 248 250 251 249 250 251 250 252 253 251 252 253 252 254 255 253 254 255 254 256 257 255 256 257 256 258 259 257 258 259 258 260 206 259 260 206 260 207 261 262 263 261 263 264 265 261 264 265 264 266 267 265 266 267 266 268 269 267 268 269 268 270 271 269 270 271 270 272 273 271 272 273 272 274 275 273 274 275 274 276 222 275 276 222 276 223 264 263 277 264 277 278 266 264 278 266 278 279 268 266 279 268 279 280 270 268 280 270 280 281 272 270 281 272 281 282 274 272 282 274 282 283 276 274 283 276 283 284 223 276 284 223 284 237 285 16 17 285 17 286 287 285 286 287 286 288 289 287 288 289 288 290 291 289 290 291 290 292 293 291 292 293 292 294 295 293 294 295 294 296 297 295 296 297 296 298 246 297 298 246 298 247 299 34 35 299 35 300 301 299 300 301 300 302 303 301 302 303 302 304 305 303 304 305 304 306 307 305 306 307 306 308 309 307 308 309 308 310 311 309 310 311 310 312 262 311 312 262 312 263 300 35 44 300 44 313 302 300 313 302 313 314 304 302 314 304 314 315 306 304 315 306 315 316 308 306 316 308 316 317 310 308 317 310 317 318 312 310 318 312 318 319 263 312 319 263 319 277 204 158 157 158 204 203 158 203 159 159 203 202 159 202 160 160 202 201 160 201 161 161 201 200 161 200 162 162 200 163 163 200 199 163 199 198 163 198 164 164 198 197 164 197 117 117 197 244 117 244 118 118 244 243 118 243 119 119 243 242 119 242 120 120 242 241 120 241 121 121 241 240 121 240 122 122 240 239 122 239 123 123 239 238 123 238 124 124 238 237 124 237 77 77 237 284 77 284 78 78 284 283 78 283 79 79 283 282 79 282 80 80 282 81 81 282 281 81 281 280 81 280 82 82 280 279 82 279 83 83 279 278 83 278 84 84 278 277 84 277 36 36 277 319 36 319 37 37 319 318 37 318 38 38 318 317 38 317 39 39 317 40 40 317 316 40 316 315 40 315 41 41 315 314 41 314 42 42 314 313 42 313 43 43 313 44 </p>
        </polylist>
      </mesh>
    </geometry>
    <geometry id="meshesP3R-1" name="meshes[3]-1" >
      <mesh>
        <source id="meshesP3R-1-positions" name="meshesP3R-1-positions">
          <float_array id="meshesP3R-1-positions-array" count="384"> 0.895616889 -1.5350728 0.59373349 0.895605683 -1.51465297 0.575225949 0.889343679 -1.46634388 0.623542845 0.889357507 -1.49173224 0.646553516 0.895628989 -1.5572083 0.610150397 0.889372587 -1.51925397 0.666965008 0.895641983 -1.58084655 0.62431848 0.88938868 -1.54864371 0.684580564 0.895655513 -1.6057595 0.636101544 0.889405608 -1.57961857 0.699230552 0.895669699 -1.63170767 0.645385861 0.889423192 -1.61188018 0.710774004 0.895684421 -1.65844083 0.652082145 0.889441371 -1.64511788 0.719099581 0.895699203 -1.68570137 0.656125844 0.889459908 -1.6790117 0.724127173 0.895714283 -1.71322727 0.657478094 0.889478624 -1.71323514 0.725808442 0.895561576 -1.43375301 0.404177338 0.895560741 -1.4324007 0.376651496 0.88928771 -1.36407816 0.376651496 0.889288723 -1.36575949 0.410874844 0.895563722 -1.43779671 0.431438088 0.889291465 -1.37078702 0.444768608 0.895567358 -1.44449306 0.458171159 0.889295936 -1.37911272 0.478006423 0.895572484 -1.45377743 0.484119207 0.889302254 -1.39065611 0.510268152 0.89557898 -1.46556032 0.509032369 0.8893103 -1.4053061 0.541242957 0.895586669 -1.47972846 0.532670498 0.889319897 -1.42292178 0.570632815 0.89559567 -1.49614537 0.554806054 0.889331102 -1.44333315 0.598154366 0.89559567 -1.49614537 0.198496997 0.895605683 -1.51465285 0.178077132 0.889343679 -1.46634388 0.129760161 0.889331102 -1.44333327 0.155148566 0.895586669 -1.47972846 0.220632583 0.889319897 -1.42292166 0.182670191 0.89557898 -1.46556032 0.244270712 0.8893103 -1.40530622 0.212060004 0.895572484 -1.45377743 0.269183785 0.889302254 -1.39065623 0.243034884 0.895567358 -1.44449306 0.295131832 0.889295936 -1.37911272 0.275296569 0.895563722 -1.43779671 0.321864933 0.889291465 -1.37078702 0.308534324 0.895561576 -1.43375301 0.349125683 0.889288723 -1.36575949 0.342428148 0.895699203 -1.68570137 0.0971771181 0.895714283 -1.71322727 0.0958248079 0.889478624 -1.71323502 0.0274944901 0.889459908 -1.6790117 0.0291757584 0.895684421 -1.65844071 0.101220906 0.889441371 -1.645118 0.0342033505 0.895669699 -1.63170767 0.10791719 0.889423192 -1.61188006 0.0425290465 0.895655513 -1.6057595 0.117201537 0.889405608 -1.57961845 0.0540725291 0.895641983 -1.58084655 0.128984585 0.88938868 -1.54864371 0.0687224269 0.895628989 -1.5572083 0.143152699 0.889372587 -1.51925385 0.0863380134 0.895616889 -1.53507268 0.159569606 0.889357507 -1.49173224 0.106749475 0.895811677 -1.89138162 0.159569442 0.895822883 -1.91180146 0.178076953 0.889613569 -1.96012616 0.129760101 0.889599741 -1.9347378 0.106749415 0.895799518 -1.86924589 0.143152669 0.889584601 -1.90721631 0.0863379538 0.895786643 -1.845608 0.128984556 0.889568567 -1.87782633 0.0687224865 0.895772994 -1.8206948 0.117201537 0.88955164 -1.84685147 0.0540724695 0.895758867 -1.79474688 0.1079171 0.889534056 -1.81458998 0.0425290465 0.895744205 -1.76801372 0.101220906 0.889515877 -1.78135216 0.0342033505 0.895729303 -1.74075305 0.0971771181 0.88949734 -1.74745846 0.0291757584 0.895867109 -1.99270153 0.349125594 0.895867765 -1.99405372 0.376651436 0.889669418 -2.062392 0.376651406 0.889668584 -2.06071067 0.342428058 0.895864844 -1.98865771 0.321864873 0.889665782 -2.05568314 0.308534235 0.895861208 -1.98196137 0.295131773 0.889661193 -2.04735732 0.275296479 0.895856082 -1.97267711 0.269183725 0.889654994 -2.03581381 0.243034795 0.895849645 -1.96089399 0.244270593 0.889646888 -2.02116394 0.212059945 0.895841956 -1.94672608 0.220632523 0.889637232 -2.00354838 0.182670131 0.895833015 -1.93030906 0.198496938 0.889626205 -1.98313677 0.155148506 0.895833015 -1.93030906 0.554805934 0.895822883 -1.91180158 0.57522583 0.889613569 -1.96012628 0.623542786 0.889626205 -1.98313689 0.598154247 0.895841956 -1.94672608 0.532670379 0.889637232 -2.00354838 0.570632696 0.895849645 -1.96089411 0.509032249 0.889646888 -2.02116394 0.541242898 0.895856082 -1.97267711 0.484119147 0.889654994 -2.03581381 0.510268033 0.895861208 -1.98196137 0.458171099 0.889661193 -2.04735732 0.478006363 0.895864844 -1.98865771 0.431437999 0.889665782 -2.0556829 0.444768608 0.895867109 -1.99270141 0.404177219 0.889668584 -2.06071067 0.410874784 0.895729303 -1.74075305 0.656125844 0.88949734 -1.74745858 0.724127173 0.895744205 -1.76801383 0.652082086 0.889515877 -1.78135216 0.719099522 0.895758867 -1.79474688 0.645385802 0.889534056 -1.81458998 0.710773885 0.895772994 -1.8206948 0.636101484 0.88955164 -1.84685159 0.699230433 0.895786643 -1.845608 0.624318421 0.889568567 -1.87782645 0.684580505 0.895799518 -1.86924613 0.610150278 0.889584601 -1.90721631 0.666964889 0.895811677 -1.89138174 0.59373343 0.889599741 -1.93473792 0.646553457 </float_array>
          <technique_common>
            <accessor count="128" offset="0" source="#meshesP3R-1-positions-array" stride="3">
              <param name="X" type="float" />
              <param name="Y" type="float" />
              <param name="Z" type="float" />
            </accessor>
          </technique_common>
        </source>
        <source id="meshesP3R-1-tex0" name="meshesP3R-1-tex0">
          <float_array id="meshesP3R-1-tex0-array" count="256"> 0.754335403 0.810171127 0.783577204 0.783610702 0.853553116 0.852863193 0.817196488 0.885885894 0.722636938 0.833742261 0.777784765 0.915192544 0.688786566 0.854097366 0.735697925 0.940500557 0.653110862 0.871040642 0.691341519 0.961566329 0.615952373 0.884408593 0.645142257 0.978186846 0.577669978 0.894072413 0.597545028 0.990202248 0.538632333 0.899939418 0.549008369 0.997496724 0.499214739 0.901952803 0.499999642 1 0.899427652 0.538439393 0.901364028 0.499018013 0.999999881 0.499023676 0.997592032 0.548036933 0.893636882 0.577488601 0.990392566 0.596587539 0.884047508 0.615789652 0.978470027 0.644208074 0.870752096 0.652973771 0.961939633 0.69043982 0.853878915 0.688682914 0.940960526 0.734837413 0.833589792 0.722572803 0.915734529 0.776973426 0.810080349 0.754317284 0.886504889 0.816441953 0.810080349 0.244075358 0.783577383 0.214885473 0.853553116 0.145756185 0.886504769 0.182048559 0.833589792 0.275728047 0.915734708 0.221403003 0.853878915 0.309538722 0.940960407 0.263440609 0.870752096 0.345181823 0.961939454 0.307756305 0.884047508 0.382314026 0.978470027 0.35392338 0.893636882 0.420577645 0.990392566 0.401497245 0.899427652 0.459604263 0.997592032 0.450019836 0.538632333 0.0995132923 0.499214739 0.0976537466 0.499999821 0 0.549008369 0.00231194496 0.577670157 0.105227828 0.597544849 0.00941675901 0.615952373 0.114742279 0.645142436 0.0212464333 0.653110862 0.127965093 0.691341639 0.0376867056 0.688786566 0.144769013 0.735697925 0.058578968 0.722636938 0.164991975 0.777784944 0.0837227106 0.754335582 0.188439369 0.817196488 0.112875342 0.244093895 0.189435482 0.214852273 0.215995789 0.146446705 0.147136867 0.182803482 0.114114106 0.275792718 0.165864468 0.22221455 0.0848075151 0.309642732 0.145509303 0.264301568 0.0594996214 0.345318973 0.128566146 0.308658332 0.0384339094 0.382476926 0.115198076 0.354857415 0.0218132138 0.42075932 0.105534256 0.402454793 0.0097976923 0.459797144 0.0996671915 0.450991333 0.00250327587 0.0990016758 0.461167097 0.0970654488 0.500588477 -5.96046448e-08 0.500976264 0.0024074614 0.451963007 0.104792595 0.422117889 0.00960710645 0.403412342 0.114381969 0.383816838 0.0215299726 0.355791867 0.127677232 0.346632779 0.0380601883 0.30956018 0.144550562 0.310923696 0.0590390861 0.265162587 0.164839476 0.277033865 0.0842651129 0.223026514 0.188348979 0.245289326 0.113494903 0.183557928 0.188348979 0.755531192 0.214852095 0.784721017 0.146446347 0.854243755 0.113494903 0.817951202 0.164839476 0.723878443 0.0842651129 0.778596938 0.144550562 0.690067828 0.0590390861 0.736559451 0.127677232 0.654424667 0.0380601883 0.692243695 0.114381969 0.617292523 0.0215299726 0.64607656 0.104792595 0.579028845 0.00960746408 0.598502696 0.0990016758 0.540002167 0.0024074614 0.549980104 0.459797144 0.900093317 0.450990975 0.997688055 0.42075932 0.894378781 0.402454793 0.990583122 0.382476926 0.88486433 0.354857415 0.978753567 0.345318973 0.871641517 0.308658153 0.962313354 0.309642732 0.854837537 0.264301419 0.941421032 0.27579239 0.834614635 0.22221455 0.91627717 0.244093716 0.811167359 0.182803124 0.887124658 </float_array>
          <technique_common>
            <accessor count="128" offset="0" source="#meshesP3R-1-tex0-array" stride="2">
              <param name="S" type="float" />
              <param name="T" type="float" />
            </accessor>
          </technique_common>
        </source>
        <vertices id="meshesP3R-1-vertices">
          <input semantic="POSITION" source="#meshesP3R-1-positions" />
        </vertices>
        <polylist count="128" material="defaultMaterial">
          <input offset="0" semantic="VERTEX" source="#meshesP3R-1-vertices" />
          <input offset="0" semantic="TEXCOORD" source="#meshesP3R-1-tex0" set="0" />
          <vcount>3 3 3 3 3 3 3 3 3 3 3 3 3 3 3 3 3 3 3 3 3 3 3 3 3 3 3 3 3 3 3 3 3 3 3 3 3 3 3 3 3 3 3 3 3 3 3 3 3 3 3 3 3 3 3 3 3 3 3 3 3 3 3 3 3 3 3 3 3 3 3 3 3 3 3 3 3 3 3 3 3 3 3 3 3 3 3 3 3 3 3 3 3 3 3 3 3 3 3 3 3 3 3 3 3 3 3 3 3 3 3 3 3 3 3 3 3 3 3 3 3 3 3 3 3 3 3 3 </vcount>
          <p>0 1 2 0 2 3 4 0 3 4 3 5 6 4 5 6 5 7 8 6 7 8 7 9 10 8 9 10 9 11 12 10 11 12 11 13 14 12 13 14 13 15 16 14 15 16 15 17 18 19 20 18 20 21 22 18 21 22 21 23 24 22 23 24 23 25 26 24 25 26 25 27 28 26 27 28 27 29 30 28 29 30 29 31 32 30 31 32 31 33 1 32 33 1 33 2 34 35 36 34 36 37 38 34 37 38 37 39 40 38 39 40 39 41 42 40 41 42 41 43 44 42 43 44 43 45 46 44 45 46 45 47 48 46 47 48 47 49 19 48 49 19 49 20 50 51 52 50 52 53 54 50 53 54 53 55 56 54 55 56 55 57 58 56 57 58 57 59 60 58 59 60 59 61 62 60 61 62 61 63 64 62 63 64 63 65 35 64 65 35 65 36 66 67 68 66 68 69 70 66 69 70 69 71 72 70 71 72 71 73 74 72 73 74 73 75 76 74 75 76 75 77 78 76 77 78 77 79 80 78 79 80 79 81 51 80 81 51 81 52 82 83 84 82 84 85 86 82 85 86 85 87 88 86 87 88 87 89 90 88 89 90 89 91 92 90 91 92 91 93 94 92 93 94 93 95 96 94 95 96 95 97 67 96 97 67 97 68 98 99 100 98 100 101 102 98 101 102 101 103 104 102 103 104 103 105 106 104 105 106 105 107 108 106 107 108 107 109 110 108 109 110 109 111 112 110 111 112 111 113 83 112 113 83 113 84 114 16 17 114 17 115 116 114 115 116 115 117 118 116 117 118 117 119 120 118 119 120 119 121 122 120 121 122 121 123 124 122 123 124 123 125 126 124 125 126 125 127 99 126 127 99 127 100 </p>
        </polylist>
      </mesh>
    </geometry>
    <geometry id="meshesP4R-0" name="meshes[4]-0" >
      <mesh>
        <source id="meshesP4R-0-positions" name="meshesP4R-0-positions">
          <float_array id="meshesP4R-0-positions-array" count="960"> 0.887352467 1.47996712 0.58476615 0.887341738 1.49954343 0.567023158 0.895605683 1.50774646 0.575226307 0.895616889 1.48732662 0.593733847 0.88736403 1.45874584 0.600504816 0.895628989 1.46519113 0.610150754 0.887376368 1.43608427 0.614087701 0.895641983 1.44155288 0.624318838 0.887389421 1.41220033 0.625383973 0.895655513 1.41663992 0.636101902 0.887403071 1.38732421 0.634284735 0.895669699 1.39069176 0.645386219 0.887417078 1.36169541 0.640704513 0.895684421 1.3639586 0.652082503 0.887431324 1.33556092 0.644581199 0.895699203 1.33669806 0.656126201 0.887445807 1.30917215 0.645877481 0.895714283 1.30917215 0.657478452 0.889357507 1.53066719 0.646553874 0.889343679 1.55605555 0.623543203 0.875980079 1.57475507 0.642258406 0.87599498 1.5474422 0.667013526 0.889372587 1.50314546 0.666965365 0.876011193 1.51783431 0.688972175 0.88938868 1.47375572 0.684580922 0.876028419 1.48621678 0.707922935 0.889405608 1.44278085 0.699230909 0.876046658 1.45289373 0.723683596 0.889423192 1.41051924 0.710774362 0.876065671 1.41818655 0.736102045 0.889441371 1.37728155 0.719099939 0.876085222 1.38242924 0.745058775 0.889459908 1.34338772 0.724127531 0.876105189 1.34596634 0.750467539 0.889478624 1.30916429 0.725808799 0.876125216 1.30914867 0.752276301 0.64542371 1.57462013 0.642258406 0.645438612 1.54730737 0.667013526 0.645454824 1.51769936 0.688972175 0.645472109 1.48608184 0.707922935 0.645490408 1.45275891 0.723683596 0.645509303 1.4180516 0.736102045 0.645528853 1.3822943 0.745058775 0.645548761 1.34583127 0.750467539 0.645568848 1.30901372 0.752276301 0.887299299 1.57710147 0.403040588 0.887298644 1.57839775 0.376651853 0.895560741 1.58999872 0.376651853 0.895561576 1.58864641 0.404177696 0.887301385 1.57322454 0.429175168 0.895563722 1.58460271 0.431438446 0.887305021 1.56680512 0.454803914 0.895567358 1.57790637 0.458171517 0.88730979 1.55790412 0.479680061 0.895572484 1.56862199 0.484119564 0.887316048 1.54660797 0.503564 0.89557898 1.55683911 0.509032726 0.88732338 1.53302515 0.526225567 0.895586669 1.54267097 0.532670856 0.887332022 1.51728642 0.547446847 0.89559567 1.52625406 0.554806411 0.889288723 1.65663993 0.410875201 0.88928771 1.65832126 0.376651853 0.875919998 1.68477309 0.376651853 0.875920892 1.68296421 0.413469523 0.889291465 1.6516124 0.444768965 0.875923932 1.67755544 0.449932516 0.889295936 1.64328671 0.47800678 0.87592876 1.66859877 0.485689789 0.889302254 1.63174331 0.510268509 0.875935555 1.65618014 0.520397067 0.8893103 1.61709332 0.541243315 0.875944197 1.64041972 0.553720117 0.889319897 1.59947765 0.570633173 0.875954509 1.6214689 0.585337698 0.889331102 1.57906628 0.598154724 0.875966549 1.59951007 0.614945531 0.645363629 1.68463802 0.376651853 0.645364642 1.68282926 0.413469523 0.645367563 1.6774205 0.449932516 0.64537245 1.66846383 0.485689789 0.645379186 1.6560452 0.520397067 0.645387828 1.64028478 0.553720117 0.6453982 1.62133384 0.585337698 0.64541018 1.59937513 0.614945531 0.887332022 1.51728642 0.205856875 0.887341738 1.49954343 0.186280578 0.895605683 1.50774658 0.178077489 0.89559567 1.52625406 0.198497355 0.88732338 1.53302503 0.227078065 0.895586669 1.54267097 0.220632941 0.887316048 1.54660809 0.249739721 0.89557898 1.55683911 0.24427107 0.88730979 1.55790424 0.273623645 0.895572484 1.56862199 0.269184142 0.887305021 1.56680512 0.298499793 0.895567358 1.57790637 0.29513219 0.887301385 1.57322454 0.324128509 0.895563722 1.58460271 0.32186529 0.887299299 1.57710123 0.350263119 0.895561576 1.58864641 0.349126041 0.889331102 1.57906616 0.155148923 0.889343679 1.55605555 0.129760519 0.875980079 1.57475507 0.111045271 0.875966549 1.59951019 0.138358206 0.889319897 1.59947777 0.182670549 0.875954509 1.6214689 0.167966023 0.8893103 1.61709321 0.212060362 0.875944197 1.64041972 0.199583754 0.889302254 1.63174319 0.243035242 0.875935555 1.65618026 0.23290658 0.889295936 1.64328671 0.275296926 0.87592876 1.66859877 0.267613858 0.889291465 1.6516124 0.308534682 0.875923932 1.67755544 0.303371161 0.889288723 1.65663993 0.342428505 0.875920892 1.68296409 0.339834213 0.64542371 1.57462025 0.111045271 0.64541018 1.59937525 0.138358206 0.6453982 1.62133396 0.167966023 0.645387828 1.64028478 0.199583754 0.645379186 1.6560452 0.23290658 0.645372391 1.66846383 0.267613858 0.645367563 1.6774205 0.303371161 0.645364523 1.68282926 0.339834213 0.887431324 1.33556104 0.108722597 0.887445807 1.30917215 0.107426137 0.895714283 1.30917215 0.0958251655 0.895699203 1.33669806 0.0971774757 0.887417078 1.36169553 0.112599283 0.895684421 1.36395872 0.101221263 0.887403071 1.38732421 0.119018912 0.895669699 1.39069176 0.107917547 0.887389421 1.41220045 0.127919734 0.895655513 1.41663992 0.117201895 0.887376368 1.43608427 0.139215976 0.895641983 1.44155288 0.128984943 0.88736403 1.45874584 0.152798891 0.895628989 1.46519113 0.143153057 0.887352467 1.47996712 0.168537572 0.895616889 1.48732674 0.159569964 0.889459908 1.34338772 0.029176116 0.889478624 1.3091644 0.0274948478 0.876125216 1.30914867 0.00102743506 0.876105189 1.34596634 0.00283613801 0.889441371 1.37728143 0.0342037082 0.876085222 1.38242936 0.0082449317 0.889423192 1.41051936 0.0425294042 0.876065671 1.41818666 0.0172017217 0.889405608 1.44278097 0.0540728867 0.876046658 1.45289385 0.0296200812 0.88938868 1.47375572 0.0687227845 0.876028419 1.48621678 0.045380652 0.889372587 1.50314558 0.086338371 0.876011193 1.51783442 0.0643315017 0.889357507 1.53066719 0.106749833 0.87599498 1.54744208 0.0862901509 0.645568848 1.30901372 0.00102743506 0.645548761 1.34583139 0.00283613801 0.645528853 1.38229442 0.0082449317 0.645509303 1.41805172 0.0172017217 0.645490408 1.45275891 0.0296200812 0.645472109 1.48608184 0.045380652 0.645454824 1.51769948 0.0643315017 0.645438612 1.54730737 0.0862901509 0.887539089 1.13837743 0.168537542 0.887549818 1.118801 0.186280519 0.895822883 1.11059797 0.17807731 0.895811677 1.1310178 0.1595698 0.887527525 1.15959847 0.152798861 0.895799518 1.15315354 0.143153027 0.887515187 1.18226016 0.139215946 0.895786643 1.17679143 0.128984913 0.887502134 1.20614409 0.127919704 0.895772994 1.20170462 0.117201895 0.887488484 1.23102009 0.119018912 0.895758867 1.22765255 0.107917458 0.887474537 1.2566489 0.112599283 0.895744205 1.25438571 0.101221263 0.887460172 1.28278351 0.108722597 0.895729303 1.28164637 0.0971774757 0.889599741 1.08766162 0.106749773 0.889613569 1.06227326 0.129760459 0.876270473 1.04354227 0.111045212 0.876255512 1.07085514 0.0862900913 0.889584601 1.11518312 0.0863383114 0.876239359 1.10046303 0.0643314421 0.889568567 1.14457309 0.0687228441 0.876222074 1.13208055 0.0453807414 0.88955164 1.17554796 0.0540728271 0.876203775 1.16540349 0.0296200216 0.889534056 1.20780945 0.0425294042 0.876184821 1.20011067 0.0172016025 0.889515877 1.24104726 0.0342037082 0.87616533 1.2358681 0.0082449317 0.88949734 1.27494097 0.029176116 0.876145363 1.27233112 0.00283613801 0.645714104 1.04340732 0.111045212 0.645699143 1.0707202 0.0862900913 0.645682991 1.10032809 0.0643314421 0.645665705 1.13194561 0.0453807414 0.645647526 1.16526878 0.0296200216 0.645628452 1.19997585 0.0172016025 0.645608962 1.23573315 0.0082449317 0.645588994 1.27219605 0.00283613801 0.887592196 1.04124308 0.350263059 0.887592912 1.03994656 0.376651794 0.895867765 1.0283457 0.376651794 0.895867109 1.0296979 0.349125952 0.88759011 1.04511976 0.324128509 0.895864844 1.03374171 0.321865231 0.887586594 1.05153942 0.298499733 0.895861208 1.04043806 0.29513213 0.887581766 1.06044018 0.273623586 0.895856082 1.04972231 0.269184083 0.887575567 1.07173657 0.249739662 0.895849645 1.06150544 0.244270951 0.887568116 1.08531928 0.227078006 0.895841956 1.07567334 0.220632881 0.887559533 1.10105813 0.205856815 0.895833015 1.09209037 0.198497295 0.889668584 0.961688757 0.342428416 0.889669418 0.960007548 0.376651764 0.876330554 0.933524311 0.376651764 0.876329541 0.935333133 0.339834124 0.889665782 0.966716409 0.308534592 0.876326621 0.940741897 0.303371072 0.889661193 0.975042105 0.275296837 0.876321673 0.949698687 0.267613769 0.889654994 0.986585557 0.243035153 0.876314998 0.962117195 0.232906491 0.889646888 1.00123549 0.212060302 0.876306355 0.977877617 0.19958353 0.889637232 1.01885104 0.182670489 0.876295984 0.996828496 0.167965963 0.889626205 1.03926265 0.155148864 0.876284003 1.01878726 0.138358146 0.645774305 0.933389425 0.376651764 0.645773232 0.935198188 0.339834124 0.645770252 0.940606952 0.303371072 0.645765424 0.949563742 0.267613769 0.645758569 0.96198225 0.232906491 0.645749986 0.977742672 0.19958353 0.645739615 0.996693492 0.167965963 0.645727575 1.01865232 0.138358146 0.887559533 1.10105801 0.547446787 0.887549818 1.118801 0.567023098 0.895822883 1.11059785 0.575226188 0.895833015 1.09209037 0.554806292 0.887568116 1.08531928 0.526225567 0.895841956 1.07567334 0.532670736 0.887575567 1.07173645 0.503563941 0.895849645 1.06150532 0.509032607 0.887581766 1.06044018 0.479679942 0.895856082 1.04972231 0.484119505 0.887586594 1.05153942 0.454803854 0.895861208 1.04043806 0.458171457 0.88759011 1.04511976 0.429175109 0.895864844 1.03374171 0.431438357 0.887592196 1.04124308 0.403040528 0.895867109 1.02969801 0.404177576 0.889626205 1.03926253 0.598154604 0.889613569 1.06227314 0.623543143 0.876270473 1.04354215 0.642258406 0.876284003 1.01878715 0.614945412 0.889637232 1.01885104 0.570633054 0.876295984 0.996828437 0.585337639 0.889646888 1.00123549 0.541243255 0.876306355 0.977877617 0.553719878 0.889654994 0.986585498 0.51026839 0.876314998 0.962117136 0.520397007 0.889661193 0.975042105 0.478006721 0.876321673 0.949698687 0.485689759 0.889665782 0.966716528 0.444768965 0.876326621 0.940741897 0.449932426 0.889668584 0.961688757 0.410875142 0.876329541 0.935333133 0.413469434 0.645714104 1.0434072 0.642258406 0.645727575 1.0186522 0.614945412 0.645739615 0.996693611 0.585337639 0.645749986 0.977742612 0.553719878 0.645758569 0.961982131 0.520397007 0.645765424 0.949563742 0.485689759 0.645770252 0.940606952 0.449932426 0.645773232 0.935198188 0.413469434 0.887460172 1.28278351 0.644581079 0.895729303 1.28164637 0.656126201 0.887474537 1.25664878 0.640704513 0.895744205 1.25438559 0.652082443 0.887488484 1.23102009 0.634284735 0.895758867 1.22765255 0.645386159 0.887502134 1.20614409 0.625383914 0.895772994 1.20170462 0.636101842 0.887515187 1.18226004 0.614087582 0.895786643 1.17679143 0.624318779 0.887527525 1.15959847 0.600504756 0.895799518 1.1531533 0.610150635 0.887539089 1.13837743 0.58476609 0.895811677 1.13101768 0.593733788 0.88949734 1.27494085 0.724127531 0.876145363 1.272331 0.750467479 0.889515877 1.24104726 0.719099879 0.87616533 1.23586798 0.745058715 0.889534056 1.20780945 0.710774243 0.876184821 1.20011055 0.736101985 0.88955164 1.17554784 0.69923079 0.876203775 1.16540337 0.723683536 0.889568567 1.14457297 0.684580863 0.876222074 1.13208055 0.707922935 0.889584601 1.11518312 0.666965246 0.876239359 1.10046291 0.688972116 0.889599741 1.0876615 0.646553814 0.876255512 1.07085514 0.667013407 0.645588994 1.27219605 0.750467479 0.645608962 1.23573303 0.745058715 0.645628572 1.19997573 0.736101985 0.645647526 1.16526866 0.723683536 0.645665705 1.13194561 0.707922935 0.645682991 1.10032797 0.688972116 0.645699143 1.0707202 0.667013407 </float_array>
          <technique_common>
            <accessor count="320" offset="0" source="#meshesP4R-0-positions-array" stride="3">
              <param name="X" type="float" />
              <param name="Y" type="float" />
              <param name="Z" type="float" />
            </accessor>
          </technique_common>
        </source>
        <source id="meshesP4R-0-tex0" name="meshesP4R-0-tex0">
          <float_array id="meshesP4R-0-tex0-array" count="640"> 0.966933608 0.587168097 0.966936707 0.552633405 0.999988794 0.554905832 0.999985695 0.590928614 0.966929853 0.620863199 0.999981642 0.626075566 0.966925561 0.653394103 0.999977827 0.660008192 0.96692127 0.684447765 0.99997282 0.692399979 0.96691674 0.713724852 0.999968052 0.722938657 0.966911972 0.74094367 0.999963522 0.751330495 0.966906726 0.765841722 0.999958038 0.777301192 0.966901958 0.788179398 0.999952793 0.800601602 0.975070596 0.613058746 0.975074887 0.568270922 0.921703756 0.57345283 0.921698987 0.621635735 0.975066066 0.656757832 0.921693981 0.66864723 0.975060821 0.698947072 0.921688259 0.714034438 0.975055337 0.739220202 0.921682298 0.757360816 0.9750489 0.777189493 0.921676159 0.798208177 0.975042939 0.812489092 0.921669483 0.836183786 0.975036263 0.844779372 0.921662331 0.870921612 0.975029826 0.873749197 0.92165494 0.90208745 0.000134378672 0.573452771 0.0001296103 0.621635556 0.000124633312 0.66864723 0.000118911266 0.714034438 0.00011318922 0.757360637 0.000106751919 0.798208177 9.983778e-05 0.836183786 9.26852226e-05 0.870921731 8.55326653e-05 0.90208745 0.966946959 0.315524459 0.966946483 0.286247492 0.999999046 0.277041316 1 0.307579994 0.966946721 0.346578181 0.999999762 0.339971602 0.966946721 0.379108787 0.999999285 0.373904288 0.966945291 0.412804127 0.999998331 0.409051299 0.966944098 0.44733876 0.999996901 0.445074022 0.966941714 0.482380331 0.999994755 0.481625676 0.966939569 0.517591655 0.999992371 0.518354118 0.975088477 0.260766149 0.975087285 0.222796917 0.921717346 0.201790392 0.921717823 0.242637932 0.975088477 0.30103904 0.921718299 0.285963893 0.975087523 0.343228281 0.921717346 0.331351042 0.975086331 0.386927187 0.921716154 0.378362656 0.975084424 0.431714892 0.921714008 0.42654562 0.975081801 0.477160454 0.921711147 0.475435734 0.975078702 0.522825599 0.921707809 0.524562716 0.000147968531 0.201790571 0.000148922205 0.242638111 0.000148922205 0.285963893 0.000148206949 0.331351042 0.000146538019 0.378362596 0.000144630671 0.42654556 0.000142008066 0.475435853 0.000138193369 0.524562716 0.966929376 0.151936531 0.966925323 0.145067334 0.999976873 0.12977767 0.999981642 0.136942983 0.966932893 0.162157774 0.999985456 0.147604525 0.966936469 0.175632298 0.999989033 0.161659718 0.966939092 0.192230821 0.999991894 0.178973556 0.966942191 0.211793065 0.999994278 0.199378788 0.966943622 0.234130859 0.999996662 0.222679019 0.966945291 0.259029031 0.999998331 0.248649955 0.975065589 0.0486099124 0.975060105 0.039700985 0.921687782 0.00481557846 0.921693504 0.0143995285 0.975070119 0.0618656278 0.921698511 0.028660059 0.975074649 0.0793409944 0.921703279 0.0474601984 0.975078464 0.100867391 0.921707332 0.0706182718 0.975081563 0.126237392 0.921710908 0.0979115963 0.975084424 0.155207038 0.921713769 0.129077315 0.975086331 0.187497318 0.921715677 0.163815141 0.000118434429 0.00481545925 0.000123918056 0.0143994093 0.000129371881 0.028660059 0.000133901834 0.0474601388 0.000137716532 0.0706182718 0.00014129281 0.0979115963 0.000144392252 0.129077196 0.000146299601 0.163815141 0.966890752 0.192231536 0.966886044 0.211794019 0.999935865 0.199379563 0.999941111 0.178974271 0.966895998 0.175633073 0.999947071 0.161660612 0.966901243 0.162158251 0.999952078 0.147605181 0.96690625 0.151936889 0.999957323 0.136943281 0.966911495 0.145067453 0.999962807 0.129777908 0.966916263 0.141616225 0.999967575 0.126177669 0.966921031 0.141616046 0.999972582 0.126177549 0.975015521 0.100868344 0.975008845 0.126238644 0.92163229 0.0979127884 0.921639919 0.0706193447 0.975022197 0.0793417096 0.92164731 0.0474610329 0.975028872 0.061866343 0.921654463 0.028660953 0.975036025 0.0486104488 0.921661615 0.0144000053 0.975042462 0.0397014618 0.92166853 0.00481569767 0.975048661 0.0352252722 0.921675205 2.38418579e-07 0.975054383 0.0352252722 0.921681583 2.98023224e-07 6.29127026e-05 0.0979127884 7.03036785e-05 0.0706192255 7.76946545e-05 0.0474610329 8.50558281e-05 0.028660953 9.2446804e-05 0.0144000053 9.91225243e-05 0.00481569767 0.000105798244 2.38418579e-07 0.000112235546 0 0.966853857 0.412805438 0.966850758 0.447340131 0.999899685 0.445075214 0.999903023 0.409052491 0.966857672 0.379110396 0.9999066 0.37390548 0.966862202 0.346579373 0.999910891 0.339973032 0.966866255 0.31552577 0.999915421 0.307581246 0.966870785 0.286248803 0.999920368 0.277042568 0.966875792 0.259030044 0.999925137 0.248651028 0.96688056 0.234131813 0.999930382 0.222680032 0.974967837 0.386929035 0.974963605 0.431716681 0.921584129 0.426547468 0.921588421 0.378364503 0.974972367 0.343230128 0.921593666 0.331353009 0.974977851 0.301040888 0.921599388 0.285965979 0.974983573 0.260767698 0.92160511 0.24263978 0.974989533 0.222798526 0.921611547 0.201792121 0.974995732 0.18749851 0.921618462 0.163816571 0.975002408 0.155208468 0.921625376 0.129078627 1.45435333e-05 0.426547408 1.90734863e-05 0.378364503 2.43186951e-05 0.331353009 3.0040741e-05 0.285965979 3.6239624e-05 0.242639422 4.21702862e-05 0.201792061 4.9084425e-05 0.163816571 5.57601452e-05 0.129078627 0.966840506 0.684448838 0.966840982 0.713726044 0.999889195 0.722939849 0.999888957 0.69240129 0.966840506 0.653395414 0.999888957 0.660009623 0.966840982 0.620864511 0.999889433 0.626076937 0.966841936 0.587169409 0.999890149 0.590929985 0.966843367 0.552634656 0.999891818 0.554907024 0.966845512 0.517593086 0.999894202 0.518355668 0.966847897 0.482381701 0.999896824 0.481627107 0.974950492 0.739221632 0.974950731 0.777190804 0.921570063 0.798209786 0.921569347 0.757362247 0.974950254 0.698948562 0.921569347 0.714036345 0.974950731 0.656759322 0.921570063 0.668649077 0.9749524 0.613060474 0.921571732 0.621637464 0.974954069 0.56827271 0.921573639 0.573454738 0.974956453 0.522827387 0.9215765 0.524564505 0.974960268 0.477162004 0.921579838 0.475437641 1.1920929e-06 0.798209667 2.38418579e-07 0.757362247 0 0.714036226 1.1920929e-06 0.668649018 2.14576721e-06 0.621637464 4.29153442e-06 0.573454678 6.91413879e-06 0.524564505 1.02519989e-05 0.475437641 0.966858149 0.848037004 0.966862202 0.854906201 0.999911606 0.870203614 0.999907553 0.863038182 0.966854334 0.837815762 0.9999035 0.852376699 0.966850996 0.824340999 0.999899685 0.838321328 0.966848135 0.807742536 0.999896586 0.821007729 0.966845512 0.788180351 0.99989444 0.800602436 0.966843605 0.765842557 0.999892056 0.777302146 0.966842175 0.740944505 0.999890625 0.75133121 0.974973321 0.951377749 0.974978328 0.960286736 0.921600103 0.995184898 0.921594143 0.98560077 0.974968076 0.938122034 0.921589136 0.971340239 0.974963844 0.920646787 0.921584368 0.952540159 0.974960268 0.89912045 0.921580553 0.929381967 0.974956691 0.87375021 0.9215765 0.902088642 0.974954307 0.844780564 0.921573877 0.870923042 0.974952638 0.812490463 0.921571493 0.836185217 3.05175781e-05 0.995184898 2.45571136e-05 0.98560077 1.95503235e-05 0.971340179 1.50203705e-05 0.952540159 1.09672546e-05 0.929381967 7.62939453e-06 0.902088523 4.529953e-06 0.870922923 2.38418579e-06 0.836185217 0.966896474 0.807741821 0.999947309 0.821007013 0.966891706 0.824340582 0.999941587 0.838320792 0.966886282 0.837815344 0.999936342 0.852376103 0.966881275 0.848036587 0.999930859 0.863037944 0.966876268 0.854906082 0.999925852 0.870203376 0.966871262 0.85835743 0.999920607 0.873803496 0.966866493 0.85835743 0.999916136 0.873803616 0.97502315 0.899119616 0.921647787 0.929381013 0.975016475 0.920645893 0.921640635 0.952539206 0.975009561 0.938121557 0.921633244 0.971339464 0.975002885 0.951377392 0.921625853 0.985600412 0.974996209 0.960286379 0.921619177 0.995184541 0.974989772 0.964762509 0.921612501 1 0.97498405 0.964762568 0.921605825 1 7.81714916e-05 0.929381013 7.12573528e-05 0.952539206 6.4343214e-05 0.971339345 5.69522381e-05 0.985600173 4.97996807e-05 0.995184541 4.31239605e-05 1 3.64780426e-05 1 </float_array>
          <technique_common>
            <accessor count="320" offset="0" source="#meshesP4R-0-tex0-array" stride="2">
              <param name="S" type="float" />
              <param name="T" type="float" />
            </accessor>
          </technique_common>
        </source>
        <vertices id="meshesP4R-0-vertices">
          <input semantic="POSITION" source="#meshesP4R-0-positions" />
        </vertices>
        <polylist count="446" material="defaultMaterial">
          <input offset="0" semantic="VERTEX" source="#meshesP4R-0-vertices" />
          <input offset="0" semantic="TEXCOORD" source="#meshesP4R-0-tex0" set="0" />
          <vcount>3 3 3 3 3 3 3 3 3 3 3 3 3 3 3 3 3 3 3 3 3 3 3 3 3 3 3 3 3 3 3 3 3 3 3 3 3 3 3 3 3 3 3 3 3 3 3 3 3 3 3 3 3 3 3 3 3 3 3 3 3 3 3 3 3 3 3 3 3 3 3 3 3 3 3 3 3 3 3 3 3 3 3 3 3 3 3 3 3 3 3 3 3 3 3 3 3 3 3 3 3 3 3 3 3 3 3 3 3 3 3 3 3 3 3 3 3 3 3 3 3 3 3 3 3 3 3 3 3 3 3 3 3 3 3 3 3 3 3 3 3 3 3 3 3 3 3 3 3 3 3 3 3 3 3 3 3 3 3 3 3 3 3 3 3 3 3 3 3 3 3 3 3 3 3 3 3 3 3 3 3 3 3 3 3 3 3 3 3 3 3 3 3 3 3 3 3 3 3 3 3 3 3 3 3 3 3 3 3 3 3 3 3 3 3 3 3 3 3 3 3 3 3 3 3 3 3 3 3 3 3 3 3 3 3 3 3 3 3 3 3 3 3 3 3 3 3 3 3 3 3 3 3 3 3 3 3 3 3 3 3 3 3 3 3 3 3 3 3 3 3 3 3 3 3 3 3 3 3 3 3 3 3 3 3 3 3 3 3 3 3 3 3 3 3 3 3 3 3 3 3 3 3 3 3 3 3 3 3 3 3 3 3 3 3 3 3 3 3 3 3 3 3 3 3 3 3 3 3 3 3 3 3 3 3 3 3 3 3 3 3 3 3 3 3 3 3 3 3 3 3 3 3 3 3 3 3 3 3 3 3 3 3 3 3 3 3 3 3 3 3 3 3 3 3 3 3 3 3 3 3 3 3 3 3 3 3 3 3 3 3 3 3 3 3 3 3 3 3 3 3 3 3 3 3 3 3 3 3 3 3 3 3 3 3 3 3 3 3 3 3 3 3 3 3 3 3 3 3 3 3 3 3 3 3 3 3 3 3 3 3 3 3 3 3 3 </vcount>
          <p>0 1 2 0 2 3 4 0 3 4 3 5 6 4 5 6 5 7 8 6 7 8 7 9 10 8 9 10 9 11 12 10 11 12 11 13 14 12 13 14 13 15 16 14 15 16 15 17 18 19 20 18 20 21 22 18 21 22 21 23 24 22 23 24 23 25 26 24 25 26 25 27 28 26 27 28 27 29 30 28 29 30 29 31 32 30 31 32 31 33 34 32 33 34 33 35 21 20 36 21 36 37 23 21 37 23 37 38 25 23 38 25 38 39 27 25 39 27 39 40 29 27 40 29 40 41 31 29 41 31 41 42 33 31 42 33 42 43 35 33 43 35 43 44 45 46 47 45 47 48 49 45 48 49 48 50 51 49 50 51 50 52 53 51 52 53 52 54 55 53 54 55 54 56 57 55 56 57 56 58 59 57 58 59 58 60 1 59 60 1 60 2 61 62 63 61 63 64 65 61 64 65 64 66 67 65 66 67 66 68 69 67 68 69 68 70 71 69 70 71 70 72 73 71 72 73 72 74 75 73 74 75 74 76 19 75 76 19 76 20 64 63 77 64 77 78 66 64 78 66 78 79 68 66 79 68 79 80 70 68 80 70 80 81 72 70 81 72 81 82 74 72 82 74 82 83 76 74 83 76 83 84 20 76 84 20 84 36 85 86 87 85 87 88 89 85 88 89 88 90 91 89 90 91 90 92 93 91 92 93 92 94 95 93 94 95 94 96 97 95 96 97 96 98 99 97 98 99 98 100 46 99 100 46 100 47 101 102 103 101 103 104 105 101 104 105 104 106 107 105 106 107 106 108 109 107 108 109 108 110 111 109 110 111 110 112 113 111 112 113 112 114 115 113 114 115 114 116 62 115 116 62 116 63 104 103 117 104 117 118 106 104 118 106 118 119 108 106 119 108 119 120 110 108 120 110 120 121 112 110 121 112 121 122 114 112 122 114 122 123 116 114 123 116 123 124 63 116 124 63 124 77 125 126 127 125 127 128 129 125 128 129 128 130 131 129 130 131 130 132 133 131 132 133 132 134 135 133 134 135 134 136 137 135 136 137 136 138 139 137 138 139 138 140 86 139 140 86 140 87 141 142 143 141 143 144 145 141 144 145 144 146 147 145 146 147 146 148 149 147 148 149 148 150 151 149 150 151 150 152 153 151 152 153 152 154 155 153 154 155 154 156 102 155 156 102 156 103 144 143 157 144 157 158 146 144 158 146 158 159 148 146 159 148 159 160 150 148 160 150 160 161 152 150 161 152 161 162 154 152 162 154 162 163 156 154 163 156 163 164 103 156 164 103 164 117 165 166 167 165 167 168 169 165 168 169 168 170 171 169 170 171 170 172 173 171 172 173 172 174 175 173 174 175 174 176 177 175 176 177 176 178 179 177 178 179 178 180 126 179 180 126 180 127 181 182 183 181 183 184 185 181 184 185 184 186 187 185 186 187 186 188 189 187 188 189 188 190 191 189 190 191 190 192 193 191 192 193 192 194 195 193 194 195 194 196 142 195 196 142 196 143 184 183 197 184 197 198 186 184 198 186 198 199 188 186 199 188 199 200 190 188 200 190 200 201 192 190 201 192 201 202 194 192 202 194 202 203 196 194 203 196 203 204 143 196 204 143 204 157 205 206 207 205 207 208 209 205 208 209 208 210 211 209 210 211 210 212 213 211 212 213 212 214 215 213 214 215 214 216 217 215 216 217 216 218 219 217 218 219 218 220 166 219 220 166 220 167 221 222 223 221 223 224 225 221 224 225 224 226 227 225 226 227 226 228 229 227 228 229 228 230 231 229 230 231 230 232 233 231 232 233 232 234 235 233 234 235 234 236 182 235 236 182 236 183 224 223 237 224 237 238 226 224 238 226 238 239 228 226 239 228 239 240 230 228 240 230 240 241 232 230 241 232 241 242 234 232 242 234 242 243 236 234 243 236 243 244 183 236 244 183 244 197 245 246 247 245 247 248 249 245 248 249 248 250 251 249 250 251 250 252 253 251 252 253 252 254 255 253 254 255 254 256 257 255 256 257 256 258 259 257 258 259 258 260 206 259 260 206 260 207 261 262 263 261 263 264 265 261 264 265 264 266 267 265 266 267 266 268 269 267 268 269 268 270 271 269 270 271 270 272 273 271 272 273 272 274 275 273 274 275 274 276 222 275 276 222 276 223 264 263 277 264 277 278 266 264 278 266 278 279 268 266 279 268 279 280 270 268 280 270 280 281 272 270 281 272 281 282 274 272 282 274 282 283 276 274 283 276 283 284 223 276 284 223 284 237 285 16 17 285 17 286 287 285 286 287 286 288 289 287 288 289 288 290 291 289 290 291 290 292 293 291 292 293 292 294 295 293 294 295 294 296 297 295 296 297 296 298 246 297 298 246 298 247 299 34 35 299 35 300 301 299 300 301 300 302 303 301 302 303 302 304 305 303 304 305 304 306 307 305 306 307 306 308 309 307 308 309 308 310 311 309 310 311 310 312 262 311 312 262 312 263 300 35 44 300 44 313 302 300 313 302 313 314 304 302 314 304 314 315 306 304 315 306 315 316 308 306 316 308 316 317 310 308 317 310 317 318 312 310 318 312 318 319 263 312 319 263 319 277 204 158 157 158 204 203 158 203 159 159 203 202 159 202 160 160 202 201 160 201 161 161 201 200 161 200 162 162 200 163 163 200 199 163 199 198 163 198 164 164 198 197 164 197 117 117 197 244 117 244 118 118 244 243 118 243 119 119 243 242 119 242 120 120 242 241 120 241 121 121 241 240 121 240 122 122 240 239 122 239 123 123 239 238 123 238 124 124 238 237 124 237 77 77 237 284 77 284 78 78 284 283 78 283 79 79 283 282 79 282 80 80 282 81 81 282 281 81 281 280 81 280 82 82 280 279 82 279 83 83 279 278 83 278 84 84 278 277 84 277 36 36 277 319 36 319 37 37 319 318 37 318 38 38 318 317 38 317 39 39 317 40 40 317 316 40 316 315 40 315 41 41 315 314 41 314 42 42 314 313 42 313 43 43 313 44 </p>
        </polylist>
      </mesh>
    </geometry>
    <geometry id="meshesP4R-1" name="meshes[4]-1" >
      <mesh>
        <source id="meshesP4R-1-positions" name="meshesP4R-1-positions">
          <float_array id="meshesP4R-1-positions-array" count="384"> 0.895616889 1.48732662 0.593733847 0.895605683 1.50774646 0.575226307 0.889343679 1.55605555 0.623543203 0.889357507 1.53066719 0.646553874 0.895628989 1.46519113 0.610150754 0.889372587 1.50314546 0.666965365 0.895641983 1.44155288 0.624318838 0.88938868 1.47375572 0.684580922 0.895655513 1.41663992 0.636101902 0.889405608 1.44278085 0.699230909 0.895669699 1.39069176 0.645386219 0.889423192 1.41051924 0.710774362 0.895684421 1.3639586 0.652082503 0.889441371 1.37728155 0.719099939 0.895699203 1.33669806 0.656126201 0.889459908 1.34338772 0.724127531 0.895714283 1.30917215 0.657478452 0.889478624 1.30916429 0.725808799 0.895561576 1.58864641 0.404177696 0.895560741 1.58999872 0.376651853 0.88928771 1.65832126 0.376651853 0.889288723 1.65663993 0.410875201 0.895563722 1.58460271 0.431438446 0.889291465 1.6516124 0.444768965 0.895567358 1.57790637 0.458171517 0.889295936 1.64328671 0.47800678 0.895572484 1.56862199 0.484119564 0.889302254 1.63174331 0.510268509 0.89557898 1.55683911 0.509032726 0.8893103 1.61709332 0.541243315 0.895586669 1.54267097 0.532670856 0.889319897 1.59947765 0.570633173 0.89559567 1.52625406 0.554806411 0.889331102 1.57906628 0.598154724 0.89559567 1.52625406 0.198497355 0.895605683 1.50774658 0.178077489 0.889343679 1.55605555 0.129760519 0.889331102 1.57906616 0.155148923 0.895586669 1.54267097 0.220632941 0.889319897 1.59947777 0.182670549 0.89557898 1.55683911 0.24427107 0.8893103 1.61709321 0.212060362 0.895572484 1.56862199 0.269184142 0.889302254 1.63174319 0.243035242 0.895567358 1.57790637 0.29513219 0.889295936 1.64328671 0.275296926 0.895563722 1.58460271 0.32186529 0.889291465 1.6516124 0.308534682 0.895561576 1.58864641 0.349126041 0.889288723 1.65663993 0.342428505 0.895699203 1.33669806 0.0971774757 0.895714283 1.30917215 0.0958251655 0.889478624 1.3091644 0.0274948478 0.889459908 1.34338772 0.029176116 0.895684421 1.36395872 0.101221263 0.889441371 1.37728143 0.0342037082 0.895669699 1.39069176 0.107917547 0.889423192 1.41051936 0.0425294042 0.895655513 1.41663992 0.117201895 0.889405608 1.44278097 0.0540728867 0.895641983 1.44155288 0.128984943 0.88938868 1.47375572 0.0687227845 0.895628989 1.46519113 0.143153057 0.889372587 1.50314558 0.086338371 0.895616889 1.48732674 0.159569964 0.889357507 1.53066719 0.106749833 0.895811677 1.1310178 0.1595698 0.895822883 1.11059797 0.17807731 0.889613569 1.06227326 0.129760459 0.889599741 1.08766162 0.106749773 0.895799518 1.15315354 0.143153027 0.889584601 1.11518312 0.0863383114 0.895786643 1.17679143 0.128984913 0.889568567 1.14457309 0.0687228441 0.895772994 1.20170462 0.117201895 0.88955164 1.17554796 0.0540728271 0.895758867 1.22765255 0.107917458 0.889534056 1.20780945 0.0425294042 0.895744205 1.25438571 0.101221263 0.889515877 1.24104726 0.0342037082 0.895729303 1.28164637 0.0971774757 0.88949734 1.27494097 0.029176116 0.895867109 1.0296979 0.349125952 0.895867765 1.0283457 0.376651794 0.889669418 0.960007548 0.376651764 0.889668584 0.961688757 0.342428416 0.895864844 1.03374171 0.321865231 0.889665782 0.966716409 0.308534592 0.895861208 1.04043806 0.29513213 0.889661193 0.975042105 0.275296837 0.895856082 1.04972231 0.269184083 0.889654994 0.986585557 0.243035153 0.895849645 1.06150544 0.244270951 0.889646888 1.00123549 0.212060302 0.895841956 1.07567334 0.220632881 0.889637232 1.01885104 0.182670489 0.895833015 1.09209037 0.198497295 0.889626205 1.03926265 0.155148864 0.895833015 1.09209037 0.554806292 0.895822883 1.11059785 0.575226188 0.889613569 1.06227314 0.623543143 0.889626205 1.03926253 0.598154604 0.895841956 1.07567334 0.532670736 0.889637232 1.01885104 0.570633054 0.895849645 1.06150532 0.509032607 0.889646888 1.00123549 0.541243255 0.895856082 1.04972231 0.484119505 0.889654994 0.986585498 0.51026839 0.895861208 1.04043806 0.458171457 0.889661193 0.975042105 0.478006721 0.895864844 1.03374171 0.431438357 0.889665782 0.966716528 0.444768965 0.895867109 1.02969801 0.404177576 0.889668584 0.961688757 0.410875142 0.895729303 1.28164637 0.656126201 0.88949734 1.27494085 0.724127531 0.895744205 1.25438559 0.652082443 0.889515877 1.24104726 0.719099879 0.895758867 1.22765255 0.645386159 0.889534056 1.20780945 0.710774243 0.895772994 1.20170462 0.636101842 0.88955164 1.17554784 0.69923079 0.895786643 1.17679143 0.624318779 0.889568567 1.14457297 0.684580863 0.895799518 1.1531533 0.610150635 0.889584601 1.11518312 0.666965246 0.895811677 1.13101768 0.593733788 0.889599741 1.0876615 0.646553814 </float_array>
          <technique_common>
            <accessor count="128" offset="0" source="#meshesP4R-1-positions-array" stride="3">
              <param name="X" type="float" />
              <param name="Y" type="float" />
              <param name="Z" type="float" />
            </accessor>
          </technique_common>
        </source>
        <source id="meshesP4R-1-tex0" name="meshesP4R-1-tex0">
          <float_array id="meshesP4R-1-tex0-array" count="256"> 0.754778147 0.809307575 0.784019828 0.782710195 0.853553057 0.85241437 0.817196548 0.885483325 0.723079681 0.832919002 0.777784824 0.914840043 0.68922919 0.853317022 0.735697985 0.940201402 0.653553426 0.870305598 0.69134146 0.96132344 0.616395116 0.883720577 0.645142078 0.978002787 0.578112543 0.893433273 0.597545087 0.990078449 0.539074957 0.89934963 0.549008489 0.997434497 0.499657303 0.901413083 0.499999821 1 0.899870336 0.537391722 0.901806831 0.497967899 0.999999881 0.498389065 0.997592211 0.547405362 0.894079506 0.576448321 0.990392685 0.595965147 0.884490252 0.614761591 0.978470087 0.643600821 0.871194959 0.651962519 0.961939573 0.689853549 0.854321539 0.687693059 0.940960705 0.734277666 0.834032357 0.721608698 0.915734529 0.776445866 0.810523033 0.75338304 0.886505127 0.815951526 0.810523033 0.243141055 0.784020007 0.213984847 0.853553057 0.145307422 0.886504948 0.181558013 0.834032357 0.274763942 0.915734768 0.220875323 0.854321539 0.308548868 0.940960348 0.262880862 0.871194959 0.34417057 0.961939394 0.307169974 0.884490252 0.381285846 0.978470087 0.353316069 0.894079506 0.419537306 0.990392685 0.400874853 0.899870336 0.458556652 0.997592211 0.449388266 0.539074957 0.098923564 0.499657303 0.0971139669 0.5 0 0.549008489 0.00224971771 0.578112721 0.104588509 0.597544909 0.00929290056 0.616395116 0.114054441 0.645142257 0.0210621357 0.653553426 0.127230048 0.691341639 0.0374437571 0.68922919 0.143988669 0.735697985 0.0582798719 0.723079681 0.164168656 0.777785003 0.0833701491 0.754778266 0.187575877 0.817196548 0.112472773 0.244536489 0.189219594 0.215294749 0.215816975 0.146446556 0.147585571 0.182803124 0.114516616 0.276235253 0.165608287 0.22221446 0.085160017 0.310085237 0.145210147 0.264301717 0.0597987175 0.345761478 0.12822175 0.308658183 0.0386767387 0.382919461 0.114806533 0.354857385 0.0219973922 0.421201885 0.105094075 0.402454555 0.00992155075 0.460239798 0.0991774797 0.450991184 0.00256550312 0.0994440913 0.461135387 0.0975077748 0.500559151 -5.96046448e-08 0.501610875 0.0024074018 0.452594638 0.10523507 0.422078848 0.00960713625 0.404034734 0.114824355 0.383765578 0.0215296745 0.356399179 0.128119648 0.346564591 0.0380600989 0.310146511 0.144993216 0.31083411 0.0590391457 0.265722275 0.165282071 0.27691853 0.0842650831 0.223554134 0.188791603 0.245144188 0.113494873 0.184048414 0.188791603 0.755385995 0.21529457 0.784542322 0.146446407 0.854692578 0.113494694 0.818441868 0.165282071 0.723763168 0.0842650831 0.779124618 0.144993067 0.689978242 0.0590391457 0.737119079 0.128119648 0.654356599 0.0380600095 0.692830026 0.114824355 0.617241263 0.0215296745 0.646683931 0.10523507 0.578989804 0.00960731506 0.599125147 0.0994442701 0.539970458 0.0024074018 0.550611675 0.460239798 0.899603665 0.450991005 0.997750282 0.421201736 0.89393878 0.402454555 0.990706921 0.382919461 0.884472787 0.354857385 0.978937864 0.345761478 0.87129724 0.308658034 0.962556243 0.310085237 0.854538441 0.264301538 0.941720068 0.276234925 0.834358573 0.22221446 0.916629851 0.24453631 0.810951352 0.182802945 0.887527168 </float_array>
          <technique_common>
            <accessor count="128" offset="0" source="#meshesP4R-1-tex0-array" stride="2">
              <param name="S" type="float" />
              <param name="T" type="float" />
            </accessor>
          </technique_common>
        </source>
        <vertices id="meshesP4R-1-vertices">
          <input semantic="POSITION" source="#meshesP4R-1-positions" />
        </vertices>
        <polylist count="128" material="defaultMaterial">
          <input offset="0" semantic="VERTEX" source="#meshesP4R-1-vertices" />
          <input offset="0" semantic="TEXCOORD" source="#meshesP4R-1-tex0" set="0" />
          <vcount>3 3 3 3 3 3 3 3 3 3 3 3 3 3 3 3 3 3 3 3 3 3 3 3 3 3 3 3 3 3 3 3 3 3 3 3 3 3 3 3 3 3 3 3 3 3 3 3 3 3 3 3 3 3 3 3 3 3 3 3 3 3 3 3 3 3 3 3 3 3 3 3 3 3 3 3 3 3 3 3 3 3 3 3 3 3 3 3 3 3 3 3 3 3 3 3 3 3 3 3 3 3 3 3 3 3 3 3 3 3 3 3 3 3 3 3 3 3 3 3 3 3 3 3 3 3 3 3 </vcount>
          <p>0 1 2 0 2 3 4 0 3 4 3 5 6 4 5 6 5 7 8 6 7 8 7 9 10 8 9 10 9 11 12 10 11 12 11 13 14 12 13 14 13 15 16 14 15 16 15 17 18 19 20 18 20 21 22 18 21 22 21 23 24 22 23 24 23 25 26 24 25 26 25 27 28 26 27 28 27 29 30 28 29 30 29 31 32 30 31 32 31 33 1 32 33 1 33 2 34 35 36 34 36 37 38 34 37 38 37 39 40 38 39 40 39 41 42 40 41 42 41 43 44 42 43 44 43 45 46 44 45 46 45 47 48 46 47 48 47 49 19 48 49 19 49 20 50 51 52 50 52 53 54 50 53 54 53 55 56 54 55 56 55 57 58 56 57 58 57 59 60 58 59 60 59 61 62 60 61 62 61 63 64 62 63 64 63 65 35 64 65 35 65 36 66 67 68 66 68 69 70 66 69 70 69 71 72 70 71 72 71 73 74 72 73 74 73 75 76 74 75 76 75 77 78 76 77 78 77 79 80 78 79 80 79 81 51 80 81 51 81 52 82 83 84 82 84 85 86 82 85 86 85 87 88 86 87 88 87 89 90 88 89 90 89 91 92 90 91 92 91 93 94 92 93 94 93 95 96 94 95 96 95 97 67 96 97 67 97 68 98 99 100 98 100 101 102 98 101 102 101 103 104 102 103 104 103 105 106 104 105 106 105 107 108 106 107 108 107 109 110 108 109 110 109 111 112 110 111 112 111 113 83 112 113 83 113 84 114 16 17 114 17 115 116 114 115 116 115 117 118 116 117 118 117 119 120 118 119 120 119 121 122 120 121 122 121 123 124 122 123 124 123 125 126 124 125 126 125 127 99 126 127 99 127 100 </p>
        </polylist>
      </mesh>
    </geometry>
    <geometry id="meshesP5R" name="meshes[5]" >
      <mesh>
        <source id="meshesP5R-positions" name="meshesP5R-positions">
          <float_array id="meshesP5R-positions-array" count="576"> 0.887559474 1.10105813 0.20585683 0.887549758 1.11880112 0.186280534 0.860414684 1.17215347 0.239632964 0.860421717 1.15938306 0.253722906 0.887331963 1.51728642 0.547446847 0.887341678 1.49954343 0.567023158 0.860264957 1.44619095 0.513670683 0.860257924 1.45896149 0.499580771 0.887539029 1.13837743 0.168537557 0.887527466 1.15959859 0.152798876 0.86039865 1.20151722 0.215534702 0.860406995 1.18624341 0.22686255 0.887403011 1.38732421 0.634284735 0.887416959 1.36169541 0.640704513 0.860319138 1.34697556 0.566702545 0.860309064 1.36542177 0.562081933 0.887515128 1.18226016 0.139215961 0.860389769 1.2178278 0.205758467 0.887431264 1.33556092 0.644581139 0.86032939 1.32816541 0.569492757 0.887502074 1.20614409 0.127919734 0.860380352 1.23501813 0.197628051 0.887445688 1.30917215 0.645877481 0.860339761 1.30917215 0.570425749 0.887488425 1.23102009 0.119018942 0.860370517 1.25292253 0.191221744 0.887474418 1.2566489 0.112599313 0.860360503 1.27136874 0.186601251 0.887460113 1.28278351 0.108722627 0.860350192 1.29017901 0.183811009 0.887460113 1.28278351 0.644581079 0.860350192 1.29017901 0.569492698 0.887445688 1.30917215 0.107426196 0.887431264 1.33556104 0.108722627 0.86032939 1.32816541 0.183811009 0.860339761 1.30917215 0.182877913 0.887474418 1.2566489 0.640704513 0.860360503 1.27136874 0.566702545 0.887416959 1.36169553 0.112599313 0.860319138 1.34697556 0.186601251 0.887488425 1.23102009 0.634284735 0.860370517 1.25292253 0.562081933 0.887403011 1.38732421 0.119018942 0.860309064 1.36542177 0.191221744 0.887502074 1.20614409 0.625383914 0.860380352 1.23501813 0.555675626 0.887389362 1.41220045 0.127919763 0.86029923 1.38332629 0.197628081 0.887515128 1.18226004 0.614087582 0.860389769 1.2178278 0.547545135 0.887376308 1.43608427 0.139215991 0.860289812 1.40051651 0.205758497 0.887527466 1.15959847 0.600504756 0.86039865 1.20151711 0.53776896 0.887363911 1.45874584 0.152798906 0.860280931 1.4168272 0.215534732 0.887539029 1.13837743 0.58476609 0.860406995 1.18624341 0.526441097 0.887352347 1.47996712 0.168537587 0.860272646 1.43210113 0.22686258 0.887549758 1.118801 0.567023039 0.887559474 1.10105801 0.547446728 0.860421717 1.15938294 0.499580741 0.860414684 1.17215335 0.513670683 0.887341678 1.49954343 0.186280593 0.887331963 1.51728642 0.205856889 0.860257924 1.45896149 0.253722966 0.860264957 1.44619107 0.239632994 0.887568057 1.08531928 0.526225507 0.860427856 1.14805508 0.484306812 0.88732332 1.53302503 0.22707808 0.860251725 1.47028923 0.268996805 0.887575448 1.07173645 0.503563941 0.860433221 1.13827884 0.46799624 0.887315989 1.54660797 0.249739721 0.86024642 1.48006558 0.285307437 0.887581706 1.06044018 0.479679942 0.860437691 1.13014841 0.450805873 0.88730973 1.55790412 0.273623645 0.86024195 1.4881959 0.302497774 0.887586474 1.05153954 0.454803854 0.860441148 1.12374222 0.432901412 0.887304902 1.56680512 0.298499793 0.860238492 1.4946022 0.320402265 0.887590051 1.04511976 0.429175079 0.860443711 1.11912167 0.414455235 0.887301326 1.57322454 0.324128509 0.86023587 1.49922264 0.338848412 0.887592137 1.04124308 0.403040528 0.860445201 1.11633146 0.395644993 0.88729924 1.57710123 0.350263119 0.86023438 1.50201297 0.357658684 0.887592852 1.03994668 0.376651794 0.887592137 1.04124308 0.350263059 0.860445201 1.11633146 0.357658654 0.860445738 1.11539829 0.376651824 0.887298584 1.57839775 0.376651853 0.88729924 1.57710135 0.403040588 0.86023438 1.50201297 0.395645052 0.860233903 1.50294602 0.376651853 0.887590051 1.04511976 0.324128509 0.860443711 1.11912167 0.338848412 0.887301326 1.57322454 0.429175138 0.86023587 1.49922264 0.414455265 0.887586474 1.05153942 0.298499733 0.860441148 1.1237421 0.320402235 0.887304902 1.56680512 0.454803914 0.860238492 1.4946022 0.432901442 0.887352347 1.47996712 0.58476615 0.860272646 1.43210101 0.526441216 0.887581706 1.06044018 0.273623586 0.860437691 1.13014841 0.302497745 0.88730973 1.55790412 0.479680061 0.86024195 1.4881959 0.450805962 0.887363911 1.45874584 0.600504816 0.860280931 1.41682708 0.53776902 0.887575448 1.07173657 0.249739662 0.860433221 1.13827896 0.285307407 0.887315989 1.54660797 0.503564 0.86024642 1.48006546 0.467996299 0.887376308 1.43608427 0.614087701 0.860289812 1.40051651 0.547545195 0.887568057 1.0853194 0.227078021 0.860427856 1.14805508 0.268996775 0.88732332 1.53302515 0.526225567 0.860251725 1.47028923 0.484306872 0.887389362 1.41220033 0.625383973 0.86029923 1.38332629 0.555675626 0.826964617 1.30237579 0.410819799 0.826962709 1.30575752 0.411321431 0.826947391 1.33380592 0.352018028 0.826948822 1.33127284 0.349722117 0.826957166 1.31596863 0.410819799 0.826955318 1.31928492 0.409989089 0.826966405 1.29905939 0.409989089 0.826972961 1.28707159 0.349722117 0.826974332 1.28453851 0.352018028 0.826959014 1.3125869 0.411321461 0.826968193 1.2958405 0.408837348 0.826971471 1.28981757 0.347685546 0.826960862 1.30917215 0.411489189 0.826969862 1.29275 0.407375634 0.826969862 1.29275 0.345927954 0.826941907 1.34384179 0.380066454 0.826941848 1.34400952 0.376651794 0.826971471 1.28981757 0.405618012 0.826968193 1.2958405 0.344466239 0.826942205 1.34334016 0.383448243 0.826972961 1.28707159 0.40358147 0.826966405 1.29905939 0.343314499 0.826942682 1.34250951 0.386764556 0.826974332 1.28453839 0.401285559 0.826964617 1.30237579 0.342483789 0.826943278 1.34135771 0.389983505 0.826962709 1.30575752 0.341982156 0.826944113 1.33989608 0.393074036 0.826960862 1.30917215 0.341814399 0.826945066 1.33813846 0.396006405 0.826979816 1.27450252 0.373237133 0.826979935 1.27433479 0.376651794 0.826946139 1.33610189 0.398752421 0.826979578 1.27500415 0.369855344 0.826947391 1.33380592 0.401285559 0.826979101 1.27583492 0.366539031 0.826946139 1.33610189 0.354551166 0.826978445 1.2769866 0.363320082 0.826945066 1.33813846 0.357297182 0.82697767 1.27844834 0.360229552 0.826944113 1.33989608 0.360229552 0.826976717 1.28020597 0.357297152 0.826943278 1.34135771 0.363320082 0.826975584 1.28224254 0.354551166 0.826942682 1.34250951 0.366539031 0.826942205 1.34334016 0.369855344 0.826975584 1.28224254 0.398752391 0.826941907 1.34384179 0.373237133 0.826976717 1.28020597 0.396006405 0.82697767 1.27844834 0.393074036 0.826959014 1.3125869 0.341982156 0.826978445 1.2769866 0.389983475 0.826957166 1.31596863 0.342483789 0.826979101 1.27583492 0.386764556 0.826955318 1.31928492 0.343314499 0.826948822 1.33127284 0.40358147 0.826979578 1.27500415 0.383448213 0.82695359 1.32250392 0.344466239 0.826950312 1.32852674 0.405618042 0.826979816 1.27450252 0.380066454 0.826951861 1.32559443 0.345927954 0.826951861 1.32559443 0.407375634 0.826950312 1.32852685 0.347685546 0.82695359 1.32250392 0.408837348 </float_array>
          <technique_common>
            <accessor count="192" offset="0" source="#meshesP5R-positions-array" stride="3">
              <param name="X" type="float" />
              <param name="Y" type="float" />
              <param name="Z" type="float" />
            </accessor>
          </technique_common>
        </source>
        <source id="meshesP5R-tex0" name="meshesP5R-tex0">
          <float_array id="meshesP5R-tex0-array" count="384"> 0.0785267949 0.417979479 0.0944743156 0.435574651 0.142427772 0.387621224 0.130949736 0.374957085 0.452635646 0.110956192 0.436688006 0.0933607817 0.388734549 0.141314328 0.400212824 0.153978467 0.112069726 0.45152235 0.131143361 0.465668321 0.168820083 0.409281015 0.155092061 0.39909935 0.335824788 0.0329056382 0.312789589 0.0271354914 0.299559176 0.0936489701 0.316138595 0.0978018641 0.151511669 0.477876604 0.183480248 0.418067813 0.289299577 0.023651123 0.282652378 0.0911411047 0.172978818 0.488029897 0.198930964 0.425375581 0.265581161 0.0224860311 0.265581161 0.0903024673 0.195337594 0.496029913 0.215023562 0.431133687 0.218372896 0.501799941 0.231603131 0.435286582 0.241862863 0.505284309 0.248509973 0.437794447 0.241862863 0.023651123 0.248509973 0.0911412239 0.265581161 0.50644964 0.289299577 0.505284309 0.282652378 0.437794447 0.265581161 0.438632965 0.218372896 0.0271354914 0.231603131 0.0936489701 0.312789589 0.501799941 0.299559176 0.435286582 0.195337594 0.0329056382 0.215023562 0.0978018641 0.335824788 0.496029913 0.316138595 0.431133687 0.172978818 0.0409056544 0.198930964 0.103559971 0.358183622 0.488029897 0.332231402 0.425375581 0.151511669 0.051058948 0.183480248 0.110867858 0.379650593 0.477876604 0.347682238 0.418067813 0.131143361 0.0632671118 0.168820083 0.119654596 0.40001893 0.465668321 0.362342209 0.409281015 0.112069726 0.0774132013 0.155092061 0.129836202 0.419092774 0.45152235 0.376070529 0.39909935 0.0944743156 0.0933607817 0.0785267949 0.110956192 0.130949616 0.153978467 0.142427772 0.141314328 0.436688006 0.435574651 0.452635646 0.417979479 0.400212824 0.374957085 0.388734549 0.387621224 0.0643807203 0.130029857 0.120768085 0.167706788 0.466781467 0.398905694 0.410394251 0.361228764 0.0521723628 0.150398254 0.111981153 0.182366788 0.478990018 0.378537297 0.419181347 0.346568763 0.0420190692 0.171865344 0.10467343 0.197817624 0.489143193 0.357070208 0.426488847 0.331118047 0.0340191275 0.194224298 0.0989154875 0.213910222 0.497143328 0.334711373 0.432246983 0.31502521 0.0282491148 0.217259526 0.0947623849 0.23048985 0.502913117 0.311676145 0.436399758 0.298445702 0.0247645974 0.240749419 0.0922545642 0.247396588 0.506397605 0.288186252 0.438907713 0.281539083 0.0235993713 0.264467835 0.0247645974 0.288186252 0.0922545642 0.281539083 0.0914159566 0.264467835 0.507562757 0.264467835 0.506397605 0.240749419 0.438907713 0.247396588 0.439746469 0.264467835 0.0282491148 0.311676145 0.0947623849 0.298445702 0.502913117 0.217259526 0.436399758 0.23048985 0.0340191275 0.334711373 0.0989154279 0.31502521 0.497143328 0.194224298 0.432246983 0.213910222 0.419092774 0.0774132013 0.376070529 0.129836202 0.0420190692 0.357070208 0.10467343 0.331118047 0.489143193 0.171865344 0.426488847 0.197817504 0.40001893 0.0632671118 0.362342209 0.119654596 0.0521723628 0.378537297 0.111981273 0.346568763 0.478990018 0.150398254 0.419181347 0.182366788 0.379650593 0.051058948 0.347682238 0.110867679 0.0643807203 0.398905694 0.120768085 0.361228764 0.466781676 0.130029857 0.410394371 0.167706788 0.358183622 0.0409056544 0.332231402 0.103559971 0.259472519 0.233757436 0.262512028 0.233306527 0.287722051 0.286608875 0.285445392 0.288672328 0.271689892 0.233757436 0.274670571 0.234503984 0.256491661 0.234503984 0.245716959 0.288672328 0.243440107 0.286608875 0.268650293 0.233306527 0.253598541 0.235539198 0.248185113 0.290502846 0.265581161 0.233155787 0.250820726 0.236853063 0.250820726 0.292082608 0.29674235 0.261398733 0.296893269 0.264467835 0.248185113 0.238432825 0.253598541 0.293396413 0.29629153 0.258359194 0.245716959 0.240263343 0.256491661 0.294431686 0.295544982 0.255378425 0.243440107 0.242326796 0.259472519 0.295178354 0.294509709 0.252485216 0.262512028 0.295629144 0.293196082 0.249707341 0.265581161 0.295779884 0.291616261 0.247071803 0.234419808 0.267536938 0.234269097 0.264467835 0.289785713 0.244603634 0.234870732 0.270576477 0.287722051 0.242326796 0.235617399 0.273557127 0.289785713 0.284332037 0.236652538 0.276450574 0.291616261 0.281863868 0.237966359 0.27922821 0.293196082 0.27922821 0.23954612 0.281863868 0.294509709 0.276450574 0.241376579 0.284332037 0.295544982 0.273557127 0.29629153 0.270576477 0.241376579 0.244603634 0.29674235 0.267536938 0.23954612 0.247071803 0.237966359 0.249707341 0.268650293 0.295629144 0.236652538 0.252485216 0.271689892 0.295178354 0.235617399 0.255378425 0.274670571 0.294431686 0.285445392 0.240263343 0.234870732 0.258359194 0.277563751 0.293396413 0.282977343 0.238432825 0.234419808 0.261398733 0.280341595 0.292082608 0.280341595 0.236853063 0.282977343 0.290502846 0.277563751 0.235539198 </float_array>
          <technique_common>
            <accessor count="192" offset="0" source="#meshesP5R-tex0-array" stride="2">
              <param name="S" type="float" />
              <param name="T" type="float" />
            </accessor>
          </technique_common>
        </source>
        <vertices id="meshesP5R-vertices">
          <input semantic="POSITION" source="#meshesP5R-positions" />
        </vertices>
        <polylist count="318" material="defaultMaterial">
          <input offset="0" semantic="VERTEX" source="#meshesP5R-vertices" />
          <input offset="0" semantic="TEXCOORD" source="#meshesP5R-tex0" set="0" />
          <vcount>3 3 3 3 3 3 3 3 3 3 3 3 3 3 3 3 3 3 3 3 3 3 3 3 3 3 3 3 3 3 3 3 3 3 3 3 3 3 3 3 3 3 3 3 3 3 3 3 3 3 3 3 3 3 3 3 3 3 3 3 3 3 3 3 3 3 3 3 3 3 3 3 3 3 3 3 3 3 3 3 3 3 3 3 3 3 3 3 3 3 3 3 3 3 3 3 3 3 3 3 3 3 3 3 3 3 3 3 3 3 3 3 3 3 3 3 3 3 3 3 3 3 3 3 3 3 3 3 3 3 3 3 3 3 3 3 3 3 3 3 3 3 3 3 3 3 3 3 3 3 3 3 3 3 3 3 3 3 3 3 3 3 3 3 3 3 3 3 3 3 3 3 3 3 3 3 3 3 3 3 3 3 3 3 3 3 3 3 3 3 3 3 3 3 3 3 3 3 3 3 3 3 3 3 3 3 3 3 3 3 3 3 3 3 3 3 3 3 3 3 3 3 3 3 3 3 3 3 3 3 3 3 3 3 3 3 3 3 3 3 3 3 3 3 3 3 3 3 3 3 3 3 3 3 3 3 3 3 3 3 3 3 3 3 3 3 3 3 3 3 3 3 3 3 3 3 3 3 3 3 3 3 3 3 3 3 3 3 3 3 3 3 3 3 3 3 3 3 3 3 3 3 3 3 3 3 3 3 3 3 3 3 3 3 3 3 3 3 </vcount>
          <p>0 1 2 0 2 3 4 5 6 4 6 7 8 9 10 8 10 11 12 13 14 12 14 15 9 16 17 9 17 10 13 18 19 13 19 14 16 20 21 16 21 17 18 22 23 18 23 19 20 24 25 20 25 21 24 26 27 24 27 25 26 28 29 26 29 27 22 30 31 22 31 23 32 33 34 32 34 35 28 32 35 28 35 29 30 36 37 30 37 31 33 38 39 33 39 34 36 40 41 36 41 37 38 42 43 38 43 39 40 44 45 40 45 41 42 46 47 42 47 43 44 48 49 44 49 45 46 50 51 46 51 47 48 52 53 48 53 49 50 54 55 50 55 51 52 56 57 52 57 53 54 58 59 54 59 55 60 61 62 60 62 63 64 65 66 64 66 67 56 60 63 56 63 57 58 64 67 58 67 59 61 68 69 61 69 62 65 70 71 65 71 66 68 72 73 68 73 69 70 74 75 70 75 71 72 76 77 72 77 73 74 78 79 74 79 75 76 80 81 76 81 77 78 82 83 78 83 79 80 84 85 80 85 81 82 86 87 82 87 83 84 88 89 84 89 85 86 90 91 86 91 87 92 93 94 92 94 95 96 97 98 96 98 99 88 92 95 88 95 89 90 96 99 90 99 91 93 100 101 93 101 94 97 102 103 97 103 98 100 104 105 100 105 101 102 106 107 102 107 103 5 108 109 5 109 6 104 110 111 104 111 105 106 112 113 106 113 107 108 114 115 108 115 109 110 116 117 110 117 111 112 118 119 112 119 113 114 120 121 114 121 115 116 122 123 116 123 117 118 124 125 118 125 119 120 126 127 120 127 121 122 0 3 122 3 123 124 4 7 124 7 125 1 8 11 1 11 2 126 12 15 126 15 127 31 37 128 31 128 129 59 67 130 59 130 131 15 14 132 15 132 133 37 41 134 37 134 128 2 11 135 2 135 136 14 19 137 14 137 132 41 45 138 41 138 134 11 10 139 11 139 135 19 23 140 19 140 137 45 49 141 45 141 138 10 17 142 10 142 139 99 98 143 99 143 144 49 53 145 49 145 141 17 21 146 17 146 142 98 103 147 98 147 143 53 57 148 53 148 145 21 25 149 21 149 146 103 107 150 103 150 147 57 63 151 57 151 148 25 27 152 25 152 149 107 113 153 107 153 150 27 29 154 27 154 152 113 119 155 113 155 153 29 35 156 29 156 154 119 125 157 119 157 155 95 94 158 95 158 159 125 7 160 125 160 157 94 101 161 94 161 158 7 6 162 7 162 160 101 105 163 101 163 161 67 66 164 67 164 130 105 111 165 105 165 163 66 71 166 66 166 164 111 117 167 111 167 165 71 75 168 71 168 166 117 123 169 117 169 167 75 79 170 75 170 168 123 3 171 123 171 169 79 83 172 79 172 170 3 2 136 3 136 171 83 87 173 83 173 172 63 62 174 63 174 151 87 91 175 87 175 173 62 69 176 62 176 174 91 99 144 91 144 175 69 73 177 69 177 176 35 34 178 35 178 156 73 77 179 73 179 177 34 39 180 34 180 178 77 81 181 77 181 179 39 43 182 39 182 180 6 109 183 6 183 162 81 85 184 81 184 181 43 47 185 43 185 182 109 115 186 109 186 183 85 89 187 85 187 184 47 51 188 47 188 185 115 121 189 115 189 186 89 95 159 89 159 187 51 55 190 51 190 188 121 127 191 121 191 189 23 31 129 23 129 140 55 59 131 55 131 190 127 15 133 127 133 191 178 154 156 154 178 180 154 180 152 152 180 182 152 182 149 149 182 185 149 185 146 146 185 188 146 188 142 142 188 190 142 190 139 139 190 131 139 131 135 135 131 130 135 130 136 136 130 164 136 164 171 171 164 166 171 166 169 169 166 168 169 168 167 167 168 170 167 170 165 165 170 172 165 172 163 163 172 173 163 173 161 161 173 175 161 175 158 158 175 144 158 144 159 159 144 143 159 143 187 187 143 147 187 147 184 184 147 150 184 150 181 181 150 153 181 153 179 179 153 177 177 153 155 177 155 157 177 157 176 176 157 160 176 160 174 174 160 162 174 162 151 151 162 183 151 183 148 148 183 145 145 183 186 145 186 189 145 189 141 141 189 138 138 189 191 138 191 133 138 133 134 134 133 132 134 132 128 128 132 137 128 137 129 129 137 140 </p>
        </polylist>
      </mesh>
    </geometry>
    <geometry id="meshesP6R" name="meshes[6]" >
      <mesh>
        <source id="meshesP6R-positions" name="meshesP6R-positions">
          <float_array id="meshesP6R-positions-array" count="576"> 0.887559474 -1.9213413 0.205856472 0.887549758 -1.90359831 0.186280176 0.860414684 -1.85024595 0.239632607 0.860421717 -1.86301637 0.253722548 0.887331963 -1.50511301 0.547446489 0.887341678 -1.522856 0.5670228 0.860264957 -1.57620847 0.513670325 0.860257924 -1.56343794 0.499580413 0.887539029 -1.884022 0.168537199 0.887527466 -1.86280084 0.152798519 0.86039865 -1.8208822 0.215534344 0.860406995 -1.83615601 0.226862192 0.887403011 -1.63507521 0.634284377 0.887416959 -1.66070402 0.640704155 0.860319138 -1.67542386 0.566702187 0.860309064 -1.65697765 0.562081575 0.887515128 -1.84013927 0.139215603 0.860389769 -1.80457163 0.20575811 0.887431264 -1.68683851 0.644580781 0.86032939 -1.69423401 0.5694924 0.887502074 -1.81625533 0.127919376 0.860380352 -1.78738129 0.197627693 0.887445688 -1.71322727 0.645877123 0.860339761 -1.71322727 0.570425391 0.887488425 -1.79137933 0.119018584 0.860370517 -1.76947689 0.191221386 0.887474418 -1.76575053 0.112598956 0.860360503 -1.75103068 0.186600894 0.887460113 -1.73961592 0.10872227 0.860350192 -1.73222041 0.183810651 0.887460113 -1.73961592 0.644580722 0.860350192 -1.73222041 0.56949234 0.887445688 -1.71322727 0.107425839 0.887431264 -1.68683839 0.10872227 0.86032939 -1.69423401 0.183810651 0.860339761 -1.71322727 0.182877555 0.887474418 -1.76575053 0.640704155 0.860360503 -1.75103068 0.566702187 0.887416959 -1.6607039 0.112598956 0.860319138 -1.67542386 0.186600894 0.887488425 -1.79137933 0.634284377 0.860370517 -1.76947689 0.562081575 0.887403011 -1.63507521 0.119018584 0.860309064 -1.65697765 0.191221386 0.887502074 -1.81625533 0.625383556 0.860380352 -1.78738129 0.555675268 0.887389362 -1.61019897 0.127919406 0.86029923 -1.63907313 0.197627723 0.887515128 -1.84013939 0.614087224 0.860389769 -1.80457163 0.547544777 0.887376308 -1.58631516 0.139215633 0.860289812 -1.62188292 0.205758139 0.887527466 -1.86280096 0.600504398 0.86039865 -1.82088232 0.537768602 0.887363911 -1.56365359 0.152798548 0.860280931 -1.60557222 0.215534374 0.887539029 -1.884022 0.584765732 0.860406995 -1.83615601 0.52644074 0.887352347 -1.54243231 0.168537229 0.860272646 -1.5902983 0.226862222 0.887549758 -1.90359843 0.567022681 0.887559474 -1.92134142 0.54744637 0.860421717 -1.86301649 0.499580383 0.860414684 -1.85024607 0.513670325 0.887341678 -1.522856 0.186280236 0.887331963 -1.50511301 0.205856532 0.860257924 -1.56343794 0.253722608 0.860264957 -1.57620835 0.239632636 0.887568057 -1.93708014 0.52622515 0.860427856 -1.87434435 0.484306455 0.88732332 -1.4893744 0.227077723 0.860251725 -1.5521102 0.268996447 0.887575448 -1.95066297 0.503563583 0.860433221 -1.88412058 0.467995882 0.887315989 -1.47579145 0.249739364 0.86024642 -1.54233384 0.28530708 0.887581706 -1.96195924 0.479679585 0.860437691 -1.89225101 0.450805515 0.88730973 -1.4644953 0.273623288 0.86024195 -1.53420353 0.302497417 0.887586474 -1.97085989 0.454803497 0.860441148 -1.8986572 0.432901055 0.887304902 -1.4555943 0.298499435 0.860238492 -1.52779722 0.320401907 0.887590051 -1.97727966 0.429174721 0.860443711 -1.90327775 0.414454877 0.887301326 -1.44917488 0.324128151 0.86023587 -1.52317679 0.338848054 0.887592137 -1.98115635 0.403040171 0.860445201 -1.90606797 0.395644635 0.88729924 -1.44529819 0.350262761 0.86023438 -1.52038646 0.357658327 0.887592852 -1.98245275 0.376651436 0.887592137 -1.98115635 0.350262702 0.860445201 -1.90606797 0.357658297 0.860445738 -1.90700114 0.376651466 0.887298584 -1.44400167 0.376651496 0.88729924 -1.44529808 0.40304023 0.86023438 -1.52038646 0.395644695 0.860233903 -1.51945341 0.376651496 0.887590051 -1.97727966 0.324128151 0.860443711 -1.90327775 0.338848054 0.887301326 -1.44917488 0.429174781 0.86023587 -1.52317679 0.414454907 0.887586474 -1.97086 0.298499376 0.860441148 -1.89865732 0.320401877 0.887304902 -1.4555943 0.454803556 0.860238492 -1.52779722 0.432901084 0.887352347 -1.54243231 0.584765792 0.860272646 -1.59029841 0.526440859 0.887581706 -1.96195924 0.273623228 0.860437691 -1.89225101 0.302497387 0.88730973 -1.4644953 0.479679704 0.86024195 -1.53420353 0.450805604 0.887363911 -1.56365359 0.600504458 0.860280931 -1.60557234 0.537768662 0.887575448 -1.95066285 0.249739304 0.860433221 -1.88412046 0.28530705 0.887315989 -1.47579145 0.503563643 0.86024642 -1.54233396 0.467995942 0.887376308 -1.58631516 0.614087343 0.860289812 -1.62188292 0.547544837 0.887568057 -1.93708003 0.227077663 0.860427856 -1.87434435 0.268996418 0.88732332 -1.48937428 0.526225209 0.860251725 -1.5521102 0.484306514 0.887389362 -1.61019909 0.625383615 0.86029923 -1.63907313 0.555675268 0.826964617 -1.72002363 0.410819441 0.826962709 -1.7166419 0.411321074 0.826947391 -1.68859351 0.352017671 0.826948822 -1.69112659 0.34972176 0.826957166 -1.70643079 0.410819441 0.826955318 -1.70311451 0.409988731 0.826966405 -1.72334003 0.409988731 0.826972961 -1.73532784 0.34972176 0.826974332 -1.73786092 0.352017671 0.826959014 -1.70981252 0.411321104 0.826968193 -1.72655892 0.408836991 0.826971471 -1.73258185 0.347685188 0.826960862 -1.71322727 0.411488831 0.826969862 -1.72964942 0.407375276 0.826969862 -1.72964942 0.345927596 0.826941907 -1.67855763 0.380066097 0.826941848 -1.67838991 0.376651436 0.826971471 -1.73258185 0.405617654 0.826968193 -1.72655892 0.344465882 0.826942205 -1.67905927 0.383447886 0.826972961 -1.73532784 0.403581113 0.826966405 -1.72334003 0.343314141 0.826942682 -1.67988992 0.386764199 0.826974332 -1.73786104 0.401285201 0.826964617 -1.72002363 0.342483431 0.826943278 -1.68104172 0.389983147 0.826962709 -1.7166419 0.341981798 0.826944113 -1.68250334 0.393073678 0.826960862 -1.71322727 0.341814041 0.826945066 -1.68426096 0.396006048 0.826979816 -1.74789691 0.373236775 0.826979935 -1.74806464 0.376651436 0.826946139 -1.68629754 0.398752064 0.826979578 -1.74739528 0.369854987 0.826947391 -1.68859351 0.401285201 0.826979101 -1.74656451 0.366538674 0.826946139 -1.68629754 0.354550809 0.826978445 -1.74541283 0.363319725 0.826945066 -1.68426096 0.357296824 0.82697767 -1.74395108 0.360229194 0.826944113 -1.68250334 0.360229194 0.826976717 -1.74219346 0.357296795 0.826943278 -1.68104172 0.363319725 0.826975584 -1.74015689 0.354550809 0.826942682 -1.67988992 0.366538674 0.826942205 -1.67905927 0.369854987 0.826975584 -1.74015689 0.398752034 0.826941907 -1.67855763 0.373236775 0.826976717 -1.74219346 0.396006048 0.82697767 -1.74395108 0.393073678 0.826959014 -1.70981252 0.341981798 0.826978445 -1.74541283 0.389983118 0.826957166 -1.70643079 0.342483431 0.826979101 -1.74656451 0.386764199 0.826955318 -1.70311451 0.343314141 0.826948822 -1.69112659 0.403581113 0.826979578 -1.74739528 0.383447856 0.82695359 -1.6998955 0.344465882 0.826950312 -1.69387269 0.405617684 0.826979816 -1.74789691 0.380066097 0.826951861 -1.696805 0.345927596 0.826951861 -1.696805 0.407375276 0.826950312 -1.69387257 0.347685188 0.82695359 -1.6998955 0.408836991 </float_array>
          <technique_common>
            <accessor count="192" offset="0" source="#meshesP6R-positions-array" stride="3">
              <param name="X" type="float" />
              <param name="Y" type="float" />
              <param name="Z" type="float" />
            </accessor>
          </technique_common>
        </source>
        <source id="meshesP6R-tex0" name="meshesP6R-tex0">
          <float_array id="meshesP6R-tex0-array" count="384"> 0.0785267949 0.417979479 0.0944743156 0.435574651 0.142427772 0.387621224 0.130949736 0.374957085 0.452635646 0.110956192 0.436688006 0.0933607817 0.388734549 0.141314328 0.400212824 0.153978467 0.112069726 0.45152235 0.131143361 0.465668321 0.168820083 0.409281015 0.155092061 0.39909935 0.335824788 0.0329056382 0.312789589 0.0271354914 0.299559176 0.0936489701 0.316138595 0.0978018641 0.151511669 0.477876604 0.183480248 0.418067813 0.289299577 0.023651123 0.282652378 0.0911411047 0.172978818 0.488029897 0.198930964 0.425375581 0.265581161 0.0224860311 0.265581161 0.0903024673 0.195337594 0.496029913 0.215023562 0.431133687 0.218372896 0.501799941 0.231603131 0.435286582 0.241862863 0.505284309 0.248509973 0.437794447 0.241862863 0.023651123 0.248509973 0.0911412239 0.265581161 0.50644964 0.289299577 0.505284309 0.282652378 0.437794447 0.265581161 0.438632965 0.218372896 0.0271354914 0.231603131 0.0936489701 0.312789589 0.501799941 0.299559176 0.435286582 0.195337594 0.0329056382 0.215023562 0.0978018641 0.335824788 0.496029913 0.316138595 0.431133687 0.172978818 0.0409056544 0.198930964 0.103559971 0.358183622 0.488029897 0.332231402 0.425375581 0.151511669 0.051058948 0.183480248 0.110867858 0.379650593 0.477876604 0.347682238 0.418067813 0.131143361 0.0632671118 0.168820083 0.119654596 0.40001893 0.465668321 0.362342209 0.409281015 0.112069726 0.0774132013 0.155092061 0.129836202 0.419092774 0.45152235 0.376070529 0.39909935 0.0944743156 0.0933607817 0.0785267949 0.110956192 0.130949616 0.153978467 0.142427772 0.141314328 0.436688006 0.435574651 0.452635646 0.417979479 0.400212824 0.374957085 0.388734549 0.387621224 0.0643807203 0.130029857 0.120768085 0.167706788 0.466781467 0.398905694 0.410394251 0.361228764 0.0521723628 0.150398254 0.111981153 0.182366788 0.478990018 0.378537297 0.419181347 0.346568763 0.0420190692 0.171865344 0.10467343 0.197817624 0.489143193 0.357070208 0.426488847 0.331118047 0.0340191275 0.194224298 0.0989154875 0.213910222 0.497143328 0.334711373 0.432246983 0.31502521 0.0282491148 0.217259526 0.0947623849 0.23048985 0.502913117 0.311676145 0.436399758 0.298445702 0.0247645974 0.240749419 0.0922545642 0.247396588 0.506397605 0.288186252 0.438907713 0.281539083 0.0235993713 0.264467835 0.0247645974 0.288186252 0.0922545642 0.281539083 0.0914159566 0.264467835 0.507562757 0.264467835 0.506397605 0.240749419 0.438907713 0.247396588 0.439746469 0.264467835 0.0282491148 0.311676145 0.0947623849 0.298445702 0.502913117 0.217259526 0.436399758 0.23048985 0.0340191275 0.334711373 0.0989154279 0.31502521 0.497143328 0.194224298 0.432246983 0.213910222 0.419092774 0.0774132013 0.376070529 0.129836202 0.0420190692 0.357070208 0.10467343 0.331118047 0.489143193 0.171865344 0.426488847 0.197817504 0.40001893 0.0632671118 0.362342209 0.119654596 0.0521723628 0.378537297 0.111981273 0.346568763 0.478990018 0.150398254 0.419181347 0.182366788 0.379650593 0.051058948 0.347682238 0.110867679 0.0643807203 0.398905694 0.120768085 0.361228764 0.466781676 0.130029857 0.410394371 0.167706788 0.358183622 0.0409056544 0.332231402 0.103559971 0.259472519 0.233757436 0.262512028 0.233306527 0.287722051 0.286608875 0.285445392 0.288672328 0.271689892 0.233757436 0.274670571 0.234503984 0.256491661 0.234503984 0.245716959 0.288672328 0.243440107 0.286608875 0.268650293 0.233306527 0.253598541 0.235539198 0.248185113 0.290502846 0.265581161 0.233155787 0.250820726 0.236853063 0.250820726 0.292082608 0.29674235 0.261398733 0.296893269 0.264467835 0.248185113 0.238432825 0.253598541 0.293396413 0.29629153 0.258359194 0.245716959 0.240263343 0.256491661 0.294431686 0.295544982 0.255378425 0.243440107 0.242326796 0.259472519 0.295178354 0.294509709 0.252485216 0.262512028 0.295629144 0.293196082 0.249707341 0.265581161 0.295779884 0.291616261 0.247071803 0.234419808 0.267536938 0.234269097 0.264467835 0.289785713 0.244603634 0.234870732 0.270576477 0.287722051 0.242326796 0.235617399 0.273557127 0.289785713 0.284332037 0.236652538 0.276450574 0.291616261 0.281863868 0.237966359 0.27922821 0.293196082 0.27922821 0.23954612 0.281863868 0.294509709 0.276450574 0.241376579 0.284332037 0.295544982 0.273557127 0.29629153 0.270576477 0.241376579 0.244603634 0.29674235 0.267536938 0.23954612 0.247071803 0.237966359 0.249707341 0.268650293 0.295629144 0.236652538 0.252485216 0.271689892 0.295178354 0.235617399 0.255378425 0.274670571 0.294431686 0.285445392 0.240263343 0.234870732 0.258359194 0.277563751 0.293396413 0.282977343 0.238432825 0.234419808 0.261398733 0.280341595 0.292082608 0.280341595 0.236853063 0.282977343 0.290502846 0.277563751 0.235539198 </float_array>
          <technique_common>
            <accessor count="192" offset="0" source="#meshesP6R-tex0-array" stride="2">
              <param name="S" type="float" />
              <param name="T" type="float" />
            </accessor>
          </technique_common>
        </source>
        <vertices id="meshesP6R-vertices">
          <input semantic="POSITION" source="#meshesP6R-positions" />
        </vertices>
        <polylist count="318" material="defaultMaterial">
          <input offset="0" semantic="VERTEX" source="#meshesP6R-vertices" />
          <input offset="0" semantic="TEXCOORD" source="#meshesP6R-tex0" set="0" />
          <vcount>3 3 3 3 3 3 3 3 3 3 3 3 3 3 3 3 3 3 3 3 3 3 3 3 3 3 3 3 3 3 3 3 3 3 3 3 3 3 3 3 3 3 3 3 3 3 3 3 3 3 3 3 3 3 3 3 3 3 3 3 3 3 3 3 3 3 3 3 3 3 3 3 3 3 3 3 3 3 3 3 3 3 3 3 3 3 3 3 3 3 3 3 3 3 3 3 3 3 3 3 3 3 3 3 3 3 3 3 3 3 3 3 3 3 3 3 3 3 3 3 3 3 3 3 3 3 3 3 3 3 3 3 3 3 3 3 3 3 3 3 3 3 3 3 3 3 3 3 3 3 3 3 3 3 3 3 3 3 3 3 3 3 3 3 3 3 3 3 3 3 3 3 3 3 3 3 3 3 3 3 3 3 3 3 3 3 3 3 3 3 3 3 3 3 3 3 3 3 3 3 3 3 3 3 3 3 3 3 3 3 3 3 3 3 3 3 3 3 3 3 3 3 3 3 3 3 3 3 3 3 3 3 3 3 3 3 3 3 3 3 3 3 3 3 3 3 3 3 3 3 3 3 3 3 3 3 3 3 3 3 3 3 3 3 3 3 3 3 3 3 3 3 3 3 3 3 3 3 3 3 3 3 3 3 3 3 3 3 3 3 3 3 3 3 3 3 3 3 3 3 3 3 3 3 3 3 3 3 3 3 3 3 3 3 3 3 3 3 </vcount>
          <p>0 1 2 0 2 3 4 5 6 4 6 7 8 9 10 8 10 11 12 13 14 12 14 15 9 16 17 9 17 10 13 18 19 13 19 14 16 20 21 16 21 17 18 22 23 18 23 19 20 24 25 20 25 21 24 26 27 24 27 25 26 28 29 26 29 27 22 30 31 22 31 23 32 33 34 32 34 35 28 32 35 28 35 29 30 36 37 30 37 31 33 38 39 33 39 34 36 40 41 36 41 37 38 42 43 38 43 39 40 44 45 40 45 41 42 46 47 42 47 43 44 48 49 44 49 45 46 50 51 46 51 47 48 52 53 48 53 49 50 54 55 50 55 51 52 56 57 52 57 53 54 58 59 54 59 55 60 61 62 60 62 63 64 65 66 64 66 67 56 60 63 56 63 57 58 64 67 58 67 59 61 68 69 61 69 62 65 70 71 65 71 66 68 72 73 68 73 69 70 74 75 70 75 71 72 76 77 72 77 73 74 78 79 74 79 75 76 80 81 76 81 77 78 82 83 78 83 79 80 84 85 80 85 81 82 86 87 82 87 83 84 88 89 84 89 85 86 90 91 86 91 87 92 93 94 92 94 95 96 97 98 96 98 99 88 92 95 88 95 89 90 96 99 90 99 91 93 100 101 93 101 94 97 102 103 97 103 98 100 104 105 100 105 101 102 106 107 102 107 103 5 108 109 5 109 6 104 110 111 104 111 105 106 112 113 106 113 107 108 114 115 108 115 109 110 116 117 110 117 111 112 118 119 112 119 113 114 120 121 114 121 115 116 122 123 116 123 117 118 124 125 118 125 119 120 126 127 120 127 121 122 0 3 122 3 123 124 4 7 124 7 125 1 8 11 1 11 2 126 12 15 126 15 127 31 37 128 31 128 129 59 67 130 59 130 131 15 14 132 15 132 133 37 41 134 37 134 128 2 11 135 2 135 136 14 19 137 14 137 132 41 45 138 41 138 134 11 10 139 11 139 135 19 23 140 19 140 137 45 49 141 45 141 138 10 17 142 10 142 139 99 98 143 99 143 144 49 53 145 49 145 141 17 21 146 17 146 142 98 103 147 98 147 143 53 57 148 53 148 145 21 25 149 21 149 146 103 107 150 103 150 147 57 63 151 57 151 148 25 27 152 25 152 149 107 113 153 107 153 150 27 29 154 27 154 152 113 119 155 113 155 153 29 35 156 29 156 154 119 125 157 119 157 155 95 94 158 95 158 159 125 7 160 125 160 157 94 101 161 94 161 158 7 6 162 7 162 160 101 105 163 101 163 161 67 66 164 67 164 130 105 111 165 105 165 163 66 71 166 66 166 164 111 117 167 111 167 165 71 75 168 71 168 166 117 123 169 117 169 167 75 79 170 75 170 168 123 3 171 123 171 169 79 83 172 79 172 170 3 2 136 3 136 171 83 87 173 83 173 172 63 62 174 63 174 151 87 91 175 87 175 173 62 69 176 62 176 174 91 99 144 91 144 175 69 73 177 69 177 176 35 34 178 35 178 156 73 77 179 73 179 177 34 39 180 34 180 178 77 81 181 77 181 179 39 43 182 39 182 180 6 109 183 6 183 162 81 85 184 81 184 181 43 47 185 43 185 182 109 115 186 109 186 183 85 89 187 85 187 184 47 51 188 47 188 185 115 121 189 115 189 186 89 95 159 89 159 187 51 55 190 51 190 188 121 127 191 121 191 189 23 31 129 23 129 140 55 59 131 55 131 190 127 15 133 127 133 191 178 154 156 154 178 180 154 180 152 152 180 182 152 182 149 149 182 185 149 185 146 146 185 188 146 188 142 142 188 190 142 190 139 139 190 131 139 131 135 135 131 130 135 130 136 136 130 164 136 164 171 171 164 166 171 166 169 169 166 168 169 168 167 167 168 170 167 170 165 165 170 172 165 172 163 163 172 173 163 173 161 161 173 175 161 175 158 158 175 144 158 144 159 159 144 143 159 143 187 187 143 147 187 147 184 184 147 150 184 150 181 181 150 153 181 153 179 179 153 177 177 153 155 177 155 157 177 157 176 176 157 160 176 160 174 174 160 162 174 162 151 151 162 183 151 183 148 148 183 145 145 183 186 145 186 189 145 189 141 141 189 138 138 189 191 138 191 133 138 133 134 134 133 132 134 132 128 128 132 137 128 137 129 129 137 140 </p>
        </polylist>
      </mesh>
    </geometry>
    <geometry id="meshesP7R-0" name="meshes[7]-0" >
      <mesh>
        <source id="meshesP7R-0-positions" name="meshesP7R-0-positions">
          <float_array id="meshesP7R-0-positions-array" count="960"> -0.890683293 -1.54243243 0.584765911 -0.898947716 -1.53507292 0.593733609 -0.89893651 -1.51465297 0.575226068 -0.890672565 -1.52285612 0.56702292 -0.890694857 -1.56365371 0.600504518 -0.898959816 -1.55720854 0.610150456 -0.890707195 -1.58631539 0.614087403 -0.898972809 -1.58084667 0.6243186 -0.890720248 -1.61019921 0.625383675 -0.89898634 -1.60575962 0.636101604 -0.890733898 -1.63507533 0.634284437 -0.899000525 -1.63170779 0.645385921 -0.890747905 -1.66070414 0.640704155 -0.899015248 -1.65844095 0.652082205 -0.89076215 -1.68683863 0.644580841 -0.89903003 -1.68570161 0.656125903 -0.890776634 -1.71322739 0.645877123 -0.89904511 -1.71322739 0.657478094 -0.892688334 -1.49173248 0.646553636 -0.879325807 -1.47495747 0.667013288 -0.879310906 -1.44764447 0.642258227 -0.892674506 -1.466344 0.623542964 -0.892703414 -1.51925409 0.666965067 -0.87934202 -1.50456524 0.688971937 -0.892719507 -1.54864395 0.684580684 -0.879359245 -1.53618288 0.707922697 -0.892736435 -1.57961881 0.699230552 -0.879377484 -1.56950581 0.723683298 -0.892754018 -1.6118803 0.710774064 -0.879396498 -1.604213 0.736101747 -0.892772198 -1.64511812 0.719099641 -0.879416049 -1.6399703 0.745058477 -0.892790735 -1.67901194 0.724127173 -0.879436016 -1.67643332 0.750467181 -0.892809451 -1.71323526 0.725808442 -0.879456043 -1.71325099 0.752275944 -0.648769438 -1.47509229 0.667013288 -0.648754537 -1.44777942 0.642258227 -0.648785651 -1.50470018 0.688971937 -0.648802936 -1.53631783 0.707922697 -0.648821235 -1.56964064 0.723683298 -0.648840129 -1.60434806 0.736101747 -0.64885968 -1.64010537 0.745058477 -0.648879588 -1.67656827 0.750467181 -0.648899674 -1.71338594 0.752275944 -0.890630126 -1.44529808 0.403040409 -0.898892403 -1.43375301 0.404177487 -0.898891568 -1.4324007 0.376651675 -0.89062947 -1.44400167 0.376651645 -0.890632212 -1.44917488 0.42917496 -0.898894548 -1.43779671 0.431438237 -0.890635848 -1.45559442 0.454803705 -0.898898184 -1.44449306 0.458171308 -0.890640616 -1.4644953 0.479679853 -0.89890331 -1.45377755 0.484119356 -0.890646875 -1.47579145 0.503563762 -0.898909807 -1.46556044 0.509032488 -0.890654206 -1.4893744 0.526225328 -0.898917496 -1.47972858 0.532670617 -0.890662849 -1.50511312 0.547446609 -0.898926497 -1.49614549 0.554806173 -0.89261955 -1.36575949 0.410875052 -0.879251719 -1.33943522 0.413469374 -0.879250824 -1.33762634 0.376651704 -0.892618537 -1.36407816 0.376651704 -0.892622292 -1.37078714 0.444768816 -0.879254758 -1.3448441 0.449932367 -0.892626762 -1.37911284 0.478006631 -0.879259586 -1.35380077 0.48568964 -0.89263308 -1.39065623 0.510268331 -0.879266381 -1.36621928 0.520396948 -0.892641127 -1.40530622 0.541243136 -0.879275024 -1.38197982 0.553719938 -0.892650723 -1.4229219 0.570632935 -0.879285336 -1.40093064 0.58533752 -0.892661929 -1.44333327 0.598154545 -0.879297376 -1.42288947 0.614945292 -0.648695469 -1.33957016 0.413469374 -0.648694456 -1.3377614 0.376651704 -0.64869839 -1.34497905 0.449932367 -0.648703277 -1.35393572 0.48568964 -0.648710012 -1.36635423 0.520396948 -0.648718655 -1.38211477 0.553719938 -0.648729026 -1.40106559 0.58533752 -0.648741007 -1.42302442 0.614945292 -0.890662849 -1.50511289 0.205856636 -0.898926497 -1.49614525 0.198497117 -0.89893651 -1.51465273 0.178077236 -0.890672565 -1.52285588 0.186280325 -0.890654206 -1.48937428 0.227077827 -0.898917496 -1.47972834 0.220632717 -0.890646875 -1.47579134 0.249739498 -0.898909807 -1.4655602 0.244270846 -0.890640616 -1.46449518 0.273623407 -0.89890331 -1.45377731 0.269183934 -0.890635848 -1.4555943 0.298499584 -0.898898184 -1.44449294 0.295131981 -0.890632212 -1.44917476 0.3241283 -0.898894548 -1.43779659 0.321865082 -0.890630126 -1.44529808 0.35026291 -0.898892403 -1.43375301 0.349125832 -0.892661929 -1.44333315 0.155148715 -0.879297376 -1.42288911 0.138358012 -0.879310906 -1.44764423 0.111045063 -0.892674506 -1.46634364 0.129760295 -0.892650723 -1.42292166 0.182670355 -0.879285336 -1.4009304 0.167965844 -0.892641127 -1.4053061 0.212060183 -0.879275024 -1.38197958 0.199583575 -0.89263308 -1.39065623 0.243035063 -0.879266381 -1.36621916 0.232906416 -0.892626762 -1.37911272 0.275296748 -0.879259586 -1.35380054 0.267613709 -0.892622292 -1.37078702 0.308534503 -0.879254758 -1.34484386 0.303371012 -0.89261955 -1.36575937 0.342428356 -0.879251719 -1.33943534 0.339834064 -0.648741007 -1.42302418 0.138358012 -0.648754537 -1.44777906 0.111045063 -0.648729026 -1.40106535 0.167965844 -0.648718655 -1.38211453 0.199583575 -0.648710012 -1.36635411 0.232906416 -0.648703218 -1.35393548 0.267613709 -0.64869839 -1.34497893 0.303371012 -0.64869535 -1.33957016 0.339834064 -0.89076215 -1.68683827 0.10872227 -0.89903003 -1.68570113 0.0971771479 -0.89904511 -1.71322703 0.0958248079 -0.890776634 -1.71322703 0.107425779 -0.890747905 -1.66070378 0.112598956 -0.899015248 -1.65844059 0.101220936 -0.890733898 -1.63507497 0.119018614 -0.899000525 -1.63170743 0.107917249 -0.890720248 -1.61019886 0.127919436 -0.89898634 -1.60575926 0.117201596 -0.890707195 -1.58631504 0.139215693 -0.898972809 -1.58084631 0.12898466 -0.890694857 -1.56365347 0.152798623 -0.898959816 -1.55720818 0.143152788 -0.890683293 -1.54243207 0.168537319 -0.898947716 -1.53507257 0.15956971 -0.892790735 -1.67901146 0.0291757882 -0.879436016 -1.67643285 0.00283581018 -0.879456043 -1.71325052 0.00102707744 -0.892809451 -1.71323478 0.0274944901 -0.892772198 -1.64511776 0.0342034101 -0.879416049 -1.63996983 0.00824463367 -0.892754018 -1.61187983 0.0425291061 -0.879396498 -1.60421252 0.0172014534 -0.892736435 -1.57961833 0.0540725887 -0.879377484 -1.56950533 0.0296197832 -0.892719507 -1.54864347 0.0687225163 -0.879359245 -1.5361824 0.0453803837 -0.892703414 -1.51925373 0.0863381028 -0.87934202 -1.50456488 0.0643312633 -0.892688334 -1.49173212 0.106749594 -0.879325807 -1.47495711 0.0862899125 -0.648879588 -1.67656779 0.00283581018 -0.648899674 -1.71338546 0.00102707744 -0.64885968 -1.64010477 0.00824463367 -0.648840129 -1.60434759 0.0172014236 -0.648821235 -1.56964028 0.0296197832 -0.648802936 -1.53631735 0.0453803837 -0.648785651 -1.50469983 0.0643312633 -0.648769438 -1.47509193 0.0862899125 -0.890869915 -1.88402188 0.16853708 -0.899142504 -1.8913815 0.159569338 -0.899153709 -1.91180134 0.178076848 -0.890880644 -1.90359831 0.186280057 -0.890858352 -1.86280084 0.152798414 -0.899130344 -1.86924577 0.14315258 -0.890846014 -1.84013915 0.139215514 -0.89911747 -1.84560776 0.128984481 -0.890832961 -1.81625521 0.127919286 -0.89910382 -1.82069468 0.117201477 -0.890819311 -1.79137921 0.119018495 -0.899089694 -1.79474664 0.107917041 -0.890805364 -1.76575041 0.112598896 -0.899075031 -1.7680136 0.101220876 -0.890790999 -1.7396158 0.10872221 -0.89906013 -1.74075282 0.0971770883 -0.892930567 -1.93473768 0.106749296 -0.879586339 -1.95154405 0.0862896144 -0.8796013 -1.97885704 0.111044705 -0.892944396 -1.96012604 0.129759967 -0.892915428 -1.90721619 0.0863378644 -0.879570186 -1.92193627 0.0643309653 -0.892899394 -1.87782621 0.0687223971 -0.879552901 -1.89031863 0.0453802943 -0.892882466 -1.84685135 0.0540724099 -0.879534602 -1.85699582 0.0296196043 -0.892864883 -1.81458974 0.0425289869 -0.879515648 -1.82228851 0.0172011852 -0.892846704 -1.78135204 0.0342032909 -0.879496157 -1.78653109 0.00824451447 -0.892828166 -1.74745834 0.0291757286 -0.87947619 -1.75006819 0.00283575058 -0.64902997 -1.95167899 0.0862896144 -0.649044931 -1.97899199 0.111044705 -0.649013817 -1.92207122 0.0643309653 -0.648996532 -1.89045358 0.0453802943 -0.648978353 -1.85713053 0.0296196043 -0.648959279 -1.82242346 0.0172011554 -0.648939788 -1.78666615 0.00824451447 -0.648919821 -1.75020313 0.00283575058 -0.890923023 -1.98115635 0.350262552 -0.899197936 -1.99270153 0.349125445 -0.899198592 -1.99405372 0.376651287 -0.890923738 -1.98245287 0.376651287 -0.890920937 -1.97727966 0.324128002 -0.899195671 -1.98865771 0.321864724 -0.89091742 -1.97086 0.298499227 -0.899192035 -1.98196137 0.295131624 -0.890912592 -1.96195912 0.273623079 -0.899186909 -1.97267699 0.269183576 -0.890906394 -1.95066285 0.24973917 -0.899180472 -1.96089399 0.244270459 -0.890898943 -1.93708003 0.227077529 -0.899172783 -1.94672596 0.220632389 -0.89089036 -1.92134118 0.205856338 -0.899163842 -1.93030894 0.198496819 -0.892999411 -2.06071067 0.34242788 -0.879660368 -2.08706617 0.339833558 -0.879661381 -2.08887506 0.376651198 -0.893000245 -2.062392 0.376651227 -0.892996609 -2.0556829 0.308534026 -0.879657447 -2.08165741 0.303370506 -0.89299202 -2.04735732 0.275296301 -0.8796525 -2.0727005 0.267613232 -0.892985821 -2.03581381 0.243034616 -0.879645824 -2.06028223 0.232905939 -0.892977715 -2.02116394 0.212059766 -0.879637182 -2.04452181 0.199582994 -0.892968059 -2.00354815 0.182669967 -0.879626811 -2.02557087 0.167965427 -0.892957032 -1.98313665 0.155148357 -0.87961483 -2.00361204 0.138357624 -0.649104059 -2.08720112 0.339833558 -0.649105132 -2.08901 0.376651198 -0.649101079 -2.08179235 0.303370506 -0.649096251 -2.07283568 0.267613232 -0.649089396 -2.06041718 0.232905939 -0.649080813 -2.04465675 0.199582994 -0.649070442 -2.02570581 0.167965427 -0.649058402 -2.00374699 0.138357624 -0.89089036 -1.92134154 0.547446311 -0.899163842 -1.93030918 0.554805815 -0.899153709 -1.91180158 0.575225711 -0.890880644 -1.90359855 0.567022622 -0.890898943 -1.93708014 0.52622509 -0.899172783 -1.94672608 0.532670259 -0.890906394 -1.95066309 0.503563464 -0.899180472 -1.96089411 0.509032071 -0.890912592 -1.96195936 0.479679465 -0.899186909 -1.97267723 0.484118998 -0.89091742 -1.97086 0.454803348 -0.899192035 -1.98196149 0.45817095 -0.890920937 -1.97727966 0.429174602 -0.899195671 -1.98865771 0.43143785 -0.890923023 -1.98115635 0.403040022 -0.899197936 -1.99270141 0.40417704 -0.892957032 -1.98313701 0.598154068 -0.87961483 -2.00361228 0.614944935 -0.8796013 -1.9788574 0.642257869 -0.892944396 -1.9601264 0.623542666 -0.892968059 -2.00354862 0.570632577 -0.879626811 -2.02557111 0.585337102 -0.892977715 -2.02116394 0.541242719 -0.879637182 -2.04452181 0.553719342 -0.892985821 -2.03581405 0.510267854 -0.879645824 -2.06028223 0.520396471 -0.89299202 -2.04735732 0.478006154 -0.8796525 -2.07270074 0.485689223 -0.892996609 -2.0556829 0.444768429 -0.879657447 -2.08165765 0.44993186 -0.892999411 -2.06071067 0.410874575 -0.879660368 -2.08706641 0.413468838 -0.649058402 -2.00374722 0.614944935 -0.649044931 -1.97899234 0.642257869 -0.649070442 -2.02570581 0.585337102 -0.649080813 -2.04465699 0.553719342 -0.649089396 -2.06041741 0.520396471 -0.649096251 -2.07283568 0.485689223 -0.649101079 -2.08179259 0.44993186 -0.649104059 -2.08720136 0.413468838 -0.890790999 -1.73961616 0.644580722 -0.89906013 -1.74075317 0.656125784 -0.890805364 -1.76575077 0.640704095 -0.899075031 -1.76801395 0.652082086 -0.890819311 -1.79137945 0.634284317 -0.899089694 -1.79474711 0.645385742 -0.890832961 -1.81625557 0.625383496 -0.89910382 -1.82069492 0.636101425 -0.890846014 -1.84013951 0.614087164 -0.89911747 -1.84560812 0.624318361 -0.890858352 -1.86280107 0.600504339 -0.899130344 -1.86924624 0.610150218 -0.890869915 -1.88402212 0.584765673 -0.899142504 -1.89138174 0.593733311 -0.892828166 -1.74745882 0.724127173 -0.87947619 -1.75006866 0.750467062 -0.892846704 -1.7813524 0.719099462 -0.879496157 -1.78653169 0.745058298 -0.892864883 -1.81459022 0.710773826 -0.879515648 -1.82228899 0.736101568 -0.892882466 -1.84685183 0.699230433 -0.879534602 -1.8569963 0.723683119 -0.892899394 -1.87782657 0.684580445 -0.879552901 -1.89031911 0.707922518 -0.892915428 -1.90721655 0.666964829 -0.879570186 -1.92193663 0.688971639 -0.892930567 -1.93473804 0.646553338 -0.879586339 -1.9515444 0.66701293 -0.648919821 -1.75020361 0.750467062 -0.648939788 -1.78666663 0.745058298 -0.648959398 -1.82242393 0.736101508 -0.648978353 -1.857131 0.723683119 -0.648996532 -1.89045405 0.707922518 -0.649013817 -1.92207158 0.688971639 -0.64902997 -1.95167947 0.66701293 </float_array>
          <technique_common>
            <accessor count="320" offset="0" source="#meshesP7R-0-positions-array" stride="3">
              <param name="X" type="float" />
              <param name="Y" type="float" />
              <param name="Z" type="float" />
            </accessor>
          </technique_common>
        </source>
        <source id="meshesP7R-0-tex0" name="meshesP7R-0-tex0">
          <float_array id="meshesP7R-0-tex0-array" count="640"> 0.0331890881 0.653399467 0.000142842531 0.660012722 0.000144034624 0.626079917 0.0331898034 0.620868564 0.0331876576 0.684452951 0.000141173601 0.692404211 0.0331855118 0.713729858 0.000138789415 0.72294271 0.0331828892 0.740948558 0.000136166811 0.751334071 0.0331790745 0.765846491 0.000132590532 0.777305007 0.0331752598 0.788184345 0.000127822161 0.800605297 0.0331707299 0.80774653 0.000123769045 0.821010649 0.0331657231 0.824344754 0.000118523836 0.838323951 0.0250844061 0.698950708 0.0784644186 0.714036822 0.0784656107 0.668649554 0.0250853598 0.656761527 0.025082022 0.739223838 0.0784620345 0.757362723 0.0250791609 0.777193189 0.0784591734 0.798209846 0.0250753462 0.81249249 0.0784551203 0.836185575 0.0250712931 0.84478277 0.078450352 0.8709234 0.0250660479 0.873752296 0.0784446299 0.902088881 0.0250601172 0.899122357 0.0784384608 0.929382086 0.0250539184 0.920648694 0.0784317851 0.952540338 0.99999845 0.714036822 0.999999642 0.668649554 0.999996066 0.757362723 0.999992967 0.798210025 0.999988675 0.836185575 0.999984384 0.8709234 0.999978662 0.902089 0.999972701 0.929382205 0.999965787 0.952540517 0.0331783593 0.37911427 0.000131160021 0.373908579 0.000127106905 0.339975834 0.0331738293 0.346583366 0.0331819355 0.412809491 0.000134974718 0.40905565 0.0331845582 0.447344184 0.000138312578 0.445078492 0.0331871808 0.482385933 0.000140696764 0.481630206 0.0331886113 0.517597079 0.000142127275 0.518358529 0.0331900418 0.55263871 0.000143557787 0.554910243 0.0331902802 0.587173343 0.000144034624 0.590932906 0.0250696242 0.343232274 0.0784489214 0.331353545 0.0784427226 0.285966039 0.0250646174 0.301043034 0.0250743926 0.386931181 0.0784534514 0.378364921 0.0250786841 0.431719005 0.0784579813 0.426547885 0.0250815451 0.477164388 0.0784613192 0.475438237 0.0250836909 0.522829533 0.078463465 0.524565101 0.0250851214 0.568275094 0.0784653723 0.573455334 0.0250855982 0.613062799 0.0784658492 0.621638119 0.999982476 0.331353545 0.999976754 0.285966158 0.999987721 0.378364921 0.999991775 0.426547885 0.999995351 0.475438237 0.999997735 0.524565101 0.999999166 0.573455334 0.999999881 0.621638119 0.0331338048 0.175636828 8.51750374e-05 0.161663234 7.84993172e-05 0.147607684 0.0331268907 0.162162066 0.0331407189 0.192235351 9.18507576e-05 0.178976953 0.0331466794 0.211797714 9.82880592e-05 0.199382305 0.0331531167 0.234135628 0.000105202198 0.222682714 0.0331586003 0.259033918 0.000111401081 0.248653829 0.033164531 0.286252499 0.000116854906 0.277045369 0.0331695378 0.315529764 0.000122100115 0.307584167 0.0250124633 0.079343617 0.0783869922 0.0474610925 0.0783776939 0.028660953 0.0250036418 0.061868012 0.0250210166 0.100870073 0.078396529 0.0706193447 0.0250291228 0.126240492 0.0784048438 0.0979130268 0.0250374675 0.155210376 0.0784139037 0.129078865 0.0250450969 0.187500656 0.0784220099 0.16381681 0.0250517726 0.222800434 0.0784291625 0.201792538 0.0250584483 0.260769784 0.0784367919 0.242640138 0.999921024 0.0474610925 0.999911726 0.0286608934 0.999930263 0.0706193447 0.999939084 0.0979130268 0.999947906 0.129078865 0.999956012 0.16381681 0.999963403 0.201792538 0.999970794 0.242640138 0.0330821276 0.162161231 3.13520432e-05 0.14760685 2.56299973e-05 0.161662102 0.0330768824 0.175635874 0.0330878198 0.151940107 3.68356705e-05 0.136945426 0.0330940187 0.145070791 4.37200069e-05 0.129780054 0.0331006944 0.141619623 5.03957272e-05 0.126180053 0.0331071317 0.141619802 5.68330288e-05 0.126180291 0.033113569 0.145071208 6.39855862e-05 0.129780293 0.0331202447 0.151940584 7.11381435e-05 0.136945903 0.0249452591 0.0618671179 0.078314811 0.028659761 0.0783076584 0.047459662 0.0249383748 0.0793422461 0.0249528885 0.0486112833 0.0783229172 0.0143991709 0.0249609947 0.0397025347 0.0783314705 0.00481522083 0.0249688625 0.0352268219 0.0783405304 0 0.0249774456 0.0352268219 0.0783495903 1.1920929e-07 0.0249859989 0.0397030115 0.0783588886 0.00481557846 0.0249950588 0.0486120582 0.0783683956 0.0143998861 0.999849081 0.0286598206 0.99984169 0.0474597216 0.999856949 0.0143992901 0.999865532 0.00481534004 0.999874115 5.96046448e-08 0.999883354 2.38418579e-07 0.99989289 0.00481557846 0.999902427 0.0143998265 0.0330535173 0.346581221 1.31130219e-06 0.339973509 1.1920929e-07 0.373906136 0.0330525637 0.379112244 0.0330549479 0.315527797 2.98023224e-06 0.307581961 0.0330570936 0.28625077 5.12599945e-06 0.277043581 0.0330599546 0.25903213 8.22544098e-06 0.248652101 0.0330635309 0.234134197 1.15633011e-05 0.222681046 0.0330671072 0.211796641 1.58548355e-05 0.199380994 0.0330718756 0.192234278 2.03847885e-05 0.178975821 0.0249078572 0.301040292 0.0782747865 0.285963058 0.078273356 0.331350386 0.0249069035 0.343229294 0.0249102414 0.260767221 0.0782769322 0.242637277 0.0249131024 0.222798049 0.0782797933 0.201790154 0.0249166787 0.18749845 0.0782842934 0.163814425 0.0249209702 0.155208349 0.0782888234 0.129076719 0.024925977 0.126238644 0.078294307 0.0979110003 0.024931699 0.100868702 0.0783005059 0.070617795 0.999808788 0.285963118 0.999807358 0.331350446 0.999810934 0.242637277 0.999813795 0.201790154 0.999817848 0.163814306 0.999822855 0.1290766 0.999828339 0.0979111195 0.999834538 0.070617795 0.0330644846 0.620866299 1.25169754e-05 0.626077652 1.70469284e-05 0.660010338 0.0330685377 0.653397441 0.0330609083 0.587171316 8.94069672e-06 0.590930521 0.0330578089 0.552636623 5.84125519e-06 0.554907739 0.0330554247 0.517594874 3.4570694e-06 0.518356025 0.0330537558 0.482383549 1.54972076e-06 0.481627464 0.0330528021 0.4473418 3.57627869e-07 0.445076108 0.0330523252 0.412807107 -1.1920929e-07 0.409053266 0.0249221623 0.656758666 0.0782902539 0.668646336 0.0782957375 0.714033782 0.0249276459 0.698948026 0.0249176323 0.613059759 0.0782850087 0.621634781 0.0249140561 0.568271935 0.0782812238 0.573451996 0.0249107182 0.522826552 0.0782776475 0.524561763 0.0249085724 0.477161407 0.0782750249 0.47543478 0.0249073803 0.431715846 0.0782738328 0.426544666 0.0249064267 0.386928141 0.0782731175 0.378361821 0.999824286 0.668646336 0.999829531 0.714033961 0.99981904 0.62163496 0.999814987 0.573452175 0.999811888 0.524561763 0.999809027 0.475434899 0.999807835 0.426544666 0.999807358 0.378361881 0.0331088006 0.824343801 5.87403774e-05 0.838322997 6.56545162e-05 0.852378488 0.0331154764 0.837818623 0.0331021249 0.807745218 5.20646572e-05 0.821009219 0.0330956876 0.788182914 4.5388937e-05 0.800603747 0.0330894887 0.76584506 3.89516354e-05 0.777303457 0.0330837667 0.740946651 3.27825546e-05 0.751332343 0.0330783129 0.71372813 2.70605087e-05 0.722940683 0.0330733061 0.684450865 2.15768814e-05 0.692401826 0.0249795914 0.920647085 0.0783519745 0.952538908 0.0783612728 0.971338987 0.0249886215 0.938122988 0.0249714851 0.899120927 0.0783426762 0.929380655 0.0249631405 0.873750389 0.0783336163 0.902086973 0.0249547958 0.844780564 0.0783250332 0.870921016 0.0249476433 0.812490284 0.0783171952 0.836182952 0.0249402821 0.777190506 0.0783093274 0.798207283 0.024933368 0.739220977 0.0783024132 0.757359862 0.999886215 0.952538908 0.999895275 0.971339107 0.999876738 0.929380655 0.999867678 0.902087092 0.999859333 0.870921135 0.999850988 0.836182952 0.999843359 0.798207462 0.999836445 0.757359982 0.0331605077 0.837819397 0.000112831593 0.852379322 0.0331545472 0.848040819 0.000106871128 0.863040924 0.0331485868 0.854909956 0.000100433826 0.870206237 0.0331421494 0.858361006 9.39965248e-05 0.873806119 0.0331354737 0.858361006 8.7082386e-05 0.873806 0.0331290364 0.854909658 8.01682472e-05 0.870205939 0.0331223905 0.848039985 7.30454922e-05 0.863040328 0.0250465274 0.938124061 0.0784241557 0.97134006 0.0250391364 0.951379776 0.0784160495 0.985600829 0.0250312686 0.960288405 0.0784077048 0.995184779 0.0250231624 0.964764178 0.0783989131 0.99999994 0.0250148475 0.964764178 0.0783893764 0.999999762 0.0250062644 0.960288048 0.0783800781 0.995184302 0.0249972045 0.951378822 0.0783707798 0.985599995 0.999958158 0.97134006 0.999950051 0.985600829 0.99994123 0.995184779 0.999932408 0.99999994 0.999923348 0.999999762 0.99991411 0.995184302 0.999904811 0.985599995 </float_array>
          <technique_common>
            <accessor count="320" offset="0" source="#meshesP7R-0-tex0-array" stride="2">
              <param name="S" type="float" />
              <param name="T" type="float" />
            </accessor>
          </technique_common>
        </source>
        <vertices id="meshesP7R-0-vertices">
          <input semantic="POSITION" source="#meshesP7R-0-positions" />
        </vertices>
        <polylist count="446" material="defaultMaterial">
          <input offset="0" semantic="VERTEX" source="#meshesP7R-0-vertices" />
          <input offset="0" semantic="TEXCOORD" source="#meshesP7R-0-tex0" set="0" />
          <vcount>3 3 3 3 3 3 3 3 3 3 3 3 3 3 3 3 3 3 3 3 3 3 3 3 3 3 3 3 3 3 3 3 3 3 3 3 3 3 3 3 3 3 3 3 3 3 3 3 3 3 3 3 3 3 3 3 3 3 3 3 3 3 3 3 3 3 3 3 3 3 3 3 3 3 3 3 3 3 3 3 3 3 3 3 3 3 3 3 3 3 3 3 3 3 3 3 3 3 3 3 3 3 3 3 3 3 3 3 3 3 3 3 3 3 3 3 3 3 3 3 3 3 3 3 3 3 3 3 3 3 3 3 3 3 3 3 3 3 3 3 3 3 3 3 3 3 3 3 3 3 3 3 3 3 3 3 3 3 3 3 3 3 3 3 3 3 3 3 3 3 3 3 3 3 3 3 3 3 3 3 3 3 3 3 3 3 3 3 3 3 3 3 3 3 3 3 3 3 3 3 3 3 3 3 3 3 3 3 3 3 3 3 3 3 3 3 3 3 3 3 3 3 3 3 3 3 3 3 3 3 3 3 3 3 3 3 3 3 3 3 3 3 3 3 3 3 3 3 3 3 3 3 3 3 3 3 3 3 3 3 3 3 3 3 3 3 3 3 3 3 3 3 3 3 3 3 3 3 3 3 3 3 3 3 3 3 3 3 3 3 3 3 3 3 3 3 3 3 3 3 3 3 3 3 3 3 3 3 3 3 3 3 3 3 3 3 3 3 3 3 3 3 3 3 3 3 3 3 3 3 3 3 3 3 3 3 3 3 3 3 3 3 3 3 3 3 3 3 3 3 3 3 3 3 3 3 3 3 3 3 3 3 3 3 3 3 3 3 3 3 3 3 3 3 3 3 3 3 3 3 3 3 3 3 3 3 3 3 3 3 3 3 3 3 3 3 3 3 3 3 3 3 3 3 3 3 3 3 3 3 3 3 3 3 3 3 3 3 3 3 3 3 3 3 3 3 3 3 3 3 3 3 3 3 3 3 3 3 3 3 3 3 3 3 3 3 </vcount>
          <p>0 1 2 0 2 3 4 5 1 4 1 0 6 7 5 6 5 4 8 9 7 8 7 6 10 11 9 10 9 8 12 13 11 12 11 10 14 15 13 14 13 12 16 17 15 16 15 14 18 19 20 18 20 21 22 23 19 22 19 18 24 25 23 24 23 22 26 27 25 26 25 24 28 29 27 28 27 26 30 31 29 30 29 28 32 33 31 32 31 30 34 35 33 34 33 32 19 36 37 19 37 20 23 38 36 23 36 19 25 39 38 25 38 23 27 40 39 27 39 25 29 41 40 29 40 27 31 42 41 31 41 29 33 43 42 33 42 31 35 44 43 35 43 33 45 46 47 45 47 48 49 50 46 49 46 45 51 52 50 51 50 49 53 54 52 53 52 51 55 56 54 55 54 53 57 58 56 57 56 55 59 60 58 59 58 57 3 2 60 3 60 59 61 62 63 61 63 64 65 66 62 65 62 61 67 68 66 67 66 65 69 70 68 69 68 67 71 72 70 71 70 69 73 74 72 73 72 71 75 76 74 75 74 73 21 20 76 21 76 75 62 77 78 62 78 63 66 79 77 66 77 62 68 80 79 68 79 66 70 81 80 70 80 68 72 82 81 72 81 70 74 83 82 74 82 72 76 84 83 76 83 74 20 37 84 20 84 76 85 86 87 85 87 88 89 90 86 89 86 85 91 92 90 91 90 89 93 94 92 93 92 91 95 96 94 95 94 93 97 98 96 97 96 95 99 100 98 99 98 97 48 47 100 48 100 99 101 102 103 101 103 104 105 106 102 105 102 101 107 108 106 107 106 105 109 110 108 109 108 107 111 112 110 111 110 109 113 114 112 113 112 111 115 116 114 115 114 113 64 63 116 64 116 115 102 117 118 102 118 103 106 119 117 106 117 102 108 120 119 108 119 106 110 121 120 110 120 108 112 122 121 112 121 110 114 123 122 114 122 112 116 124 123 116 123 114 63 78 124 63 124 116 125 126 127 125 127 128 129 130 126 129 126 125 131 132 130 131 130 129 133 134 132 133 132 131 135 136 134 135 134 133 137 138 136 137 136 135 139 140 138 139 138 137 88 87 140 88 140 139 141 142 143 141 143 144 145 146 142 145 142 141 147 148 146 147 146 145 149 150 148 149 148 147 151 152 150 151 150 149 153 154 152 153 152 151 155 156 154 155 154 153 104 103 156 104 156 155 142 157 158 142 158 143 146 159 157 146 157 142 148 160 159 148 159 146 150 161 160 150 160 148 152 162 161 152 161 150 154 163 162 154 162 152 156 164 163 156 163 154 103 118 164 103 164 156 165 166 167 165 167 168 169 170 166 169 166 165 171 172 170 171 170 169 173 174 172 173 172 171 175 176 174 175 174 173 177 178 176 177 176 175 179 180 178 179 178 177 128 127 180 128 180 179 181 182 183 181 183 184 185 186 182 185 182 181 187 188 186 187 186 185 189 190 188 189 188 187 191 192 190 191 190 189 193 194 192 193 192 191 195 196 194 195 194 193 144 143 196 144 196 195 182 197 198 182 198 183 186 199 197 186 197 182 188 200 199 188 199 186 190 201 200 190 200 188 192 202 201 192 201 190 194 203 202 194 202 192 196 204 203 196 203 194 143 158 204 143 204 196 205 206 207 205 207 208 209 210 206 209 206 205 211 212 210 211 210 209 213 214 212 213 212 211 215 216 214 215 214 213 217 218 216 217 216 215 219 220 218 219 218 217 168 167 220 168 220 219 221 222 223 221 223 224 225 226 222 225 222 221 227 228 226 227 226 225 229 230 228 229 228 227 231 232 230 231 230 229 233 234 232 233 232 231 235 236 234 235 234 233 184 183 236 184 236 235 222 237 238 222 238 223 226 239 237 226 237 222 228 240 239 228 239 226 230 241 240 230 240 228 232 242 241 232 241 230 234 243 242 234 242 232 236 244 243 236 243 234 183 198 244 183 244 236 245 246 247 245 247 248 249 250 246 249 246 245 251 252 250 251 250 249 253 254 252 253 252 251 255 256 254 255 254 253 257 258 256 257 256 255 259 260 258 259 258 257 208 207 260 208 260 259 261 262 263 261 263 264 265 266 262 265 262 261 267 268 266 267 266 265 269 270 268 269 268 267 271 272 270 271 270 269 273 274 272 273 272 271 275 276 274 275 274 273 224 223 276 224 276 275 262 277 278 262 278 263 266 279 277 266 277 262 268 280 279 268 279 266 270 281 280 270 280 268 272 282 281 272 281 270 274 283 282 274 282 272 276 284 283 276 283 274 223 238 284 223 284 276 285 286 17 285 17 16 287 288 286 287 286 285 289 290 288 289 288 287 291 292 290 291 290 289 293 294 292 293 292 291 295 296 294 295 294 293 297 298 296 297 296 295 248 247 298 248 298 297 299 300 35 299 35 34 301 302 300 301 300 299 303 304 302 303 302 301 305 306 304 305 304 303 307 308 306 307 306 305 309 310 308 309 308 307 311 312 310 311 310 309 264 263 312 264 312 311 300 313 44 300 44 35 302 314 313 302 313 300 304 315 314 304 314 302 306 316 315 306 315 304 308 317 316 308 316 306 310 318 317 310 317 308 312 319 318 312 318 310 263 278 319 263 319 312 313 43 44 43 313 42 42 313 314 42 314 41 41 314 315 41 315 40 40 315 316 40 316 317 40 317 39 39 317 318 39 318 38 38 318 319 38 319 36 36 319 37 37 319 278 37 278 277 37 277 84 84 277 279 84 279 83 83 279 280 83 280 82 82 280 81 81 280 281 81 281 282 81 282 80 80 282 283 80 283 79 79 283 284 79 284 77 77 284 238 77 238 78 78 238 237 78 237 124 124 237 239 124 239 123 123 239 240 123 240 122 122 240 241 122 241 121 121 241 242 121 242 120 120 242 119 119 242 243 119 243 244 119 244 117 117 244 198 117 198 118 118 198 197 118 197 164 164 197 199 164 199 163 163 199 200 163 200 162 162 200 201 162 201 161 161 201 202 161 202 160 160 202 159 159 202 203 159 203 204 159 204 157 157 204 158 </p>
        </polylist>
      </mesh>
    </geometry>
    <geometry id="meshesP7R-1" name="meshes[7]-1" >
      <mesh>
        <source id="meshesP7R-1-positions" name="meshesP7R-1-positions">
          <float_array id="meshesP7R-1-positions-array" count="384"> -0.898947716 -1.53507292 0.593733609 -0.892688334 -1.49173248 0.646553636 -0.892674506 -1.466344 0.623542964 -0.89893651 -1.51465297 0.575226068 -0.898959816 -1.55720854 0.610150456 -0.892703414 -1.51925409 0.666965067 -0.898972809 -1.58084667 0.6243186 -0.892719507 -1.54864395 0.684580684 -0.89898634 -1.60575962 0.636101604 -0.892736435 -1.57961881 0.699230552 -0.899000525 -1.63170779 0.645385921 -0.892754018 -1.6118803 0.710774064 -0.899015248 -1.65844095 0.652082205 -0.892772198 -1.64511812 0.719099641 -0.89903003 -1.68570161 0.656125903 -0.892790735 -1.67901194 0.724127173 -0.89904511 -1.71322739 0.657478094 -0.892809451 -1.71323526 0.725808442 -0.898892403 -1.43375301 0.404177487 -0.89261955 -1.36575949 0.410875052 -0.892618537 -1.36407816 0.376651704 -0.898891568 -1.4324007 0.376651675 -0.898894548 -1.43779671 0.431438237 -0.892622292 -1.37078714 0.444768816 -0.898898184 -1.44449306 0.458171308 -0.892626762 -1.37911284 0.478006631 -0.89890331 -1.45377755 0.484119356 -0.89263308 -1.39065623 0.510268331 -0.898909807 -1.46556044 0.509032488 -0.892641127 -1.40530622 0.541243136 -0.898917496 -1.47972858 0.532670617 -0.892650723 -1.4229219 0.570632935 -0.898926497 -1.49614549 0.554806173 -0.892661929 -1.44333327 0.598154545 -0.898926497 -1.49614525 0.198497117 -0.892661929 -1.44333315 0.155148715 -0.892674506 -1.46634364 0.129760295 -0.89893651 -1.51465273 0.178077236 -0.898917496 -1.47972834 0.220632717 -0.892650723 -1.42292166 0.182670355 -0.898909807 -1.4655602 0.244270846 -0.892641127 -1.4053061 0.212060183 -0.89890331 -1.45377731 0.269183934 -0.89263308 -1.39065623 0.243035063 -0.898898184 -1.44449294 0.295131981 -0.892626762 -1.37911272 0.275296748 -0.898894548 -1.43779659 0.321865082 -0.892622292 -1.37078702 0.308534503 -0.898892403 -1.43375301 0.349125832 -0.89261955 -1.36575937 0.342428356 -0.89903003 -1.68570113 0.0971771479 -0.892790735 -1.67901146 0.0291757882 -0.892809451 -1.71323478 0.0274944901 -0.89904511 -1.71322703 0.0958248079 -0.899015248 -1.65844059 0.101220936 -0.892772198 -1.64511776 0.0342034101 -0.899000525 -1.63170743 0.107917249 -0.892754018 -1.61187983 0.0425291061 -0.89898634 -1.60575926 0.117201596 -0.892736435 -1.57961833 0.0540725887 -0.898972809 -1.58084631 0.12898466 -0.892719507 -1.54864347 0.0687225163 -0.898959816 -1.55720818 0.143152788 -0.892703414 -1.51925373 0.0863381028 -0.898947716 -1.53507257 0.15956971 -0.892688334 -1.49173212 0.106749594 -0.899142504 -1.8913815 0.159569338 -0.892930567 -1.93473768 0.106749296 -0.892944396 -1.96012604 0.129759967 -0.899153709 -1.91180134 0.178076848 -0.899130344 -1.86924577 0.14315258 -0.892915428 -1.90721619 0.0863378644 -0.89911747 -1.84560776 0.128984481 -0.892899394 -1.87782621 0.0687223971 -0.89910382 -1.82069468 0.117201477 -0.892882466 -1.84685135 0.0540724099 -0.899089694 -1.79474664 0.107917041 -0.892864883 -1.81458974 0.0425289869 -0.899075031 -1.7680136 0.101220876 -0.892846704 -1.78135204 0.0342032909 -0.89906013 -1.74075282 0.0971770883 -0.892828166 -1.74745834 0.0291757286 -0.899197936 -1.99270153 0.349125445 -0.892999411 -2.06071067 0.34242788 -0.893000245 -2.062392 0.376651227 -0.899198592 -1.99405372 0.376651287 -0.899195671 -1.98865771 0.321864724 -0.892996609 -2.0556829 0.308534026 -0.899192035 -1.98196137 0.295131624 -0.89299202 -2.04735732 0.275296301 -0.899186909 -1.97267699 0.269183576 -0.892985821 -2.03581381 0.243034616 -0.899180472 -1.96089399 0.244270459 -0.892977715 -2.02116394 0.212059766 -0.899172783 -1.94672596 0.220632389 -0.892968059 -2.00354815 0.182669967 -0.899163842 -1.93030894 0.198496819 -0.892957032 -1.98313665 0.155148357 -0.899163842 -1.93030918 0.554805815 -0.892957032 -1.98313701 0.598154068 -0.892944396 -1.9601264 0.623542666 -0.899153709 -1.91180158 0.575225711 -0.899172783 -1.94672608 0.532670259 -0.892968059 -2.00354862 0.570632577 -0.899180472 -1.96089411 0.509032071 -0.892977715 -2.02116394 0.541242719 -0.899186909 -1.97267723 0.484118998 -0.892985821 -2.03581405 0.510267854 -0.899192035 -1.98196149 0.45817095 -0.89299202 -2.04735732 0.478006154 -0.899195671 -1.98865771 0.43143785 -0.892996609 -2.0556829 0.444768429 -0.899197936 -1.99270141 0.40417704 -0.892999411 -2.06071067 0.410874575 -0.89906013 -1.74075317 0.656125784 -0.892828166 -1.74745882 0.724127173 -0.899075031 -1.76801395 0.652082086 -0.892846704 -1.7813524 0.719099462 -0.899089694 -1.79474711 0.645385742 -0.892864883 -1.81459022 0.710773826 -0.89910382 -1.82069492 0.636101425 -0.892882466 -1.84685183 0.699230433 -0.89911747 -1.84560812 0.624318361 -0.892899394 -1.87782657 0.684580445 -0.899130344 -1.86924624 0.610150218 -0.892915428 -1.90721655 0.666964829 -0.899142504 -1.89138174 0.593733311 -0.892930567 -1.93473804 0.646553338 </float_array>
          <technique_common>
            <accessor count="128" offset="0" source="#meshesP7R-1-positions-array" stride="3">
              <param name="X" type="float" />
              <param name="Y" type="float" />
              <param name="Z" type="float" />
            </accessor>
          </technique_common>
        </source>
        <source id="meshesP7R-1-tex0" name="meshesP7R-1-tex0">
          <float_array id="meshesP7R-1-tex0-array" count="256"> 0.245477617 0.809265614 0.18280369 0.885193765 0.146446794 0.85209167 0.216235787 0.78264153 0.277176291 0.832905948 0.222215265 0.914586365 0.311026573 0.853335023 0.264302135 0.939986348 0.346702456 0.870356083 0.308658868 0.96114862 0.383860797 0.883805096 0.354857981 0.977870226 0.422143102 0.893552601 0.402455211 0.98998946 0.461180955 0.899504662 0.450991899 0.997389793 0.500598311 0.901604056 0.500000179 1 0.100385427 0.537217319 0.00240787864 0.546951115 0 0.497932673 0.0984487236 0.497791767 0.106175989 0.576279223 0.00960764289 0.595517516 0.115765333 0.614601195 0.0215301216 0.643164039 0.129060894 0.651814342 0.0380605459 0.689431846 0.145934373 0.687560201 0.0590395629 0.733875155 0.166223347 0.721494436 0.0842656493 0.776066244 0.189732611 0.753290176 0.113494992 0.815598607 0.189732254 0.243048251 0.113494813 0.181205153 0.146446288 0.144984663 0.216235459 0.213916183 0.16622299 0.27464968 0.0842653215 0.22049582 0.145934016 0.308416069 0.0590393841 0.262478352 0.129060566 0.344022393 0.0380605459 0.306748271 0.115765154 0.38112551 0.0215299726 0.352879286 0.10617581 0.419368148 0.00960731506 0.400427103 0.100385427 0.458382249 0.00240772963 0.448934078 0.46118027 0.099078536 0.450991213 0.00220501423 0.499999493 0 0.500597835 0.0973049402 0.422142565 0.104707897 0.402454674 0.00920391083 0.38386029 0.114138842 0.354857326 0.0209296942 0.34670198 0.127280533 0.308658183 0.0372691154 0.311026037 0.14400661 0.264301479 0.0580646396 0.277175605 0.164155662 0.222214758 0.0831165314 0.24547711 0.187533975 0.182803184 0.112183213 0.755718887 0.189643443 0.817196488 0.114806294 0.853553057 0.14790833 0.784960389 0.216267467 0.724020064 0.166003227 0.777785063 0.0854136944 0.69016993 0.145574212 0.735697985 0.0600138903 0.654493868 0.128553212 0.691341281 0.0388513803 0.617335677 0.11510402 0.645142019 0.0221298933 0.579053402 0.105356693 0.597544968 0.0100105405 0.540015519 0.0994044542 0.549008429 0.0026102066 0.900811076 0.461691737 0.99759227 0.453048825 1 0.502067387 0.902747631 0.501117349 0.895020366 0.422629952 0.990392327 0.404482365 0.88543117 0.384307861 0.978470027 0.356836021 0.872135639 0.347094774 0.961939335 0.310568213 0.855261981 0.311348855 0.940960646 0.266124845 0.834973216 0.277414799 0.915734172 0.223933697 0.811463714 0.245618939 0.88650465 0.184401333 0.811464071 0.755860865 0.886505008 0.818794608 0.853553355 0.855015397 0.784960747 0.784992933 0.834973514 0.724259496 0.915734887 0.77950418 0.85526228 0.690492988 0.940960646 0.737521648 0.872135937 0.654886723 0.961939633 0.693251729 0.88543117 0.617783546 0.978470027 0.647120714 0.895020366 0.579540849 0.990392327 0.599572897 0.900811076 0.540526748 0.99759227 0.551065922 0.540016055 0.89983058 0.549009144 0.997795105 0.579053938 0.894201398 0.597545505 0.99079597 0.617336392 0.884770393 0.645142674 0.979070306 0.654494226 0.871628761 0.691341996 0.962731004 0.690170467 0.854902625 0.735698521 0.94193542 0.72402072 0.834753513 0.77778542 0.916883588 0.755719185 0.81137526 0.817196965 0.887816787 </float_array>
          <technique_common>
            <accessor count="128" offset="0" source="#meshesP7R-1-tex0-array" stride="2">
              <param name="S" type="float" />
              <param name="T" type="float" />
            </accessor>
          </technique_common>
        </source>
        <vertices id="meshesP7R-1-vertices">
          <input semantic="POSITION" source="#meshesP7R-1-positions" />
        </vertices>
        <polylist count="128" material="defaultMaterial">
          <input offset="0" semantic="VERTEX" source="#meshesP7R-1-vertices" />
          <input offset="0" semantic="TEXCOORD" source="#meshesP7R-1-tex0" set="0" />
          <vcount>3 3 3 3 3 3 3 3 3 3 3 3 3 3 3 3 3 3 3 3 3 3 3 3 3 3 3 3 3 3 3 3 3 3 3 3 3 3 3 3 3 3 3 3 3 3 3 3 3 3 3 3 3 3 3 3 3 3 3 3 3 3 3 3 3 3 3 3 3 3 3 3 3 3 3 3 3 3 3 3 3 3 3 3 3 3 3 3 3 3 3 3 3 3 3 3 3 3 3 3 3 3 3 3 3 3 3 3 3 3 3 3 3 3 3 3 3 3 3 3 3 3 3 3 3 3 3 3 </vcount>
          <p>0 1 2 0 2 3 4 5 1 4 1 0 6 7 5 6 5 4 8 9 7 8 7 6 10 11 9 10 9 8 12 13 11 12 11 10 14 15 13 14 13 12 16 17 15 16 15 14 18 19 20 18 20 21 22 23 19 22 19 18 24 25 23 24 23 22 26 27 25 26 25 24 28 29 27 28 27 26 30 31 29 30 29 28 32 33 31 32 31 30 3 2 33 3 33 32 34 35 36 34 36 37 38 39 35 38 35 34 40 41 39 40 39 38 42 43 41 42 41 40 44 45 43 44 43 42 46 47 45 46 45 44 48 49 47 48 47 46 21 20 49 21 49 48 50 51 52 50 52 53 54 55 51 54 51 50 56 57 55 56 55 54 58 59 57 58 57 56 60 61 59 60 59 58 62 63 61 62 61 60 64 65 63 64 63 62 37 36 65 37 65 64 66 67 68 66 68 69 70 71 67 70 67 66 72 73 71 72 71 70 74 75 73 74 73 72 76 77 75 76 75 74 78 79 77 78 77 76 80 81 79 80 79 78 53 52 81 53 81 80 82 83 84 82 84 85 86 87 83 86 83 82 88 89 87 88 87 86 90 91 89 90 89 88 92 93 91 92 91 90 94 95 93 94 93 92 96 97 95 96 95 94 69 68 97 69 97 96 98 99 100 98 100 101 102 103 99 102 99 98 104 105 103 104 103 102 106 107 105 106 105 104 108 109 107 108 107 106 110 111 109 110 109 108 112 113 111 112 111 110 85 84 113 85 113 112 114 115 17 114 17 16 116 117 115 116 115 114 118 119 117 118 117 116 120 121 119 120 119 118 122 123 121 122 121 120 124 125 123 124 123 122 126 127 125 126 125 124 101 100 127 101 127 126 </p>
        </polylist>
      </mesh>
    </geometry>
    <geometry id="meshesP8R" name="meshes[8]" >
      <mesh>
        <source id="meshesP8R-positions" name="meshesP8R-positions">
          <float_array id="meshesP8R-positions-array" count="576"> -0.8908903 -1.92134118 0.205856353 -0.863752544 -1.86301625 0.253722489 -0.863745511 -1.85024595 0.239632532 -0.890880585 -1.90359831 0.186280072 -0.890662789 -1.50511312 0.547446609 -0.86358875 -1.56343806 0.499580503 -0.863595784 -1.57620847 0.513670444 -0.890672505 -1.52285612 0.56702286 -0.890869856 -1.88402188 0.168537095 -0.863737822 -1.83615589 0.226862118 -0.863729477 -1.82088208 0.215534285 -0.890858293 -1.86280084 0.152798429 -0.890733838 -1.63507533 0.634284437 -0.863639891 -1.65697777 0.562081635 -0.863649964 -1.67542398 0.566702247 -0.890747786 -1.66070414 0.640704155 -0.863720596 -1.80457151 0.205758065 -0.890845954 -1.84013915 0.139215529 -0.863660216 -1.69423413 0.5694924 -0.890762091 -1.68683863 0.644580841 -0.863711178 -1.78738117 0.197627664 -0.890832901 -1.81625521 0.127919316 -0.863670588 -1.71322739 0.570425391 -0.890776515 -1.71322739 0.645877123 -0.863701344 -1.76947677 0.191221341 -0.890819252 -1.79137909 0.119018525 -0.86369133 -1.75103056 0.186600864 -0.890805244 -1.76575041 0.112598926 -0.863681018 -1.73222029 0.183810636 -0.890790939 -1.7396158 0.10872224 -0.863681018 -1.73222053 0.56949234 -0.890790939 -1.73961616 0.644580662 -0.890776515 -1.71322703 0.107425839 -0.863670588 -1.71322715 0.182877555 -0.863660216 -1.69423389 0.183810666 -0.890762091 -1.68683827 0.108722299 -0.86369133 -1.7510308 0.566702127 -0.890805244 -1.76575077 0.640704095 -0.863649964 -1.67542374 0.186600924 -0.890747786 -1.66070378 0.112598985 -0.863701344 -1.76947701 0.562081575 -0.890819252 -1.79137945 0.634284317 -0.863639891 -1.65697753 0.191221431 -0.890733838 -1.63507497 0.119018644 -0.863711178 -1.78738141 0.555675268 -0.890832901 -1.81625557 0.625383496 -0.863630056 -1.63907301 0.197627753 -0.890720189 -1.61019886 0.127919465 -0.863720596 -1.80457175 0.547544718 -0.890845954 -1.84013951 0.614087164 -0.863620639 -1.6218828 0.205758184 -0.890707135 -1.58631504 0.139215708 -0.863729477 -1.82088232 0.537768543 -0.890858293 -1.86280107 0.600504339 -0.863611758 -1.60557222 0.215534434 -0.890694737 -1.56365347 0.152798638 -0.863737822 -1.83615613 0.52644068 -0.890869856 -1.88402212 0.584765613 -0.863603473 -1.5902983 0.226862296 -0.890683174 -1.54243219 0.168537334 -0.890880585 -1.90359855 0.567022622 -0.863745511 -1.85024607 0.513670266 -0.863752544 -1.86301661 0.499580294 -0.8908903 -1.92134154 0.547446251 -0.890672505 -1.52285588 0.18628034 -0.863595784 -1.57620835 0.239632711 -0.86358875 -1.56343794 0.253722668 -0.890662789 -1.50511289 0.205856651 -0.863758683 -1.87434435 0.484306395 -0.890898883 -1.93708014 0.52622503 -0.863582551 -1.5521102 0.268996537 -0.890654147 -1.48937428 0.227077842 -0.863764048 -1.88412058 0.467995793 -0.890906274 -1.95066309 0.503563404 -0.863577247 -1.54233384 0.285307169 -0.890646815 -1.47579134 0.249739498 -0.863768518 -1.89225101 0.450805426 -0.890912533 -1.96195936 0.479679465 -0.863572776 -1.53420353 0.302497506 -0.890640557 -1.46449518 0.273623437 -0.863771975 -1.8986572 0.432900965 -0.890917301 -1.97086 0.454803348 -0.863569319 -1.5277971 0.320402026 -0.890635729 -1.4555943 0.298499584 -0.863774538 -1.90327787 0.414454758 -0.890920877 -1.97727966 0.429174602 -0.863566697 -1.52317667 0.338848174 -0.890632153 -1.44917476 0.3241283 -0.863776028 -1.90606797 0.395644516 -0.890922964 -1.98115635 0.403040022 -0.863565207 -1.52038646 0.357658446 -0.890630066 -1.44529819 0.35026291 -0.890923679 -1.98245275 0.376651287 -0.863776565 -1.90700114 0.376651347 -0.863776028 -1.90606797 0.357658178 -0.890922964 -1.98115635 0.350262552 -0.890629411 -1.44400167 0.376651645 -0.86356473 -1.51945341 0.376651615 -0.863565207 -1.52038646 0.395644784 -0.890630066 -1.44529808 0.403040409 -0.863774538 -1.90327775 0.338847965 -0.890920877 -1.97727966 0.324128002 -0.863566697 -1.52317679 0.414455026 -0.890632153 -1.44917488 0.42917496 -0.863771975 -1.8986572 0.320401758 -0.890917301 -1.97086 0.298499227 -0.863569319 -1.52779722 0.432901204 -0.890635729 -1.45559442 0.454803705 -0.863603473 -1.59029841 0.526440918 -0.890683174 -1.54243243 0.584765911 -0.863768518 -1.8922509 0.302497268 -0.890912533 -1.96195912 0.273623079 -0.863572776 -1.53420353 0.450805694 -0.890640557 -1.4644953 0.479679853 -0.863611758 -1.60557246 0.537768722 -0.890694737 -1.56365371 0.600504518 -0.863764048 -1.88412035 0.285306931 -0.890906274 -1.95066273 0.24973917 -0.863577247 -1.54233396 0.467996031 -0.890646815 -1.47579145 0.503563762 -0.863620639 -1.62188303 0.547544897 -0.890707135 -1.58631539 0.614087403 -0.863758683 -1.87434423 0.268996328 -0.890898883 -1.93708003 0.227077544 -0.863582551 -1.5521102 0.484306604 -0.890654147 -1.4893744 0.526225328 -0.863630056 -1.63907325 0.555675328 -0.890720189 -1.61019921 0.625383615 -0.830293536 -1.7166419 0.411321074 -0.830295444 -1.72002375 0.410819441 -0.830279648 -1.69112659 0.349721789 -0.830278218 -1.68859351 0.352017701 -0.830286145 -1.70311451 0.409988761 -0.830287993 -1.70643079 0.410819441 -0.830297232 -1.72334003 0.409988731 -0.830305159 -1.73786092 0.352017641 -0.830303788 -1.73532784 0.34972176 -0.830289841 -1.70981264 0.411321104 -0.83029902 -1.72655892 0.408836991 -0.830302298 -1.73258185 0.347685188 -0.830291688 -1.71322727 0.411488831 -0.830300689 -1.72964954 0.407375276 -0.830300689 -1.72964942 0.345927566 -0.830272675 -1.67838991 0.376651466 -0.830272734 -1.67855763 0.380066127 -0.830302298 -1.73258185 0.405617654 -0.83029902 -1.72655892 0.344465882 -0.830273032 -1.67905927 0.383447886 -0.830303788 -1.73532784 0.403581083 -0.830297232 -1.72334003 0.343314111 -0.830273509 -1.67988992 0.386764228 -0.830305159 -1.73786104 0.401285172 -0.830295444 -1.72002363 0.342483431 -0.830274105 -1.68104172 0.389983147 -0.830293536 -1.7166419 0.341981798 -0.83027494 -1.68250346 0.393073708 -0.830291688 -1.71322727 0.341814041 -0.830275893 -1.68426096 0.396006078 -0.830310762 -1.74806464 0.376651406 -0.830310643 -1.74789691 0.373236746 -0.830276966 -1.68629754 0.398752064 -0.830310404 -1.74739528 0.369854987 -0.830278218 -1.68859351 0.401285201 -0.830309927 -1.74656451 0.366538644 -0.830276966 -1.68629754 0.354550838 -0.830309272 -1.74541283 0.363319725 -0.830275893 -1.68426096 0.357296824 -0.830308497 -1.74395108 0.360229164 -0.83027494 -1.68250334 0.360229224 -0.830307543 -1.74219346 0.357296795 -0.830274105 -1.68104172 0.363319755 -0.830306411 -1.74015689 0.354550809 -0.830273509 -1.67988992 0.366538703 -0.830273032 -1.67905927 0.369855016 -0.830306411 -1.74015689 0.398752034 -0.830272734 -1.67855763 0.373236805 -0.830307543 -1.74219346 0.396006018 -0.830308497 -1.74395108 0.393073648 -0.830289841 -1.70981252 0.341981798 -0.830309272 -1.74541283 0.389983088 -0.830287993 -1.70643079 0.342483431 -0.830309927 -1.74656451 0.386764169 -0.830286145 -1.70311451 0.343314141 -0.830279648 -1.6911267 0.403581142 -0.830310404 -1.74739528 0.383447856 -0.830284417 -1.6998955 0.344465882 -0.830281138 -1.69387269 0.405617684 -0.830310643 -1.74789691 0.380066067 -0.830282688 -1.696805 0.345927596 -0.830282688 -1.696805 0.407375276 -0.830281138 -1.69387257 0.347685218 -0.830284417 -1.69989562 0.408836991 </float_array>
          <technique_common>
            <accessor count="192" offset="0" source="#meshesP8R-positions-array" stride="3">
              <param name="X" type="float" />
              <param name="Y" type="float" />
              <param name="Z" type="float" />
            </accessor>
          </technique_common>
        </source>
        <source id="meshesP8R-tex0" name="meshesP8R-tex0">
          <float_array id="meshesP8R-tex0-array" count="384"> 0.0785267949 0.417979479 0.130949736 0.374957085 0.142427772 0.387621224 0.0944743156 0.435574651 0.452635646 0.110956192 0.400212824 0.153978467 0.388734549 0.141314328 0.436688006 0.0933607817 0.112069726 0.45152235 0.155092061 0.39909935 0.168820083 0.409281015 0.131143361 0.465668321 0.335824788 0.0329056382 0.316138595 0.0978018641 0.299559176 0.0936489701 0.312789589 0.0271354914 0.183480248 0.418067813 0.151511669 0.477876604 0.282652378 0.0911411047 0.289299577 0.023651123 0.198930964 0.425375581 0.172978818 0.488029897 0.265581161 0.0903024673 0.265581161 0.0224860311 0.215023562 0.431133687 0.195337594 0.496029913 0.231603131 0.435286582 0.218372896 0.501799941 0.248509973 0.437794447 0.241862863 0.505284309 0.248509973 0.0911412239 0.241862863 0.023651123 0.265581161 0.50644964 0.265581161 0.438632965 0.282652378 0.437794447 0.289299577 0.505284309 0.231603131 0.0936489701 0.218372896 0.0271354914 0.299559176 0.435286582 0.312789589 0.501799941 0.215023562 0.0978018641 0.195337594 0.0329056382 0.316138595 0.431133687 0.335824788 0.496029913 0.198930964 0.103559971 0.172978818 0.0409056544 0.332231402 0.425375581 0.358183622 0.488029897 0.183480248 0.110867858 0.151511669 0.051058948 0.347682238 0.418067813 0.379650593 0.477876604 0.168820083 0.119654596 0.131143361 0.0632671118 0.362342209 0.409281015 0.40001893 0.465668321 0.155092061 0.129836202 0.112069726 0.0774132013 0.376070529 0.39909935 0.419092774 0.45152235 0.0944743156 0.0933607817 0.142427772 0.141314328 0.130949616 0.153978467 0.0785267949 0.110956192 0.436688006 0.435574651 0.388734549 0.387621224 0.400212824 0.374957085 0.452635646 0.417979479 0.120768085 0.167706788 0.0643807203 0.130029857 0.410394251 0.361228764 0.466781467 0.398905694 0.111981153 0.182366788 0.0521723628 0.150398254 0.419181347 0.346568763 0.478990018 0.378537297 0.10467343 0.197817624 0.0420190692 0.171865344 0.426488847 0.331118047 0.489143193 0.357070208 0.0989154875 0.213910222 0.0340191275 0.194224298 0.432246983 0.31502521 0.497143328 0.334711373 0.0947623849 0.23048985 0.0282491148 0.217259526 0.436399758 0.298445702 0.502913117 0.311676145 0.0922545642 0.247396588 0.0247645974 0.240749419 0.438907713 0.281539083 0.506397605 0.288186252 0.0235993713 0.264467835 0.0914159566 0.264467835 0.0922545642 0.281539083 0.0247645974 0.288186252 0.507562757 0.264467835 0.439746469 0.264467835 0.438907713 0.247396588 0.506397605 0.240749419 0.0947623849 0.298445702 0.0282491148 0.311676145 0.436399758 0.23048985 0.502913117 0.217259526 0.0989154279 0.31502521 0.0340191275 0.334711373 0.432246983 0.213910222 0.497143328 0.194224298 0.376070529 0.129836202 0.419092774 0.0774132013 0.10467343 0.331118047 0.0420190692 0.357070208 0.426488847 0.197817504 0.489143193 0.171865344 0.362342209 0.119654596 0.40001893 0.0632671118 0.111981273 0.346568763 0.0521723628 0.378537297 0.419181347 0.182366788 0.478990018 0.150398254 0.347682238 0.110867679 0.379650593 0.051058948 0.120768085 0.361228764 0.0643807203 0.398905694 0.410394371 0.167706788 0.466781676 0.130029857 0.332231402 0.103559971 0.358183622 0.0409056544 0.262512028 0.233306527 0.259472519 0.233757436 0.285445392 0.288672328 0.287722051 0.286608875 0.274670571 0.234503984 0.271689892 0.233757436 0.256491661 0.234503984 0.243440107 0.286608875 0.245716959 0.288672328 0.268650293 0.233306527 0.253598541 0.235539198 0.248185113 0.290502846 0.265581161 0.233155787 0.250820726 0.236853063 0.250820726 0.292082608 0.296893269 0.264467835 0.29674235 0.261398733 0.248185113 0.238432825 0.253598541 0.293396413 0.29629153 0.258359194 0.245716959 0.240263343 0.256491661 0.294431686 0.295544982 0.255378425 0.243440107 0.242326796 0.259472519 0.295178354 0.294509709 0.252485216 0.262512028 0.295629144 0.293196082 0.249707341 0.265581161 0.295779884 0.291616261 0.247071803 0.234269097 0.264467835 0.234419808 0.267536938 0.289785713 0.244603634 0.234870732 0.270576477 0.287722051 0.242326796 0.235617399 0.273557127 0.289785713 0.284332037 0.236652538 0.276450574 0.291616261 0.281863868 0.237966359 0.27922821 0.293196082 0.27922821 0.23954612 0.281863868 0.294509709 0.276450574 0.241376579 0.284332037 0.295544982 0.273557127 0.29629153 0.270576477 0.241376579 0.244603634 0.29674235 0.267536938 0.23954612 0.247071803 0.237966359 0.249707341 0.268650293 0.295629144 0.236652538 0.252485216 0.271689892 0.295178354 0.235617399 0.255378425 0.274670571 0.294431686 0.285445392 0.240263343 0.234870732 0.258359194 0.277563751 0.293396413 0.282977343 0.238432825 0.234419808 0.261398733 0.280341595 0.292082608 0.280341595 0.236853063 0.282977343 0.290502846 0.277563751 0.235539198 </float_array>
          <technique_common>
            <accessor count="192" offset="0" source="#meshesP8R-tex0-array" stride="2">
              <param name="S" type="float" />
              <param name="T" type="float" />
            </accessor>
          </technique_common>
        </source>
        <vertices id="meshesP8R-vertices">
          <input semantic="POSITION" source="#meshesP8R-positions" />
        </vertices>
        <polylist count="318" material="defaultMaterial">
          <input offset="0" semantic="VERTEX" source="#meshesP8R-vertices" />
          <input offset="0" semantic="TEXCOORD" source="#meshesP8R-tex0" set="0" />
          <vcount>3 3 3 3 3 3 3 3 3 3 3 3 3 3 3 3 3 3 3 3 3 3 3 3 3 3 3 3 3 3 3 3 3 3 3 3 3 3 3 3 3 3 3 3 3 3 3 3 3 3 3 3 3 3 3 3 3 3 3 3 3 3 3 3 3 3 3 3 3 3 3 3 3 3 3 3 3 3 3 3 3 3 3 3 3 3 3 3 3 3 3 3 3 3 3 3 3 3 3 3 3 3 3 3 3 3 3 3 3 3 3 3 3 3 3 3 3 3 3 3 3 3 3 3 3 3 3 3 3 3 3 3 3 3 3 3 3 3 3 3 3 3 3 3 3 3 3 3 3 3 3 3 3 3 3 3 3 3 3 3 3 3 3 3 3 3 3 3 3 3 3 3 3 3 3 3 3 3 3 3 3 3 3 3 3 3 3 3 3 3 3 3 3 3 3 3 3 3 3 3 3 3 3 3 3 3 3 3 3 3 3 3 3 3 3 3 3 3 3 3 3 3 3 3 3 3 3 3 3 3 3 3 3 3 3 3 3 3 3 3 3 3 3 3 3 3 3 3 3 3 3 3 3 3 3 3 3 3 3 3 3 3 3 3 3 3 3 3 3 3 3 3 3 3 3 3 3 3 3 3 3 3 3 3 3 3 3 3 3 3 3 3 3 3 3 3 3 3 3 3 3 3 3 3 3 3 3 3 3 3 3 3 3 3 3 3 3 3 </vcount>
          <p>0 1 2 0 2 3 4 5 6 4 6 7 8 9 10 8 10 11 12 13 14 12 14 15 11 10 16 11 16 17 15 14 18 15 18 19 17 16 20 17 20 21 19 18 22 19 22 23 21 20 24 21 24 25 25 24 26 25 26 27 27 26 28 27 28 29 23 22 30 23 30 31 32 33 34 32 34 35 29 28 33 29 33 32 31 30 36 31 36 37 35 34 38 35 38 39 37 36 40 37 40 41 39 38 42 39 42 43 41 40 44 41 44 45 43 42 46 43 46 47 45 44 48 45 48 49 47 46 50 47 50 51 49 48 52 49 52 53 51 50 54 51 54 55 53 52 56 53 56 57 55 54 58 55 58 59 60 61 62 60 62 63 64 65 66 64 66 67 57 56 61 57 61 60 59 58 65 59 65 64 63 62 68 63 68 69 67 66 70 67 70 71 69 68 72 69 72 73 71 70 74 71 74 75 73 72 76 73 76 77 75 74 78 75 78 79 77 76 80 77 80 81 79 78 82 79 82 83 81 80 84 81 84 85 83 82 86 83 86 87 85 84 88 85 88 89 87 86 90 87 90 91 92 93 94 92 94 95 96 97 98 96 98 99 89 88 93 89 93 92 91 90 97 91 97 96 95 94 100 95 100 101 99 98 102 99 102 103 101 100 104 101 104 105 103 102 106 103 106 107 7 6 108 7 108 109 105 104 110 105 110 111 107 106 112 107 112 113 109 108 114 109 114 115 111 110 116 111 116 117 113 112 118 113 118 119 115 114 120 115 120 121 117 116 122 117 122 123 119 118 124 119 124 125 121 120 126 121 126 127 123 122 1 123 1 0 125 124 5 125 5 4 3 2 9 3 9 8 127 126 13 127 13 12 30 128 129 30 129 36 58 130 131 58 131 65 13 132 133 13 133 14 36 129 134 36 134 40 2 135 136 2 136 9 14 133 137 14 137 18 40 134 138 40 138 44 9 136 139 9 139 10 18 137 140 18 140 22 44 138 141 44 141 48 10 139 142 10 142 16 97 143 144 97 144 98 48 141 145 48 145 52 16 142 146 16 146 20 98 144 147 98 147 102 52 145 148 52 148 56 20 146 149 20 149 24 102 147 150 102 150 106 56 148 151 56 151 61 24 149 152 24 152 26 106 150 153 106 153 112 26 152 154 26 154 28 112 153 155 112 155 118 28 154 156 28 156 33 118 155 157 118 157 124 93 158 159 93 159 94 124 157 160 124 160 5 94 159 161 94 161 100 5 160 162 5 162 6 100 161 163 100 163 104 65 131 164 65 164 66 104 163 165 104 165 110 66 164 166 66 166 70 110 165 167 110 167 116 70 166 168 70 168 74 116 167 169 116 169 122 74 168 170 74 170 78 122 169 171 122 171 1 78 170 172 78 172 82 1 171 135 1 135 2 82 172 173 82 173 86 61 151 174 61 174 62 86 173 175 86 175 90 62 174 176 62 176 68 90 175 143 90 143 97 68 176 177 68 177 72 33 156 178 33 178 34 72 177 179 72 179 76 34 178 180 34 180 38 76 179 181 76 181 80 38 180 182 38 182 42 6 162 183 6 183 108 80 181 184 80 184 84 42 182 185 42 185 46 108 183 186 108 186 114 84 184 187 84 187 88 46 185 188 46 188 50 114 186 189 114 189 120 88 187 158 88 158 93 50 188 190 50 190 54 120 189 191 120 191 126 22 140 128 22 128 30 54 190 130 54 130 58 126 191 132 126 132 13 137 128 140 128 137 133 128 133 129 129 133 132 129 132 134 134 132 191 134 191 138 138 191 189 138 189 141 141 189 186 141 186 145 145 186 183 145 183 148 148 183 162 148 162 151 151 162 160 151 160 174 174 160 157 174 157 176 176 157 155 176 155 177 177 155 153 177 153 179 179 153 150 179 150 181 181 150 147 181 147 184 184 147 144 184 144 187 187 144 143 187 143 158 158 143 175 158 175 159 159 175 173 159 173 161 161 173 163 163 173 172 163 172 170 163 170 165 165 170 168 165 168 167 167 168 166 167 166 169 169 166 164 169 164 171 171 164 131 171 131 135 135 131 130 135 130 136 136 130 190 136 190 139 139 190 188 139 188 142 142 188 185 142 185 146 146 185 182 146 182 149 149 182 180 149 180 152 152 180 178 152 178 154 154 178 156 </p>
        </polylist>
      </mesh>
    </geometry>
    <geometry id="meshesP9R" name="meshes[9]" >
      <mesh>
        <source id="meshesP9R-positions" name="meshesP9R-positions">
          <float_array id="meshesP9R-positions-array" count="24"> 0.845292687 -1.96513641 0.739981353 0.845292628 -1.87147248 0.840879142 0.845292628 -2.14758539 0.840879142 0.845292687 -2.14758539 0.739981353 0.642464042 -1.96513641 0.739981353 0.642464042 -2.14758539 0.739981353 0.642464042 -2.14758539 0.840879142 0.642464042 -1.87147248 0.840879142 </float_array>
          <technique_common>
            <accessor count="8" offset="0" source="#meshesP9R-positions-array" stride="3">
              <param name="X" type="float" />
              <param name="Y" type="float" />
              <param name="Z" type="float" />
            </accessor>
          </technique_common>
        </source>
        <vertices id="meshesP9R-vertices">
          <input semantic="POSITION" source="#meshesP9R-positions" />
        </vertices>
        <polylist count="12" material="defaultMaterial">
          <input offset="0" semantic="VERTEX" source="#meshesP9R-vertices" />
          <vcount>3 3 3 3 3 3 3 3 3 3 3 3 </vcount>
          <p>0 1 2 0 2 3 4 0 3 4 3 5 4 5 6 4 6 7 4 7 1 1 7 6 3 6 5 3 2 6 1 6 2 4 1 0 </p>
        </polylist>
      </mesh>
    </geometry>
    <geometry id="meshesP10R" name="meshes[10]" >
      <mesh>
        <source id="meshesP10R-positions" name="meshesP10R-positions">
          <float_array id="meshesP10R-positions-array" count="24"> 0.630933881 -2.13886023 0.719219625 0.630933821 -2.10303712 0.820117414 0.630933821 -2.37915039 0.820117354 0.630933881 -2.37915039 0.719219565 0.428105235 -2.13886023 0.719219625 0.428105235 -2.37915039 0.719219565 0.428105235 -2.37915039 0.820117354 0.428105235 -2.10303712 0.820117414 </float_array>
          <technique_common>
            <accessor count="8" offset="0" source="#meshesP10R-positions-array" stride="3">
              <param name="X" type="float" />
              <param name="Y" type="float" />
              <param name="Z" type="float" />
            </accessor>
          </technique_common>
        </source>
        <vertices id="meshesP10R-vertices">
          <input semantic="POSITION" source="#meshesP10R-positions" />
        </vertices>
        <polylist count="12" material="defaultMaterial">
          <input offset="0" semantic="VERTEX" source="#meshesP10R-vertices" />
          <vcount>3 3 3 3 3 3 3 3 3 3 3 3 </vcount>
          <p>0 1 2 0 2 3 4 0 3 4 3 5 4 5 6 4 6 7 4 7 1 1 7 6 3 6 5 3 2 6 1 6 2 4 1 0 </p>
        </polylist>
      </mesh>
    </geometry>
    <geometry id="meshesP11R" name="meshes[11]" >
      <mesh>
        <source id="meshesP11R-positions" name="meshesP11R-positions">
          <float_array id="meshesP11R-positions-array" count="24"> -0.848254085 -1.96513641 0.739981353 -0.848254085 -2.14758539 0.739981353 -0.848254025 -2.14758539 0.840879142 -0.848254025 -1.87147248 0.840879142 -0.645425439 -1.96513641 0.739981353 -0.645425439 -1.87147248 0.840879142 -0.645425439 -2.14758539 0.840879142 -0.645425439 -2.14758539 0.739981353 </float_array>
          <technique_common>
            <accessor count="8" offset="0" source="#meshesP11R-positions-array" stride="3">
              <param name="X" type="float" />
              <param name="Y" type="float" />
              <param name="Z" type="float" />
            </accessor>
          </technique_common>
        </source>
        <vertices id="meshesP11R-vertices">
          <input semantic="POSITION" source="#meshesP11R-positions" />
        </vertices>
        <polylist count="12" material="defaultMaterial">
          <input offset="0" semantic="VERTEX" source="#meshesP11R-vertices" />
          <vcount>3 3 3 3 3 3 3 3 3 3 3 3 </vcount>
          <p>0 1 2 0 2 3 4 0 3 4 3 5 4 5 6 4 6 7 4 7 1 1 7 6 3 6 5 3 2 6 1 6 2 4 1 0 </p>
        </polylist>
      </mesh>
    </geometry>
    <geometry id="meshesP12R" name="meshes[12]" >
      <mesh>
        <source id="meshesP12R-positions" name="meshesP12R-positions">
          <float_array id="meshesP12R-positions-array" count="24"> -0.633895278 -2.13886023 0.719219625 -0.633895278 -2.37915039 0.719219565 -0.633895218 -2.37915039 0.820117354 -0.633895218 -2.10303712 0.820117414 -0.431066632 -2.13886023 0.719219625 -0.431066632 -2.10303712 0.820117414 -0.431066632 -2.37915039 0.820117354 -0.431066632 -2.37915039 0.719219565 </float_array>
          <technique_common>
            <accessor count="8" offset="0" source="#meshesP12R-positions-array" stride="3">
              <param name="X" type="float" />
              <param name="Y" type="float" />
              <param name="Z" type="float" />
            </accessor>
          </technique_common>
        </source>
        <vertices id="meshesP12R-vertices">
          <input semantic="POSITION" source="#meshesP12R-positions" />
        </vertices>
        <polylist count="12" material="defaultMaterial">
          <input offset="0" semantic="VERTEX" source="#meshesP12R-vertices" />
          <vcount>3 3 3 3 3 3 3 3 3 3 3 3 </vcount>
          <p>0 1 2 0 2 3 4 0 3 4 3 5 4 5 6 4 6 7 4 7 1 1 7 6 3 6 5 3 2 6 1 6 2 4 1 0 </p>
        </polylist>
      </mesh>
    </geometry>
    <geometry id="meshesP13R" name="meshes[13]" >
      <mesh>
        <source id="meshesP13R-positions" name="meshesP13R-positions">
          <float_array id="meshesP13R-positions-array" count="48"> 0.428105235 -2.42042971 0.745533943 0.447988331 -2.42042971 0.762487113 0.428105235 -2.37915039 0.741820276 0.447988331 -2.37915039 0.762487113 0.630933881 -2.42042971 0.745533943 0.611050725 -2.42042971 0.762487113 0.630933881 -2.37915039 0.741820276 0.611050725 -2.37915039 0.762487113 0.428105235 -2.37915039 0.818204045 0.428105235 -2.42042971 0.815291345 0.447988331 -2.42042971 0.815291345 0.447988331 -2.37915039 0.818204045 0.611050725 -2.37915039 0.818204045 0.630933881 -2.37915039 0.818204045 0.630933881 -2.42042971 0.815291345 0.611050725 -2.42042971 0.815291345 </float_array>
          <technique_common>
            <accessor count="16" offset="0" source="#meshesP13R-positions-array" stride="3">
              <param name="X" type="float" />
              <param name="Y" type="float" />
              <param name="Z" type="float" />
            </accessor>
          </technique_common>
        </source>
        <vertices id="meshesP13R-vertices">
          <input semantic="POSITION" source="#meshesP13R-positions" />
        </vertices>
        <polylist count="28" material="defaultMaterial">
          <input offset="0" semantic="VERTEX" source="#meshesP13R-vertices" />
          <vcount>3 3 3 3 3 3 3 3 3 3 3 3 3 3 3 3 3 3 3 3 3 3 3 3 3 3 3 3 </vcount>
          <p>5 4 14 5 14 15 7 5 15 7 15 12 6 7 12 6 12 13 4 6 13 2 6 4 2 4 0 2 0 9 2 9 8 3 2 8 3 8 11 1 3 11 1 11 10 0 1 10 9 10 11 7 3 1 2 3 7 9 11 8 0 10 9 4 1 0 2 7 6 13 12 15 7 1 5 13 15 14 4 13 14 4 5 1 </p>
        </polylist>
      </mesh>
    </geometry>
    <geometry id="meshesP14R" name="meshes[14]" >
      <mesh>
        <source id="meshesP14R-positions" name="meshesP14R-positions">
          <float_array id="meshesP14R-positions-array" count="48"> 0.642464042 -2.18886471 0.766295731 0.662347138 -2.18886471 0.783248901 0.642464042 -2.14758539 0.762582064 0.662347138 -2.14758539 0.783248901 0.845292687 -2.18886471 0.766295731 0.825409532 -2.18886471 0.783248901 0.845292687 -2.14758539 0.762582064 0.825409532 -2.14758539 0.783248901 0.642464042 -2.14758539 0.826182723 0.642464042 -2.18886471 0.823270023 0.662347138 -2.18886471 0.823270023 0.662347138 -2.14758539 0.826182723 0.825409532 -2.14758539 0.826182723 0.845292687 -2.14758539 0.826182723 0.845292687 -2.18886471 0.823270023 0.825409532 -2.18886471 0.823270023 </float_array>
          <technique_common>
            <accessor count="16" offset="0" source="#meshesP14R-positions-array" stride="3">
              <param name="X" type="float" />
              <param name="Y" type="float" />
              <param name="Z" type="float" />
            </accessor>
          </technique_common>
        </source>
        <vertices id="meshesP14R-vertices">
          <input semantic="POSITION" source="#meshesP14R-positions" />
        </vertices>
        <polylist count="28" material="defaultMaterial">
          <input offset="0" semantic="VERTEX" source="#meshesP14R-vertices" />
          <vcount>3 3 3 3 3 3 3 3 3 3 3 3 3 3 3 3 3 3 3 3 3 3 3 3 3 3 3 3 </vcount>
          <p>5 4 14 5 14 15 7 5 15 7 15 12 6 7 12 6 12 13 4 6 13 2 6 4 2 4 0 2 0 9 2 9 8 3 2 8 3 8 11 1 3 11 1 11 10 0 1 10 9 10 11 7 3 1 2 3 7 9 11 8 0 10 9 4 1 0 2 7 6 13 12 15 7 1 5 13 15 14 4 13 14 4 5 1 </p>
        </polylist>
      </mesh>
    </geometry>
    <geometry id="meshesP15R" name="meshes[15]" >
      <mesh>
        <source id="meshesP15R-positions" name="meshesP15R-positions">
          <float_array id="meshesP15R-positions-array" count="48"> -0.431066632 -2.42042971 0.745533943 -0.450949728 -2.42042971 0.762487113 -0.431066632 -2.37915039 0.741820276 -0.450949728 -2.37915039 0.762487113 -0.633895278 -2.42042971 0.745533943 -0.614012122 -2.42042971 0.762487113 -0.633895278 -2.37915039 0.741820276 -0.614012122 -2.37915039 0.762487113 -0.431066632 -2.37915039 0.818204045 -0.431066632 -2.42042971 0.815291345 -0.450949728 -2.42042971 0.815291345 -0.450949728 -2.37915039 0.818204045 -0.614012122 -2.37915039 0.818204045 -0.633895278 -2.37915039 0.818204045 -0.633895278 -2.42042971 0.815291345 -0.614012122 -2.42042971 0.815291345 </float_array>
          <technique_common>
            <accessor count="16" offset="0" source="#meshesP15R-positions-array" stride="3">
              <param name="X" type="float" />
              <param name="Y" type="float" />
              <param name="Z" type="float" />
            </accessor>
          </technique_common>
        </source>
        <vertices id="meshesP15R-vertices">
          <input semantic="POSITION" source="#meshesP15R-positions" />
        </vertices>
        <polylist count="28" material="defaultMaterial">
          <input offset="0" semantic="VERTEX" source="#meshesP15R-vertices" />
          <vcount>3 3 3 3 3 3 3 3 3 3 3 3 3 3 3 3 3 3 3 3 3 3 3 3 3 3 3 3 </vcount>
          <p>5 15 14 5 14 4 4 1 5 7 5 1 7 1 3 2 7 3 3 8 2 2 8 9 2 9 0 2 0 4 2 4 6 4 13 6 6 13 12 6 12 7 7 12 15 13 15 12 0 9 10 0 10 1 1 10 11 9 11 10 9 8 11 3 11 8 2 6 7 1 11 3 4 0 1 4 14 13 13 14 15 7 15 5 </p>
        </polylist>
      </mesh>
    </geometry>
    <geometry id="meshesP16R" name="meshes[16]" >
      <mesh>
        <source id="meshesP16R-positions" name="meshesP16R-positions">
          <float_array id="meshesP16R-positions-array" count="48"> -0.645425439 -2.18886471 0.766295731 -0.665308535 -2.18886471 0.783248901 -0.645425439 -2.14758539 0.762582064 -0.665308535 -2.14758539 0.783248901 -0.848254085 -2.18886471 0.766295731 -0.828370929 -2.18886471 0.783248901 -0.848254085 -2.14758539 0.762582064 -0.828370929 -2.14758539 0.783248901 -0.645425439 -2.14758539 0.826182723 -0.645425439 -2.18886471 0.823270023 -0.665308535 -2.18886471 0.823270023 -0.665308535 -2.14758539 0.826182723 -0.828370929 -2.14758539 0.826182723 -0.848254085 -2.14758539 0.826182723 -0.848254085 -2.18886471 0.823270023 -0.828370929 -2.18886471 0.823270023 </float_array>
          <technique_common>
            <accessor count="16" offset="0" source="#meshesP16R-positions-array" stride="3">
              <param name="X" type="float" />
              <param name="Y" type="float" />
              <param name="Z" type="float" />
            </accessor>
          </technique_common>
        </source>
        <vertices id="meshesP16R-vertices">
          <input semantic="POSITION" source="#meshesP16R-positions" />
        </vertices>
        <polylist count="28" material="defaultMaterial">
          <input offset="0" semantic="VERTEX" source="#meshesP16R-vertices" />
          <vcount>3 3 3 3 3 3 3 3 3 3 3 3 3 3 3 3 3 3 3 3 3 3 3 3 3 3 3 3 </vcount>
          <p>5 15 14 5 14 4 4 1 5 7 5 1 7 1 3 2 7 3 3 8 2 2 8 9 2 9 0 2 0 4 2 4 6 4 13 6 6 13 12 6 12 7 7 12 15 13 15 12 0 9 10 0 10 1 1 10 11 9 11 10 9 8 11 3 11 8 2 6 7 1 11 3 4 0 1 4 14 13 13 14 15 7 15 5 </p>
        </polylist>
      </mesh>
    </geometry>
    <geometry id="meshesP17R-0" name="meshes[17]-0" >
      <mesh>
        <source id="meshesP17R-0-positions" name="meshesP17R-0-positions">
          <float_array id="meshesP17R-0-positions-array" count="9189"> 0.947250247 0.8362028 0.577950835 0.947250247 0.803308427 0.450716704 0.946643531 0.872155726 0.450087994 0.946643531 0.927888751 0.605038166 0.947250247 0.951137781 0.745780706 0.947250247 0.864148557 0.636119962 0.94670552 -1.55799747 0.782211483 0.951628089 -1.42126036 0.789556086 0.953584969 -1.56256342 0.786125243 0.936264992 -2.11720514 0.538982749 0.939303517 -2.17377257 0.587450087 0.921977401 -2.14608574 0.436124325 0.931398511 -1.29445124 0.50096792 0.934165418 -1.21496892 0.424772382 0.939558864 -1.29411578 0.500960529 0.949105978 -2.04776597 0.762144864 0.938692331 -2.08236623 0.605471134 0.952979207 -2.00165176 0.70478785 0.944119632 -1.9208566 0.761404753 0.953366518 -1.84875667 0.868097365 0.952979207 -1.92542255 0.759645581 0.902634799 -2.23746204 0.359234691 0.852617383 -2.31586838 0.451776952 0.818817556 -2.34971762 0.36035943 0.0176470168 -2.58285308 0.317171782 -0.00148070231 -2.58339095 0.317171782 -0.00148070231 -2.58296895 0.30861187 0.0171165206 -2.58238006 0.393898457 -0.00148070231 -2.58213973 0.404520243 -0.00148070231 -2.58272767 0.393898457 0.463243365 1.97096765 0.719846368 0.475525528 1.95187652 0.705643654 0.463243365 1.93597162 0.718650103 0.694211066 1.92147803 0.370262891 0.736844122 1.90161109 0.327139646 0.6891945 1.93149281 0.372169882 -0.00148070231 2.07394266 0.533536673 0.0164884143 2.06459832 0.50472188 -0.00148070231 2.06521082 0.50472188 -0.00148070231 2.0498929 0.468048573 0.0177516881 2.04928041 0.468048573 -0.00148070231 2.01714873 0.416967779 0.449183673 1.49698544 1.45590925 0.384415209 1.5072794 1.45964062 0.387168229 1.50734591 1.46716416 0.730976284 1.8722378 0.937714934 0.730976284 1.87009633 0.945827663 0.772672355 1.84198606 0.946682334 0.802213192 1.84925091 0.684011877 0.85742867 1.83100688 0.679225206 0.806978881 1.88527715 0.596737266 0.737004817 -2.41526127 0.45469445 0.946641684 -1.74102616 0.806577086 0.953918695 -1.6345129 0.878626704 0.953084767 -1.74133754 0.810018122 0.953520775 -1.73490787 0.880530179 0.952773392 -1.48243904 0.828813851 0.949606836 -1.39106035 0.670084596 0.946600854 -1.2711854 0.616228342 0.950375617 -1.34407687 0.718909264 0.939508915 -1.22651637 0.507248759 0.948547065 -2.0630765 0.697031796 0.947945535 -2.0877142 0.719825625 0.93345207 -2.15659094 0.493249387 0.932497978 -2.20368171 0.504399061 0.942365408 -1.38921738 0.669574618 0.935690165 -1.32742786 0.588783145 0.0523189716 1.38399529 1.45180953 0.0503287762 1.36332512 1.44684839 0.0530552752 1.38909626 1.43118453 0.89325577 -0.0220240876 0.2316131 0.89325738 -0.029047152 0.23161298 0.889755249 -0.0255349502 0.23161298 0.741165459 -1.20687544 1.08988428 0.703849792 -1.06823552 1.18786502 0.713430226 -1.16281044 1.12069845 0.0426791869 1.07098055 1.54894912 -0.00148070231 1.07098055 1.54996669 -0.00148070231 1.02350092 1.55221486 0.152390853 -0.848734796 1.360919 0.166039303 -0.836798012 1.36709523 0.147142678 -0.831880152 1.36991167 0.166330874 -0.82686609 1.37215805 0.153430939 -0.814685166 1.37827611 0.142285004 -0.814746201 1.37848234 0.128070533 -0.827161133 1.37282467 0.127785429 -0.837079942 1.36776769 0.141240031 -0.848814189 1.36111641 0.171684146 -0.635747015 1.45887923 0.167087317 -0.630592883 1.4611876 0.162800968 -0.63832444 1.45791054 0.162078887 -0.630658925 1.46121883 0.1545026 -0.636207402 1.45888472 0.153670788 -0.640737474 1.45696187 0.159056246 -0.646222413 1.45461369 0.164063826 -0.646127284 1.45459545 0.17086339 -0.640295565 1.4569478 0.953918695 -1.55118179 0.857671142 0.931195796 -1.41306853 0.806281567 0.946643531 1.0618211 0.740398586 0.947250247 1.1249634 0.848582387 0.947250247 1.01469839 0.798781395 0.946643531 1.24953258 0.811242938 0.944181621 1.38414001 0.877568483 0.947250247 1.24759424 0.877104878 0.944742858 1.46751046 0.781839371 0.946453035 1.60458088 0.789899945 0.945018411 1.50505733 0.842577696 0.944382846 1.62181115 0.676992953 0.944595695 1.74637532 0.623690844 0.944595635 1.68359089 0.717159629 0.932338893 1.62181115 0.676992953 0.944382846 1.67527866 0.597394168 0.932698905 1.46751046 0.781839371 0.945964634 1.55158448 0.735018015 0.934599578 1.24953258 0.811242938 0.944030225 1.36475396 0.810875416 0.934599578 1.0618211 0.740398586 0.946643531 1.14778149 0.785509765 0.946643531 1.00246751 0.693053901 0.934599578 0.927888751 0.605038166 0.934599578 0.872155726 0.450087994 0.946643531 0.904097199 0.559342146 0.851075888 -0.904263794 1.12874782 0.876857817 -0.891855657 1.10389757 0.845318317 -0.90307349 1.10609531 0.868885636 -0.876185596 1.21835148 0.878781319 -0.872735739 1.22655809 0.876415968 -0.873278022 1.22152042 0.618622899 -1.74133754 0.810018122 0.945035994 -2.08173227 0.606075704 0.604230464 -2.08236623 0.605471134 0.615144968 -1.39106035 0.670084596 0.618517339 -1.92542255 0.759645581 0.605096996 -1.29411578 0.500960529 0.619123101 -1.56256342 0.786125243 0.928191364 -2.14544153 0.437087297 0.587515533 -2.14608574 0.436124325 0.802213192 1.85444391 0.684011877 0.85742867 1.83619988 0.679225206 0.806978881 1.89047015 0.596737266 0.596021712 1.93035209 0.937714934 0.593367755 1.93124998 0.937714934 0.593747437 1.92981184 0.937714934 -0.950211644 0.8362028 0.577950835 -0.949604928 0.872155726 0.450087994 -0.950211644 0.803308427 0.450716704 -0.949604928 0.927888751 0.605038166 -0.950211644 0.864148557 0.636119962 -0.950211644 0.951137781 0.745780706 -0.949666917 -1.55799747 0.782211483 -0.956546366 -1.56256342 0.786125243 -0.954589486 -1.42126036 0.789556086 -0.939226389 -2.11720514 0.538982749 -0.924938798 -2.14608574 0.436124325 -0.942264915 -2.17377257 0.587450087 -0.934359908 -1.29445124 0.50096792 -0.942520261 -1.29411578 0.500960529 -0.937126815 -1.21496892 0.424772382 -0.952067375 -2.04776597 0.762144864 -0.955940604 -2.00165176 0.70478785 -0.941653728 -2.08236623 0.605471134 -0.947081029 -1.9208566 0.761404753 -0.955940604 -1.92542255 0.759645581 -0.956327915 -1.84875667 0.868097365 -0.905596197 -2.23746204 0.359234691 -0.821778953 -2.34971762 0.36035943 -0.85557878 -2.31586838 0.451776952 -0.0206084214 -2.58285308 0.317171782 -0.0200779252 -2.58238006 0.393898457 -0.466204762 1.97096765 0.719846368 -0.466204762 1.93597162 0.718650103 -0.478486925 1.95187652 0.705643654 -0.697172463 1.92147803 0.370262891 -0.692155898 1.93149281 0.372169882 -0.73980552 1.90161109 0.327139646 -0.0194498189 2.06459832 0.50472188 -0.0207130928 2.04928041 0.468048573 -0.45214507 1.49698544 1.45590925 -0.390129626 1.50734591 1.46716416 -0.387376606 1.5072794 1.45964062 -0.733937681 1.8722378 0.937714934 -0.775633752 1.84198606 0.946682334 -0.733937681 1.87009633 0.945827663 -0.805174589 1.84925091 0.684011877 -0.809940279 1.88527715 0.596737266 -0.860390067 1.83100688 0.679225206 -0.739966214 -2.41526127 0.45469445 -0.949603081 -1.74102616 0.806577086 -0.956046164 -1.74133754 0.810018122 -0.956880093 -1.6345129 0.878626704 -0.956482172 -1.73490787 0.880530179 -0.955734789 -1.48243904 0.828813851 -0.952568233 -1.39106035 0.670084596 -0.953337014 -1.34407687 0.718909264 -0.949562252 -1.2711854 0.616228342 -0.942470312 -1.22651637 0.507248759 -0.951508462 -2.0630765 0.697031796 -0.950906932 -2.0877142 0.719825625 -0.936413467 -2.15659094 0.493249387 -0.935459375 -2.20368171 0.504399061 -0.945326805 -1.38921738 0.669574618 -0.938651562 -1.32742786 0.588783145 -0.0552803762 1.38399529 1.45180953 -0.0560166799 1.38909626 1.43118453 -0.0532901809 1.36332512 1.44684839 -0.896217167 -0.0220240876 0.2316131 -0.892716646 -0.0255349502 0.23161298 -0.896218777 -0.029047152 0.23161298 -0.744126856 -1.20687544 1.08988428 -0.716391623 -1.16281044 1.12069845 -0.70681119 -1.06823552 1.18786502 -0.0456405915 1.07098055 1.54894912 -0.15535225 -0.848734796 1.360919 -0.150104076 -0.831880152 1.36991167 -0.1690007 -0.836798012 1.36709523 -0.169292271 -0.82686609 1.37215805 -0.156392336 -0.814685166 1.37827611 -0.145246401 -0.814746201 1.37848234 -0.13103193 -0.827161133 1.37282467 -0.130746827 -0.837079942 1.36776769 -0.144201428 -0.848814189 1.36111641 -0.174645543 -0.635747015 1.45887923 -0.165762365 -0.63832444 1.45791054 -0.170048714 -0.630592883 1.4611876 -0.165040284 -0.630658925 1.46121883 -0.157463998 -0.636207402 1.45888472 -0.156632185 -0.640737474 1.45696187 -0.162017643 -0.646222413 1.45461369 -0.167025223 -0.646127284 1.45459545 -0.173824787 -0.640295565 1.4569478 -0.956880093 -1.55118179 0.857671142 -0.934157193 -1.41306853 0.806281567 -0.949604928 1.0618211 0.740398586 -0.950211644 1.01469839 0.798781395 -0.950211644 1.1249634 0.848582387 -0.949604928 1.24953258 0.811242938 -0.950211644 1.24759424 0.877104878 -0.947143018 1.38414001 0.877568483 -0.947704256 1.46751046 0.781839371 -0.947979808 1.50505733 0.842577696 -0.949414432 1.60458088 0.789899945 -0.947344244 1.62181115 0.676992953 -0.947557032 1.68359089 0.717159629 -0.947557092 1.74637532 0.623690844 -0.935300291 1.62181115 0.676992953 -0.947344244 1.67527866 0.597394168 -0.948926032 1.55158448 0.735018015 -0.935660303 1.46751046 0.781839371 -0.937560976 1.24953258 0.811242938 -0.946991622 1.36475396 0.810875416 -0.937560976 1.0618211 0.740398586 -0.949604928 1.14778149 0.785509765 -0.949604928 1.00246751 0.693053901 -0.937560976 0.927888751 0.605038166 -0.937560976 0.872155726 0.450087994 -0.949604928 0.904097199 0.559342146 -0.854037285 -0.904263794 1.12874782 -0.848279715 -0.90307349 1.10609531 -0.879819214 -0.891855657 1.10389757 -0.871847034 -0.876185596 1.21835148 -0.879377365 -0.873278022 1.22152042 -0.881742716 -0.872735739 1.22655809 -0.621584296 -1.74133754 0.810018122 -0.607191861 -2.08236623 0.605471134 -0.947997391 -2.08173227 0.606075704 -0.618106365 -1.39106035 0.670084596 -0.621478736 -1.92542255 0.759645581 -0.608058393 -1.29411578 0.500960529 -0.622084498 -1.56256342 0.786125243 -0.59047693 -2.14608574 0.436124325 -0.931152761 -2.14544153 0.437087297 -0.805174589 1.85444391 0.684011877 -0.809940279 1.89047015 0.596737266 -0.860390067 1.83619988 0.679225206 -0.598983109 1.93035209 0.937714934 -0.596708834 1.92981184 0.937714934 -0.596329153 1.93124998 0.937714934 0.485757113 0.522260308 1.56264222 0.559015989 0.522260308 1.56096637 0.554933667 0.704429686 1.55504286 0.482208371 0.704429686 1.55671871 -0.00148070231 0.151966885 1.57620156 0.173025131 0.151966885 1.57226801 0.17173171 0.340090811 1.57166135 -0.00148070231 0.340090811 1.5755949 0.174081981 -0.00175476877 1.57169592 -0.00148070231 -0.00175476924 1.57562947 -0.00148070231 -0.193305016 1.568452 0.178536594 -0.193305016 1.56451845 0.527263641 -0.479917854 1.50531256 0.353160799 -0.490525216 1.51192188 0.35803014 -0.588042617 1.48420131 0.52868408 -0.57055521 1.47964787 0.186270237 -0.4966757 1.51354396 0.17728968 -0.596208811 1.48361516 0.495965064 -0.00175476796 1.564484 0.330138505 -0.00175476843 1.56819952 0.338552773 -0.193305001 1.56102192 0.503479004 -0.193305001 1.55730653 -0.00148070231 -0.49822244 1.5158664 -0.00148070231 -0.598305583 1.48466027 0.170479298 0.522260308 1.56985414 0.323333442 0.522260308 1.56635761 0.320967734 0.704429686 1.5604341 0.169226825 0.704429686 1.56393063 0.343422115 -0.294323415 1.55149913 0.181114435 -0.296373576 1.55499566 0.183692336 -0.394774139 1.53847075 0.348291457 -0.390673757 1.53497422 0.510593772 -0.291855007 1.5471679 0.5177086 -0.385737002 1.53002715 -0.00148070231 0.522260308 1.57378769 -0.00148070231 0.704429686 1.56786418 0.173553526 0.075106062 1.57318246 0.329140365 0.075106062 1.56968594 0.328142226 0.151966855 1.56877148 -0.00148070231 -0.296889156 1.5589292 -0.00148070231 -0.395805299 1.54240429 0.494467795 0.075106062 1.56597054 0.569036365 0.075106062 1.56429482 0.567313969 0.151966885 1.56338024 0.492970526 0.151966885 1.56505609 0.169226825 1.02350092 1.54828131 0.320967734 1.02350092 1.54478478 0.320967734 1.07098055 1.54253662 0.169226825 1.07098055 1.54603302 -0.00148070231 0.075106062 1.57711601 0.576875746 -0.193305001 1.5556308 0.58496654 -0.290685505 1.54509497 0.593057334 -0.383397937 1.52755702 0.605162382 -0.474343628 1.50138378 0.482208371 1.02350092 1.54106939 0.482208371 1.07098055 1.5388211 0.57075876 -0.00175476773 1.56280828 0.617267489 -0.559594393 1.47054231 0.320967734 0.745265901 1.55823004 0.482208371 0.745265901 1.55451465 0.482208371 0.786102116 1.55231059 0.320967734 0.786102116 1.55602598 0.554933667 0.745265901 1.5528388 0.554933667 0.786102116 1.55063486 0.169226825 0.745265901 1.56172657 0.169226825 0.786102116 1.55952251 0.933657646 -1.63274479 0.899302542 0.933229983 -1.73643279 0.901301503 0.320967734 0.833581865 1.55377781 0.482208371 0.833581865 1.55006242 0.482208371 0.881061554 1.54781413 0.320967734 0.881061554 1.55152953 0.482208371 0.955632925 1.54428303 0.320967734 0.955632925 1.54799843 -0.00148070231 0.745265901 1.56566012 -0.00148070231 0.786102116 1.56345606 -0.00148070231 0.833581865 1.56120789 0.169226825 0.833581865 1.55727434 0.169226825 0.881061554 1.55502605 -0.00148070231 0.881061554 1.5589596 0.554933667 0.833581865 1.54838657 0.554933667 0.881061554 1.54613841 0.554933667 0.955632925 1.54260731 0.169226825 0.955632925 1.55149496 -0.00148070231 0.955632925 1.5554285 0.444794357 -2.52639055 0.505891263 0.354373395 -2.54475522 0.506054223 0.413207173 -2.53158212 0.454709351 0.504471719 -2.51129103 0.454701722 0.686390817 -2.44314337 0.505367935 0.531305194 -2.50881982 0.505735338 0.591789722 -2.48864913 0.45469445 0.737004817 -2.41526127 0.45469445 0.151351631 -2.5607636 0.506146491 -0.00148070231 -2.56212878 0.503738821 -0.00148070231 -2.56212878 0.45469445 0.179143548 -2.55656219 0.455037653 0.933138967 -2.10151935 0.732534468 0.929564416 -2.16010714 0.654282928 0.943095505 -2.1432426 0.64531225 0.933064163 -1.85401547 0.888244927 0.933657646 -1.92841661 0.862889409 0.953918695 -1.92079508 0.843953073 0.934144616 -1.54504418 0.876060605 0.935152411 -1.54701281 0.875847876 0.933138967 -2.00734615 0.816359103 0.952091694 -1.98765743 0.804004312 0.933623374 -1.54482007 0.876306772 0.934144616 -1.54504418 0.876060605 0.933147073 -1.79522407 0.894773185 0.953443646 -1.79183209 0.874313772 0.929849744 -1.21136677 0.507971644 0.929849744 -1.25743675 0.623739898 0.934588373 -1.58369207 0.889170647 0.954827845 -1.5901866 0.868637264 0.92740941 -2.19231343 0.590766191 0.933138967 -2.05822301 0.777642787 0.929369688 -1.19944048 0.42559123 0.923639119 -2.21945024 0.506732702 0.917149782 -2.228477 0.451296061 0.92626375 -2.21466041 0.451049656 0.902634799 -2.23746204 0.359234691 0.90615809 -2.22210503 0.359234691 0.929849744 -1.33278298 0.73157227 0.817591667 -2.35155439 0.503709257 0.852617383 -2.31586838 0.451776952 0.924938023 -0.0215454679 0.53483808 0.924938023 -0.121367007 0.529510736 0.930955291 -0.121355943 0.420269042 0.931010008 -0.0319962651 0.423911959 0.931010008 -0.0319962651 0.423911959 0.930955291 -0.121355943 0.420269042 0.930187166 -0.127257988 0.378386617 0.930313587 -0.0351879075 0.382197052 0.749682307 1.65352678 1.1484313 0.749279916 1.65365934 1.14828527 0.736065984 1.64636517 1.17221606 0.740998447 1.64604378 1.17079151 0.482208371 1.02350092 1.54106939 0.320967734 1.02350092 1.54478478 0.554933667 1.02350092 1.53939366 0.169226825 1.02350092 1.54828131 -0.00148070231 1.02350092 1.55221486 0.0828061625 2.04375815 0.883878589 0.0135323815 2.04914784 0.882066667 0.0135332029 2.0483284 0.889947891 0.0828061625 2.04375815 0.891522765 0.476940155 1.99270737 0.898151577 0.343714893 2.01908922 0.892183363 0.343714893 2.01908922 0.89982754 0.476940155 1.99270737 0.905795753 0.744918585 1.89868987 0.905374229 0.681693971 1.92303193 0.904157877 0.681693971 1.92303193 0.911802053 0.744918585 1.89868987 0.913018405 0.8136127 1.86690176 0.905977607 0.811571002 1.86690176 0.913621783 0.202386856 2.03586102 0.886839271 0.202386856 2.03586102 0.894483447 0.593363941 1.95564473 0.902114034 0.593362808 1.9556452 0.909758151 0.596023321 1.95472991 0.909834087 0.596021712 1.93239772 0.937714934 0.674752176 1.90395415 0.937714934 0.202386856 2.01715064 0.937714934 0.343714893 1.99858606 0.937714934 0.475833893 1.97039044 0.937714934 0.593367755 1.93329561 0.937714934 0.0135384444 2.02912664 0.937714934 0.0828061625 2.02666306 0.937714934 0.736751735 1.87838709 0.937714934 0.804220855 1.8445574 0.938318312 0.845059931 1.78577197 0.906244993 0.840940833 1.78920496 0.914852202 0.82781446 1.79926383 0.938318312 0.928407252 1.61488199 0.80350548 0.926852584 1.51189876 0.858568549 0.926394403 1.69663858 0.727471292 0.929271221 0.848710716 0.642762125 0.929271221 0.805446088 0.55179131 0.929263771 0.785755694 0.448962897 0.92530638 1.79015625 0.576339126 0.926394403 1.74854875 0.658257604 0.944595635 1.77739775 0.561311245 0.925945759 1.38677812 0.895143747 0.929271221 1.26020527 0.897845507 0.921477199 1.80646861 0.532356501 0.940862536 1.78874481 0.530497074 0.946861744 -1.83052981 0.796490014 0.9458462 -1.65319395 0.806393564 0.912892759 -2.15040922 0.359234691 0.941729546 -1.50157833 0.757944047 0.943337083 -1.4493196 0.72497803 0.489305824 0.340090811 1.56444943 0.325699151 0.340090811 1.56816483 0.563098252 0.340090811 1.56277359 0.650229931 1.29960823 1.42131472 0.669188499 1.24687922 1.40224946 0.684728265 1.3262856 1.35873318 0.645750463 1.38765264 1.40335262 0.165413797 1.52819669 1.50330544 0.270917356 1.51992214 1.50157797 0.270917356 1.52320981 1.48953712 0.165413797 1.53114033 1.49287283 0.389900744 1.50481868 1.49830544 0.389900744 1.50932741 1.48376954 0.0526283346 1.53209198 1.5038029 0.0526283346 1.53475046 1.49439895 0.545012832 1.45769453 1.48456132 0.580100358 1.43217707 1.47582352 0.573720038 1.44768882 1.46037781 0.543595552 1.46827412 1.46907032 0.45729205 1.49164653 1.49477077 0.45729205 1.49746704 1.47984862 0.61107564 1.39506483 1.46182752 0.601097941 1.42348623 1.44697678 -0.00148070231 1.53175342 1.50383365 -0.00148070231 1.53441119 1.49437499 0.493612021 1.4797225 1.49135423 0.495456815 1.48577309 1.47596288 0.631333351 1.35362172 1.44295037 0.624242902 1.4004817 1.42676151 0.691918194 1.36663294 1.33704424 0.664354026 1.39642501 1.37619627 0.708294928 1.34003425 1.31639326 0.697820008 1.29168248 1.34309161 0.709323347 1.44204426 1.2875694 0.691031873 1.46375251 1.31517041 0.737539053 1.58686733 1.19196546 0.724250853 1.51922131 1.23844802 0.732646823 1.50242805 1.22752917 0.740386724 1.56717443 1.19260001 0.721348107 1.42123103 1.27145982 0.712407708 1.53974247 1.25587714 0.270827472 1.52105856 1.47316992 0.631425798 1.39862967 1.3878845 0.613842487 1.40415287 1.40604103 0.4899863 1.48377848 1.45051777 0.564033747 1.44896221 1.43405473 0.537238657 1.46569395 1.44275117 0.671916902 1.46815968 1.31398916 0.64633745 1.40861034 1.36476433 0.590170085 1.42585731 1.42167485 0.701797247 1.54160595 1.25047386 0.924938023 -0.235641629 0.524486065 0.924938023 -0.347843111 0.518887222 0.930903554 -0.347870767 0.411970973 0.930945873 -0.235650256 0.416648626 0.924938023 0.111025982 0.542870283 0.924938023 -0.0145261595 0.535238743 0.931012034 -0.0249860734 0.424187928 0.93100673 0.110991664 0.42935136 0.918846071 0.28510651 0.557072103 0.929459691 0.28538081 0.434127271 0.924938023 -0.683395326 0.502728641 0.924938023 -0.865210593 0.493973285 0.930741131 -0.865210593 0.396191299 0.930798233 -0.683405101 0.401736677 0.924733877 0.425122142 0.527184665 0.929388762 0.442335576 0.439078867 0.924734652 0.686020553 0.472644299 0.924733877 0.572306514 0.496635497 0.929327309 0.609127283 0.44401294 0.929263771 0.785755694 0.448962897 0.929459691 0.28538081 0.434127271 0.93100673 0.110991664 0.42935136 0.930426538 0.112324402 0.387733012 0.929080069 0.279478759 0.392392457 0.929388762 0.442335576 0.439078867 0.929198802 0.446270317 0.397361845 0.931477487 -1.20916033 0.383285046 0.931432843 -1.2757076 0.383319259 0.926779747 -1.27356493 0.340312958 0.926410615 -1.20652342 0.340319633 0.947250247 0.803308427 0.450716704 0.929263771 0.785755694 0.448962897 0.929305375 0.779853642 0.407366395 0.947232485 0.797406375 0.409311414 0.930945873 -0.235650256 0.416648626 0.930903554 -0.347870767 0.411970973 0.929800928 -0.345717341 0.370341063 0.930025458 -0.235044435 0.374942064 0.929327309 0.609127283 0.44401294 0.929281056 0.613062024 0.402325243 0.92912817 -1.19344115 0.384152055 0.925248265 -1.19080448 0.340388417 0.931012034 -0.0249860734 0.424187928 0.930321038 -0.0281785801 0.38247326 0.930313587 -0.0351879075 0.382197052 0.930187166 -0.127257988 0.378386617 0.931940913 -0.127257988 0.354413271 0.93232125 -0.0351866819 0.358355671 0.930798233 -0.683405101 0.401736677 0.930741131 -0.865210593 0.396191299 0.928627312 -0.86814779 0.353471696 0.929039776 -0.684553325 0.359399974 0.929305375 0.779853642 0.407366395 0.929281056 0.613062024 0.402325243 0.93189317 0.613062024 0.378499836 0.932076275 0.757652581 0.383452535 0.929080069 0.279478759 0.392392457 0.930426538 0.112324402 0.387733012 0.9326334 0.112324402 0.363930732 0.931417465 0.279478788 0.36859709 0.930025458 -0.235044435 0.374942064 0.931507707 -0.235044435 0.350816011 0.929198802 0.446270317 0.397361845 0.931673944 0.446270347 0.373547524 0.929039776 -0.684553325 0.359399974 0.928627312 -0.86814779 0.353471696 0.927298069 -0.86895746 0.32800442 0.92851305 -0.685093105 0.33428961 0.930321038 -0.0281785801 0.38247326 0.932342947 -0.0281795319 0.35863772 0.924269557 -1.16915631 0.340220332 0.924394011 -1.14834046 0.315794468 0.910901785 -0.127257973 0.267025501 0.910901785 -0.029047573 0.26702553 0.929800928 -0.345717341 0.370341063 0.930755436 -0.345759004 0.34588933 0.910901785 -0.029047573 0.26702553 0.899516582 -0.127257973 0.231612965 0.899516582 -0.029047152 0.23161298 0.910901785 -0.345869988 0.267025501 0.910901785 -0.23504442 0.267025501 0.90935421 0.613062024 0.267173052 0.90935421 0.757652581 0.267173082 0.910837591 0.112324417 0.26703161 0.90935421 0.279478788 0.267173022 0.90935421 0.446270347 0.267173052 0.910901785 -0.871112645 0.267025441 0.910901785 -0.686529934 0.267025441 0.932342947 -0.0281795319 0.35863772 0.910900176 -0.0220237337 0.26702565 0.910901785 -1.14586973 0.267025381 0.90935421 0.779853642 0.267173082 0.910901785 -1.16915631 0.267025381 0.926410615 -1.20652342 0.340319633 0.926779747 -1.27356493 0.340312958 0.910714686 -1.26961172 0.266350776 0.910363078 -1.20652342 0.266384274 0.925248265 -1.19080448 0.340388417 0.90993011 -1.19080448 0.267117888 0.947232485 0.797406375 0.409311414 0.927270472 0.797406375 0.267996699 0.899514973 -0.0220240876 0.2316131 0.899452388 0.112324417 0.231619194 0.899329484 -1.26961172 0.230938226 0.898977876 -1.20652342 0.230971843 0.897969007 0.279478788 0.231760591 0.897969007 0.75765264 0.231760651 0.897969007 0.779853702 0.231760651 0.899516582 -0.871112585 0.231612876 0.899516582 -0.686529875 0.231612906 0.897969007 0.446270347 0.231760621 0.898544908 -1.19080448 0.231705338 0.899516582 -1.16915631 0.231612846 0.899516582 -1.14586973 0.231612846 0.897969007 0.613062084 0.231760636 0.899516582 -0.345869988 0.231612936 0.899516582 -0.23504442 0.231612951 0.91588527 0.797406435 0.232584149 0.912892759 -2.15040922 0.359234691 0.90615809 -2.22210503 0.359234691 0.898744762 -2.22250223 0.336503863 0.907785237 -2.15040922 0.336503863 0.902634799 -2.23746204 0.359234691 0.896165729 -2.23746204 0.336503863 0.896165729 -2.23746204 0.336503863 0.902634799 -2.23746204 0.359234691 0.818817556 -2.34971762 0.36035943 0.818817556 -2.34971762 0.335680246 0.74345988 -2.41436863 0.360359401 0.74345988 -2.41436863 0.335680217 0.661450863 -2.46241975 0.361782521 0.661450863 -2.46241975 0.337103337 0.504471719 -2.51129103 0.454701722 0.413207173 -2.53158212 0.454709351 0.413207173 -2.53158212 0.434531659 0.504471719 -2.51129103 0.434524029 0.896165729 -2.23746204 0.336503863 0.818817556 -2.34971762 0.335680246 0.827271283 -2.34837866 0.309532195 0.901261091 -2.24560905 0.310886413 0.74345988 -2.41436863 0.335680217 0.661450863 -2.46241975 0.337103337 0.613520145 -2.49306202 0.309990048 0.744691849 -2.42111444 0.309990048 0.504471719 -2.51129103 0.434524029 0.484096348 -2.53185058 0.402803749 0.413207173 -2.53158212 0.434531659 0.403230727 -2.54980183 0.403703183 0.183602393 -2.55405998 0.434531659 0.183602393 -2.5778389 0.404520243 0.761205137 -2.39334393 0.249653712 0.670348883 -2.45211315 0.249653697 0.688000262 -2.43939424 0.230912805 0.766334236 -2.38471818 0.23091282 0.884699464 -2.24898696 0.250320584 0.82451719 -2.33064532 0.249643341 0.823661745 -2.32513714 0.231041446 0.879555345 -2.25003624 0.231508523 0.901445031 -2.15082216 0.250511318 0.897813499 -2.15095043 0.231678888 0.405549407 -2.54877281 0.309237242 0.540621698 -2.51146531 0.318274349 0.40522179 -2.54857445 0.317606658 0.59089607 -2.48812294 0.249653697 0.609715283 -2.47740078 0.230912805 0.913136721 -2.15040922 0.311142594 0.407732606 -2.52210879 0.249653697 0.185517564 -2.57643867 0.30861187 0.185517564 -2.54680848 0.249653697 -0.00148070231 -2.55836082 0.434531659 0.183602393 -2.55405998 0.434531659 0.183602393 -2.47506595 0.434531659 -0.00148070231 -2.47936678 0.434531659 0.182584092 -2.5776844 0.393898457 0.403355122 -2.55089164 0.39321515 0.460126936 -2.53848982 0.392525285 0.184268579 -2.57662106 0.317171782 -0.00148070231 -2.55333877 0.249653697 0.460126936 -2.53848982 0.392525285 0.403355122 -2.55089164 0.39321515 0.403355122 -2.53291035 0.39321515 0.460126936 -2.52050853 0.392525285 0.182584092 -2.5776844 0.393898457 0.0171165206 -2.58238006 0.393898457 0.0171165206 -2.56439877 0.393898457 0.182584092 -2.55970311 0.393898457 0.0176470168 -2.58285308 0.317171782 0.0176470168 -2.56487179 0.317171782 0.184268579 -2.57662106 0.317171782 0.40522179 -2.54857445 0.317606658 0.40522179 -2.53059316 0.317606658 0.184268579 -2.55863976 0.317171782 0.540621698 -2.51146531 0.318274349 0.540621698 -2.49348426 0.318274349 0.0171165206 -2.56439877 0.393898457 0.0176470168 -2.56487179 0.317171782 0.184268579 -2.55863976 0.317171782 0.182584092 -2.55970311 0.393898457 0.540621698 -2.49348426 0.318274349 0.460126936 -2.52050853 0.392525285 0.403355122 -2.53291035 0.39321515 0.40522179 -2.53059316 0.317606658 0.413207173 -2.53158212 0.434531659 0.413207173 -2.53158212 0.454709351 0.413207173 -2.45258808 0.454709351 0.413207173 -2.45258808 0.434531659 0.179143548 -2.55656219 0.455037653 -0.00148070231 -2.56212878 0.45469445 -0.00148070231 -2.48313475 0.45469445 0.179143548 -2.47756815 0.455037653 0.179143548 -2.47756815 0.455037653 0.183602393 -2.47506595 0.434531659 0.413207173 -2.45258808 0.434531659 0.413207173 -2.45258808 0.454709351 -0.00148070231 -2.55836082 0.434531659 -0.00148070231 -2.48313475 0.45469445 -0.00148070231 -2.47936678 0.434531659 0.59342581 1.93596017 0.71156913 0.59342581 1.92102349 0.699537277 0.70260644 1.90234315 0.705166161 0.70260644 1.88740623 0.692630351 0.802213192 1.86418784 0.696547687 0.802213192 1.84925091 0.684011877 0.86368978 1.84219921 0.690743148 0.85742867 1.83100688 0.679225206 0.869813502 1.84333313 0.699642181 0.878395259 1.83303463 0.677407622 -0.00148070231 2.028795 0.730197489 0.0821535513 2.02513456 0.730197489 0.0825325623 2.02048063 0.724277377 -0.00148070231 2.02414107 0.724277377 0.20090121 2.01537061 0.729865193 0.201280221 2.01071668 0.723945022 0.34233284 1.99959219 0.728087366 0.459973782 1.97830856 0.725681424 0.342711866 1.99493825 0.722167253 0.802213192 1.86898386 0.706442297 0.70260644 1.90713918 0.715060711 0.59602201 1.95473039 0.90218991 0.342711866 1.95994246 0.720970988 0.201280221 1.97572076 0.722748756 0.0825325623 1.98548472 0.723081112 -0.00148070231 1.98846018 0.723081112 0.342711866 1.96463382 0.70698303 0.201280221 1.98041213 0.708760798 0.0825325623 1.99017608 0.709093153 -0.00148070231 1.99315155 0.709093153 0.567227304 1.97558391 0.557763219 0.706506729 1.94369709 0.553753853 0.709493041 1.93008363 0.516889334 0.586568117 1.97132099 0.521976113 0.804347515 1.91270649 0.549764276 0.804347515 1.89423406 0.512464166 0.921477199 1.80646861 0.532356501 0.912007868 1.81474435 0.501047134 0.933492184 1.71439052 0.517973125 0.926785827 1.72266638 0.486269087 0.567227304 1.97558391 0.557763219 0.586568117 1.97132099 0.521976113 0.565648437 2.00478387 0.505687714 0.503545463 2.01007986 0.561591387 0.712737978 1.94081426 0.495249987 0.709493041 1.93008363 0.516889334 0.802948415 1.90000987 0.489172101 0.804347515 1.89423406 0.512464166 0.912007868 1.81474435 0.501047134 0.926785827 1.72266638 0.486269087 0.932706475 1.72823703 0.46329698 0.917928517 1.81758642 0.478074998 0.881546259 1.8319118 0.373248577 0.896324158 1.74665558 0.356651425 0.878133059 1.75006628 0.322315693 0.8633551 1.83395839 0.341641545 0.914515316 1.74324477 0.390987158 0.899737358 1.82986546 0.404855728 0.802948415 1.90376925 0.416377336 0.729171753 1.92756581 0.423706442 0.638049185 1.96454263 0.433591276 0.739307284 1.91858459 0.39206329 0.80472827 1.89940047 0.383934766 0.806508183 1.88775492 0.35331133 0.749442816 1.90960336 0.360420138 0.671381116 1.94180369 0.400764972 0.704713047 1.91906476 0.367938787 0.760966003 1.89350247 0.324975163 0.748863816 1.8982091 0.326778442 0.85973525 1.75087881 0.311941773 0.844438612 1.83375549 0.325019002 0.811086655 1.87018418 0.324975133 0.812905788 1.750844 0.30950895 0.765059054 1.77641773 0.30950895 0.753395498 1.79041815 0.30950895 0.671381116 1.94180369 0.400764972 0.704713047 1.91906476 0.367938787 0.694211066 1.92147803 0.370262891 0.662307858 1.94315457 0.401767761 0.748863816 1.8982091 0.326778442 0.736844122 1.90161109 0.327139646 0.565648437 2.00478387 0.505687714 0.638049185 1.96454263 0.433591276 0.630404592 1.96483088 0.43327263 0.557382286 2.00371313 0.500593901 0.753395498 1.79041815 0.30950895 0.741728067 1.79806018 0.30950895 0.503545463 2.01007986 0.561591387 0.501441717 2.00879383 0.548768044 0.342779338 2.02983499 0.550376177 0.501441717 2.00879383 0.548768044 0.501441717 2.03190756 0.531928539 0.342779338 2.04931045 0.533536673 -0.00148070231 2.0544672 0.550376177 0.082260333 2.05161285 0.550376177 0.082260333 2.07108831 0.533536673 0.201638848 2.04333615 0.550376177 0.201638848 2.06281161 0.533536673 0.548182845 2.00898647 0.492514372 0.557382286 2.00371313 0.500593901 0.622160137 1.97307992 0.432761699 0.630404592 1.96483088 0.43327263 0.655677319 1.95228624 0.40246585 0.662307858 1.94315457 0.401767761 0.48053202 2.02495956 0.503113747 0.342779338 2.0405786 0.50472188 0.201638848 2.05407977 0.50472188 0.082260333 2.06235647 0.50472188 0.513011336 2.00830245 0.475169301 0.562127471 1.97837305 0.429787546 0.583053708 1.96203661 0.404051572 0.646930039 1.9089396 0.325826198 0.603980005 1.94569993 0.378315598 0.657130778 1.79806018 0.30950895 0.741728067 1.79806018 0.30950895 -0.00148070231 1.98523283 0.378556997 0.0832873806 1.9840939 0.378556997 0.0832873806 1.94461679 0.32589367 -0.00148070231 1.94575572 0.32589367 -0.00148070231 2.0011909 0.397762328 0.0832873806 1.99970365 0.39853242 0.35753873 1.99746513 0.424952179 0.343280554 2.02967191 0.471888781 0.202065796 2.0085547 0.421283394 0.2024986 2.04035926 0.470220566 0.0832873806 2.01531363 0.418507725 0.0824521706 2.04778409 0.46881187 0.202065796 1.99363518 0.399920255 0.202065796 1.97871542 0.378556997 0.364339948 1.98081851 0.401754647 0.371141195 1.96417165 0.378556997 0.383001298 1.92777634 0.32589379 0.202065796 1.93923831 0.32589367 0.0832873806 1.81507349 0.30950895 -0.00148070231 1.81621242 0.30950895 0.202065796 1.80969501 0.30950895 0.385728985 1.79806018 0.30950895 0.270827472 1.52053237 1.4645375 0.164501801 1.52842784 1.46664298 0.164501801 1.52895403 1.4752754 0.052807197 1.5310595 1.46727455 0.052807197 1.53158593 1.47590697 -0.00148070231 1.5310595 1.46727455 -0.00148070231 1.53158593 1.47590697 0.726703048 1.59289312 1.21333432 0.740998447 1.64604378 1.17079151 0.736065984 1.64636517 1.17221606 0.718931615 1.59398556 1.21134508 0.553337932 1.33274221 1.40430284 0.578801692 1.32761145 1.39947164 0.577059329 1.3140347 1.39605653 0.551713943 1.31647825 1.39978552 0.631329119 1.36798859 1.35557103 0.657526314 1.42278743 1.31139696 0.655341327 1.41589856 1.31100345 0.629050374 1.36182094 1.35417509 0.599021077 1.32684326 1.39225078 0.616879106 1.34619093 1.37657714 0.614850283 1.33722544 1.37496567 0.596708834 1.31562281 1.38998997 0.708977461 1.55242252 1.21856964 0.730572045 1.60667729 1.17961061 0.729723394 1.60065603 1.18063998 0.707458854 1.54611397 1.21961987 0.687382877 1.49816751 1.25752842 0.685194314 1.49157214 1.25859952 0.422620088 1.35781741 1.41934323 0.480090708 1.34756541 1.41373754 0.478588253 1.32660651 1.40800929 0.418371141 1.33253407 1.41314411 0.521791756 1.33770895 1.40916252 0.517211497 1.31897831 1.40421534 0.535498559 1.44478393 1.43703365 0.562242627 1.43090916 1.4290725 0.488329202 1.4606638 1.44420004 0.444497406 1.47188663 1.449072 0.628023326 1.38952541 1.38546634 0.64382416 1.40180779 1.36322474 0.669507086 1.46056151 1.313555 0.699383438 1.5343318 1.25165522 0.588237166 1.41140079 1.41787803 0.611292243 1.3916657 1.40354753 0.717304468 1.58701301 1.21281075 0.735225439 1.63969421 1.17396617 0.379918754 1.48485184 1.45349348 0.268750489 1.50001121 1.45770454 0.164530218 1.50632763 1.45928371 0.165234163 1.38909626 1.42976356 0.268191159 1.38277984 1.42739534 0.268191159 1.35712099 1.41902721 0.165234163 1.36343741 1.42186916 0.379359424 1.3669889 1.42171144 0.379359424 1.34133005 1.4152379 0.052807197 1.50990939 1.45868433 -0.00148070231 1.50990939 1.45868433 0.0530552752 1.36343741 1.42329013 -0.00148070231 1.36343741 1.42329013 -0.00148070231 1.38909626 1.43118453 0.270827472 1.49743795 1.4731698 0.270917356 1.4995892 1.489537 0.166283295 1.36332512 1.4450345 0.273664951 1.35866857 1.44259334 0.388753444 1.34702706 1.43760943 0.445983738 1.43150473 1.46421099 0.38202408 1.44684672 1.4682436 0.269319862 1.46299434 1.472646 0.164762393 1.46968508 1.47449303 0.0520588867 1.47252798 1.47424555 0.471875787 1.96430266 1.02571106 0.589896619 1.92940795 1.02571106 0.584121168 1.92325866 1.02571106 0.466100305 1.95815337 1.02571106 0.736751735 1.87838709 0.937714934 0.674752176 1.90395415 0.937714934 0.668976724 1.89780486 0.937714934 0.199218035 2.00627804 1.02571106 0.339522183 1.99194682 1.02571106 0.333746701 1.98579752 1.02571106 0.193442568 1.99678862 1.02571106 0.82781446 1.79926383 0.938318312 0.804220855 1.8445574 0.938318312 0.798445404 1.83840811 0.938318312 0.822039008 1.79311454 0.938318312 -0.00148070231 2.02182603 1.02571106 0.0809476897 2.01745534 1.02571106 0.0751722232 2.01130605 1.02571106 -0.00148070231 2.01567674 1.02571106 0.0828061625 2.02666306 0.937714934 0.0135384444 2.02912664 0.937714934 0.0123221567 2.0229845 0.937714934 0.077030696 2.02051377 0.937714934 0.666606307 1.89931452 1.02571106 0.660830855 1.89316523 1.02571106 0.475833893 1.97039044 0.937714934 0.343714893 1.99858606 0.937714934 0.337939411 1.99243677 0.937714934 0.470058411 1.96424115 0.937714934 0.73313272 1.86861575 1.02571106 0.727357268 1.86246645 1.02571106 0.202386856 2.01715064 0.937714934 0.19661139 2.01100135 0.937714934 0.77393508 1.83719003 1.02500844 0.768159628 1.83104074 1.02500844 0.795965075 1.83766329 0.947059751 0.466100305 1.95815337 1.01161981 0.333746701 1.98579752 1.01161981 0.193442568 2.00012875 1.01161981 0.0751722232 2.01130605 1.01161981 0.660830855 1.89316523 1.01161981 0.584121168 1.92325866 1.01161981 0.727357268 1.86246645 1.01161981 -0.00148070231 2.01567674 1.01161981 0.767449141 1.83565128 1.01161981 0.19661139 2.01100135 0.945827663 0.337939411 1.99243677 0.945827663 0.58892709 1.92672503 0.937714934 0.470058411 1.96424115 0.945827663 0.58892709 1.92672503 0.945827663 0.668976724 1.89780486 0.945827663 0.077030696 2.02051377 0.945827663 0.0751722232 2.01130605 1.01161981 0.077030696 2.02051377 0.945827663 -0.00148070231 2.02351141 0.945827663 -0.00148070231 2.01567674 1.01161981 0.193442568 2.00012875 1.01161981 0.19661139 2.01100135 0.945827663 0.333746701 1.98579752 1.01161981 0.337939411 1.99243677 0.945827663 0.466100305 1.95815337 1.01161981 0.470058411 1.96424115 0.945827663 0.584121168 1.92325866 1.01161981 0.58892709 1.92672503 0.945827663 0.660830855 1.89316523 1.01161981 0.668976724 1.89780486 0.945827663 0.727357268 1.86246645 1.01161981 0.767449141 1.83565128 1.01161981 0.772672355 1.84198606 0.946682334 0.730976284 1.87009633 0.945827663 0.475525528 1.95187652 0.705643654 0.59342581 1.92102349 0.699537277 0.586009979 1.9725939 0.604899406 0.475525528 1.99668229 0.606924593 0.70260644 1.88740623 0.692630351 0.69649446 1.93608701 0.601503611 0.504471719 -2.51129103 0.454701722 0.661450863 -2.46241975 0.361782521 0.74345988 -2.41436863 0.360359401 0.591789722 -2.48864913 0.45469445 0.931432843 -1.2757076 0.383319259 0.931477487 -1.20916033 0.383285046 0.92912817 -1.19344115 0.384152055 0.43062067 1.34004521 1.43603873 0.104701921 2.03546619 0.484281182 0.224748343 2.02804136 0.485689878 0.223888591 2.04176188 0.520191193 0.104510084 2.05003858 0.520191193 0.365530312 2.01735401 0.487358093 0.535261095 1.99598455 0.490638614 0.365029097 2.02826071 0.520191193 0.0387381651 2.05228043 0.520191193 0.0400014371 2.03696251 0.483517885 0.502781749 2.01264167 0.518583059 0.0387381651 2.05228043 0.520191193 0.104510084 2.05003858 0.520191193 0.104701921 2.03546619 0.484281182 0.0400014371 2.03696251 0.483517885 0.223888591 2.04176188 0.520191193 0.224748343 2.02804136 0.485689878 0.365029097 2.02826071 0.520191193 0.365530312 2.01735401 0.487358093 0.502781749 2.01264167 0.518583059 0.535261095 1.99598455 0.490638614 0.0135332029 2.0483284 0.889947891 -0.00148070231 2.04931903 0.889606535 -0.00148070231 2.0296607 0.937714934 -0.00148070231 2.05031586 0.881673992 -0.00148070231 2.04931903 0.889606535 -0.00148070231 2.02351141 0.937714934 0.910901785 -0.501947284 0.267025471 0.899516582 -0.501947224 0.231612921 0.929728031 -0.501228809 0.340574712 0.929452181 -0.50095892 0.365328282 0.930855274 -0.501599669 0.407282084 0.929452181 -0.50095892 0.365328282 0.924938023 -0.501580238 0.511483967 0.930855274 -0.501599669 0.407282084 0.172591656 -1.47462487 0.984864473 0.46887058 -1.43900514 0.983520806 0.463404149 -1.40617967 1.00559342 0.192468107 -1.43840861 1.00682223 0.66567117 -0.784824193 1.34890151 0.640432 -0.668988287 1.40978122 0.620290637 -0.701684177 1.39797688 0.643370926 -0.807611883 1.34409368 0.696824133 -0.919575453 1.27157378 0.671859145 -0.930836797 1.26900709 0.772613227 -1.22143447 1.07569611 0.731807113 -1.06982625 1.18284178 0.442591101 -1.29029036 1.0989238 0.186318323 -1.31509638 1.09833682 0.617267489 -0.559594393 1.46209621 0.599107563 -0.601647496 1.44618189 0.770012975 -1.23642814 1.06547034 0.738787651 -1.22058666 1.08053315 0.719807267 -1.33316159 1.01371777 0.764167011 -1.2517159 1.05504525 0.73344171 -1.23456705 1.07161486 0.692876339 -1.30904579 1.03320742 0.646930158 -1.22677004 1.09905565 0.52868408 -0.57055521 1.47120166 0.35803014 -0.588042617 1.47575521 0.362044692 -0.630930722 1.45790231 0.525540113 -0.612215877 1.45310414 -0.00148070231 -1.48167872 0.984864473 -0.00148070231 -1.44485927 1.00682223 0.704024315 -1.18233335 1.10986567 0.682985187 -1.20172179 1.10473216 0.703849792 -1.06823552 1.18786502 0.671859145 -0.930836797 1.26900709 0.578648865 -0.957363129 1.27549708 0.610715866 -1.09724748 1.19378912 0.643370926 -0.807611883 1.34409368 0.551910698 -0.820458233 1.3548063 0.620290637 -0.701684177 1.39797688 0.533451319 -0.717055857 1.40720201 0.401839375 -0.980492234 1.28150976 0.418083429 -1.12093031 1.20054924 0.385856688 -0.831359565 1.36472619 0.37206766 -0.727293432 1.41711879 0.145696476 -0.988304615 1.28499436 0.158381417 -1.13061655 1.2047354 0.525540113 -0.612215877 1.45310414 0.599107563 -0.601647496 1.44618189 0.362044692 -0.630930722 1.45790231 -0.00148070231 -0.989573479 1.28604531 -0.00148070231 -1.1320225 1.20534289 -0.00148070231 -1.32262683 1.09833682 -0.00148070231 -1.32262683 1.09833682 0.186318323 -1.31509638 1.09833682 0.442591101 -1.29029036 1.0989238 0.646930158 -1.22677004 1.09905565 0.146686628 -0.864942968 1.35222137 0.184517279 -0.831856549 1.36934066 0.14871712 -0.798052013 1.38631964 0.109381281 -0.832408011 1.37066329 0.179412693 -0.63770169 1.45790756 0.166520476 -0.623246312 1.46438146 0.145648256 -0.638532221 1.45795071 0.160640985 -0.653801739 1.45141327 0.946628332 0.867129505 0.414826989 0.946643531 0.872155726 0.450087994 0.944382846 1.70169759 0.544271052 0.919932842 0.867129564 0.2329555 0.929628551 0.867129505 0.267034441 0.946628332 0.867129505 0.414826989 0.933492184 1.71439052 0.517973125 0.929271221 1.00449407 0.812789083 0.929271221 0.918650508 0.737119973 0.185517564 -2.54680848 0.249653697 -0.00148070231 -2.55333877 0.249653697 -0.00148070231 -2.48242712 0.249653697 0.185517564 -2.47589684 0.249653697 0.407732606 -2.52210879 0.249653697 0.407732606 -2.45119715 0.249653697 0.59089607 -2.48812294 0.249653697 0.59089607 -2.41721106 0.249653712 0.59089607 -2.41721106 0.249653712 0.609715283 -2.4064889 0.23091282 0.185517564 -2.47589684 0.249653697 -0.00148070231 -2.48242712 0.249653697 -0.00148070231 -2.48242712 0.230912805 0.185517564 -2.47589684 0.230912805 0.407732606 -2.45119715 0.249653697 0.407732606 -2.45119715 0.230912805 0.407732606 -2.45119715 0.230912805 0.609715283 -2.4064889 0.23091282 0.907092035 -0.986967266 1.1403749 0.905148149 -0.987834036 1.12874782 0.95769757 -0.96363312 1.12874782 0.9605968 -0.962260664 1.1403749 1.07976496 -0.815546751 1.13927436 1.07362509 -0.836041331 1.1393019 1.07489169 -0.836041331 1.12783301 1.08103156 -0.815546751 1.12780559 1.05830133 -0.865819693 1.13935673 1.02966535 -0.910323799 1.13957 1.02793717 -0.912012041 1.12797916 1.05956781 -0.865819693 1.12788785 0.991456628 -0.947651446 1.1403749 0.991456628 -0.947651446 1.12874782 1.08219075 -0.79957521 1.13939643 1.08234251 -0.79957521 1.12778819 0.851075888 -1.00185859 1.12874782 0.851075888 -1.00177014 1.1403749 0.851075888 -0.943647802 1.1403749 0.851075888 -0.943427861 1.12874782 1.08378625 -0.791885734 1.13940525 1.08219075 -0.79957521 1.13939643 1.08234251 -0.79957521 1.12778819 1.08378625 -0.791885734 1.12777805 0.979044974 -0.836810112 1.22571933 0.978182614 -0.845163941 1.22342932 1.02662814 -0.826772094 1.21905386 1.02835298 -0.817725062 1.22038591 1.04733312 -0.815912724 1.20130599 1.04839528 -0.808315516 1.20334697 1.06969714 -0.798027635 1.17423475 1.06810439 -0.806573272 1.17274106 0.905148149 -0.987834036 1.12874782 0.895739734 -0.981603563 1.10412562 0.950681865 -0.957489312 1.10412562 0.95769757 -0.96363312 1.12874782 1.01714146 -0.875573575 1.08592057 1.03225243 -0.871239901 1.09235334 1.04203403 -0.866618872 1.10326564 1.01815021 -0.908884346 1.1033206 0.851075888 -0.904492915 1.1403749 0.851075888 -0.904263794 1.12874782 0.858874381 -1.00846756 1.1403749 0.858851135 -1.00847805 1.12874782 0.85794884 -0.887470543 1.17225945 0.858898759 -0.879677713 1.17395008 0.851075888 -0.882184446 1.14037478 0.851075888 -0.890160501 1.1403749 0.851075888 -0.88284415 1.1287477 0.851075888 -0.890636861 1.1287477 0.851075888 -1.00185859 1.12874782 0.851075888 -0.943427861 1.12874782 0.794043183 -0.961789548 1.12874782 0.7870754 -1.02802289 1.12874782 0.851075888 -0.890160501 1.1403749 0.851075888 -0.890636861 1.1287477 0.795597613 -0.922752678 1.12874782 1.08234251 -0.79957521 1.12778819 1.08103156 -0.815546751 1.12780559 1.06349766 -0.818874717 1.10318339 1.06480861 -0.803706527 1.10316598 1.05956781 -0.865819693 1.12788785 1.02793717 -0.912012041 1.12797916 0.858851135 -1.00847805 1.12874782 0.849720836 -1.00109136 1.10412562 0.991456628 -0.947651446 1.12874782 0.979941547 -0.944334447 1.10412562 1.07489169 -0.836041331 1.12783301 1.05735779 -0.838338375 1.10321081 0.946284235 -0.911668599 1.08294475 0.904424369 -0.93027395 1.08805275 1.08378625 -0.791885734 1.12777805 1.06625247 -0.796403885 1.10315585 1.04742754 -0.810831308 1.09228027 1.04605412 -0.826720357 1.09229839 1.02328146 -0.834278822 1.08589303 1.02465475 -0.818389773 1.08587492 1.04095268 -0.845786333 1.09277236 1.01921833 -0.852946997 1.08681345 1.04880893 -0.804249525 1.09227097 1.04742754 -0.810831308 1.09228027 1.02465475 -0.818389773 1.08587492 1.02603614 -0.81180799 1.08586562 0.983885884 -0.849105239 1.08112848 0.985259175 -0.83321619 1.08111036 0.980815053 -0.867413878 1.08142841 0.985259175 -0.83321619 1.08111036 0.986640632 -0.826634407 1.08110094 0.952424169 -0.86141634 1.08009779 0.95379746 -0.845527291 1.08007967 0.949414432 -0.879659235 1.08014286 0.95379746 -0.845527291 1.08007967 0.955178916 -0.838945508 1.08007026 0.851075888 -0.890636861 1.1287477 0.876857817 -0.880430043 1.10389757 0.876857758 -0.871574879 1.10389757 0.876857817 -0.880430043 1.10389757 0.894977868 -0.88385123 1.08805275 0.894977868 -0.870064855 1.08538604 0.905335963 -0.86499238 1.08025062 0.905335963 -0.877556741 1.08025062 0.894977868 -0.870064855 1.08538604 0.894977868 -0.862463474 1.08516061 0.905335963 -0.858644962 1.08025062 0.905335963 -0.86499238 1.08025062 0.905335963 -0.893684208 1.08025062 0.799137235 -1.02444327 1.10412562 0.809848487 -0.9725371 1.08862412 0.838187397 -0.96010083 1.08809292 0.809848487 -0.918008506 1.08895242 0.839560807 -0.906252801 1.08895242 0.78550303 -0.927864015 1.10609531 0.97774595 -0.895081699 1.08313608 0.86755234 -0.884124577 1.21553481 0.868885636 -0.876185596 1.21835148 0.912865579 -0.860861063 1.22702289 0.91247654 -0.868604779 1.223894 1.06625247 -0.796403885 1.10315585 1.06480861 -0.803706527 1.10316598 1.06011534 -0.798930645 1.1056031 1.0765506 -0.794695616 1.12868261 0.851075888 -0.88284415 1.1287477 0.851075888 -0.882184446 1.14037478 0.858420908 -0.879336655 1.14049017 0.858420908 -0.879954875 1.12959158 1.08378625 -0.791885734 1.13940525 1.08378625 -0.791885734 1.12777805 1.0765506 -0.794695616 1.12868261 1.0765506 -0.794695616 1.13958132 0.905335963 -0.858644962 1.08025062 0.894977868 -0.862463474 1.08516061 0.899572134 -0.861558557 1.09144628 0.909281254 -0.857272029 1.08413303 0.979044974 -0.836810112 1.22571933 1.02835298 -0.817725062 1.22038591 1.02459061 -0.818915963 1.21548808 0.978371978 -0.836805224 1.22048724 1.04880893 -0.804249525 1.09227097 1.02603614 -0.81180799 1.08586562 1.02241886 -0.813369632 1.08939624 1.04376483 -0.806284785 1.09540021 0.877395391 -0.880719841 1.2236681 0.878781319 -0.872735739 1.22655809 0.955178916 -0.838945508 1.08007026 0.956001282 -0.838806868 1.08396399 1.04839528 -0.808315516 1.20334697 1.06969714 -0.798027635 1.17423475 1.06334436 -0.80036962 1.17222846 1.04337704 -0.810095906 1.19951665 0.876857758 -0.871574879 1.10389757 0.882587433 -0.869463086 1.10629833 0.858898759 -0.879677713 1.17395008 0.865753591 -0.876986921 1.17196167 0.912865579 -0.860861063 1.22702289 0.916339099 -0.859349132 1.22170913 0.986640632 -0.826634407 1.08110094 0.985491693 -0.827267051 1.08493006 1.06625247 -0.796403885 1.10315585 1.06011534 -0.798930645 1.1056031 0.858420908 -0.879954875 1.12959158 0.858420908 -0.879336655 1.14049017 0.858420908 -0.884782016 1.14049017 0.858420908 -0.885400355 1.12959158 1.06011534 -0.804376125 1.1056031 1.0765506 -0.800140977 1.12868261 1.0765506 -0.794695616 1.13958132 1.0765506 -0.794695616 1.12868261 1.0765506 -0.800140977 1.12868261 1.0765506 -0.800140977 1.13958132 -0.0195663366 1.98333704 0.710365832 -0.0195663366 1.98333704 0.725592196 -0.0195663366 2.01950836 0.725592196 -0.0195663366 2.01349807 0.704463959 0.016604932 2.01950836 0.725592196 0.016604932 2.01349807 0.704463959 0.016604932 1.98333704 0.725592196 0.016604932 1.98333704 0.710365832 -0.0195663366 1.98333704 0.725592196 -0.0195663366 1.98333704 0.710365832 -0.0195663366 2.01349807 0.704463959 -0.0195663366 1.98333704 0.710365832 -0.0195663366 2.01950836 0.725592196 -0.0195663366 1.98333704 0.725592196 0.897969007 0.279478788 0.231760591 0.899452388 0.112324417 0.231619194 0.56499052 0.112324417 0.231619194 0.56350714 0.279478788 0.231760591 0.899516582 -0.345869988 0.231612936 0.899516582 -0.501947224 0.231612921 0.565054715 -0.501947224 0.231612921 0.565054715 -0.345869988 0.231612936 0.944030225 1.36475396 0.810875416 0.934599578 1.24953258 0.811242938 0.612181664 1.24953258 0.811242938 0.609568357 1.36475396 0.810875416 0.566983163 -2.15082216 0.250511318 0.578674853 -2.15040922 0.311142594 0.946643531 1.24953258 0.811242938 0.946643531 1.14778149 0.785509765 0.612181664 1.14778149 0.785509765 0.612181664 1.24953258 0.811242938 0.878133059 1.75006628 0.322315693 0.896324158 1.74665558 0.356651425 0.56186229 1.74665558 0.356651425 0.543671191 1.75006628 0.322315693 0.897969007 0.446270347 0.231760621 0.56350714 0.446270347 0.231760621 0.945964634 1.55158448 0.735018015 0.932698905 1.46751046 0.781839371 0.610280991 1.46751046 0.781839371 0.611502767 1.55158448 0.735018015 0.944382846 1.62181115 0.676992953 0.609920979 1.62181115 0.676992953 0.897969007 0.75765264 0.231760651 0.897969007 0.613062084 0.231760636 0.56350714 0.613062084 0.231760636 0.56350714 0.75765264 0.231760651 0.944742858 1.46751046 0.781839371 0.610280991 1.46751046 0.781839371 0.914515316 1.74324477 0.390987158 0.932706475 1.72823703 0.46329698 0.598244607 1.72823703 0.46329698 0.580053449 1.74324477 0.390987158 0.944382846 1.70169759 0.544271052 0.944382846 1.67527866 0.597394168 0.609920979 1.67527866 0.597394168 0.609920979 1.70169759 0.544271052 0.573323369 -2.15040922 0.336503863 0.578430891 -2.15040922 0.359234691 0.897969007 0.779853702 0.231760651 0.56350714 0.779853702 0.231760651 0.618517339 -2.00165176 0.70478785 0.618517339 -1.92542255 0.759645581 0.946643531 1.0618211 0.740398586 0.946643531 1.00246751 0.693053901 0.612181664 1.00246751 0.693053901 0.612181664 1.0618211 0.740398586 0.899516582 -1.14586973 0.231612846 0.899516582 -1.16915631 0.231612846 0.565054715 -1.16915631 0.231612846 0.565054715 -1.14586973 0.231612846 0.612399876 -1.83052981 0.796490014 0.618622899 -1.74133754 0.810018122 0.934599578 1.0618211 0.740398586 0.612181664 1.0618211 0.740398586 0.932338893 1.62181115 0.676992953 0.609920979 1.62181115 0.676992953 0.946643531 0.872155726 0.450087994 0.946628332 0.867129505 0.414826989 0.612166464 0.867129505 0.414826989 0.612181664 0.872155726 0.450087994 0.812905788 1.750844 0.30950895 0.85973525 1.75087881 0.311941773 0.525273383 1.75087881 0.311941773 0.478443921 1.750844 0.30950895 0.898544908 -1.19080448 0.231705338 0.898977876 -1.20652342 0.230971843 0.564516008 -1.20652342 0.230971843 0.56408304 -1.19080448 0.231705338 0.611384332 -1.65319395 0.806393564 0.934599578 0.927888751 0.605038166 0.612181664 0.927888751 0.605038166 0.907785237 -2.15040922 0.336503863 0.573323369 -2.15040922 0.336503863 0.929628551 0.867129505 0.267034441 0.595166683 0.867129505 0.267034441 0.899329484 -1.26961172 0.230938226 0.564867616 -1.26961172 0.230938226 0.946643531 0.904097199 0.559342146 0.934599578 0.872155726 0.450087994 0.612181664 0.872155726 0.450087994 0.612181664 0.904097199 0.559342146 0.563351631 -2.15095043 0.231678888 0.616292477 -1.50157833 0.757944107 0.608875215 -1.4493196 0.72497803 0.919932842 0.867129564 0.2329555 0.585470974 0.867129564 0.2329555 0.619123101 -1.56256342 0.786125243 0.596970975 -1.2757076 0.383319259 0.592317879 -1.27356493 0.340312958 0.578430891 -2.15040922 0.359234691 0.587515533 -2.14608574 0.436124325 0.91588527 0.797406435 0.232584149 0.581423402 0.797406435 0.232584149 0.615144968 -1.39106035 0.670084596 0.576252818 -1.26961172 0.266350776 0.564867616 -1.26961172 0.230938226 0.601228297 -1.32742786 0.588783145 0.946643531 0.927888751 0.605038166 0.612181664 0.927888751 0.605038166 0.926785827 1.72266638 0.486269087 0.933492184 1.71439052 0.517973125 0.599030316 1.71439052 0.517973125 0.592323959 1.72266638 0.486269087 0.596970975 -1.2757076 0.383319259 0.605096996 -1.29411578 0.500960529 0.592317879 -1.27356493 0.340312958 0.601803124 -2.11720514 0.538982749 0.604230464 -2.08236623 0.605471134 0.899516582 -0.686529875 0.231612906 0.899516582 -0.871112585 0.231612876 0.565054715 -0.871112585 0.231612876 0.565054715 -0.686529875 0.231612906 0.899516582 -0.23504442 0.231612951 0.565054715 -0.23504442 0.231612951 0.899516582 -0.127257973 0.231612965 0.565054715 -0.127257973 0.231612965 -0.00148070231 -0.871112585 0.231612876 -0.00148070231 -0.686529875 0.231612906 -0.00148070231 -1.20652342 0.230971843 -0.00148070231 -1.19080448 0.231705338 -0.00148070231 0.112324417 0.231619194 -0.00148070231 0.279478788 0.231760591 -0.00148070231 -0.501947224 0.231612921 -0.00148070231 -1.26961172 0.230938226 -0.00148070231 -0.345869988 0.231612936 -0.00148070231 -1.16915631 0.231612846 -0.00148070231 0.446270347 0.231760621 -0.00148070231 -1.14586973 0.231612846 -0.00148070231 0.779853702 0.231760651 -0.00148070231 0.797406435 0.232584149 -0.00148070231 0.867129564 0.2329555 -0.00148070231 0.613062084 0.231760636 -0.00148070231 0.75765264 0.231760651 -0.00148070231 -0.23504442 0.231612951 -0.00148070231 -0.127257973 0.231612965 0.565054715 -0.0255349502 0.23161298 -0.00148070231 -0.0255349502 0.23161298 0.563351631 -2.15095043 0.231678888 -0.00148070231 -2.15095043 0.231678888 0.475525528 1.95706952 0.705643654 0.59342581 1.92621648 0.699537277 0.586009979 1.9777869 0.604899406 0.475525528 2.00187516 0.606924593 0.70260644 1.89259923 0.692630351 0.69649446 1.94128001 0.601503611 0.91003406 -0.31941545 0.930054307 0.913704038 -0.317971528 0.887513816 0.914739013 -0.225159004 0.88673842 0.909504473 -0.225159019 0.937531114 0.914918721 -0.124254927 0.886303544 0.90986383 -0.12027856 0.944447637 0.914529741 -0.041134838 0.887708843 0.9077214 -0.0379954129 0.951493859 0.880941689 1.035725 1.00344074 0.886161149 0.928634107 0.998871326 0.899724126 0.901194513 0.944907665 0.900609016 1.00971329 0.947685122 0.890507638 0.75140667 0.9902457 0.901640296 0.732410192 0.935839593 0.923915505 -1.1716466 0.381267905 0.923948646 -1.16937637 0.383781314 0.9169994 -1.16937637 0.383781314 0.916966259 -1.1716466 0.381267905 0.815265238 -1.14848721 1.05281103 0.814384043 -1.14989984 1.0547086 0.807434797 -1.14989984 1.0547086 0.808315992 -1.14848721 1.05281103 0.92446667 -1.17415905 0.383733988 0.923915505 -1.1716466 0.381267905 0.916966259 -1.1716466 0.381267905 0.917517424 -1.17415905 0.383733988 0.933717787 -1.5490725 0.878063083 0.931366146 -1.5474112 0.873543262 0.929931521 -1.5494709 0.87575841 0.93035835 -1.54544258 0.873755991 0.929837108 -1.54521847 0.874002159 0.93035835 -1.54544258 0.873755991 0.924752831 -0.0249860734 0.424187928 0.91867882 -0.0145261595 0.535238743 0.91867882 -0.0215454679 0.53483808 0.924750805 -0.0319962651 0.423911959 0.924061835 -0.0281785801 0.38247326 0.924752831 -0.0249860734 0.424187928 0.924750805 -0.0319962651 0.423911959 0.924054384 -0.0351879075 0.382197052 0.926083744 -0.0281795319 0.35863772 0.924061835 -0.0281785801 0.38247326 0.924054384 -0.0351879075 0.382197052 0.926062047 -0.0351866819 0.358355671 0.904642582 -0.029047573 0.26702553 0.904640973 -0.0220237337 0.26702565 0.926083744 -0.0281795319 0.35863772 0.89325577 -0.0220240876 0.2316131 0.904642582 -0.029047573 0.26702553 0.896014452 -0.0255349502 0.23161298 0.899514973 -0.0220240876 0.2316131 0.89325577 -0.0220240876 0.2316131 0.889755249 -0.0255349502 0.23161298 0.899516582 -0.029047152 0.23161298 0.89325738 -0.029047152 0.23161298 0.929271221 1.13037694 0.871962368 0.931109369 1.13245809 0.870810509 0.929018915 1.13245809 0.870810509 0.927180767 1.13037694 0.871962368 0.82022208 1.20638263 1.13664627 0.821181059 1.20519459 1.13453543 0.819090605 1.20519459 1.13453543 0.818131626 1.20638263 1.13664627 0.929271221 1.13711417 0.874076188 0.927180767 1.13711417 0.874076188 0.682108521 1.20847285 1.38750803 0.6809659 1.2080723 1.38958597 0.676636338 1.20468771 1.39255476 0.677740097 1.20507491 1.39054751 0.551983535 1.07098055 1.53721333 0.554933667 1.06760311 1.53730536 0.554895401 1.06900144 1.53524446 0.552045703 1.07226396 1.53515565 0.596023321 1.95268452 0.909834087 0.596021712 1.93035209 0.937714934 0.593367755 1.93329561 0.937714934 0.593747437 1.93185723 0.937714934 0.593747437 1.92981184 0.937714934 0.593367755 1.93124998 0.937714934 0.59602201 1.952685 0.90218991 0.59342581 1.94012249 0.719727993 0.592072487 1.94113719 0.721018493 0.592072487 1.9390918 0.721018493 0.59342581 1.93807685 0.719727993 0.593363941 1.95359933 0.902114034 0.593362808 1.95359957 0.909758151 0.594771624 1.94034207 0.720897913 0.59342581 1.94012249 0.719727993 0.59342581 1.93807685 0.719727993 0.594771624 1.93829644 0.720897913 0.596021712 1.93239772 0.937714934 0.596021712 1.93035209 0.937714934 0.931892455 0.0882763118 0.534699917 0.931892455 -0.0148865283 0.531343222 0.938105583 -0.0172202457 0.418569833 0.938162088 0.0751063451 0.420412093 0.931892455 -0.132963091 0.528609276 0.931892455 -0.248911887 0.525238276 0.938052177 -0.251235694 0.414866447 0.938095868 -0.135287061 0.417286158 0.931892455 0.225305796 0.540145636 0.931892455 0.0955310911 0.534962893 0.938164115 0.0823490471 0.420546561 0.938158691 0.22283335 0.422957957 0.925602138 0.405318558 0.551069558 0.936561286 0.402962506 0.424144357 0.931892455 -0.595658302 0.515760839 0.931892455 -0.783538878 0.51062572 0.93788445 -0.785638034 0.409682691 0.937943399 -0.597836494 0.411504239 0.931681633 0.549218893 0.517210066 0.936488032 0.565097451 0.42588672 0.931892455 -0.846019447 0.507932544 0.931597888 -0.916113734 0.479339957 0.931892455 -0.407777667 0.520896137 0.938002288 -0.410034835 0.413325995 0.00231970847 1.01665211 1.62875664 -0.00148070231 1.01719642 1.62876654 -0.00148070231 0.987660527 1.62823391 0.00209673028 0.988204718 1.62824368 0.0193915777 1.00137949 1.6045965 0.00904623885 1.00994277 1.62863564 0.00900187623 0.999869585 1.62845409 0.0193036105 0.973507285 1.60624218 0.00561073935 0.941230655 1.60814774 -0.00148070231 0.939724922 1.60823667 -0.00148070231 1.02146125 1.60359359 0.00605290476 1.01995158 1.60361731 0.0320209377 0.998653889 1.5775615 0.0432177484 1.00112963 1.5502193 0.0408057831 1.01144218 1.54964161 0.0302876886 1.00652671 1.57711744 0.0308266226 1.02777243 1.54875267 0.0231166519 1.01899314 1.57643151 0.00601645932 1.01476765 1.62872267 0.0133835422 1.01473236 1.60384369 0.0223712549 0.920843959 1.58215547 0.0297893416 0.899208069 1.55623686 0.038483981 0.919739842 1.55502462 0.0286192372 0.93651855 1.58122993 0.0430363193 0.945520639 1.55350256 0.0318905599 0.956200361 1.58006799 0.0128805982 0.950294614 1.60761261 0.00576283131 0.99148047 1.62830281 0.0115968734 0.907038331 1.58297062 0.0147958063 0.881124258 1.55730462 0.00788877439 0.995199561 1.62836981 0.0170963313 0.960585475 1.60700512 0.0157077387 1.03819036 1.54838312 0.0122521902 1.02694511 1.57612574 0.00845648255 1.0118103 1.62866938 0.0182220973 1.00654817 1.60430169 -0.00148070231 1.04120612 1.54840136 -0.00148070231 1.02924633 1.57612062 -0.00148070231 0.904744983 1.58310604 -0.00148070231 0.878120184 1.557482 -0.48871851 0.522260308 1.56264222 -0.485169768 0.704429686 1.55671871 -0.557895064 0.704429686 1.55504286 -0.561977386 0.522260308 1.56096637 -0.174693108 0.340090811 1.57166135 -0.175986528 0.151966885 1.57226801 -0.177043378 -0.00175476877 1.57169592 -0.181497991 -0.193305016 1.56451845 -0.530225039 -0.479917854 1.50531256 -0.531645477 -0.57055521 1.47964787 -0.360991538 -0.588042617 1.48420131 -0.356122196 -0.490525216 1.51192188 -0.180251077 -0.596208811 1.48361516 -0.189231634 -0.4966757 1.51354396 -0.498926461 -0.00175476796 1.564484 -0.506440401 -0.193305001 1.55730653 -0.34151417 -0.193305001 1.56102192 -0.333099902 -0.00175476843 1.56819952 -0.173440695 0.522260308 1.56985414 -0.172188222 0.704429686 1.56393063 -0.323929131 0.704429686 1.5604341 -0.326294839 0.522260308 1.56635761 -0.346383512 -0.294323415 1.55149913 -0.351252854 -0.390673757 1.53497422 -0.186653733 -0.394774139 1.53847075 -0.184075832 -0.296373576 1.55499566 -0.513555169 -0.291855007 1.5471679 -0.520669997 -0.385737002 1.53002715 -0.176514924 0.075106062 1.57318246 -0.331103623 0.151966855 1.56877148 -0.332101762 0.075106062 1.56968594 -0.497429192 0.075106062 1.56597054 -0.495931923 0.151966885 1.56505609 -0.570275366 0.151966885 1.56338024 -0.571997762 0.075106062 1.56429482 -0.172188222 1.02350092 1.54828131 -0.172188222 1.07098055 1.54603302 -0.323929131 1.07098055 1.54253662 -0.323929131 1.02350092 1.54478478 -0.579837143 -0.193305001 1.5556308 -0.587927938 -0.290685505 1.54509497 -0.596018732 -0.383397937 1.52755702 -0.608123779 -0.474343628 1.50138378 -0.485169768 1.07098055 1.5388211 -0.485169768 1.02350092 1.54106939 -0.573720157 -0.00175476773 1.56280828 -0.620228887 -0.559594393 1.47054231 -0.323929131 0.745265901 1.55823004 -0.323929131 0.786102116 1.55602598 -0.485169768 0.786102116 1.55231059 -0.485169768 0.745265901 1.55451465 -0.557895064 0.786102116 1.55063486 -0.557895064 0.745265901 1.5528388 -0.172188222 0.745265901 1.56172657 -0.172188222 0.786102116 1.55952251 -0.936619043 -1.63274479 0.899302542 -0.93619138 -1.73643279 0.901301503 -0.323929131 0.833581865 1.55377781 -0.323929131 0.881061554 1.55152953 -0.485169768 0.881061554 1.54781413 -0.485169768 0.833581865 1.55006242 -0.323929131 0.955632925 1.54799843 -0.485169768 0.955632925 1.54428303 -0.172188222 0.881061554 1.55502605 -0.172188222 0.833581865 1.55727434 -0.557895064 0.881061554 1.54613841 -0.557895064 0.833581865 1.54838657 -0.557895064 0.955632925 1.54260731 -0.172188222 0.955632925 1.55149496 -0.447755754 -2.52639055 0.505891263 -0.507433116 -2.51129103 0.454701722 -0.416168571 -2.53158212 0.454709351 -0.357334793 -2.54475522 0.506054223 -0.689352214 -2.44314337 0.505367935 -0.739966214 -2.41526127 0.45469445 -0.59475112 -2.48864913 0.45469445 -0.534266591 -2.50881982 0.505735338 -0.154313028 -2.5607636 0.506146491 -0.182104945 -2.55656219 0.455037653 -0.936100364 -2.10151935 0.732534468 -0.946056902 -2.1432426 0.64531225 -0.932525814 -2.16010714 0.654282928 -0.93602556 -1.85401547 0.888244927 -0.956880093 -1.92079508 0.843953073 -0.936619043 -1.92841661 0.862889409 -0.938113809 -1.54701281 0.875847876 -0.937106013 -1.54504418 0.876060605 -0.955053091 -1.98765743 0.804004312 -0.936100364 -2.00734615 0.816359103 -0.937106013 -1.54504418 0.876060605 -0.936584771 -1.54482007 0.876306772 -0.93610847 -1.79522407 0.894773185 -0.956405044 -1.79183209 0.874313772 -0.932811141 -1.21136677 0.507971644 -0.932811141 -1.25743675 0.623739898 -0.93754977 -1.58369207 0.889170647 -0.957789242 -1.5901866 0.868637264 -0.930370808 -2.19231343 0.590766191 -0.936100364 -2.05822301 0.777642787 -0.932331085 -1.19944048 0.42559123 -0.926600516 -2.21945024 0.506732702 -0.929225147 -2.21466041 0.451049656 -0.920111179 -2.228477 0.451296061 -0.909119487 -2.22210503 0.359234691 -0.905596197 -2.23746204 0.359234691 -0.932811141 -1.33278298 0.73157227 -0.820553064 -2.35155439 0.503709257 -0.85557878 -2.31586838 0.451776952 -0.92789942 -0.0215454679 0.53483808 -0.933971405 -0.0319962651 0.423911959 -0.933916688 -0.121355943 0.420269042 -0.92789942 -0.121367007 0.529510736 -0.933971405 -0.0319962651 0.423911959 -0.933274984 -0.0351879075 0.382197052 -0.933148563 -0.127257988 0.378386617 -0.933916688 -0.121355943 0.420269042 -0.752643704 1.65352678 1.1484313 -0.743959844 1.64604378 1.17079151 -0.739027381 1.64636517 1.17221606 -0.752241313 1.65365934 1.14828527 -0.323929131 1.02350092 1.54478478 -0.485169768 1.02350092 1.54106939 -0.557895064 1.02350092 1.53939366 -0.172188222 1.02350092 1.54828131 -0.0857675746 2.04375815 0.883878589 -0.0857675746 2.04375815 0.891522765 -0.0164946076 2.0483284 0.889947891 -0.0164937861 2.04914784 0.882066667 -0.479901552 1.99270737 0.898151577 -0.479901552 1.99270737 0.905795753 -0.34667629 2.01908922 0.89982754 -0.34667629 2.01908922 0.892183363 -0.747879982 1.89868987 0.905374229 -0.747879982 1.89868987 0.913018405 -0.684655368 1.92303193 0.911802053 -0.684655368 1.92303193 0.904157877 -0.816574097 1.86690176 0.905977607 -0.814532399 1.86690176 0.913621783 -0.205348253 2.03586102 0.894483447 -0.205348253 2.03586102 0.886839271 -0.596325338 1.95564473 0.902114034 -0.596324205 1.9556452 0.909758151 -0.677713573 1.90395415 0.937714934 -0.598983109 1.93239772 0.937714934 -0.598984718 1.95472991 0.909834087 -0.34667629 1.99858606 0.937714934 -0.205348253 2.01715064 0.937714934 -0.596329153 1.93329561 0.937714934 -0.47879529 1.97039044 0.937714934 -0.0857675746 2.02666306 0.937714934 -0.016499849 2.02912664 0.937714934 -0.739713132 1.87838709 0.937714934 -0.807182252 1.8445574 0.938318312 -0.848021328 1.78577197 0.906244993 -0.84390223 1.78920496 0.914852202 -0.830775857 1.79926383 0.938318312 -0.931368649 1.61488199 0.80350548 -0.929813981 1.51189876 0.858568549 -0.9293558 1.69663858 0.727471292 -0.932232618 0.848710716 0.642762125 -0.932232618 0.805446088 0.55179131 -0.932225168 0.785755694 0.448962897 -0.928267777 1.79015625 0.576339126 -0.947557032 1.77739775 0.561311245 -0.9293558 1.74854875 0.658257604 -0.928907156 1.38677812 0.895143747 -0.932232618 1.26020527 0.897845507 -0.924438596 1.80646861 0.532356501 -0.943823934 1.78874481 0.530497074 -0.949823141 -1.83052981 0.796490014 -0.948807597 -1.65319395 0.806393564 -0.915854156 -2.15040922 0.359234691 -0.94629848 -1.4493196 0.72497803 -0.944690943 -1.50157833 0.757944047 -0.328660548 0.340090811 1.56816483 -0.492267221 0.340090811 1.56444943 -0.566059649 0.340090811 1.56277359 -0.653191328 1.29960823 1.42131472 -0.64871186 1.38765264 1.40335262 -0.687689662 1.3262856 1.35873318 -0.672149897 1.24687922 1.40224946 -0.168375194 1.52819669 1.50330544 -0.168375194 1.53114033 1.49287283 -0.273878753 1.52320981 1.48953712 -0.273878753 1.51992214 1.50157797 -0.392862141 1.50932741 1.48376954 -0.392862141 1.50481868 1.49830544 -0.0555897392 1.53209198 1.5038029 -0.0555897392 1.53475046 1.49439895 -0.547974229 1.45769453 1.48456132 -0.54655695 1.46827412 1.46907032 -0.576681435 1.44768882 1.46037781 -0.583061755 1.43217707 1.47582352 -0.460253447 1.49746704 1.47984862 -0.460253447 1.49164653 1.49477077 -0.604059339 1.42348623 1.44697678 -0.614037037 1.39506483 1.46182752 -0.496573418 1.4797225 1.49135423 -0.498418212 1.48577309 1.47596288 -0.627204299 1.4004817 1.42676151 -0.634294748 1.35362172 1.44295037 -0.667315423 1.39642501 1.37619627 -0.694879591 1.36663294 1.33704424 -0.711256325 1.34003425 1.31639326 -0.700781405 1.29168248 1.34309161 -0.69399327 1.46375251 1.31517041 -0.712284744 1.44204426 1.2875694 -0.74050045 1.58686733 1.19196546 -0.743348122 1.56717443 1.19260001 -0.73560822 1.50242805 1.22752917 -0.72721225 1.51922131 1.23844802 -0.724309504 1.42123103 1.27145982 -0.715369105 1.53974247 1.25587714 -0.273788869 1.52105856 1.47316992 -0.616803885 1.40415287 1.40604103 -0.634387195 1.39862967 1.3878845 -0.492947698 1.48377848 1.45051777 -0.540200055 1.46569395 1.44275117 -0.566995144 1.44896221 1.43405473 -0.649298847 1.40861034 1.36476433 -0.674878299 1.46815968 1.31398916 -0.593131483 1.42585731 1.42167485 -0.704758644 1.54160595 1.25047386 -0.92789942 -0.235641629 0.524486065 -0.93390727 -0.235650256 0.416648626 -0.933864951 -0.347870767 0.411970973 -0.92789942 -0.347843111 0.518887222 -0.92789942 0.111025982 0.542870283 -0.933968127 0.110991664 0.42935136 -0.933973432 -0.0249860734 0.424187928 -0.92789942 -0.0145261595 0.535238743 -0.921807468 0.28510651 0.557072103 -0.932421088 0.28538081 0.434127271 -0.92789942 -0.683395326 0.502728641 -0.93375963 -0.683405101 0.401736677 -0.933702528 -0.865210593 0.396191299 -0.92789942 -0.865210593 0.493973285 -0.927695274 0.425122142 0.527184665 -0.932350159 0.442335576 0.439078867 -0.927696049 0.686020553 0.472644299 -0.932225168 0.785755694 0.448962897 -0.932288706 0.609127283 0.44401294 -0.927695274 0.572306514 0.496635497 -0.932421088 0.28538081 0.434127271 -0.932041466 0.279478759 0.392392457 -0.933387935 0.112324402 0.387733012 -0.933968127 0.110991664 0.42935136 -0.932350159 0.442335576 0.439078867 -0.932160199 0.446270317 0.397361845 -0.934438884 -1.20916033 0.383285046 -0.929372013 -1.20652342 0.340319633 -0.929741144 -1.27356493 0.340312958 -0.93439424 -1.2757076 0.383319259 -0.950211644 0.803308427 0.450716704 -0.950193882 0.797406375 0.409311414 -0.932266772 0.779853642 0.407366395 -0.932225168 0.785755694 0.448962897 -0.93390727 -0.235650256 0.416648626 -0.932986856 -0.235044435 0.374942064 -0.932762325 -0.345717341 0.370341063 -0.933864951 -0.347870767 0.411970973 -0.932242453 0.613062024 0.402325243 -0.932288706 0.609127283 0.44401294 -0.932089567 -1.19344115 0.384152055 -0.928209662 -1.19080448 0.340388417 -0.933282435 -0.0281785801 0.38247326 -0.933973432 -0.0249860734 0.424187928 -0.933274984 -0.0351879075 0.382197052 -0.935282648 -0.0351866819 0.358355671 -0.93490231 -0.127257988 0.354413271 -0.933148563 -0.127257988 0.378386617 -0.93375963 -0.683405101 0.401736677 -0.932001173 -0.684553325 0.359399974 -0.931588709 -0.86814779 0.353471696 -0.933702528 -0.865210593 0.396191299 -0.932266772 0.779853642 0.407366395 -0.935037673 0.757652581 0.383452535 -0.934854567 0.613062024 0.378499836 -0.932242453 0.613062024 0.402325243 -0.932041466 0.279478759 0.392392457 -0.934378862 0.279478788 0.36859709 -0.935594797 0.112324402 0.363930732 -0.933387935 0.112324402 0.387733012 -0.934469104 -0.235044435 0.350816011 -0.932986856 -0.235044435 0.374942064 -0.934635341 0.446270347 0.373547524 -0.932160199 0.446270317 0.397361845 -0.932001173 -0.684553325 0.359399974 -0.931474447 -0.685093105 0.33428961 -0.930259466 -0.86895746 0.32800442 -0.931588709 -0.86814779 0.353471696 -0.935304344 -0.0281795319 0.35863772 -0.933282435 -0.0281785801 0.38247326 -0.927355409 -1.14834046 0.315794468 -0.927230954 -1.16915631 0.340220332 -0.913863182 -0.029047573 0.26702553 -0.913863182 -0.127257973 0.267025501 -0.933716834 -0.345759004 0.34588933 -0.932762325 -0.345717341 0.370341063 -0.913863182 -0.029047573 0.26702553 -0.90247798 -0.029047152 0.23161298 -0.90247798 -0.127257973 0.231612965 -0.913863182 -0.23504442 0.267025501 -0.913863182 -0.345869988 0.267025501 -0.912315607 0.757652581 0.267173082 -0.912315607 0.613062024 0.267173052 -0.912315607 0.279478788 0.267173022 -0.913798988 0.112324417 0.26703161 -0.912315607 0.446270347 0.267173052 -0.913863182 -0.686529934 0.267025441 -0.913863182 -0.871112645 0.267025441 -0.913861573 -0.0220237337 0.26702565 -0.935304344 -0.0281795319 0.35863772 -0.913863182 -1.14586973 0.267025381 -0.912315607 0.779853642 0.267173082 -0.913863182 -1.16915631 0.267025381 -0.929372013 -1.20652342 0.340319633 -0.913324475 -1.20652342 0.266384274 -0.913676083 -1.26961172 0.266350776 -0.929741144 -1.27356493 0.340312958 -0.928209662 -1.19080448 0.340388417 -0.912891507 -1.19080448 0.267117888 -0.950193882 0.797406375 0.409311414 -0.930231869 0.797406375 0.267996699 -0.902413785 0.112324417 0.231619194 -0.90247637 -0.0220240876 0.2316131 -0.901939273 -1.20652342 0.230971843 -0.902290881 -1.26961172 0.230938226 -0.900930405 0.279478788 0.231760591 -0.900930405 0.779853702 0.231760651 -0.900930405 0.75765264 0.231760651 -0.90247798 -0.686529875 0.231612906 -0.90247798 -0.871112585 0.231612876 -0.900930405 0.446270347 0.231760621 -0.90247798 -1.16915631 0.231612846 -0.901506305 -1.19080448 0.231705338 -0.90247798 -1.14586973 0.231612846 -0.900930405 0.613062084 0.231760636 -0.90247798 -0.23504442 0.231612951 -0.90247798 -0.345869988 0.231612936 -0.918846667 0.797406435 0.232584149 -0.915854156 -2.15040922 0.359234691 -0.910746634 -2.15040922 0.336503863 -0.901706159 -2.22250223 0.336503863 -0.909119487 -2.22210503 0.359234691 -0.899127126 -2.23746204 0.336503863 -0.905596197 -2.23746204 0.359234691 -0.899127126 -2.23746204 0.336503863 -0.821778953 -2.34971762 0.335680246 -0.821778953 -2.34971762 0.36035943 -0.905596197 -2.23746204 0.359234691 -0.746421278 -2.41436863 0.335680217 -0.746421278 -2.41436863 0.360359401 -0.66441226 -2.46241975 0.337103337 -0.66441226 -2.46241975 0.361782521 -0.507433116 -2.51129103 0.454701722 -0.507433116 -2.51129103 0.434524029 -0.416168571 -2.53158212 0.434531659 -0.416168571 -2.53158212 0.454709351 -0.899127126 -2.23746204 0.336503863 -0.904222488 -2.24560905 0.310886413 -0.83023268 -2.34837866 0.309532195 -0.821778953 -2.34971762 0.335680246 -0.746421278 -2.41436863 0.335680217 -0.747653246 -2.42111444 0.309990048 -0.616481543 -2.49306202 0.309990048 -0.66441226 -2.46241975 0.337103337 -0.487057745 -2.53185058 0.402803749 -0.507433116 -2.51129103 0.434524029 -0.406192124 -2.54980183 0.403703183 -0.416168571 -2.53158212 0.434531659 -0.18656379 -2.5778389 0.404520243 -0.18656379 -2.55405998 0.434531659 -0.764166534 -2.39334393 0.249653712 -0.769295633 -2.38471818 0.23091282 -0.690961659 -2.43939424 0.230912805 -0.67331028 -2.45211315 0.249653697 -0.887660861 -2.24898696 0.250320584 -0.882516742 -2.25003624 0.231508523 -0.826623142 -2.32513714 0.231041446 -0.827478588 -2.33064532 0.249643341 -0.904406428 -2.15082216 0.250511318 -0.900774896 -2.15095043 0.231678888 -0.408510804 -2.54877281 0.309237242 -0.408183187 -2.54857445 0.317606658 -0.543583095 -2.51146531 0.318274349 -0.61267668 -2.47740078 0.230912805 -0.593857467 -2.48812294 0.249653697 -0.916098118 -2.15040922 0.311142594 -0.410694003 -2.52210879 0.249653697 -0.188478962 -2.54680848 0.249653697 -0.188478962 -2.57643867 0.30861187 -0.18656379 -2.47506595 0.434531659 -0.18656379 -2.55405998 0.434531659 -0.406316519 -2.55089164 0.39321515 -0.185545489 -2.5776844 0.393898457 -0.463088334 -2.53848982 0.392525285 -0.187229976 -2.57662106 0.317171782 -0.463088334 -2.53848982 0.392525285 -0.463088334 -2.52050853 0.392525285 -0.406316519 -2.53291035 0.39321515 -0.406316519 -2.55089164 0.39321515 -0.185545489 -2.5776844 0.393898457 -0.185545489 -2.55970311 0.393898457 -0.0200779252 -2.56439877 0.393898457 -0.0200779252 -2.58238006 0.393898457 -0.0206084214 -2.56487179 0.317171782 -0.0206084214 -2.58285308 0.317171782 -0.187229976 -2.57662106 0.317171782 -0.187229976 -2.55863976 0.317171782 -0.408183187 -2.53059316 0.317606658 -0.408183187 -2.54857445 0.317606658 -0.543583095 -2.51146531 0.318274349 -0.543583095 -2.49348426 0.318274349 -0.0200779252 -2.56439877 0.393898457 -0.185545489 -2.55970311 0.393898457 -0.187229976 -2.55863976 0.317171782 -0.0206084214 -2.56487179 0.317171782 -0.543583095 -2.49348426 0.318274349 -0.408183187 -2.53059316 0.317606658 -0.406316519 -2.53291035 0.39321515 -0.463088334 -2.52050853 0.392525285 -0.416168571 -2.53158212 0.434531659 -0.416168571 -2.45258808 0.434531659 -0.416168571 -2.45258808 0.454709351 -0.416168571 -2.53158212 0.454709351 -0.182104945 -2.55656219 0.455037653 -0.182104945 -2.47756815 0.455037653 -0.182104945 -2.47756815 0.455037653 -0.416168571 -2.45258808 0.454709351 -0.416168571 -2.45258808 0.434531659 -0.18656379 -2.47506595 0.434531659 -0.596387208 1.92102349 0.699537277 -0.596387208 1.93596017 0.71156913 -0.705567837 1.88740623 0.692630351 -0.705567837 1.90234315 0.705166161 -0.805174589 1.84925091 0.684011877 -0.805174589 1.86418784 0.696547687 -0.860390067 1.83100688 0.679225206 -0.866651177 1.84219921 0.690743148 -0.881356657 1.83303463 0.677407622 -0.872774899 1.84333313 0.699642181 -0.0854939744 2.02048063 0.724277377 -0.0851149634 2.02513456 0.730197489 -0.204241619 2.01071668 0.723945022 -0.203862607 2.01537061 0.729865193 -0.345294237 1.99959219 0.728087366 -0.345673263 1.99493825 0.722167253 -0.462935179 1.97830856 0.725681424 -0.805174589 1.86898386 0.706442297 -0.705567837 1.90713918 0.715060711 -0.598983407 1.95473039 0.90218991 -0.345673263 1.95994246 0.720970988 -0.0854939744 1.98548472 0.723081112 -0.204241619 1.97572076 0.722748756 -0.204241619 1.98041213 0.708760798 -0.345673263 1.96463382 0.70698303 -0.0854939744 1.99017608 0.709093153 -0.570188701 1.97558391 0.557763219 -0.589529514 1.97132099 0.521976113 -0.712454438 1.93008363 0.516889334 -0.709468126 1.94369709 0.553753853 -0.807308912 1.89423406 0.512464166 -0.807308912 1.91270649 0.549764276 -0.914969265 1.81474435 0.501047134 -0.924438596 1.80646861 0.532356501 -0.929747224 1.72266638 0.486269087 -0.936453581 1.71439052 0.517973125 -0.570188701 1.97558391 0.557763219 -0.50650686 2.01007986 0.561591387 -0.568609834 2.00478387 0.505687714 -0.589529514 1.97132099 0.521976113 -0.715699375 1.94081426 0.495249987 -0.712454438 1.93008363 0.516889334 -0.805909812 1.90000987 0.489172101 -0.807308912 1.89423406 0.512464166 -0.914969265 1.81474435 0.501047134 -0.920889914 1.81758642 0.478074998 -0.935667872 1.72823703 0.46329698 -0.929747224 1.72266638 0.486269087 -0.884507656 1.8319118 0.373248577 -0.866316497 1.83395839 0.341641545 -0.881094456 1.75006628 0.322315693 -0.899285555 1.74665558 0.356651425 -0.902698755 1.82986546 0.404855728 -0.917476714 1.74324477 0.390987158 -0.73213315 1.92756581 0.423706442 -0.805909812 1.90376925 0.416377336 -0.641010582 1.96454263 0.433591276 -0.742268682 1.91858459 0.39206329 -0.752404213 1.90960336 0.360420138 -0.809469581 1.88775492 0.35331133 -0.807689667 1.89940047 0.383934766 -0.674342513 1.94180369 0.400764972 -0.707674444 1.91906476 0.367938787 -0.751825213 1.8982091 0.326778442 -0.7639274 1.89350247 0.324975163 -0.84740001 1.83375549 0.325019002 -0.862696648 1.75087881 0.311941773 -0.814048052 1.87018418 0.324975133 -0.768020451 1.77641773 0.30950895 -0.815867186 1.750844 0.30950895 -0.756356895 1.79041815 0.30950895 -0.674342513 1.94180369 0.400764972 -0.665269256 1.94315457 0.401767761 -0.697172463 1.92147803 0.370262891 -0.707674444 1.91906476 0.367938787 -0.73980552 1.90161109 0.327139646 -0.751825213 1.8982091 0.326778442 -0.568609834 2.00478387 0.505687714 -0.560343683 2.00371313 0.500593901 -0.633365989 1.96483088 0.43327263 -0.641010582 1.96454263 0.433591276 -0.744689465 1.79806018 0.30950895 -0.756356895 1.79041815 0.30950895 -0.50650686 2.01007986 0.561591387 -0.504403114 2.00879383 0.548768044 -0.345740736 2.02983499 0.550376177 -0.345740736 2.04931045 0.533536673 -0.504403114 2.03190756 0.531928539 -0.504403114 2.00879383 0.548768044 -0.0852217451 2.07108831 0.533536673 -0.0852217451 2.05161285 0.550376177 -0.204600245 2.04333615 0.550376177 -0.204600245 2.06281161 0.533536673 -0.551144242 2.00898647 0.492514372 -0.560343683 2.00371313 0.500593901 -0.625121534 1.97307992 0.432761699 -0.633365989 1.96483088 0.43327263 -0.658638716 1.95228624 0.40246585 -0.665269256 1.94315457 0.401767761 -0.345740736 2.0405786 0.50472188 -0.483493418 2.02495956 0.503113747 -0.204600245 2.05407977 0.50472188 -0.0852217451 2.06235647 0.50472188 -0.515972733 2.00830245 0.475169301 -0.565088868 1.97837305 0.429787546 -0.586015105 1.96203661 0.404051572 -0.649891436 1.9089396 0.325826198 -0.606941402 1.94569993 0.378315598 -0.660092175 1.79806018 0.30950895 -0.744689465 1.79806018 0.30950895 -0.0862487927 1.94461679 0.32589367 -0.0862487927 1.9840939 0.378556997 -0.0862487927 1.99970365 0.39853242 -0.346241951 2.02967191 0.471888781 -0.360500127 1.99746513 0.424952179 -0.205459997 2.04035926 0.470220566 -0.205027193 2.0085547 0.421283394 -0.0854135826 2.04778409 0.46881187 -0.0862487927 2.01531363 0.418507725 -0.205027193 1.97871542 0.378556997 -0.205027193 1.99363518 0.399920255 -0.374102592 1.96417165 0.378556997 -0.367301345 1.98081851 0.401754647 -0.205027193 1.93923831 0.32589367 -0.385962695 1.92777634 0.32589379 -0.0862487927 1.81507349 0.30950895 -0.205027193 1.80969501 0.30950895 -0.388690382 1.79806018 0.30950895 -0.273788869 1.52053237 1.4645375 -0.167463198 1.52895403 1.4752754 -0.167463198 1.52842784 1.46664298 -0.0557686016 1.53158593 1.47590697 -0.0557686016 1.5310595 1.46727455 -0.729664445 1.59289312 1.21333432 -0.721893013 1.59398556 1.21134508 -0.739027381 1.64636517 1.17221606 -0.743959844 1.64604378 1.17079151 -0.556299329 1.33274221 1.40430284 -0.554675341 1.31647825 1.39978552 -0.580020726 1.3140347 1.39605653 -0.581763089 1.32761145 1.39947164 -0.634290516 1.36798859 1.35557103 -0.632011771 1.36182094 1.35417509 -0.658302724 1.41589856 1.31100345 -0.660487711 1.42278743 1.31139696 -0.601982474 1.32684326 1.39225078 -0.599670231 1.31562281 1.38998997 -0.61781168 1.33722544 1.37496567 -0.619840503 1.34619093 1.37657714 -0.711938858 1.55242252 1.21856964 -0.710420251 1.54611397 1.21961987 -0.732684791 1.60065603 1.18063998 -0.733533442 1.60667729 1.17961061 -0.688155711 1.49157214 1.25859952 -0.690344274 1.49816751 1.25752842 -0.425581485 1.35781741 1.41934323 -0.421332538 1.33253407 1.41314411 -0.48154965 1.32660651 1.40800929 -0.483052105 1.34756541 1.41373754 -0.520172894 1.31897831 1.40421534 -0.524753153 1.33770895 1.40916252 -0.538459957 1.44478393 1.43703365 -0.565204024 1.43090916 1.4290725 -0.491290599 1.4606638 1.44420004 -0.447458804 1.47188663 1.449072 -0.630984724 1.38952541 1.38546634 -0.646785557 1.40180779 1.36322474 -0.672468483 1.46056151 1.313555 -0.702344835 1.5343318 1.25165522 -0.591198564 1.41140079 1.41787803 -0.61425364 1.3916657 1.40354753 -0.720265865 1.58701301 1.21281075 -0.738186836 1.63969421 1.17396617 -0.382880151 1.48485184 1.45349348 -0.271711886 1.50001121 1.45770454 -0.167491615 1.50632763 1.45928371 -0.168195561 1.38909626 1.42976356 -0.168195561 1.36343741 1.42186916 -0.271152556 1.35712099 1.41902721 -0.271152556 1.38277984 1.42739534 -0.382320821 1.34133005 1.4152379 -0.382320821 1.3669889 1.42171144 -0.0557686016 1.50990939 1.45868433 -0.0560166799 1.36343741 1.42329013 -0.273878753 1.4995892 1.489537 -0.273788869 1.49743795 1.4731698 -0.169244692 1.36332512 1.4450345 -0.276626348 1.35866857 1.44259334 -0.391714841 1.34702706 1.43760943 -0.448945135 1.43150473 1.46421099 -0.384985477 1.44684672 1.4682436 -0.272281259 1.46299434 1.472646 -0.16772379 1.46968508 1.47449303 -0.0550202914 1.47252798 1.47424555 -0.474837184 1.96430266 1.02571106 -0.469061702 1.95815337 1.02571106 -0.587082565 1.92325866 1.02571106 -0.592858016 1.92940795 1.02571106 -0.739713132 1.87838709 0.937714934 -0.671938121 1.89780486 0.937714934 -0.677713573 1.90395415 0.937714934 -0.202179432 2.00627804 1.02571106 -0.196403965 1.99678862 1.02571106 -0.336708099 1.98579752 1.02571106 -0.34248358 1.99194682 1.02571106 -0.830775857 1.79926383 0.938318312 -0.825000405 1.79311454 0.938318312 -0.801406801 1.83840811 0.938318312 -0.807182252 1.8445574 0.938318312 -0.0781336352 2.01130605 1.02571106 -0.0839091018 2.01745534 1.02571106 -0.0857675746 2.02666306 0.937714934 -0.079992108 2.02051377 0.937714934 -0.0152835613 2.0229845 0.937714934 -0.016499849 2.02912664 0.937714934 -0.663792253 1.89316523 1.02571106 -0.669567704 1.89931452 1.02571106 -0.47879529 1.97039044 0.937714934 -0.473019809 1.96424115 0.937714934 -0.340900809 1.99243677 0.937714934 -0.34667629 1.99858606 0.937714934 -0.730318666 1.86246645 1.02571106 -0.736094117 1.86861575 1.02571106 -0.199572787 2.01100135 0.937714934 -0.205348253 2.01715064 0.937714934 -0.776896477 1.83719003 1.02500844 -0.771121025 1.83104074 1.02500844 -0.798926473 1.83766329 0.947059751 -0.336708099 1.98579752 1.01161981 -0.469061702 1.95815337 1.01161981 -0.0781336352 2.01130605 1.01161981 -0.196403965 2.00012875 1.01161981 -0.587082565 1.92325866 1.01161981 -0.663792253 1.89316523 1.01161981 -0.730318666 1.86246645 1.01161981 -0.770410538 1.83565128 1.01161981 -0.340900809 1.99243677 0.945827663 -0.199572787 2.01100135 0.945827663 -0.591888487 1.92672503 0.937714934 -0.591888487 1.92672503 0.945827663 -0.473019809 1.96424115 0.945827663 -0.671938121 1.89780486 0.945827663 -0.079992108 2.02051377 0.945827663 -0.0781336352 2.01130605 1.01161981 -0.079992108 2.02051377 0.945827663 -0.196403965 2.00012875 1.01161981 -0.199572787 2.01100135 0.945827663 -0.336708099 1.98579752 1.01161981 -0.340900809 1.99243677 0.945827663 -0.469061702 1.95815337 1.01161981 -0.473019809 1.96424115 0.945827663 -0.587082565 1.92325866 1.01161981 -0.591888487 1.92672503 0.945827663 -0.663792253 1.89316523 1.01161981 -0.671938121 1.89780486 0.945827663 -0.730318666 1.86246645 1.01161981 -0.733937681 1.87009633 0.945827663 -0.775633752 1.84198606 0.946682334 -0.770410538 1.83565128 1.01161981 -0.478486925 1.95187652 0.705643654 -0.478486925 1.99668229 0.606924593 -0.588971376 1.9725939 0.604899406 -0.596387208 1.92102349 0.699537277 -0.699455857 1.93608701 0.601503611 -0.705567837 1.88740623 0.692630351 -0.507433116 -2.51129103 0.454701722 -0.59475112 -2.48864913 0.45469445 -0.746421278 -2.41436863 0.360359401 -0.66441226 -2.46241975 0.361782521 -0.934438884 -1.20916033 0.383285046 -0.93439424 -1.2757076 0.383319259 -0.932089567 -1.19344115 0.384152055 -0.433582067 1.34004521 1.43603873 -0.22770974 2.02804136 0.485689878 -0.107663333 2.03546619 0.484281182 -0.107471496 2.05003858 0.520191193 -0.226849988 2.04176188 0.520191193 -0.368491709 2.01735401 0.487358093 -0.538222492 1.99598455 0.490638614 -0.367990494 2.02826071 0.520191193 -0.0429628417 2.03696251 0.483517885 -0.0416995697 2.05228043 0.520191193 -0.505743146 2.01264167 0.518583059 -0.0416995697 2.05228043 0.520191193 -0.0429628417 2.03696251 0.483517885 -0.107663333 2.03546619 0.484281182 -0.107471496 2.05003858 0.520191193 -0.22770974 2.02804136 0.485689878 -0.226849988 2.04176188 0.520191193 -0.368491709 2.01735401 0.487358093 -0.367990494 2.02826071 0.520191193 -0.538222492 1.99598455 0.490638614 -0.505743146 2.01264167 0.518583059 -0.0164946076 2.0483284 0.889947891 -0.90247798 -0.501947224 0.231612921 -0.913863182 -0.501947284 0.267025471 -0.932689428 -0.501228809 0.340574712 -0.932413578 -0.50095892 0.365328282 -0.932413578 -0.50095892 0.365328282 -0.933816671 -0.501599669 0.407282084 -0.933816671 -0.501599669 0.407282084 -0.92789942 -0.501580238 0.511483967 -0.175553054 -1.47462487 0.984864473 -0.195429504 -1.43840861 1.00682223 -0.466365546 -1.40617967 1.00559342 -0.471831977 -1.43900514 0.983520806 -0.668632567 -0.784824193 1.34890151 -0.646332324 -0.807611883 1.34409368 -0.623252034 -0.701684177 1.39797688 -0.643393397 -0.668988287 1.40978122 -0.699785531 -0.919575453 1.27157378 -0.674820542 -0.930836797 1.26900709 -0.775574625 -1.22143447 1.07569611 -0.73476851 -1.06982625 1.18284178 -0.18927972 -1.31509638 1.09833682 -0.445552498 -1.29029036 1.0989238 -0.602068961 -0.601647496 1.44618189 -0.620228887 -0.559594393 1.46209621 -0.772974372 -1.23642814 1.06547034 -0.741749048 -1.22058666 1.08053315 -0.722768664 -1.33316159 1.01371777 -0.695837736 -1.30904579 1.03320742 -0.736403108 -1.23456705 1.07161486 -0.767128408 -1.2517159 1.05504525 -0.649891555 -1.22677004 1.09905565 -0.531645477 -0.57055521 1.47120166 -0.528501511 -0.612215877 1.45310414 -0.365006089 -0.630930722 1.45790231 -0.360991538 -0.588042617 1.47575521 -0.706985712 -1.18233335 1.10986567 -0.685946584 -1.20172179 1.10473216 -0.70681119 -1.06823552 1.18786502 -0.613677263 -1.09724748 1.19378912 -0.581610262 -0.957363129 1.27549708 -0.674820542 -0.930836797 1.26900709 -0.554872096 -0.820458233 1.3548063 -0.646332324 -0.807611883 1.34409368 -0.536412716 -0.717055857 1.40720201 -0.623252034 -0.701684177 1.39797688 -0.421044827 -1.12093031 1.20054924 -0.404800773 -0.980492234 1.28150976 -0.388818085 -0.831359565 1.36472619 -0.375029057 -0.727293432 1.41711879 -0.161342815 -1.13061655 1.2047354 -0.148657873 -0.988304615 1.28499436 -0.528501511 -0.612215877 1.45310414 -0.602068961 -0.601647496 1.44618189 -0.365006089 -0.630930722 1.45790231 -0.18927972 -1.31509638 1.09833682 -0.445552498 -1.29029036 1.0989238 -0.649891555 -1.22677004 1.09905565 -0.149648026 -0.864942968 1.35222137 -0.187478676 -0.831856549 1.36934066 -0.151678517 -0.798052013 1.38631964 -0.112342693 -0.832408011 1.37066329 -0.18237409 -0.63770169 1.45790756 -0.169481874 -0.623246312 1.46438146 -0.148609653 -0.638532221 1.45795071 -0.163602382 -0.653801739 1.45141327 -0.949604928 0.872155726 0.450087994 -0.949589729 0.867129505 0.414826989 -0.947344244 1.70169759 0.544271052 -0.932589948 0.867129505 0.267034441 -0.922894239 0.867129564 0.2329555 -0.949589729 0.867129505 0.414826989 -0.936453581 1.71439052 0.517973125 -0.932232618 1.00449407 0.812789083 -0.932232618 0.918650508 0.737119973 -0.188478962 -2.54680848 0.249653697 -0.188478962 -2.47589684 0.249653697 -0.410694003 -2.52210879 0.249653697 -0.410694003 -2.45119715 0.249653697 -0.593857467 -2.48812294 0.249653697 -0.593857467 -2.41721106 0.249653712 -0.61267668 -2.4064889 0.23091282 -0.593857467 -2.41721106 0.249653712 -0.188478962 -2.47589684 0.249653697 -0.188478962 -2.47589684 0.230912805 -0.410694003 -2.45119715 0.249653697 -0.410694003 -2.45119715 0.230912805 -0.61267668 -2.4064889 0.23091282 -0.410694003 -2.45119715 0.230912805 -0.910053432 -0.986967266 1.1403749 -0.963558197 -0.962260664 1.1403749 -0.960658967 -0.96363312 1.12874782 -0.908109546 -0.987834036 1.12874782 -1.08272636 -0.815546751 1.13927436 -1.08399296 -0.815546751 1.12780559 -1.07785308 -0.836041331 1.12783301 -1.07658648 -0.836041331 1.1393019 -1.06126273 -0.865819693 1.13935673 -1.06252921 -0.865819693 1.12788785 -1.03089857 -0.912012041 1.12797916 -1.03262675 -0.910323799 1.13957 -0.994418025 -0.947651446 1.12874782 -0.994418025 -0.947651446 1.1403749 -1.08515215 -0.79957521 1.13939643 -1.0853039 -0.79957521 1.12778819 -0.854037285 -1.00185859 1.12874782 -0.854037285 -0.943427861 1.12874782 -0.854037285 -0.943647802 1.1403749 -0.854037285 -1.00177014 1.1403749 -1.08674765 -0.791885734 1.13940525 -1.08674765 -0.791885734 1.12777805 -1.0853039 -0.79957521 1.12778819 -1.08515215 -0.79957521 1.13939643 -0.982006371 -0.836810112 1.22571933 -1.03131437 -0.817725062 1.22038591 -1.02958953 -0.826772094 1.21905386 -0.981144011 -0.845163941 1.22342932 -1.05135667 -0.808315516 1.20334697 -1.05029452 -0.815912724 1.20130599 -1.07265854 -0.798027635 1.17423475 -1.07106578 -0.806573272 1.17274106 -0.908109546 -0.987834036 1.12874782 -0.960658967 -0.96363312 1.12874782 -0.953643262 -0.957489312 1.10412562 -0.898701131 -0.981603563 1.10412562 -1.02010286 -0.875573575 1.08592057 -1.02111161 -0.908884346 1.1033206 -1.04499543 -0.866618872 1.10326564 -1.03521383 -0.871239901 1.09235334 -0.854037285 -0.904263794 1.12874782 -0.854037285 -0.904492915 1.1403749 -0.861812532 -1.00847805 1.12874782 -0.861835778 -1.00846756 1.1403749 -0.860910237 -0.887470543 1.17225945 -0.854037285 -0.890160501 1.1403749 -0.854037285 -0.882184446 1.14037478 -0.861860156 -0.879677713 1.17395008 -0.854037285 -0.890636861 1.1287477 -0.854037285 -0.88284415 1.1287477 -0.854037285 -1.00185859 1.12874782 -0.790036798 -1.02802289 1.12874782 -0.79700458 -0.961789548 1.12874782 -0.854037285 -0.943427861 1.12874782 -0.854037285 -0.890636861 1.1287477 -0.854037285 -0.890160501 1.1403749 -0.79855901 -0.922752678 1.12874782 -1.0853039 -0.79957521 1.12778819 -1.06777 -0.803706527 1.10316598 -1.06645906 -0.818874717 1.10318339 -1.08399296 -0.815546751 1.12780559 -1.06252921 -0.865819693 1.12788785 -1.03089857 -0.912012041 1.12797916 -0.852682233 -1.00109136 1.10412562 -0.861812532 -1.00847805 1.12874782 -0.994418025 -0.947651446 1.12874782 -0.982902944 -0.944334447 1.10412562 -1.07785308 -0.836041331 1.12783301 -1.06031919 -0.838338375 1.10321081 -0.949245632 -0.911668599 1.08294475 -0.907385767 -0.93027395 1.08805275 -1.08674765 -0.791885734 1.12777805 -1.06921387 -0.796403885 1.10315585 -1.05038893 -0.810831308 1.09228027 -1.02761614 -0.818389773 1.08587492 -1.02624285 -0.834278822 1.08589303 -1.04901552 -0.826720357 1.09229839 -1.02217972 -0.852946997 1.08681345 -1.04391408 -0.845786333 1.09277236 -1.05177033 -0.804249525 1.09227097 -1.02899754 -0.81180799 1.08586562 -1.02761614 -0.818389773 1.08587492 -1.05038893 -0.810831308 1.09228027 -0.988220572 -0.83321619 1.08111036 -0.986847281 -0.849105239 1.08112848 -0.98377645 -0.867413878 1.08142841 -0.989602029 -0.826634407 1.08110094 -0.988220572 -0.83321619 1.08111036 -0.956758857 -0.845527291 1.08007967 -0.955385566 -0.86141634 1.08009779 -0.952375829 -0.879659235 1.08014286 -0.958140314 -0.838945508 1.08007026 -0.956758857 -0.845527291 1.08007967 -0.879819214 -0.880430043 1.10389757 -0.854037285 -0.890636861 1.1287477 -0.879819214 -0.880430043 1.10389757 -0.879819155 -0.871574879 1.10389757 -0.897939265 -0.88385123 1.08805275 -0.90829736 -0.877556741 1.08025062 -0.90829736 -0.86499238 1.08025062 -0.897939265 -0.870064855 1.08538604 -0.897939265 -0.870064855 1.08538604 -0.90829736 -0.86499238 1.08025062 -0.90829736 -0.858644962 1.08025062 -0.897939265 -0.862463474 1.08516061 -0.90829736 -0.893684208 1.08025062 -0.841148794 -0.96010083 1.08809292 -0.812809885 -0.9725371 1.08862412 -0.802098632 -1.02444327 1.10412562 -0.842522204 -0.906252801 1.08895242 -0.812809885 -0.918008506 1.08895242 -0.788464427 -0.927864015 1.10609531 -0.980707347 -0.895081699 1.08313608 -0.870513737 -0.884124577 1.21553481 -0.871847034 -0.876185596 1.21835148 -0.915437937 -0.868604779 1.223894 -0.915826976 -0.860861063 1.22702289 -1.06921387 -0.796403885 1.10315585 -1.06777 -0.803706527 1.10316598 -1.079512 -0.794695616 1.12868261 -1.06307673 -0.798930645 1.1056031 -0.854037285 -0.88284415 1.1287477 -0.861382306 -0.879954875 1.12959158 -0.861382306 -0.879336655 1.14049017 -0.854037285 -0.882184446 1.14037478 -1.08674765 -0.791885734 1.13940525 -1.079512 -0.794695616 1.13958132 -1.079512 -0.794695616 1.12868261 -1.08674765 -0.791885734 1.12777805 -0.90829736 -0.858644962 1.08025062 -0.912242651 -0.857272029 1.08413303 -0.902533531 -0.861558557 1.09144628 -0.897939265 -0.862463474 1.08516061 -0.982006371 -0.836810112 1.22571933 -0.981333375 -0.836805224 1.22048724 -1.02755201 -0.818915963 1.21548808 -1.03131437 -0.817725062 1.22038591 -1.05177033 -0.804249525 1.09227097 -1.04672623 -0.806284785 1.09540021 -1.02538025 -0.813369632 1.08939624 -1.02899754 -0.81180799 1.08586562 -0.880356789 -0.880719841 1.2236681 -0.881742716 -0.872735739 1.22655809 -0.958140314 -0.838945508 1.08007026 -0.958962679 -0.838806868 1.08396399 -1.05135667 -0.808315516 1.20334697 -1.04633844 -0.810095906 1.19951665 -1.06630576 -0.80036962 1.17222846 -1.07265854 -0.798027635 1.17423475 -0.879819155 -0.871574879 1.10389757 -0.88554883 -0.869463086 1.10629833 -0.868714988 -0.876986921 1.17196167 -0.861860156 -0.879677713 1.17395008 -0.915826976 -0.860861063 1.22702289 -0.919300497 -0.859349132 1.22170913 -0.989602029 -0.826634407 1.08110094 -0.98845309 -0.827267051 1.08493006 -1.06921387 -0.796403885 1.10315585 -1.06307673 -0.798930645 1.1056031 -0.861382306 -0.879954875 1.12959158 -0.861382306 -0.885400355 1.12959158 -0.861382306 -0.884782016 1.14049017 -0.861382306 -0.879336655 1.14049017 -1.079512 -0.800140977 1.12868261 -1.06307673 -0.804376125 1.1056031 -1.079512 -0.794695616 1.13958132 -1.079512 -0.800140977 1.13958132 -1.079512 -0.800140977 1.12868261 -1.079512 -0.794695616 1.12868261 0.016604932 1.98333704 0.710365832 0.016604932 2.01349807 0.704463959 0.016604932 2.01950836 0.725592196 0.016604932 1.98333704 0.725592196 -0.0195663366 2.01349807 0.704463959 -0.0195663366 2.01950836 0.725592196 -0.0195663366 1.98333704 0.710365832 -0.0195663366 1.98333704 0.725592196 0.016604932 1.98333704 0.710365832 0.016604932 1.98333704 0.725592196 0.016604932 2.01349807 0.704463959 0.016604932 1.98333704 0.710365832 0.016604932 1.98333704 0.725592196 0.016604932 2.01950836 0.725592196 -0.900930405 0.279478788 0.231760591 -0.566468537 0.279478788 0.231760591 -0.567951918 0.112324417 0.231619194 -0.902413785 0.112324417 0.231619194 -0.90247798 -0.345869988 0.231612936 -0.568016112 -0.345869988 0.231612936 -0.568016112 -0.501947224 0.231612921 -0.90247798 -0.501947224 0.231612921 -0.946991622 1.36475396 0.810875416 -0.612529755 1.36475396 0.810875416 -0.615143061 1.24953258 0.811242938 -0.937560976 1.24953258 0.811242938 -0.58163625 -2.15040922 0.311142594 -0.569944561 -2.15082216 0.250511318 -0.949604928 1.24953258 0.811242938 -0.615143061 1.24953258 0.811242938 -0.615143061 1.14778149 0.785509765 -0.949604928 1.14778149 0.785509765 -0.881094456 1.75006628 0.322315693 -0.546632588 1.75006628 0.322315693 -0.564823687 1.74665558 0.356651425 -0.899285555 1.74665558 0.356651425 -0.900930405 0.446270347 0.231760621 -0.566468537 0.446270347 0.231760621 -0.948926032 1.55158448 0.735018015 -0.614464164 1.55158448 0.735018015 -0.613242388 1.46751046 0.781839371 -0.935660303 1.46751046 0.781839371 -0.947344244 1.62181115 0.676992953 -0.612882376 1.62181115 0.676992953 -0.900930405 0.75765264 0.231760651 -0.566468537 0.75765264 0.231760651 -0.566468537 0.613062084 0.231760636 -0.900930405 0.613062084 0.231760636 -0.947704256 1.46751046 0.781839371 -0.613242388 1.46751046 0.781839371 -0.917476714 1.74324477 0.390987158 -0.583014846 1.74324477 0.390987158 -0.601206005 1.72823703 0.46329698 -0.935667872 1.72823703 0.46329698 -0.947344244 1.70169759 0.544271052 -0.612882376 1.70169759 0.544271052 -0.612882376 1.67527866 0.597394168 -0.947344244 1.67527866 0.597394168 -0.581392288 -2.15040922 0.359234691 -0.576284766 -2.15040922 0.336503863 -0.900930405 0.779853702 0.231760651 -0.566468537 0.779853702 0.231760651 -0.621478736 -1.92542255 0.759645581 -0.621478736 -2.00165176 0.70478785 -0.949604928 1.0618211 0.740398586 -0.615143061 1.0618211 0.740398586 -0.615143061 1.00246751 0.693053901 -0.949604928 1.00246751 0.693053901 -0.90247798 -1.14586973 0.231612846 -0.568016112 -1.14586973 0.231612846 -0.568016112 -1.16915631 0.231612846 -0.90247798 -1.16915631 0.231612846 -0.621584296 -1.74133754 0.810018122 -0.615361273 -1.83052981 0.796490014 -0.615143061 1.0618211 0.740398586 -0.937560976 1.0618211 0.740398586 -0.612882376 1.62181115 0.676992953 -0.935300291 1.62181115 0.676992953 -0.949604928 0.872155726 0.450087994 -0.615143061 0.872155726 0.450087994 -0.615127861 0.867129505 0.414826989 -0.949589729 0.867129505 0.414826989 -0.815867186 1.750844 0.30950895 -0.481405318 1.750844 0.30950895 -0.52823478 1.75087881 0.311941773 -0.862696648 1.75087881 0.311941773 -0.901506305 -1.19080448 0.231705338 -0.567044437 -1.19080448 0.231705338 -0.567477405 -1.20652342 0.230971843 -0.901939273 -1.20652342 0.230971843 -0.614345729 -1.65319395 0.806393564 -0.615143061 0.927888751 0.605038166 -0.937560976 0.927888751 0.605038166 -0.910746634 -2.15040922 0.336503863 -0.576284766 -2.15040922 0.336503863 -0.59812808 0.867129505 0.267034441 -0.932589948 0.867129505 0.267034441 -0.567829013 -1.26961172 0.230938226 -0.902290881 -1.26961172 0.230938226 -0.949604928 0.904097199 0.559342146 -0.615143061 0.904097199 0.559342146 -0.615143061 0.872155726 0.450087994 -0.937560976 0.872155726 0.450087994 -0.566313028 -2.15095043 0.231678888 -0.611836612 -1.4493196 0.72497803 -0.619253874 -1.50157833 0.757944107 -0.588432372 0.867129564 0.2329555 -0.922894239 0.867129564 0.2329555 -0.622084498 -1.56256342 0.786125243 -0.595279276 -1.27356493 0.340312958 -0.599932373 -1.2757076 0.383319259 -0.59047693 -2.14608574 0.436124325 -0.581392288 -2.15040922 0.359234691 -0.918846667 0.797406435 0.232584149 -0.584384799 0.797406435 0.232584149 -0.618106365 -1.39106035 0.670084596 -0.567829013 -1.26961172 0.230938226 -0.579214215 -1.26961172 0.266350776 -0.604189694 -1.32742786 0.588783145 -0.949604928 0.927888751 0.605038166 -0.615143061 0.927888751 0.605038166 -0.929747224 1.72266638 0.486269087 -0.595285356 1.72266638 0.486269087 -0.601991713 1.71439052 0.517973125 -0.936453581 1.71439052 0.517973125 -0.599932373 -1.2757076 0.383319259 -0.608058393 -1.29411578 0.500960529 -0.595279276 -1.27356493 0.340312958 -0.607191861 -2.08236623 0.605471134 -0.604764521 -2.11720514 0.538982749 -0.90247798 -0.686529875 0.231612906 -0.568016112 -0.686529875 0.231612906 -0.568016112 -0.871112585 0.231612876 -0.90247798 -0.871112585 0.231612876 -0.90247798 -0.23504442 0.231612951 -0.568016112 -0.23504442 0.231612951 -0.90247798 -0.127257973 0.231612965 -0.568016112 -0.127257973 0.231612965 -0.568016112 -0.0255349502 0.23161298 -0.566313028 -2.15095043 0.231678888 -0.478486925 1.95706952 0.705643654 -0.478486925 2.00187516 0.606924593 -0.588971376 1.9777869 0.604899406 -0.596387208 1.92621648 0.699537277 -0.699455857 1.94128001 0.601503611 -0.705567837 1.89259923 0.692630351 -0.912995458 -0.31941545 0.930054307 -0.91246587 -0.225159019 0.937531114 -0.91770041 -0.225159004 0.88673842 -0.916665435 -0.317971528 0.887513816 -0.912825227 -0.12027856 0.944447637 -0.917880118 -0.124254927 0.886303544 -0.910682797 -0.0379954129 0.951493859 -0.917491138 -0.041134838 0.887708843 -0.883903086 1.035725 1.00344074 -0.903570414 1.00971329 0.947685122 -0.902685523 0.901194513 0.944907665 -0.889122546 0.928634107 0.998871326 -0.904601693 0.732410192 0.935839593 -0.893469036 0.75140667 0.9902457 -0.926876903 -1.1716466 0.381267905 -0.919927657 -1.1716466 0.381267905 -0.919960797 -1.16937637 0.383781314 -0.926910043 -1.16937637 0.383781314 -0.818226635 -1.14848721 1.05281103 -0.81127739 -1.14848721 1.05281103 -0.810396194 -1.14989984 1.0547086 -0.81734544 -1.14989984 1.0547086 -0.927428067 -1.17415905 0.383733988 -0.920478821 -1.17415905 0.383733988 -0.919927657 -1.1716466 0.381267905 -0.926876903 -1.1716466 0.381267905 -0.936679184 -1.5490725 0.878063083 -0.932892919 -1.5494709 0.87575841 -0.934327543 -1.5474112 0.873543262 -0.933319747 -1.54544258 0.873755991 -0.933319747 -1.54544258 0.873755991 -0.932798505 -1.54521847 0.874002159 -0.927714229 -0.0249860734 0.424187928 -0.927712202 -0.0319962651 0.423911959 -0.921640217 -0.0215454679 0.53483808 -0.921640217 -0.0145261595 0.535238743 -0.927023232 -0.0281785801 0.38247326 -0.927015781 -0.0351879075 0.382197052 -0.927712202 -0.0319962651 0.423911959 -0.927714229 -0.0249860734 0.424187928 -0.929045141 -0.0281795319 0.35863772 -0.929023445 -0.0351866819 0.358355671 -0.927015781 -0.0351879075 0.382197052 -0.927023232 -0.0281785801 0.38247326 -0.929045141 -0.0281795319 0.35863772 -0.90760237 -0.0220237337 0.26702565 -0.907603979 -0.029047573 0.26702553 -0.896217167 -0.0220240876 0.2316131 -0.907603979 -0.029047573 0.26702553 -0.898975849 -0.0255349502 0.23161298 -0.892716646 -0.0255349502 0.23161298 -0.896217167 -0.0220240876 0.2316131 -0.90247637 -0.0220240876 0.2316131 -0.90247798 -0.029047152 0.23161298 -0.896218777 -0.029047152 0.23161298 -0.932232618 1.13037694 0.871962368 -0.930142164 1.13037694 0.871962368 -0.931980312 1.13245809 0.870810509 -0.934070766 1.13245809 0.870810509 -0.823183477 1.20638263 1.13664627 -0.821093023 1.20638263 1.13664627 -0.822052002 1.20519459 1.13453543 -0.824142456 1.20519459 1.13453543 -0.930142164 1.13711417 0.874076188 -0.932232618 1.13711417 0.874076188 -0.685069919 1.20847285 1.38750803 -0.680701494 1.20507491 1.39054751 -0.679597735 1.20468771 1.39255476 -0.683927298 1.2080723 1.38958597 -0.554944932 1.07098055 1.53721333 -0.5550071 1.07226396 1.53515565 -0.557856798 1.06900144 1.53524446 -0.557895064 1.06760311 1.53730536 -0.598983109 1.93035209 0.937714934 -0.598984718 1.95268452 0.909834087 -0.596329153 1.93329561 0.937714934 -0.596329153 1.93124998 0.937714934 -0.596708834 1.92981184 0.937714934 -0.596708834 1.93185723 0.937714934 -0.598983407 1.952685 0.90218991 -0.596387208 1.94012249 0.719727993 -0.596387208 1.93807685 0.719727993 -0.595033884 1.9390918 0.721018493 -0.595033884 1.94113719 0.721018493 -0.596325338 1.95359933 0.902114034 -0.596324205 1.95359957 0.909758151 -0.597733021 1.94034207 0.720897913 -0.597733021 1.93829644 0.720897913 -0.596387208 1.93807685 0.719727993 -0.596387208 1.94012249 0.719727993 -0.598983109 1.93035209 0.937714934 -0.598983109 1.93239772 0.937714934 -0.934853852 0.0882763118 0.534699917 -0.941123486 0.0751063451 0.420412093 -0.94106698 -0.0172202457 0.418569833 -0.934853852 -0.0148865283 0.531343222 -0.934853852 -0.132963091 0.528609276 -0.941057265 -0.135287061 0.417286158 -0.941013575 -0.251235694 0.414866447 -0.934853852 -0.248911887 0.525238276 -0.934853852 0.225305796 0.540145636 -0.941120088 0.22283335 0.422957957 -0.941125512 0.0823490471 0.420546561 -0.934853852 0.0955310911 0.534962893 -0.928563535 0.405318558 0.551069558 -0.939522684 0.402962506 0.424144357 -0.934853852 -0.595658302 0.515760839 -0.940904796 -0.597836494 0.411504239 -0.940845847 -0.785638034 0.409682691 -0.934853852 -0.783538878 0.51062572 -0.93464303 0.549218893 0.517210066 -0.93944943 0.565097451 0.42588672 -0.934559286 -0.916113734 0.479339957 -0.934853852 -0.846019447 0.507932544 -0.940963686 -0.410034835 0.413325995 -0.934853852 -0.407777667 0.520896137 -0.00528111262 1.01665211 1.62875664 -0.00505813444 0.988204718 1.62824368 -0.0223529823 1.00137949 1.6045965 -0.0222650152 0.973507285 1.60624218 -0.0119632808 0.999869585 1.62845409 -0.0120076435 1.00994277 1.62863564 -0.0085721435 0.941230655 1.60814774 -0.00901430938 1.01995158 1.60361731 -0.0349823423 0.998653889 1.5775615 -0.0332490951 1.00652671 1.57711744 -0.0437671877 1.01144218 1.54964161 -0.046179153 1.00112963 1.5502193 -0.0260780565 1.01899314 1.57643151 -0.0337880291 1.02777243 1.54875267 -0.0163449459 1.01473236 1.60384369 -0.00897786394 1.01476765 1.62872267 -0.0253326595 0.920843959 1.58215547 -0.0315806419 0.93651855 1.58122993 -0.0414453857 0.919739842 1.55502462 -0.0327507481 0.899208069 1.55623686 -0.0348519646 0.956200361 1.58006799 -0.0459977239 0.945520639 1.55350256 -0.0158420019 0.950294614 1.60761261 -0.00872423593 0.99148047 1.62830281 -0.0177572109 0.881124258 1.55730462 -0.014558278 0.907038331 1.58297062 -0.010850179 0.995199561 1.62836981 -0.020057736 0.960585475 1.60700512 -0.0186691433 1.03819036 1.54838312 -0.0152135948 1.02694511 1.57612574 -0.0114178872 1.0118103 1.62866938 -0.0211835019 1.00654817 1.60430169 0.924269557 -1.16915631 0.340220332 0.554933667 1.02350092 1.53939366 0.923904717 -1.16942859 0.384705067 0.923948646 -1.16937637 0.383781314 0.924938023 -0.925654292 0.490107536 0.898744762 -2.22250223 0.336503863 -0.00148070231 2.02351141 0.945827663 0.749279916 1.65365934 1.14828527 0.749747574 1.65196371 1.14730215 0.740275383 1.6275847 1.1630615 0.749747574 1.65196371 1.14730215 0.749794364 1.6518774 1.14720368 0.749682307 1.65352678 1.1484313 0.750297785 1.65181804 1.14733517 0.748126566 1.63192105 1.15767097 0.750480652 1.65161347 1.14704728 0.65066427 -1.40498638 0.984263778 -0.00148070231 -0.598305583 1.47621417 0.173664466 -0.596208811 1.4759866 -0.00148070231 -0.640315831 1.45832205 -0.00148070231 -0.716335952 1.42663574 0.152965561 -0.716490328 1.42510223 0.152965561 -0.716490328 1.42510223 -0.00148070231 -0.833761752 1.37202573 0.14871712 -0.798052013 1.38631964 0.142285004 -0.814746201 1.37848234 0.128070533 -0.827161133 1.37282467 0.109381281 -0.832408011 1.37066329 0.713430226 -1.16281044 1.12069845 0.704024315 -1.18233335 1.10986567 0.682985187 -1.20172179 1.10473216 -0.00148070231 -0.833761752 1.37202573 0.179412693 -0.63770169 1.45790756 0.17086339 -0.640295565 1.4569478 0.164063826 -0.646127284 1.45459545 0.160640985 -0.653801739 1.45141327 0.876821756 -0.873116732 1.22117031 0.916339099 -0.859349132 1.22170913 0.912865579 -0.860861063 1.22702289 0.865753591 -0.876986921 1.17196167 0.858898759 -0.879677713 1.17395008 0.865753591 -0.882432401 1.17196167 0.858420908 -0.885400355 1.12959158 0.858420908 -0.884782016 1.14049017 0.882587433 -0.87376976 1.10629833 0.876821756 -0.878562152 1.22117031 0.916339099 -0.864794612 1.22170913 0.899572134 -0.867442131 1.09144628 0.909281254 -0.862717509 1.08413303 0.956001282 -0.844252348 1.08396399 0.978371978 -0.842250705 1.22048724 0.985491693 -0.832712531 1.08493006 1.02459061 -0.824361444 1.21548808 1.02241886 -0.818815112 1.08939624 1.04376483 -0.811730146 1.09540021 1.04337704 -0.815541387 1.19951665 1.06334436 -0.807140112 1.17222846 1.06011534 -0.804376125 1.1056031 1.0765506 -0.800140977 1.12868261 1.0765506 -0.800140977 1.13958132 0.753395498 1.79041815 0.30950895 0.657130778 1.79806018 0.30950895 0.741728067 1.79806018 0.30950895 0.385728985 1.79806018 0.30950895 0.765059054 1.77641773 0.30950895 0.879555345 -2.25003624 0.231508523 0.897813499 -2.15095043 0.231678888 0.823661745 -2.32513714 0.231041446 0.766334236 -2.38471818 0.23091282 0.688000262 -2.43939424 0.230912805 0.609715283 -2.47740078 0.230912805 -0.00148070231 -2.48242712 0.230912805 0.185517564 -2.47589684 0.230912805 -0.927230954 -1.16915631 0.340220332 -0.557895064 1.02350092 1.53939366 -0.926866114 -1.16942859 0.384705067 -0.926910043 -1.16937637 0.383781314 -0.92789942 -0.925654292 0.490107536 -0.901706159 -2.22250223 0.336503863 -0.752241313 1.65365934 1.14828527 -0.752708972 1.65196371 1.14730215 -0.752708972 1.65196371 1.14730215 -0.74323678 1.6275847 1.1630615 -0.752755761 1.6518774 1.14720368 -0.752643704 1.65352678 1.1484313 -0.753259182 1.65181804 1.14733517 -0.751087964 1.63192105 1.15767097 -0.753442049 1.65161347 1.14704728 -0.653625667 -1.40498638 0.984263778 -0.176625863 -0.596208811 1.4759866 -0.155926958 -0.716490328 1.42510223 -0.155926958 -0.716490328 1.42510223 -0.151678517 -0.798052013 1.38631964 -0.145246401 -0.814746201 1.37848234 -0.13103193 -0.827161133 1.37282467 -0.112342693 -0.832408011 1.37066329 -0.716391623 -1.16281044 1.12069845 -0.706985712 -1.18233335 1.10986567 -0.685946584 -1.20172179 1.10473216 -0.18237409 -0.63770169 1.45790756 -0.173824787 -0.640295565 1.4569478 -0.167025223 -0.646127284 1.45459545 -0.163602382 -0.653801739 1.45141327 -0.915826976 -0.860861063 1.22702289 -0.879783154 -0.873116732 1.22117031 -0.919300497 -0.859349132 1.22170913 -0.868714988 -0.876986921 1.17196167 -0.861860156 -0.879677713 1.17395008 -1.06630576 -0.807140112 1.17222846 -1.079512 -0.800140977 1.12868261 -1.079512 -0.800140977 1.13958132 -1.06307673 -0.804376125 1.1056031 -1.04633844 -0.815541387 1.19951665 -1.04672623 -0.811730146 1.09540021 -1.02538025 -0.818815112 1.08939624 -1.02755201 -0.824361444 1.21548808 -0.981333375 -0.842250705 1.22048724 -0.98845309 -0.832712531 1.08493006 -0.958962679 -0.844252348 1.08396399 -0.919300497 -0.864794612 1.22170913 -0.912242651 -0.862717509 1.08413303 -0.879783154 -0.878562152 1.22117031 -0.902533531 -0.867442131 1.09144628 -0.88554883 -0.87376976 1.10629833 -0.861382306 -0.885400355 1.12959158 -0.868714988 -0.882432401 1.17196167 -0.861382306 -0.884782016 1.14049017 -0.660092175 1.79806018 0.30950895 -0.388690382 1.79806018 0.30950895 -0.744689465 1.79806018 0.30950895 -0.756356895 1.79041815 0.30950895 -0.768020451 1.77641773 0.30950895 -0.900774896 -2.15095043 0.231678888 -0.882516742 -2.25003624 0.231508523 -0.826623142 -2.32513714 0.231041446 -0.769295633 -2.38471818 0.23091282 -0.690961659 -2.43939424 0.230912805 -0.61267668 -2.47740078 0.230912805 -0.188478962 -2.47589684 0.230912805 </float_array>
          <technique_common>
            <accessor count="3063" offset="0" source="#meshesP17R-0-positions-array" stride="3">
              <param name="X" type="float" />
              <param name="Y" type="float" />
              <param name="Z" type="float" />
            </accessor>
          </technique_common>
        </source>
        <source id="meshesP17R-0-tex0" name="meshesP17R-0-tex0">
          <float_array id="meshesP17R-0-tex0-array" count="6126"> 0.912278593 0.63383466 0.909874439 0.631606638 0.909045756 0.633110821 0.9119367 0.636209428 0.91493839 0.638138711 0.913286805 0.635079026 0.920339644 0.664754748 0.919959605 0.661320686 0.920145571 0.664880514 0.924870789 0.680655658 0.923307836 0.681822538 0.927343369 0.681979954 0.927071631 0.657261848 0.928406 0.654763937 0.926894367 0.657154262 0.919562578 0.677654207 0.923440754 0.679215968 0.92123121 0.676703393 0.920215309 0.674265862 0.917619646 0.672192276 0.920129597 0.674512148 0.957501531 0.70784843 0.953048289 0.699609041 0.95003897 0.707748294 0.938577771 0.684380472 0.938578188 0.684822917 0.938740253 0.684831202 0.936516762 0.684601665 0.93632865 0.685123026 0.936574042 0.685084879 0.914956033 0.671990573 0.913986921 0.671768785 0.914344311 0.672405303 0.941184521 0.654688478 0.942442119 0.655715108 0.941165447 0.654401362 0.935611486 0.636597455 0.936457455 0.637247026 0.936481476 0.636675 0.937779427 0.636666179 0.93781209 0.637226284 0.939497352 0.63657248 0.939662933 0.570115685 0.939603746 0.569324136 0.939512134 0.569352448 0.94339788 0.569258749 0.943483174 0.569261909 0.943593621 0.568762779 0.880371988 0.643407404 0.877527595 0.643514276 0.879908383 0.647872388 0.942754865 0.699349284 0.919502735 0.669490039 0.91773504 0.666692376 0.919321775 0.669542372 0.917524517 0.669251263 0.919038713 0.662881255 0.922920883 0.660316765 0.923917353 0.657150149 0.92158097 0.659264207 0.926395357 0.655506909 0.921137333 0.678397 0.920429289 0.678896189 0.92580092 0.682047367 0.92520529 0.683144927 0.923110962 0.660321832 0.924876392 0.658433497 0.941954732 0.567223072 0.94200021 0.567336917 0.942249954 0.567140698 0.930607617 0.66211009 0.930614114 0.661929905 0.930610895 0.662020028 0.87965554 0.540257215 0.882769585 0.539626956 0.880646825 0.539766669 0.948397279 0.598876715 0.950091422 0.598889709 0.950135589 0.597089589 0.920545638 0.332553923 0.920758009 0.332798362 0.920873642 0.332485557 0.920945764 0.33281517 0.921189606 0.332612038 0.921202123 0.332423985 0.920987129 0.332169414 0.920799553 0.332152843 0.920557797 0.332365751 0.892476141 0.530192375 0.892583251 0.530113459 0.892433822 0.530027866 0.892586827 0.530022025 0.892483711 0.529878497 0.892394602 0.529858947 0.892280936 0.52995193 0.892277956 0.530043364 0.892386675 0.530173063 0.918311357 0.664581835 0.919334412 0.661000967 0.913906634 0.640747309 0.916044772 0.643070102 0.915654898 0.640077293 0.914394259 0.645858884 0.91530776 0.649491072 0.915994585 0.646176577 0.912645698 0.651220262 0.912441075 0.6546368 0.91402179 0.652336538 0.90964222 0.655042827 0.908358514 0.658136725 0.910634577 0.65655911 0.909500003 0.654951096 0.907592297 0.656413794 0.912281036 0.651224017 0.911092043 0.65331471 0.914140344 0.64591682 0.913724303 0.648777664 0.913802385 0.640875995 0.914382339 0.643243611 0.913248122 0.638936758 0.911740184 0.636405706 0.908967376 0.633298278 0.91113776 0.635187924 0.968975365 0.528738558 0.968990564 0.526660562 0.968134701 0.52798897 0.918536961 0.589379668 0.918741167 0.591806054 0.919118762 0.59085536 0.919502735 0.669490039 0.923352242 0.67935729 0.923440754 0.679215968 0.923110962 0.660321832 0.920215309 0.674265862 0.927071631 0.657261848 0.920339644 0.664754748 0.927297413 0.682138979 0.927343369 0.681979954 0.574048102 0.58769393 0.533859253 0.589351594 0.567498088 0.65692842 0.950261354 0.669443965 0.950260401 0.669515967 0.950260401 0.669495463 0.912278593 0.63383466 0.909045756 0.633110821 0.909874439 0.631606638 0.9119367 0.636209428 0.913286805 0.635079026 0.91493839 0.638138711 0.920339644 0.664754748 0.920145571 0.664880514 0.919959605 0.661320686 0.924870789 0.680655658 0.927343369 0.681979954 0.923307836 0.681822538 0.927071631 0.657261848 0.926894367 0.657154262 0.928406 0.654763937 0.919562578 0.677654207 0.92123121 0.676703393 0.923440754 0.679215968 0.920215309 0.674265862 0.920129597 0.674512148 0.917619646 0.672192276 0.957501531 0.70784843 0.95003897 0.707748294 0.953048289 0.699609041 0.938577771 0.684380472 0.936516762 0.684601665 0.914956033 0.671990573 0.914344311 0.672405303 0.913986921 0.671768785 0.941184521 0.654688478 0.941165447 0.654401362 0.942442119 0.655715108 0.936457455 0.637247026 0.93781209 0.637226284 0.939662933 0.570115685 0.939512134 0.569352448 0.939603746 0.569324136 0.94339788 0.569258749 0.943593621 0.568762779 0.943483174 0.569261909 0.880371988 0.643407404 0.879908383 0.647872388 0.877527595 0.643514276 0.942754865 0.699349284 0.919502735 0.669490039 0.919321775 0.669542372 0.91773504 0.666692376 0.917524517 0.669251263 0.919038713 0.662881255 0.922920883 0.660316765 0.92158097 0.659264207 0.923917353 0.657150149 0.926395357 0.655506909 0.921137333 0.678397 0.920429289 0.678896189 0.92580092 0.682047367 0.92520529 0.683144927 0.923110962 0.660321832 0.924876392 0.658433497 0.941954732 0.567223072 0.942249954 0.567140698 0.94200021 0.567336917 0.930607617 0.66211009 0.930610895 0.662020028 0.930614114 0.661929905 0.87965554 0.540257215 0.880646825 0.539766669 0.882769585 0.539626956 0.948397279 0.598876715 0.920545638 0.332553923 0.920873642 0.332485557 0.920758009 0.332798362 0.920945764 0.33281517 0.921189606 0.332612038 0.921202123 0.332423985 0.920987129 0.332169414 0.920799553 0.332152843 0.920557797 0.332365751 0.892476141 0.530192375 0.892433822 0.530027866 0.892583251 0.530113459 0.892586827 0.530022025 0.892483711 0.529878497 0.892394602 0.529858947 0.892280936 0.52995193 0.892277956 0.530043364 0.892386675 0.530173063 0.918311357 0.664581835 0.919334412 0.661000967 0.913906634 0.640747309 0.915654898 0.640077293 0.916044772 0.643070102 0.914394259 0.645858884 0.915994585 0.646176577 0.91530776 0.649491072 0.912645698 0.651220262 0.91402179 0.652336538 0.912441075 0.6546368 0.90964222 0.655042827 0.910634577 0.65655911 0.908358514 0.658136725 0.909500003 0.654951096 0.907592297 0.656413794 0.911092043 0.65331471 0.912281036 0.651224017 0.914140344 0.64591682 0.913724303 0.648777664 0.913802385 0.640875995 0.914382339 0.643243611 0.913248122 0.638936758 0.911740184 0.636405706 0.908967376 0.633298278 0.91113776 0.635187924 0.968975365 0.528738558 0.968134701 0.52798897 0.968990564 0.526660562 0.918536961 0.589379668 0.919118762 0.59085536 0.918741167 0.591806054 0.919502735 0.669490039 0.923440754 0.679215968 0.923352242 0.67935729 0.923110962 0.660321832 0.920215309 0.674265862 0.927071631 0.657261848 0.920339644 0.664754748 0.927343369 0.681979954 0.927297413 0.682138979 0.574048102 0.58769393 0.567498088 0.65692842 0.533859253 0.589351594 0.950261354 0.669443965 0.950260401 0.669495463 0.950260401 0.669515967 0.933215022 0.579438448 0.932436824 0.579433203 0.932465732 0.581369281 0.933238328 0.581374407 0.938417912 0.575540423 0.936564207 0.575528026 0.936564386 0.577525973 0.938404441 0.577538311 0.93656379 0.573895216 0.9384287 0.573907614 0.938440442 0.571871936 0.936528325 0.571859419 0.932832181 0.568735838 0.934683084 0.568644762 0.93463105 0.567568302 0.932816088 0.567735314 0.93645525 0.568586826 0.936550558 0.567483127 0.933144629 0.573872149 0.934906125 0.57388413 0.934828877 0.571848094 0.933077097 0.571835995 0.938449204 0.568578541 0.938449204 0.567465186 0.936564326 0.579460859 0.934940517 0.579450011 0.934951186 0.581385911 0.936563194 0.581396699 0.934782267 0.570770562 0.936505973 0.57076025 0.936481595 0.569700718 0.93473351 0.569732606 0.933006465 0.570783496 0.932933629 0.569769859 0.93839103 0.579473138 0.938376665 0.581408858 0.936564267 0.57471168 0.934911549 0.574700594 0.934916437 0.575516939 0.938445449 0.570767283 0.93844837 0.569702208 0.933155298 0.574688673 0.932363153 0.574683309 0.932375729 0.575499833 0.933165491 0.575505137 0.943586528 0.597039342 0.937765121 0.596994638 0.937721014 0.598794699 0.943542361 0.598839402 0.938423574 0.574724078 0.932297349 0.571830511 0.932216227 0.570789814 0.932132781 0.569787383 0.932002962 0.56878233 0.931579232 0.596947074 0.931535065 0.598747194 0.932350039 0.573866725 0.931866884 0.56782043 0.934947789 0.58182025 0.93323487 0.581808805 0.933231413 0.582243085 0.934944332 0.582254529 0.932462275 0.58180356 0.932458878 0.582237899 0.936559737 0.581831038 0.93655628 0.582265377 0.916996121 0.666592896 0.916778386 0.669249952 0.934940398 0.58275938 0.933227479 0.582747936 0.933223605 0.583252728 0.934936464 0.583264172 0.933217406 0.584045589 0.934930325 0.584057033 0.938373208 0.581843138 0.938369751 0.582277477 0.938365817 0.582782269 0.936552346 0.582770169 0.936548412 0.583274961 0.938361883 0.58328712 0.932454944 0.582742691 0.93245101 0.583247542 0.932444811 0.584040403 0.936542273 0.584067822 0.938355744 0.584079981 0.948684514 0.665243566 0.948491931 0.66287297 0.947271824 0.664194822 0.947031796 0.66747117 0.948952198 0.674337089 0.948854148 0.668342769 0.947080374 0.67064029 0.947177291 0.67642808 0.948953152 0.659770608 0.949020088 0.657431901 0.948270202 0.657398582 0.948141873 0.660109401 0.9199332 0.679272771 0.921622038 0.681176543 0.922009349 0.680706441 0.916877627 0.672299087 0.917290092 0.674289942 0.918005645 0.674097002 0.917643368 0.664341211 0.917658865 0.664394259 0.918189704 0.676475644 0.91874665 0.675937772 0.91763097 0.66433233 0.917643309 0.664341211 0.916825235 0.670773625 0.917571127 0.670719862 0.926281929 0.655066013 0.923575699 0.656677663 0.917301774 0.665338516 0.918023288 0.66557008 0.923067987 0.682356477 0.91898638 0.67793715 0.928296328 0.654359877 0.925029874 0.683588207 0.926370978 0.684196651 0.926466763 0.683778107 0.928649187 0.685072839 0.928745568 0.684673131 0.921064138 0.658837199 0.949020088 0.680048704 0.947202027 0.681871712 0.901343942 0.712343097 0.899937332 0.712377429 0.899893165 0.713916719 0.901151896 0.713901818 0.947897553 0.564402699 0.947903454 0.565352499 0.9483459 0.565430522 0.948339224 0.564451933 0.90060699 0.581319809 0.900347531 0.581337333 0.900347471 0.597765803 0.902575731 0.595776677 0.933211803 0.584767163 0.934924662 0.584778666 0.932439208 0.584761977 0.93653667 0.584789395 0.938350141 0.584801555 0.949231684 0.683068454 0.949299932 0.684865177 0.949504375 0.684850454 0.949428856 0.683055699 0.949069917 0.672828317 0.949044526 0.676311851 0.949240804 0.67630285 0.949266195 0.672824323 0.949299157 0.66552341 0.949236214 0.66726619 0.949433506 0.667268991 0.949495196 0.665530682 0.949423492 0.663683057 0.949604928 0.663753688 0.949108183 0.67997551 0.949304819 0.679963708 0.949157655 0.669694722 0.949355066 0.669695258 0.949357331 0.669622958 0.950260878 0.669443607 0.950286925 0.667277277 0.950517058 0.679848373 0.950345516 0.676172554 0.950258851 0.672693074 0.950260401 0.669515967 0.950831592 0.684734166 0.950699449 0.682945609 0.950343788 0.665540218 0.950423717 0.663644731 0.95019263 0.661666632 0.95036006 0.661854327 0.950831592 0.66241169 0.91291213 0.655035853 0.914564312 0.652647316 0.911014736 0.657029927 0.913756311 0.634687662 0.912172437 0.632737398 0.910175264 0.631054938 0.907341242 0.659461439 0.909313083 0.658316135 0.90686667 0.658977568 0.91590786 0.649695158 0.916596413 0.646617651 0.906292856 0.659983754 0.906144142 0.659342647 0.919501305 0.67187047 0.919587493 0.667227328 0.929252863 0.682858646 0.920895398 0.663302481 0.921649337 0.661923647 0.933190823 0.577503383 0.934928834 0.577515006 0.932406902 0.577498078 0.939230382 0.5731951 0.938802183 0.573515058 0.93963027 0.573802471 0.940299988 0.57289803 0.93941015 0.566646457 0.939276338 0.567926586 0.939427376 0.567941666 0.93954128 0.566659451 0.939121842 0.569377482 0.939309955 0.569375694 0.939552188 0.565281391 0.939670444 0.565293074 0.939425826 0.571293116 0.939569175 0.571743131 0.939736605 0.571571112 0.939605296 0.571200728 0.939197421 0.570242047 0.939385712 0.570212722 0.939686537 0.572247863 0.939904988 0.571965575 0.939615488 0.564626455 0.93973434 0.564638197 0.939278245 0.570686698 0.939468205 0.570662677 0.939604342 0.57272172 0.940120399 0.572413027 0.94009161 0.574032426 0.940536916 0.573342383 0.939773619 0.574287176 0.939308047 0.574033618 0.940788865 0.574849606 0.941182613 0.574559569 0.941825867 0.576706767 0.9413836 0.575791538 0.941127837 0.575842857 0.941610336 0.576593161 0.940483868 0.574979663 0.941725731 0.575681508 0.939625204 0.567970753 0.940679014 0.572753906 0.940476239 0.572308302 0.939750731 0.570586503 0.940016627 0.571451724 0.939882636 0.571122587 0.941402137 0.574441671 0.940928161 0.573259592 0.940217733 0.57184124 0.941874623 0.575652778 0.898327529 0.712401748 0.896746695 0.712434888 0.896702886 0.713941455 0.89828366 0.713921309 0.90338695 0.712305427 0.901617408 0.712361813 0.901425242 0.713922262 0.903340459 0.713904858 0.905843139 0.712171018 0.905795991 0.713907242 0.892019153 0.712525904 0.889457583 0.712575197 0.889417887 0.713953376 0.891978025 0.713949203 0.907801092 0.712654948 0.908006251 0.713903427 0.911449194 0.713529825 0.909859121 0.713145852 0.910354912 0.7139045 0.912841916 0.71391201 0.947905898 0.561030388 0.947892368 0.562883139 0.948334575 0.562884271 0.948346674 0.561108351 0.947911024 0.559362769 0.948355198 0.559336305 0.947898865 0.576920748 0.947886825 0.577627361 0.948346496 0.577612281 0.948358715 0.576900363 0.947934628 0.555446625 0.947932243 0.55571419 0.948371589 0.555792093 0.948371828 0.555524886 0.947899938 0.566566944 0.947908401 0.567759633 0.948351204 0.567752123 0.948342919 0.566575766 0.947919905 0.557590663 0.948363841 0.557564259 0.947895348 0.576751709 0.94836241 0.576733053 0.947897255 0.564328253 0.948338866 0.564377427 0.934595525 0.661915183 0.934583068 0.659548879 0.93396616 0.659526825 0.933981597 0.66189301 0.947893858 0.571324646 0.94788599 0.573256254 0.948338866 0.573303163 0.948343158 0.571352363 0.934470356 0.682814896 0.934505582 0.678566575 0.933890998 0.678544104 0.933883488 0.682223141 0.934560478 0.669997871 0.93459934 0.665704429 0.933986247 0.66568172 0.933946848 0.669975281 0.934593797 0.656779468 0.933973432 0.656757414 0.934532702 0.674283147 0.933918357 0.674261093 0.934605539 0.645228565 0.934621572 0.640511036 0.93396765 0.640467227 0.933961451 0.645191669 0.934596062 0.662095249 0.933982313 0.662073016 0.934542418 0.6328035 0.933901787 0.633320928 0.931659341 0.659443676 0.931568742 0.661964059 0.934576869 0.653934956 0.933948874 0.653911591 0.931568742 0.661964118 0.930704713 0.659409344 0.930614114 0.661929905 0.931861877 0.65383321 0.931759059 0.656677485 0.930977821 0.678443313 0.930845857 0.682168722 0.931438982 0.66559118 0.931281865 0.669880807 0.931129575 0.674161553 0.932348073 0.640353739 0.93217814 0.645090282 0.933982253 0.662073076 0.931562304 0.662144303 0.9326092 0.633323908 0.93082577 0.682746053 0.932635903 0.63272649 0.934595585 0.631845891 0.934668601 0.630127251 0.932724118 0.630148292 0.93265599 0.631766021 0.934574485 0.632249236 0.932654738 0.63217026 0.934572697 0.683461785 0.930926561 0.683384895 0.930607677 0.66211009 0.930484593 0.665557623 0.931769967 0.630109251 0.931701839 0.63172704 0.930327117 0.66984725 0.929886758 0.682127416 0.92986095 0.682698071 0.931394696 0.64031899 0.931223512 0.645055771 0.930174887 0.674127579 0.931699872 0.632131279 0.93168205 0.632686794 0.931656897 0.633284092 0.930022001 0.67840904 0.930907249 0.653798699 0.930804431 0.656642973 0.929983437 0.683323741 0.912903547 0.584395111 0.912856042 0.588815212 0.914321423 0.588899732 0.914332926 0.584439814 0.912883043 0.589782 0.914332926 0.589831531 0.910323858 0.522938848 0.908873975 0.522889912 0.909928381 0.53142488 0.911431134 0.53123343 0.910698295 0.537470818 0.912201047 0.537279487 0.91134876 0.543269634 0.912851512 0.543078184 0.906965673 0.554001451 0.907690227 0.559694409 0.908918917 0.559538007 0.908194304 0.553844988 0.937012553 0.658734024 0.93726486 0.662424564 0.937978208 0.662198305 0.937746942 0.658834636 0.937450767 0.665128052 0.937585354 0.667749345 0.938446283 0.66927737 0.938174188 0.665157616 0.934980869 0.67227602 0.935872376 0.673014462 0.934761167 0.674723446 0.935632646 0.675094247 0.934692979 0.680650473 0.935651898 0.680625737 0.939781904 0.66422236 0.940020382 0.667187631 0.940486729 0.666540921 0.940285027 0.663927197 0.939435303 0.659000993 0.939623952 0.661783755 0.940142214 0.661651671 0.939975679 0.65906018 0.939369321 0.656193852 0.939912736 0.65620482 0.939039111 0.675209939 0.938404799 0.671355665 0.93885833 0.675225198 0.940302134 0.669717312 0.940756142 0.668956161 0.937575102 0.656195045 0.940621793 0.674960017 0.939116776 0.68052417 0.940671265 0.680495143 0.9568941 0.568042994 0.956637383 0.558764696 0.952676892 0.558782279 0.952933729 0.568060577 0.935892224 0.680633068 0.935891688 0.675107956 0.936060071 0.673589706 0.938932121 0.680546641 0.940363169 0.684981823 0.965277195 0.57513994 0.964209378 0.57688874 0.964842618 0.577024341 0.965698004 0.575456798 0.96235919 0.585306704 0.96235919 0.592544794 0.963093638 0.591397822 0.963166595 0.585311949 0.967485189 0.592778385 0.966956079 0.591874063 0.968761086 0.586091816 0.968685806 0.578112721 0.968160391 0.578052223 0.968018472 0.585938692 0.967914343 0.574554801 0.967572868 0.57506454 0.899322987 0.520435512 0.90071249 0.520405054 0.900929689 0.516854286 0.898854136 0.516919613 0.900519133 0.50874263 0.898945987 0.510027528 0.898793161 0.511420369 0.900955379 0.511526227 0.955459297 0.547258377 0.955454886 0.546246767 0.951494396 0.546264291 0.951498926 0.547275901 0.956655204 0.534506202 0.9568941 0.525449276 0.952933729 0.5254668 0.952694774 0.534523785 0.910102069 0.57884115 0.911320508 0.578395784 0.909531474 0.564347982 0.908302844 0.564504504 0.935369015 0.685254574 0.911604643 0.589831531 0.912851512 0.589656234 0.913249671 0.667969286 0.912740469 0.668010354 0.912288964 0.665021122 0.911772311 0.665041625 0.911299288 0.662411034 0.910812557 0.662445188 0.910597146 0.660923839 0.910253286 0.661176205 0.910767913 0.660690248 0.910052121 0.660675764 0.916754007 0.684676111 0.9165411 0.68237406 0.916332424 0.68237555 0.916546464 0.684689641 0.916205227 0.679089606 0.915995419 0.679087937 0.915756762 0.675149322 0.91522646 0.672054291 0.915553331 0.675146699 0.911577523 0.662362814 0.912578523 0.664980769 0.949159801 0.669622362 0.914599776 0.675103366 0.915021241 0.679102778 0.915357292 0.682411671 0.915562451 0.684737504 0.914131403 0.675154746 0.914613426 0.679156125 0.914948761 0.682457209 0.915156603 0.684777915 0.94660002 0.579565048 0.946365297 0.58106482 0.946758628 0.581207752 0.946935356 0.579841137 0.946219265 0.582145691 0.94664067 0.582279205 0.94638586 0.583827019 0.94672209 0.583703279 0.946600497 0.584801555 0.946935356 0.584683061 0.908970773 0.669947505 0.907992423 0.669576287 0.90758425 0.670589387 0.90937978 0.671757281 0.906139493 0.666748941 0.906711459 0.666518033 0.905224502 0.664462984 0.905727684 0.664162874 0.904213309 0.661272466 0.902930081 0.659368873 0.902438164 0.659735918 0.903692544 0.661492169 0.901870608 0.663177848 0.900310397 0.661778212 0.899676085 0.662546992 0.901314735 0.663751125 0.90100795 0.661060035 0.902435184 0.662602067 0.903588831 0.665057838 0.904263914 0.666794717 0.905192316 0.66911906 0.90341717 0.666702807 0.902863085 0.665199101 0.902143836 0.665241003 0.90259254 0.666578114 0.904079318 0.668397367 0.902968168 0.667661667 0.901651025 0.666337013 0.901714563 0.666645288 0.899402738 0.662994206 0.900988042 0.664193451 0.90141952 0.665152788 0.898883283 0.664089501 0.8990466 0.665448189 0.899284244 0.665816784 0.9464733 0.57579577 0.94669801 0.576300383 0.946716189 0.57618475 0.946500778 0.575701714 0.94694078 0.576933622 0.946982801 0.576807737 0.945794523 0.574216962 0.946248531 0.575291157 0.946285367 0.575218678 0.945881486 0.574160457 0.94787091 0.577627361 0.947875023 0.577479303 0.945531249 0.573367715 0.945664763 0.573405027 0.935192764 0.645986557 0.936048329 0.650112391 0.936670363 0.649756312 0.935877085 0.645822227 0.934874535 0.636554301 0.934692979 0.638940811 0.935397804 0.638932824 0.934817851 0.642177403 0.935503364 0.642088592 0.937802553 0.650769532 0.937647045 0.651070237 0.939465463 0.652590513 0.939470112 0.652875364 0.940307438 0.653489411 0.940325558 0.653771996 0.93720597 0.6492486 0.936613858 0.645742655 0.936299026 0.642053604 0.936142385 0.638977408 0.938182831 0.649785519 0.939507961 0.651108623 0.940254927 0.651663601 0.942538202 0.653424442 0.940992773 0.652231812 0.945359647 0.654018342 0.945096374 0.656169474 0.940857112 0.636519313 0.940946162 0.638802588 0.942699909 0.638786972 0.942664266 0.63648504 0.940177143 0.636542678 0.940274954 0.638818145 0.93972075 0.645873785 0.938560009 0.64555335 0.939723492 0.641925931 0.938235402 0.641961515 0.939607978 0.638838232 0.938078463 0.638909996 0.940391123 0.641924858 0.941063583 0.641927361 0.940431178 0.64608252 0.94114691 0.646293521 0.942770481 0.64668107 0.942776382 0.641951978 0.94623661 0.638867259 0.946249366 0.636537135 0.946249366 0.642119825 0.946161509 0.647048831 0.939723074 0.568003774 0.940291703 0.566950619 0.94021672 0.566893816 0.941096008 0.566144586 0.941034257 0.566081524 0.94148761 0.565761328 0.941426456 0.565698624 0.942036271 0.576488256 0.94232893 0.577289104 0.942377985 0.577249885 0.942131162 0.576458693 0.941433132 0.571493626 0.941497147 0.57179153 0.941655159 0.571769595 0.941624165 0.571484923 0.941404223 0.572767317 0.941632211 0.573821485 0.941673636 0.573731244 0.941467643 0.572706401 0.941541731 0.572034001 0.941434145 0.572361946 0.941529155 0.572313309 0.941664279 0.571994603 0.942211449 0.575926542 0.942459285 0.5767591 0.942473114 0.576684535 0.94222486 0.575845778 0.941968083 0.575076401 0.941983402 0.574987054 0.941285372 0.569911361 0.941314518 0.570632577 0.941567302 0.57065028 0.941613197 0.56994772 0.941389501 0.571125627 0.941613853 0.571093798 0.940117061 0.57114768 0.940226316 0.571484864 0.940008104 0.570604205 0.939975202 0.570114374 0.940839708 0.572655618 0.940995991 0.573163271 0.941438556 0.574341893 0.941889703 0.575555921 0.940409243 0.571867824 0.940678656 0.572278976 0.942141593 0.576369286 0.942386508 0.577165604 0.939870477 0.569304407 0.939959824 0.568074167 0.940476894 0.567094088 0.942036867 0.56789273 0.941838205 0.568559647 0.942018092 0.568645 0.942211747 0.567951322 0.941503167 0.56939286 0.941700995 0.569508314 0.941260874 0.566312432 0.941648006 0.565926671 0.942435145 0.567228794 0.942681909 0.566873133 0.94250685 0.566751659 0.939703405 0.567695618 0.939505577 0.567666531 0.941861212 0.567850471 0.941632569 0.568535328 0.941269279 0.569388628 0.940444648 0.569880724 0.940275371 0.569333375 0.940332651 0.568223417 0.940799654 0.567325771 0.941411555 0.566659212 0.945268512 0.572258234 0.945062459 0.57087481 0.944983423 0.570928812 0.945191979 0.572314739 0.943322361 0.569221616 0.943245292 0.569893241 0.943319798 0.569932997 0.945493519 0.575369596 0.94542253 0.573779345 0.94534862 0.573839068 0.945384324 0.5754264 0.943776727 0.568080306 0.943432987 0.568431318 0.943510592 0.56846559 0.943796515 0.568164647 0.945520282 0.577627361 0.945520282 0.576694369 0.945446849 0.576755404 0.945451617 0.577623725 0.943161964 0.576103032 0.943223834 0.576821446 0.943288445 0.576826274 0.943232834 0.576154351 0.944880605 0.569954634 0.944799423 0.570005894 0.943075359 0.572000623 0.943049967 0.573386669 0.943122208 0.573434234 0.943148792 0.572045207 0.944690287 0.569114447 0.944601834 0.569164634 0.943090498 0.57485944 0.943161905 0.57490921 0.944475114 0.568592668 0.944403708 0.568661273 0.943609834 0.568523407 0.945034623 0.572334766 0.945190191 0.573849201 0.945223331 0.575435817 0.945288181 0.576759815 0.944642961 0.570039868 0.944826245 0.570956469 0.944446623 0.569209099 0.945294321 0.577624679 0.94428134 0.568707824 0.943245649 0.574905694 0.943205476 0.573433876 0.943240225 0.570784688 0.943230987 0.572048903 0.943321168 0.570791364 0.943400204 0.569941521 0.943316996 0.57614851 0.892549813 0.890767097 0.888815045 0.973351657 0.987412751 0.97502327 0.988813579 0.892399192 0.744021595 0.88824892 0.738641322 0.970805585 0.567822635 0.885261595 0.561156452 0.967796445 0.40160808 0.882443547 0.395236611 0.964983404 0.253393233 0.879930675 0.245956913 0.962452471 0.157058403 0.878297389 0.145427689 0.960748076 0.0735120922 0.876880944 0.0231633317 0.876027286 0.0152211925 0.957466841 0.0675664693 0.959428012 0.897184372 0.643118024 0.891121149 0.64313525 0.891263902 0.648008466 0.896936536 0.648182034 0.885503173 0.643215418 0.885587871 0.64790529 0.922051549 0.699348688 0.936028004 0.707621574 0.943329573 0.707748294 0.929825783 0.699349284 0.929836571 0.656001747 0.929409146 0.654361308 0.929295063 0.653970003 0.941089511 0.569688261 0.937636316 0.639527142 0.937802017 0.642582536 0.93682605 0.642615199 0.936652362 0.639568508 0.938177466 0.646112502 0.937709391 0.649362147 0.937123656 0.646234632 0.9366768 0.638107419 0.937485695 0.637982011 0.937640011 0.649332583 0.931251109 0.525718212 0.931226671 0.527179241 0.932210624 0.527137876 0.932060003 0.525592804 0.931400359 0.530225992 0.932376325 0.530193329 0.931697965 0.533845425 0.932751775 0.533723235 0.93221432 0.536943316 0.9322837 0.53697288 0.942692876 0.576873899 0.942701042 0.577029645 0.943237066 0.576976657 0.949314654 0.685254574 0.949520946 0.685239375 0.943300366 0.576968968 0.932006896 0.6498276 0.931052208 0.649793029 0.933954716 0.64991653 0.934589803 0.649946034 0.947901726 0.569393039 0.948347509 0.569401622 0.894580722 0.712476611 0.894538164 0.713945031 0.874649405 0.529717207 0.875116408 0.535155118 0.875840902 0.535064816 0.875419319 0.530090332 0.888743103 0.539101005 0.891150117 0.538733721 0.890534699 0.538333714 0.888347685 0.538664341 0.885888934 0.539585233 0.885699332 0.53911978 0.879280388 0.540829539 0.882685125 0.540139794 0.878561616 0.534694791 0.87822783 0.530002117 0.893382251 0.538410187 0.892578661 0.538037181 0.87894994 0.540777445 0.879352629 0.540209055 0.876967192 0.539810777 0.878613412 0.540666521 0.87905091 0.540106893 0.877538919 0.539324284 0.87947017 0.538495839 0.893343508 0.536771476 0.893232286 0.533638239 0.892380953 0.533670068 0.892517328 0.536674857 0.874576271 0.526533782 0.875359774 0.526543021 0.880242884 0.539585829 0.879899621 0.539181232 0.915318608 0.341614246 0.918043852 0.341235638 0.917802811 0.339612484 0.915041506 0.339987397 0.920506597 0.340890229 0.920495808 0.339319587 0.92253834 0.340632081 0.922468603 0.339134574 0.917692959 0.33660078 0.914942563 0.336710215 0.920587301 0.336508274 0.922564387 0.336401522 0.917871892 0.332274318 0.915101767 0.332319498 0.924408197 0.339135408 0.924437702 0.340398669 0.924339175 0.336351812 0.918015122 0.329789877 0.915251255 0.329620123 0.878149033 0.526569247 0.911561131 0.329395056 0.911478579 0.332572937 0.911585093 0.336926043 0.912304938 0.340472221 0.920241296 0.33243829 0.920829892 0.333115876 0.921506464 0.332552314 0.920911551 0.331847906 0.892429531 0.530331492 0.892729938 0.53011024 0.892445803 0.529714644 0.892129421 0.529973507 0.948339522 0.554782748 0.947967172 0.55471617 0.906315744 0.657154381 0.929932237 0.685121238 0.930850983 0.685163021 0.934668601 0.685254574 0.905634761 0.65753603 0.916254342 0.639898419 0.915211797 0.637221336 0.967403173 0.65827769 0.968639612 0.658144593 0.968572855 0.657678068 0.967336416 0.657811165 0.965917945 0.658324361 0.965851188 0.657857835 0.964680791 0.65827322 0.964614153 0.657806635 0.942248464 0.669831753 0.942728937 0.669213057 0.942417562 0.680411398 0.942143738 0.685060322 0.942610919 0.685088634 0.942893803 0.680424511 0.942385435 0.67462194 0.942893803 0.674609601 0.965856314 0.657733381 0.964482903 0.65766871 0.885045111 0.588836074 0.884545982 0.588743806 0.88454169 0.591228247 0.88504082 0.591366887 0.885002911 0.599756122 0.884983063 0.598837554 0.884488285 0.598864496 0.884508133 0.599783063 0.884979367 0.597399354 0.884999812 0.595126867 0.884502232 0.595022261 0.884484589 0.597426355 0.885038257 0.592833042 0.884538949 0.592832208 0.885034442 0.600449145 0.884536386 0.600470662 0.884550929 0.586128473 0.885050297 0.58612746 0.885064304 0.583631516 0.884565055 0.583619297 0.942452252 0.524443865 0.94244349 0.52397567 0.941831112 0.523957133 0.941741407 0.524385571 0.947655737 0.517928004 0.947213292 0.517685175 0.946789563 0.520450294 0.947148919 0.520831108 0.945942521 0.521818519 0.946218669 0.522192299 0.944525957 0.523606181 0.944328904 0.523125887 0.962201774 0.52713877 0.96385026 0.526971698 0.96340692 0.523623466 0.961779773 0.52344954 0.966309607 0.518066466 0.96617651 0.517105877 0.965711236 0.516332746 0.964253604 0.518821597 0.885073721 0.581950128 0.884574473 0.581937492 0.885048985 0.586568892 0.884549677 0.586566925 0.94438988 0.510665894 0.944609821 0.510292649 0.942850173 0.509926438 0.942809582 0.510339558 0.942170918 0.509966195 0.942350566 0.510363877 0.964506626 0.530449688 0.96795541 0.530838907 0.966663837 0.529135227 0.966220379 0.52910471 0.885077178 0.581334651 0.884577751 0.581352293 0.9671157 0.528954923 0.967350364 0.511327267 0.966578484 0.512017071 0.967636824 0.513647735 0.968375683 0.513010204 0.964469671 0.514880836 0.962864101 0.51800108 0.963784456 0.530210674 0.964996397 0.528937995 0.961881757 0.5210464 0.963406861 0.52174747 0.965666771 0.513067901 0.966803968 0.514624655 0.966210902 0.522728622 0.966103256 0.52523154 0.967706919 0.510969102 0.968713105 0.512667656 0.968781233 0.514362276 0.967974842 0.514994562 0.968353152 0.516518235 0.969189763 0.515933037 0.967112541 0.515876532 0.967462301 0.517304778 0.939701438 0.522237539 0.939938724 0.521936417 0.939545989 0.520617366 0.939258039 0.520880818 0.968691349 0.519145072 0.969550252 0.51862371 0.967759728 0.519803345 0.939263821 0.51824367 0.938954353 0.518472195 0.968814492 0.521229982 0.969686329 0.520762503 0.967872322 0.521830082 0.939246535 0.516330361 0.938916385 0.516530395 0.969686329 0.528496742 0.969577014 0.526438355 0.940317094 0.51135993 0.940795779 0.511603117 0.96884048 0.52516371 0.969619989 0.52475512 0.969667017 0.523986161 0.968953073 0.524256408 0.939795196 0.512772381 0.939339757 0.512726665 0.939160764 0.513461351 0.939519167 0.513403296 0.96804899 0.524547815 0.96614629 0.529033244 0.966343045 0.528648794 0.966142297 0.528056502 0.967021823 0.528367102 0.967510164 0.52776736 0.966933191 0.528754771 0.96633774 0.520668268 0.946364582 0.51110971 0.946847975 0.510899544 0.947655737 0.513889551 0.947187245 0.513756871 0.940306902 0.52337563 0.940507174 0.522989035 0.969154716 0.512550414 0.968211532 0.510958314 0.921532452 0.514174581 0.920976937 0.514185309 0.920970976 0.514561176 0.921491683 0.514551163 0.920981288 0.526090503 0.921536028 0.526093125 0.921494603 0.525722563 0.920974612 0.525720119 0.923844934 0.517011046 0.923613906 0.516482949 0.923311114 0.516702414 0.923658848 0.51720953 0.9168818 0.520637214 0.917124689 0.523160994 0.917359531 0.522974133 0.917131841 0.520608485 0.923242211 0.52433002 0.923554838 0.52318716 0.923386931 0.522998691 0.923093915 0.524070024 0.946818352 0.511661768 0.947334349 0.511724114 0.923844934 0.519568086 0.923658848 0.519606352 0.917935848 0.524218798 0.919322729 0.525350034 0.919420004 0.525027514 0.918119848 0.523965597 0.922717214 0.515517831 0.922602057 0.51580894 0.919374347 0.514574528 0.91946882 0.514926016 0.916837931 0.51727736 0.917090714 0.517459154 0.923790157 0.521179795 0.923607528 0.521117091 0.922718823 0.525240302 0.922603369 0.524923205 0.884605527 0.580677748 0.885073721 0.580653846 0.885048568 0.580421329 0.884580374 0.58044529 0.969480515 0.512417793 0.968537331 0.510825694 0.885069609 0.601118803 0.884601951 0.601137877 0.884611428 0.601371527 0.885079086 0.601352453 0.886066556 0.571425557 0.892906964 0.571425557 0.892906964 0.564585209 0.886066556 0.564585209 0.892906964 0.557744801 0.886066556 0.557744801 0.892906964 0.550904393 0.886066556 0.550904393 0.892906964 0.544064045 0.886066556 0.544064045 0.879226208 0.557744801 0.879226208 0.550904393 0.899747372 0.557744801 0.899747372 0.550904393 0.95956099 0.640402198 0.959740162 0.641498685 0.961930633 0.641120851 0.96175158 0.640024424 0.960257292 0.644499719 0.960433483 0.645521939 0.962624073 0.645144165 0.962447762 0.644121945 0.96252346 0.62890178 0.961676717 0.629185379 0.962307453 0.631651521 0.963103175 0.631321907 0.939369321 0.656193852 0.937575102 0.656195045 0.960748911 0.629782856 0.96018374 0.630255461 0.961676717 0.632030845 0.96225512 0.63158381 0.968633294 0.631425619 0.968477726 0.631194234 0.967292428 0.633465111 0.96745801 0.633745551 0.95937264 0.639309764 0.96156323 0.63893199 0.96511364 0.628850579 0.96439755 0.628811717 0.963905573 0.631269276 0.964638233 0.631350219 0.965773463 0.628984272 0.965329885 0.631451845 0.959020853 0.637270331 0.95918417 0.63821739 0.961374879 0.637839556 0.961211443 0.636892557 0.963309646 0.628711283 0.963889599 0.631177843 0.968328595 0.630964816 0.96801877 0.630633712 0.966722965 0.632714152 0.967130661 0.633192301 0.967570901 0.630237281 0.96724999 0.630018651 0.965890884 0.631983221 0.966247082 0.632281959 0.914332926 0.584439814 0.912903547 0.584395111 0.958995819 0.637124956 0.96118629 0.636747181 0.92123121 0.676703393 0.920129597 0.674512148 0.959231973 0.631444633 0.958989143 0.631884634 0.960932493 0.632957637 0.961170435 0.632514596 0.961160898 0.649739385 0.961187243 0.649891913 0.963377714 0.649514139 0.963351369 0.64936161 0.919501305 0.67187047 0.919321775 0.669542372 0.959712744 0.630766332 0.961240292 0.632552087 0.966672778 0.629704654 0.965318561 0.631541252 0.958317757 0.635253072 0.958368421 0.635485709 0.960582733 0.635007083 0.960502505 0.634777486 0.968380451 0.632164478 0.968639612 0.631574154 0.967471242 0.633908689 0.967265248 0.634387195 0.961217999 0.65003258 0.961232901 0.650136173 0.963423491 0.649758339 0.963408589 0.649654806 0.919587493 0.667227328 0.958689928 0.632588089 0.960622191 0.633663356 0.936846197 0.656257212 0.936846197 0.656257212 0.958653569 0.636371553 0.960857391 0.635975361 0.961301923 0.650549769 0.963492393 0.650171936 0.958308578 0.633879364 0.958350301 0.634644508 0.960574508 0.634751141 0.960515857 0.633997262 0.939912736 0.65620482 0.920895457 0.663302481 0.921649337 0.661923647 0.958753347 0.636578023 0.960943937 0.636200249 0.920145571 0.664880514 0.947886825 0.577627361 0.948346496 0.577612281 0.929252863 0.682858646 0.927297413 0.682138979 0.958858609 0.637030065 0.961049199 0.636652291 0.922920883 0.660316765 0.932724118 0.630148292 0.931769967 0.630109251 0.924876392 0.658433497 0.958326936 0.633538187 0.960541725 0.633657098 0.967873573 0.630584121 0.967694283 0.630404949 0.96645391 0.632392704 0.966616511 0.632541001 0.929836571 0.656001747 0.926894367 0.657154262 0.934668601 0.630127251 0.924870789 0.680655658 0.923352242 0.67935729 0.96064198 0.6467309 0.960850477 0.647939861 0.963041067 0.647562087 0.96283257 0.646353126 0.960132122 0.643773854 0.962322593 0.64339608 0.96001029 0.643067896 0.96220088 0.642690122 0.966751695 0.646922112 0.966543198 0.645713151 0.967130542 0.64911902 0.96711278 0.649015963 0.965640783 0.640480995 0.965452075 0.639386237 0.966334701 0.644504249 0.967201829 0.649532199 0.96615839 0.64348197 0.967088342 0.648874164 0.965263605 0.638293803 0.967061996 0.648721695 0.964886785 0.636108994 0.964866996 0.635993898 0.964788198 0.635537207 0.965075254 0.637201369 0.964911938 0.63625437 0.96603322 0.642756104 0.965911388 0.642050147 0.962085962 0.642023861 0.96579659 0.641383946 0.964497924 0.655942678 0.968197346 0.655304611 0.811587453 0.583206832 0.725920916 0.58347404 0.727938771 0.659038782 0.808085799 0.661729753 0.646545231 0.584717095 0.647742808 0.657438517 0.236960918 0.653523862 0.236960918 0.611798048 0.15982163 0.60643667 0.158389121 0.656251311 0.0759461522 0.601092458 0.07100036 0.657836556 0.00680285692 0.598444462 0.00238320976 0.66087091 -0.0144859031 0.656883478 0.0710541457 0.656745195 0.0952845588 0.606122851 0.00879604369 0.602958739 0.212530121 0.656883478 0.230023652 0.605931044 0.947935164 0.57651484 0.947909355 0.576489925 0.947909355 0.576489925 0.947935164 0.57651484 0.929591715 0.584766984 0.929556727 0.584777772 0.929556727 0.584777772 0.929591715 0.584766984 0.947908044 0.576541364 0.947935224 0.5765149 0.947935224 0.5765149 0.947908044 0.576541364 0.917587161 0.664441347 0.917658865 0.664394259 0.917587161 0.664441347 0.917643368 0.664341211 0.91763097 0.66433233 0.917643309 0.664341211 0.901338518 0.713906765 0.901530683 0.712346315 0.901431799 0.712349057 0.901239753 0.713907838 0.948338866 0.564377427 0.947897255 0.564328253 0.947897553 0.564402699 0.948339224 0.564451933 0.933982313 0.662073016 0.934596062 0.662095249 0.934595525 0.661915183 0.933981597 0.66189301 0.931568742 0.661964059 0.931562304 0.662144303 0.933982253 0.662073076 0.930607677 0.66211009 0.931568742 0.661964118 0.95991832 0.642397761 0.959891379 0.642378688 0.959891379 0.642378688 0.95991832 0.642397761 0.959899306 0.642424703 0.959899306 0.642424703 0.916742623 0.643346548 0.916681528 0.643390417 0.916681528 0.643390417 0.916742623 0.643346548 0.929050088 0.558780074 0.929071605 0.558784664 0.929071605 0.558784664 0.929050088 0.558780074 0.916749239 0.643522501 0.916749239 0.643522501 0.938485563 0.573747277 0.938478291 0.573726654 0.938478291 0.573726654 0.938485563 0.573747277 0.928858161 0.59872663 0.92874819 0.598597705 0.92874819 0.598597705 0.928858161 0.59872663 0.949357331 0.669622958 0.950260878 0.669443607 0.943165302 0.570757329 0.943178535 0.570750117 0.943178535 0.570750117 0.943165302 0.570757329 0.949159801 0.669622362 0.913510263 0.667922139 0.913566887 0.667956948 0.913566887 0.667956948 0.913510263 0.667922139 0.949157655 0.669694722 0.949355066 0.669695258 0.91353792 0.667878747 0.913510203 0.667922139 0.913510203 0.667922139 0.91353792 0.667878747 0.943167567 0.570729256 0.943167567 0.570729256 0.573765874 0.668462217 0.514517725 0.667846799 0.510371447 0.72983402 0.563367426 0.73102355 0.446731925 0.666534781 0.380150497 0.66562289 0.376069814 0.726291537 0.4426274 0.727726579 0.659806013 0.669853508 0.585250258 0.669606328 0.574841619 0.732237935 0.65547049 0.734260321 0.763375401 0.667928934 0.758811116 0.737852216 0.181052834 0.662564695 0.073174119 0.660907745 0.0694567859 0.716405451 0.177207857 0.719879508 0.845056891 0.690223694 0.851837397 0.740843534 0.0372738279 0.660896897 -0.0036435239 0.67427367 0.288931668 0.664221764 0.28495878 0.723353744 0.933945358 0.553021073 0.934538245 0.553551078 0.936083496 0.548048854 0.935349762 0.548062325 0.928733826 0.549592197 0.933214307 0.551545024 0.93364799 0.549978256 0.93048209 0.543818831 0.934556663 0.537452161 0.936083496 0.537046194 0.92992276 0.556230187 0.929237306 0.554660082 0.922561646 0.5477916 0.915816367 0.546912193 0.915410042 0.549359202 0.92227149 0.549577713 0.91532439 0.553852201 0.92220217 0.552864134 0.933423221 0.552463949 0.9287498 0.552725852 0.929198325 0.531352818 0.92537868 0.524555624 0.922507167 0.528856397 0.927240372 0.534532666 0.919825256 0.534371495 0.92542994 0.538580358 0.932837665 0.539250016 0.934522867 0.548563123 0.931803107 0.528466165 0.929156363 0.520649672 0.934005082 0.549177051 0.931595981 0.541264892 0.916069508 0.558064103 0.92274195 0.555925846 0.933202624 0.551872253 0.92863518 0.550663948 0.917508662 0.561866641 0.923903823 0.558938503 0.934617698 0.527520239 0.932686329 0.519339204 0.933215022 0.579438448 0.933238328 0.581374407 0.932465732 0.581369281 0.932436824 0.579433203 0.936564386 0.577525973 0.936564207 0.575528026 0.93656379 0.573895216 0.936528325 0.571859419 0.932832181 0.568735838 0.932816088 0.567735314 0.93463105 0.567568302 0.934683084 0.568644762 0.936550558 0.567483127 0.93645525 0.568586826 0.933144629 0.573872149 0.933077097 0.571835995 0.934828877 0.571848094 0.934906125 0.57388413 0.936564326 0.579460859 0.936563194 0.581396699 0.934951186 0.581385911 0.934940517 0.579450011 0.934782267 0.570770562 0.93473351 0.569732606 0.936481595 0.569700718 0.936505973 0.57076025 0.933006465 0.570783496 0.932933629 0.569769859 0.936564267 0.57471168 0.934916437 0.575516939 0.934911549 0.574700594 0.933155298 0.574688673 0.933165491 0.575505137 0.932375729 0.575499833 0.932363153 0.574683309 0.943586528 0.597039342 0.943542361 0.598839402 0.937721014 0.598794699 0.937765121 0.596994638 0.932297349 0.571830511 0.932216227 0.570789814 0.932132781 0.569787383 0.932002962 0.56878233 0.931535065 0.598747194 0.931579232 0.596947074 0.932350039 0.573866725 0.931866884 0.56782043 0.934947789 0.58182025 0.934944332 0.582254529 0.933231413 0.582243085 0.93323487 0.581808805 0.932458878 0.582237899 0.932462275 0.58180356 0.936559737 0.581831038 0.93655628 0.582265377 0.916996121 0.666592896 0.916778386 0.669249952 0.934940398 0.58275938 0.934936464 0.583264172 0.933223605 0.583252728 0.933227479 0.582747936 0.934930325 0.584057033 0.933217406 0.584045589 0.936548412 0.583274961 0.936552346 0.582770169 0.93245101 0.583247542 0.932454944 0.582742691 0.932444811 0.584040403 0.936542273 0.584067822 0.948684514 0.665243566 0.947031796 0.66747117 0.947271824 0.664194822 0.948491931 0.66287297 0.948952198 0.674337089 0.947177291 0.67642808 0.947080374 0.67064029 0.948854148 0.668342769 0.948953152 0.659770608 0.948141873 0.660109401 0.9199332 0.679272771 0.922009349 0.680706441 0.921622038 0.681176543 0.916877627 0.672299087 0.918005645 0.674097002 0.917290092 0.674289942 0.917658865 0.664394259 0.917643368 0.664341211 0.91874665 0.675937772 0.918189704 0.676475644 0.917643309 0.664341211 0.91763097 0.66433233 0.916825235 0.670773625 0.917571127 0.670719862 0.926281929 0.655066013 0.923575699 0.656677663 0.917301774 0.665338516 0.918023288 0.66557008 0.923067987 0.682356477 0.91898638 0.67793715 0.928296328 0.654359877 0.925029874 0.683588207 0.926466763 0.683778107 0.926370978 0.684196651 0.928745568 0.684673131 0.928649187 0.685072839 0.921064138 0.658837199 0.949020088 0.680048704 0.947202027 0.681871712 0.901343942 0.712343097 0.901151896 0.713901818 0.899893165 0.713916719 0.899937332 0.712377429 0.947897553 0.564402699 0.948339224 0.564451933 0.9483459 0.565430522 0.947903454 0.565352499 0.90060699 0.581319809 0.902575731 0.595776677 0.900347471 0.597765803 0.900347531 0.581337333 0.934924662 0.584778666 0.933211803 0.584767163 0.932439208 0.584761977 0.93653667 0.584789395 0.949231684 0.683068454 0.949428856 0.683055699 0.949504375 0.684850454 0.949299932 0.684865177 0.949069917 0.672828317 0.949266195 0.672824323 0.949240804 0.67630285 0.949044526 0.676311851 0.949299157 0.66552341 0.949495196 0.665530682 0.949433506 0.667268991 0.949236214 0.66726619 0.949423492 0.663683057 0.949604928 0.663753688 0.949304819 0.679963708 0.949108183 0.67997551 0.949157655 0.669694722 0.949355066 0.669695258 0.950286925 0.667277277 0.950260878 0.669443607 0.949357331 0.669622958 0.950345516 0.676172554 0.950517058 0.679848373 0.950260401 0.669515967 0.950258851 0.672693074 0.950699449 0.682945609 0.950831592 0.684734166 0.950343788 0.665540218 0.950423717 0.663644731 0.95019263 0.661666632 0.95036006 0.661854327 0.950831592 0.66241169 0.91291213 0.655035853 0.914564312 0.652647316 0.911014736 0.657029927 0.913756311 0.634687662 0.912172437 0.632737398 0.910175264 0.631054938 0.907341242 0.659461439 0.90686667 0.658977568 0.909313083 0.658316135 0.91590786 0.649695158 0.916596413 0.646617651 0.906292856 0.659983754 0.906144142 0.659342647 0.919501305 0.67187047 0.919587493 0.667227328 0.929252863 0.682858646 0.921649337 0.661923647 0.920895398 0.663302481 0.934928834 0.577515006 0.933190823 0.577503383 0.932406902 0.577498078 0.939230382 0.5731951 0.940299988 0.57289803 0.93963027 0.573802471 0.938802183 0.573515058 0.93941015 0.566646457 0.93954128 0.566659451 0.939427376 0.567941666 0.939276338 0.567926586 0.939309955 0.569375694 0.939121842 0.569377482 0.939552188 0.565281391 0.939670444 0.565293074 0.939425826 0.571293116 0.939605296 0.571200728 0.939736605 0.571571112 0.939569175 0.571743131 0.939385712 0.570212722 0.939197421 0.570242047 0.939904988 0.571965575 0.939686537 0.572247863 0.939278245 0.570686698 0.939468205 0.570662677 0.940120399 0.572413027 0.939604342 0.57272172 0.940536916 0.573342383 0.94009161 0.574032426 0.939773619 0.574287176 0.939308047 0.574033618 0.941182613 0.574559569 0.940788865 0.574849606 0.941825867 0.576706767 0.941610336 0.576593161 0.941127837 0.575842857 0.9413836 0.575791538 0.940483868 0.574979663 0.941725731 0.575681508 0.939625204 0.567970753 0.940476239 0.572308302 0.940679014 0.572753906 0.939750731 0.570586503 0.939882636 0.571122587 0.940016627 0.571451724 0.940928161 0.573259592 0.941402137 0.574441671 0.940217733 0.57184124 0.941874623 0.575652778 0.898327529 0.712401748 0.89828366 0.713921309 0.896702886 0.713941455 0.896746695 0.712434888 0.90338695 0.712305427 0.903340459 0.713904858 0.901425242 0.713922262 0.901617408 0.712361813 0.905843139 0.712171018 0.905795991 0.713907242 0.892019153 0.712525904 0.891978025 0.713949203 0.889417887 0.713953376 0.889457583 0.712575197 0.907801092 0.712654948 0.908006251 0.713903427 0.911449194 0.713529825 0.912841916 0.71391201 0.910354912 0.7139045 0.909859121 0.713145852 0.947905898 0.561030388 0.948346674 0.561108351 0.948334575 0.562884271 0.947892368 0.562883139 0.947911024 0.559362769 0.948355198 0.559336305 0.947898865 0.576920748 0.948358715 0.576900363 0.948346496 0.577612281 0.947886825 0.577627361 0.947934628 0.555446625 0.948371828 0.555524886 0.948371589 0.555792093 0.947932243 0.55571419 0.947899938 0.566566944 0.948342919 0.566575766 0.948351204 0.567752123 0.947908401 0.567759633 0.948363841 0.557564259 0.947919905 0.557590663 0.947895348 0.576751709 0.94836241 0.576733053 0.948338866 0.564377427 0.947897255 0.564328253 0.934595525 0.661915183 0.933981597 0.66189301 0.93396616 0.659526825 0.934583068 0.659548879 0.947893858 0.571324646 0.948343158 0.571352363 0.948338866 0.573303163 0.94788599 0.573256254 0.934470356 0.682814896 0.933883488 0.682223141 0.933890998 0.678544104 0.934505582 0.678566575 0.934560478 0.669997871 0.933946848 0.669975281 0.933986247 0.66568172 0.93459934 0.665704429 0.933973432 0.656757414 0.934593797 0.656779468 0.933918357 0.674261093 0.934532702 0.674283147 0.934605539 0.645228565 0.933961451 0.645191669 0.93396765 0.640467227 0.934621572 0.640511036 0.933982313 0.662073016 0.934596062 0.662095249 0.933901787 0.633320928 0.934542418 0.6328035 0.931568742 0.661964059 0.931659341 0.659443676 0.933948874 0.653911591 0.934576869 0.653934956 0.931568742 0.661964118 0.930614114 0.661929905 0.930704713 0.659409344 0.931759059 0.656677485 0.931861877 0.65383321 0.930845857 0.682168722 0.930977821 0.678443313 0.931281865 0.669880807 0.931438982 0.66559118 0.931129575 0.674161553 0.93217814 0.645090282 0.932348073 0.640353739 0.931562304 0.662144303 0.933982253 0.662073076 0.9326092 0.633323908 0.93082577 0.682746053 0.932635903 0.63272649 0.934595585 0.631845891 0.93265599 0.631766021 0.932724118 0.630148292 0.934668601 0.630127251 0.934574485 0.632249236 0.932654738 0.63217026 0.934572697 0.683461785 0.930926561 0.683384895 0.930484593 0.665557623 0.930607677 0.66211009 0.931701839 0.63172704 0.931769967 0.630109251 0.930327117 0.66984725 0.92986095 0.682698071 0.929886758 0.682127416 0.931223512 0.645055771 0.931394696 0.64031899 0.930174887 0.674127579 0.93168205 0.632686794 0.931699872 0.632131279 0.931656897 0.633284092 0.930022001 0.67840904 0.930804431 0.656642973 0.930907249 0.653798699 0.929983437 0.683323741 0.912903547 0.584395111 0.914332926 0.584439814 0.914321423 0.588899732 0.912856042 0.588815212 0.914332926 0.589831531 0.912883043 0.589782 0.910323858 0.522938848 0.911431134 0.53123343 0.909928381 0.53142488 0.908873975 0.522889912 0.912201047 0.537279487 0.910698295 0.537470818 0.912851512 0.543078184 0.91134876 0.543269634 0.906965673 0.554001451 0.908194304 0.553844988 0.908918917 0.559538007 0.907690227 0.559694409 0.937012553 0.658734024 0.937746942 0.658834636 0.937978208 0.662198305 0.93726486 0.662424564 0.937450767 0.665128052 0.938174188 0.665157616 0.938446283 0.66927737 0.937585354 0.667749345 0.935872376 0.673014462 0.934980869 0.67227602 0.935632646 0.675094247 0.934761167 0.674723446 0.935651898 0.680625737 0.934692979 0.680650473 0.939781904 0.66422236 0.940285027 0.663927197 0.940486729 0.666540921 0.940020382 0.667187631 0.939435303 0.659000993 0.939975679 0.65906018 0.940142214 0.661651671 0.939623952 0.661783755 0.939369321 0.656193852 0.939912736 0.65620482 0.939039111 0.675209939 0.93885833 0.675225198 0.938404799 0.671355665 0.940756142 0.668956161 0.940302134 0.669717312 0.937575102 0.656195045 0.940621793 0.674960017 0.940671265 0.680495143 0.939116776 0.68052417 0.952676892 0.558782279 0.956637383 0.558764696 0.935891688 0.675107956 0.935892224 0.680633068 0.936060071 0.673589706 0.938932121 0.680546641 0.965277195 0.57513994 0.965698004 0.575456798 0.964842618 0.577024341 0.964209378 0.57688874 0.96235919 0.585306704 0.963166595 0.585311949 0.963093638 0.591397822 0.96235919 0.592544794 0.966956079 0.591874063 0.967485189 0.592778385 0.968761086 0.586091816 0.968018472 0.585938692 0.968160391 0.578052223 0.968685806 0.578112721 0.967914343 0.574554801 0.967572868 0.57506454 0.899322987 0.520435512 0.898854136 0.516919613 0.900929689 0.516854286 0.90071249 0.520405054 0.900519133 0.50874263 0.900955379 0.511526227 0.898793161 0.511420369 0.898945987 0.510027528 0.955459297 0.547258377 0.951498926 0.547275901 0.951494396 0.546264291 0.955454886 0.546246767 0.956655204 0.534506202 0.952694774 0.534523785 0.910102069 0.57884115 0.908302844 0.564504504 0.909531474 0.564347982 0.911320508 0.578395784 0.912740469 0.668010354 0.913249671 0.667969286 0.911772311 0.665041625 0.912288964 0.665021122 0.910812557 0.662445188 0.911299288 0.662411034 0.910253286 0.661176205 0.910597146 0.660923839 0.910052121 0.660675764 0.910767913 0.660690248 0.916332424 0.68237555 0.9165411 0.68237406 0.915995419 0.679087937 0.916205227 0.679089606 0.915756762 0.675149322 0.915553331 0.675146699 0.91522646 0.672054291 0.911577523 0.662362814 0.912578523 0.664980769 0.949159801 0.669622362 0.914599776 0.675103366 0.915357292 0.682411671 0.915021241 0.679102778 0.914613426 0.679156125 0.914131403 0.675154746 0.914948761 0.682457209 0.94660002 0.579565048 0.946935356 0.579841137 0.946758628 0.581207752 0.946365297 0.58106482 0.94664067 0.582279205 0.946219265 0.582145691 0.94672209 0.583703279 0.94638586 0.583827019 0.946935356 0.584683061 0.946600497 0.584801555 0.908970773 0.669947505 0.90937978 0.671757281 0.90758425 0.670589387 0.907992423 0.669576287 0.906139493 0.666748941 0.906711459 0.666518033 0.905224502 0.664462984 0.905727684 0.664162874 0.904213309 0.661272466 0.903692544 0.661492169 0.902438164 0.659735918 0.902930081 0.659368873 0.901870608 0.663177848 0.901314735 0.663751125 0.899676085 0.662546992 0.900310397 0.661778212 0.902435184 0.662602067 0.90100795 0.661060035 0.904263914 0.666794717 0.903588831 0.665057838 0.905192316 0.66911906 0.90341717 0.666702807 0.90259254 0.666578114 0.902143836 0.665241003 0.902863085 0.665199101 0.904079318 0.668397367 0.902968168 0.667661667 0.901714563 0.666645288 0.901651025 0.666337013 0.900988042 0.664193451 0.899402738 0.662994206 0.90141952 0.665152788 0.8990466 0.665448189 0.898883283 0.664089501 0.899284244 0.665816784 0.9464733 0.57579577 0.946500778 0.575701714 0.946716189 0.57618475 0.94669801 0.576300383 0.946982801 0.576807737 0.94694078 0.576933622 0.945794523 0.574216962 0.945881486 0.574160457 0.946285367 0.575218678 0.946248531 0.575291157 0.947875023 0.577479303 0.94787091 0.577627361 0.945531249 0.573367715 0.945664763 0.573405027 0.935192764 0.645986557 0.935877085 0.645822227 0.936670363 0.649756312 0.936048329 0.650112391 0.935397804 0.638932824 0.934692979 0.638940811 0.934817851 0.642177403 0.935503364 0.642088592 0.937802553 0.650769532 0.937647045 0.651070237 0.939465463 0.652590513 0.939470112 0.652875364 0.940307438 0.653489411 0.940325558 0.653771996 0.936613858 0.645742655 0.93720597 0.6492486 0.936299026 0.642053604 0.936142385 0.638977408 0.938182831 0.649785519 0.939507961 0.651108623 0.940254927 0.651663601 0.942538202 0.653424442 0.940992773 0.652231812 0.945359647 0.654018342 0.945096374 0.656169474 0.942699909 0.638786972 0.940946162 0.638802588 0.940274954 0.638818145 0.938560009 0.64555335 0.93972075 0.645873785 0.938235402 0.641961515 0.939723492 0.641925931 0.938078463 0.638909996 0.939607978 0.638838232 0.941063583 0.641927361 0.940391123 0.641924858 0.94114691 0.646293521 0.940431178 0.64608252 0.942776382 0.641951978 0.942770481 0.64668107 0.94623661 0.638867259 0.946249366 0.642119825 0.946161509 0.647048831 0.939723074 0.568003774 0.94021672 0.566893816 0.940291703 0.566950619 0.941034257 0.566081524 0.941096008 0.566144586 0.942036271 0.576488256 0.942131162 0.576458693 0.942377985 0.577249885 0.94232893 0.577289104 0.941433132 0.571493626 0.941624165 0.571484923 0.941655159 0.571769595 0.941497147 0.57179153 0.941404223 0.572767317 0.941467643 0.572706401 0.941673636 0.573731244 0.941632211 0.573821485 0.941541731 0.572034001 0.941664279 0.571994603 0.941529155 0.572313309 0.941434145 0.572361946 0.942211449 0.575926542 0.94222486 0.575845778 0.942473114 0.576684535 0.942459285 0.5767591 0.941983402 0.574987054 0.941968083 0.575076401 0.941285372 0.569911361 0.941613197 0.56994772 0.941567302 0.57065028 0.941314518 0.570632577 0.941613853 0.571093798 0.941389501 0.571125627 0.940117061 0.57114768 0.940226316 0.571484864 0.940008104 0.570604205 0.939975202 0.570114374 0.940839708 0.572655618 0.940995991 0.573163271 0.941438556 0.574341893 0.941889703 0.575555921 0.940409243 0.571867824 0.940678656 0.572278976 0.942141593 0.576369286 0.942386508 0.577165604 0.939870477 0.569304407 0.939959824 0.568074167 0.940476894 0.567094088 0.942036867 0.56789273 0.942211747 0.567951322 0.942018092 0.568645 0.941838205 0.568559647 0.941700995 0.569508314 0.941503167 0.56939286 0.941260874 0.566312432 0.942435145 0.567228794 0.939505577 0.567666531 0.939703405 0.567695618 0.941861212 0.567850471 0.941632569 0.568535328 0.941269279 0.569388628 0.940444648 0.569880724 0.940275371 0.569333375 0.940332651 0.568223417 0.940799654 0.567325771 0.941411555 0.566659212 0.945268512 0.572258234 0.945191979 0.572314739 0.944983423 0.570928812 0.945062459 0.57087481 0.943322361 0.569221616 0.943319798 0.569932997 0.943245292 0.569893241 0.945493519 0.575369596 0.945384324 0.5754264 0.94534862 0.573839068 0.94542253 0.573779345 0.943776727 0.568080306 0.943796515 0.568164647 0.943510592 0.56846559 0.943432987 0.568431318 0.945446849 0.576755404 0.945520282 0.576694369 0.943161964 0.576103032 0.943232834 0.576154351 0.943288445 0.576826274 0.943223834 0.576821446 0.944799423 0.570005894 0.944880605 0.569954634 0.943075359 0.572000623 0.943148792 0.572045207 0.943122208 0.573434234 0.943049967 0.573386669 0.944601834 0.569164634 0.944690287 0.569114447 0.943161905 0.57490921 0.943090498 0.57485944 0.944475114 0.568592668 0.944403708 0.568661273 0.943609834 0.568523407 0.945190191 0.573849201 0.945034623 0.572334766 0.945288181 0.576759815 0.945223331 0.575435817 0.944826245 0.570956469 0.944642961 0.570039868 0.944446623 0.569209099 0.94428134 0.568707824 0.943205476 0.573433876 0.943245649 0.574905694 0.943240225 0.570784688 0.943321168 0.570791364 0.943230987 0.572048903 0.943400204 0.569941521 0.943316996 0.57614851 0.892549813 0.890767097 0.888815045 0.973351657 0.744021595 0.88824892 0.738641322 0.970805585 0.567822635 0.885261595 0.561156452 0.967796445 0.40160808 0.882443547 0.395236611 0.964983404 0.253393233 0.879930675 0.245956913 0.962452471 0.157058403 0.878297389 0.145427689 0.960748076 0.0735120922 0.876880944 0.0675664693 0.959428012 0.0152211925 0.957466841 0.0231633317 0.876027286 0.897184372 0.643118024 0.896936536 0.648182034 0.891263902 0.648008466 0.891121149 0.64313525 0.885587871 0.64790529 0.885503173 0.643215418 0.922051549 0.699348688 0.929825783 0.699349284 0.943329573 0.707748294 0.936028004 0.707621574 0.929409146 0.654361308 0.929836571 0.656001747 0.929295063 0.653970003 0.941089511 0.569688261 0.937802017 0.642582536 0.937636316 0.639527142 0.936652362 0.639568508 0.93682605 0.642615199 0.938177466 0.646112502 0.937709391 0.649362147 0.937123656 0.646234632 0.937485695 0.637982011 0.9366768 0.638107419 0.937640011 0.649332583 0.931251109 0.525718212 0.932060003 0.525592804 0.932210624 0.527137876 0.931226671 0.527179241 0.932376325 0.530193329 0.931400359 0.530225992 0.932751775 0.533723235 0.931697965 0.533845425 0.9322837 0.53697288 0.93221432 0.536943316 0.942692876 0.576873899 0.931052208 0.649793029 0.932006896 0.6498276 0.933954716 0.64991653 0.934589803 0.649946034 0.948347509 0.569401622 0.947901726 0.569393039 0.894538164 0.713945031 0.894580722 0.712476611 0.874649405 0.529717207 0.875419319 0.530090332 0.875840902 0.535064816 0.875116408 0.535155118 0.888743103 0.539101005 0.888347685 0.538664341 0.890534699 0.538333714 0.891150117 0.538733721 0.885888934 0.539585233 0.885699332 0.53911978 0.879280388 0.540829539 0.882685125 0.540139794 0.87822783 0.530002117 0.878561616 0.534694791 0.892578661 0.538037181 0.893382251 0.538410187 0.87894994 0.540777445 0.879352629 0.540209055 0.876967192 0.539810777 0.877538919 0.539324284 0.87905091 0.540106893 0.878613412 0.540666521 0.87947017 0.538495839 0.893343508 0.536771476 0.892517328 0.536674857 0.892380953 0.533670068 0.893232286 0.533638239 0.880242884 0.539585829 0.879899621 0.539181232 0.915318608 0.341614246 0.915041506 0.339987397 0.917802811 0.339612484 0.918043852 0.341235638 0.920495808 0.339319587 0.920506597 0.340890229 0.922468603 0.339134574 0.92253834 0.340632081 0.914942563 0.336710215 0.917692959 0.33660078 0.920587301 0.336508274 0.922564387 0.336401522 0.915101767 0.332319498 0.917871892 0.332274318 0.924408197 0.339135408 0.924437702 0.340398669 0.924339175 0.336351812 0.911478579 0.332572937 0.911585093 0.336926043 0.912304938 0.340472221 0.920241296 0.33243829 0.920829892 0.333115876 0.921506464 0.332552314 0.920911551 0.331847906 0.892429531 0.530331492 0.892729938 0.53011024 0.892445803 0.529714644 0.892129421 0.529973507 0.947967172 0.55471617 0.948339522 0.554782748 0.906315744 0.657154381 0.930850983 0.685163021 0.929932237 0.685121238 0.934668601 0.685254574 0.905634761 0.65753603 0.916254342 0.639898419 0.915211797 0.637221336 0.967403173 0.65827769 0.967336416 0.657811165 0.965917945 0.658324361 0.965851188 0.657857835 0.964680791 0.65827322 0.964614153 0.657806635 0.942728937 0.669213057 0.942248464 0.669831753 0.942417562 0.680411398 0.942893803 0.680424511 0.942385435 0.67462194 0.942893803 0.674609601 0.964482903 0.65766871 0.965856314 0.657733381 0.885045111 0.588836074 0.88504082 0.591366887 0.88454169 0.591228247 0.884545982 0.588743806 0.885002911 0.599756122 0.884508133 0.599783063 0.884488285 0.598864496 0.884983063 0.598837554 0.884979367 0.597399354 0.884484589 0.597426355 0.884502232 0.595022261 0.884999812 0.595126867 0.884538949 0.592832208 0.885038257 0.592833042 0.885034442 0.600449145 0.884536386 0.600470662 0.884550929 0.586128473 0.884565055 0.583619297 0.885064304 0.583631516 0.885050297 0.58612746 0.942452252 0.524443865 0.941741407 0.524385571 0.941831112 0.523957133 0.94244349 0.52397567 0.947655737 0.517928004 0.947148919 0.520831108 0.946789563 0.520450294 0.947213292 0.517685175 0.946218669 0.522192299 0.945942521 0.521818519 0.944525957 0.523606181 0.944328904 0.523125887 0.962201774 0.52713877 0.961779773 0.52344954 0.96340692 0.523623466 0.96385026 0.526971698 0.966309607 0.518066466 0.964253604 0.518821597 0.965711236 0.516332746 0.96617651 0.517105877 0.884574473 0.581937492 0.885073721 0.581950128 0.884549677 0.586566925 0.885048985 0.586568892 0.94438988 0.510665894 0.942809582 0.510339558 0.942850173 0.509926438 0.944609821 0.510292649 0.942350566 0.510363877 0.942170918 0.509966195 0.964506626 0.530449688 0.966220379 0.52910471 0.966663837 0.529135227 0.96795541 0.530838907 0.884577751 0.581352293 0.885077178 0.581334651 0.9671157 0.528954923 0.967350364 0.511327267 0.968375683 0.513010204 0.967636824 0.513647735 0.966578484 0.512017071 0.964469671 0.514880836 0.962864101 0.51800108 0.964996397 0.528937995 0.963784456 0.530210674 0.961881757 0.5210464 0.963406861 0.52174747 0.965666771 0.513067901 0.966803968 0.514624655 0.966210902 0.522728622 0.966103256 0.52523154 0.967706919 0.510969102 0.968713105 0.512667656 0.968781233 0.514362276 0.969189763 0.515933037 0.968353152 0.516518235 0.967974842 0.514994562 0.967462301 0.517304778 0.967112541 0.515876532 0.939701438 0.522237539 0.939258039 0.520880818 0.939545989 0.520617366 0.939938724 0.521936417 0.969550252 0.51862371 0.968691349 0.519145072 0.967759728 0.519803345 0.938954353 0.518472195 0.939263821 0.51824367 0.969686329 0.520762503 0.968814492 0.521229982 0.967872322 0.521830082 0.938916385 0.516530395 0.939246535 0.516330361 0.969577014 0.526438355 0.969686329 0.528496742 0.940795779 0.511603117 0.940317094 0.51135993 0.96884048 0.52516371 0.968953073 0.524256408 0.969667017 0.523986161 0.969619989 0.52475512 0.939795196 0.512772381 0.939519167 0.513403296 0.939160764 0.513461351 0.939339757 0.512726665 0.96804899 0.524547815 0.966142297 0.528056502 0.966343045 0.528648794 0.96614629 0.529033244 0.967510164 0.52776736 0.967021823 0.528367102 0.966933191 0.528754771 0.96633774 0.520668268 0.946364582 0.51110971 0.946847975 0.510899544 0.947187245 0.513756871 0.947655737 0.513889551 0.940306902 0.52337563 0.940507174 0.522989035 0.968211532 0.510958314 0.969154716 0.512550414 0.921532452 0.514174581 0.921491683 0.514551163 0.920970976 0.514561176 0.920976937 0.514185309 0.920981288 0.526090503 0.920974612 0.525720119 0.921494603 0.525722563 0.921536028 0.526093125 0.923844934 0.517011046 0.923658848 0.51720953 0.923311114 0.516702414 0.923613906 0.516482949 0.9168818 0.520637214 0.917131841 0.520608485 0.917359531 0.522974133 0.917124689 0.523160994 0.923242211 0.52433002 0.923093915 0.524070024 0.923386931 0.522998691 0.923554838 0.52318716 0.946818352 0.511661768 0.947334349 0.511724114 0.923844934 0.519568086 0.923658848 0.519606352 0.917935848 0.524218798 0.918119848 0.523965597 0.919420004 0.525027514 0.919322729 0.525350034 0.922717214 0.515517831 0.922602057 0.51580894 0.91946882 0.514926016 0.919374347 0.514574528 0.916837931 0.51727736 0.917090714 0.517459154 0.923790157 0.521179795 0.923607528 0.521117091 0.922718823 0.525240302 0.922603369 0.524923205 0.884605527 0.580677748 0.884580374 0.58044529 0.885048568 0.580421329 0.885073721 0.580653846 0.968537331 0.510825694 0.969480515 0.512417793 0.885069609 0.601118803 0.885079086 0.601352453 0.884611428 0.601371527 0.884601951 0.601137877 0.886066556 0.571425557 0.886066556 0.564585209 0.892906964 0.564585209 0.892906964 0.571425557 0.886066556 0.557744801 0.892906964 0.557744801 0.886066556 0.550904393 0.892906964 0.550904393 0.886066556 0.544064045 0.892906964 0.544064045 0.879226208 0.557744801 0.879226208 0.550904393 0.899747372 0.550904393 0.899747372 0.557744801 0.95956099 0.640402198 0.96175158 0.640024424 0.961930633 0.641120851 0.959740162 0.641498685 0.960257292 0.644499719 0.962447762 0.644121945 0.962624073 0.645144165 0.960433483 0.645521939 0.96252346 0.62890178 0.963103175 0.631321907 0.962307453 0.631651521 0.961676717 0.629185379 0.937575102 0.656195045 0.939369321 0.656193852 0.960748911 0.629782856 0.96225512 0.63158381 0.961676717 0.632030845 0.96018374 0.630255461 0.968633294 0.631425619 0.96745801 0.633745551 0.967292428 0.633465111 0.968477726 0.631194234 0.95937264 0.639309764 0.96156323 0.63893199 0.96511364 0.628850579 0.964638233 0.631350219 0.963905573 0.631269276 0.96439755 0.628811717 0.965773463 0.628984272 0.965329885 0.631451845 0.959020853 0.637270331 0.961211443 0.636892557 0.961374879 0.637839556 0.95918417 0.63821739 0.963309646 0.628711283 0.963889599 0.631177843 0.968328595 0.630964816 0.967130661 0.633192301 0.966722965 0.632714152 0.96801877 0.630633712 0.967570901 0.630237281 0.966247082 0.632281959 0.965890884 0.631983221 0.96724999 0.630018651 0.912903547 0.584395111 0.914332926 0.584439814 0.958995819 0.637124956 0.96118629 0.636747181 0.920129597 0.674512148 0.92123121 0.676703393 0.959231973 0.631444633 0.961170435 0.632514596 0.960932493 0.632957637 0.958989143 0.631884634 0.961160898 0.649739385 0.963351369 0.64936161 0.963377714 0.649514139 0.961187243 0.649891913 0.919321775 0.669542372 0.919501305 0.67187047 0.961240292 0.632552087 0.959712744 0.630766332 0.965318561 0.631541252 0.966672778 0.629704654 0.958317757 0.635253072 0.960502505 0.634777486 0.960582733 0.635007083 0.958368421 0.635485709 0.968380451 0.632164478 0.967265248 0.634387195 0.967471242 0.633908689 0.968639612 0.631574154 0.961217999 0.65003258 0.963408589 0.649654806 0.963423491 0.649758339 0.961232901 0.650136173 0.919587493 0.667227328 0.960622191 0.633663356 0.958689928 0.632588089 0.936846197 0.656257212 0.936846197 0.656257212 0.960857391 0.635975361 0.958653569 0.636371553 0.963492393 0.650171936 0.961301923 0.650549769 0.958308578 0.633879364 0.960515857 0.633997262 0.960574508 0.634751141 0.958350301 0.634644508 0.939912736 0.65620482 0.921649337 0.661923647 0.920895457 0.663302481 0.960943937 0.636200249 0.958753347 0.636578023 0.920145571 0.664880514 0.948346496 0.577612281 0.947886825 0.577627361 0.927297413 0.682138979 0.929252863 0.682858646 0.958858609 0.637030065 0.961049199 0.636652291 0.922920883 0.660316765 0.931769967 0.630109251 0.932724118 0.630148292 0.924876392 0.658433497 0.958326936 0.633538187 0.960541725 0.633657098 0.967873573 0.630584121 0.966616511 0.632541001 0.96645391 0.632392704 0.967694283 0.630404949 0.929836571 0.656001747 0.926894367 0.657154262 0.934668601 0.630127251 0.923352242 0.67935729 0.924870789 0.680655658 0.96064198 0.6467309 0.96283257 0.646353126 0.963041067 0.647562087 0.960850477 0.647939861 0.960132122 0.643773854 0.962322593 0.64339608 0.96001029 0.643067896 0.96220088 0.642690122 0.962085962 0.642023861 0.964497924 0.655942678 0.811587453 0.583206832 0.808085799 0.661729753 0.727938771 0.659038782 0.725920916 0.58347404 0.647742808 0.657438517 0.646545231 0.584717095 0.236960918 0.653523862 0.158389121 0.656251311 0.15982163 0.60643667 0.236960918 0.611798048 0.07100036 0.657836556 0.0759461522 0.601092458 0.00238320976 0.66087091 0.00680285692 0.598444462 -0.0144859031 0.656883478 0.00879604369 0.602958739 0.0952845588 0.606122851 0.0710541457 0.656745195 0.230023652 0.605931044 0.212530121 0.656883478 0.947935164 0.57651484 0.947935164 0.57651484 0.947909355 0.576489925 0.947909355 0.576489925 0.929591715 0.584766984 0.929591715 0.584766984 0.929556727 0.584777772 0.929556727 0.584777772 0.947908044 0.576541364 0.947908044 0.576541364 0.947935224 0.5765149 0.947935224 0.5765149 0.917587161 0.664441347 0.917587161 0.664441347 0.917658865 0.664394259 0.917643368 0.664341211 0.917643309 0.664341211 0.91763097 0.66433233 0.901338518 0.713906765 0.901239753 0.713907838 0.901431799 0.712349057 0.901530683 0.712346315 0.948338866 0.564377427 0.948339224 0.564451933 0.947897553 0.564402699 0.947897255 0.564328253 0.933982313 0.662073016 0.933981597 0.66189301 0.934595525 0.661915183 0.934596062 0.662095249 0.933982253 0.662073076 0.931562304 0.662144303 0.931568742 0.661964059 0.930607677 0.66211009 0.931568742 0.661964118 0.95991832 0.642397761 0.95991832 0.642397761 0.959891379 0.642378688 0.959891379 0.642378688 0.959899306 0.642424703 0.959899306 0.642424703 0.916742623 0.643346548 0.916742623 0.643346548 0.916681528 0.643390417 0.916681528 0.643390417 0.929050088 0.558780074 0.929050088 0.558780074 0.929071605 0.558784664 0.929071605 0.558784664 0.916749239 0.643522501 0.916749239 0.643522501 0.938485563 0.573747277 0.938485563 0.573747277 0.938478291 0.573726654 0.938478291 0.573726654 0.928858161 0.59872663 0.928858161 0.59872663 0.92874819 0.598597705 0.92874819 0.598597705 0.950260878 0.669443607 0.949357331 0.669622958 0.943165302 0.570757329 0.943165302 0.570757329 0.943178535 0.570750117 0.943178535 0.570750117 0.949159801 0.669622362 0.913510263 0.667922139 0.913510263 0.667922139 0.913566887 0.667956948 0.913566887 0.667956948 0.949157655 0.669694722 0.949355066 0.669695258 0.91353792 0.667878747 0.91353792 0.667878747 0.913510203 0.667922139 0.913510203 0.667922139 0.943167567 0.570729256 0.943167567 0.570729256 0.573765874 0.668462217 0.563367426 0.73102355 0.510371447 0.72983402 0.514517725 0.667846799 0.446731925 0.666534781 0.4426274 0.727726579 0.376069814 0.726291537 0.380150497 0.66562289 0.659806013 0.669853508 0.65547049 0.734260321 0.574841619 0.732237935 0.585250258 0.669606328 0.763375401 0.667928934 0.758811116 0.737852216 0.181052834 0.662564695 0.177207857 0.719879508 0.0694567859 0.716405451 0.073174119 0.660907745 0.845056891 0.690223694 0.851837397 0.740843534 -0.0036435239 0.67427367 0.0372738279 0.660896897 0.28495878 0.723353744 0.288931668 0.664221764 0.933945358 0.553021073 0.935349762 0.548062325 0.928733826 0.549592197 0.93048209 0.543818831 0.93364799 0.549978256 0.933214307 0.551545024 0.934556663 0.537452161 0.929237306 0.554660082 0.922561646 0.5477916 0.92227149 0.549577713 0.915410042 0.549359202 0.915816367 0.546912193 0.92220217 0.552864134 0.91532439 0.553852201 0.9287498 0.552725852 0.933423221 0.552463949 0.929198325 0.531352818 0.927240372 0.534532666 0.922507167 0.528856397 0.92537868 0.524555624 0.92542994 0.538580358 0.919825256 0.534371495 0.932837665 0.539250016 0.934522867 0.548563123 0.929156363 0.520649672 0.931803107 0.528466165 0.934005082 0.549177051 0.931595981 0.541264892 0.916069508 0.558064103 0.92274195 0.555925846 0.933202624 0.551872253 0.92863518 0.550663948 0.948371828 0.576503098 0.928789198 0.596925735 0.885130405 0.713929772 0.885132372 0.713999331 0.888605595 0.712605 0.936968088 0.658304334 0.943384171 0.576962054 0.94265008 0.577458024 0.942670047 0.577443838 0.942577839 0.577085555 0.942670047 0.577443779 0.942671716 0.57744348 0.942263722 0.577587962 0.942237973 0.577590704 0.942088962 0.577360272 0.942233741 0.577593088 0.875591338 0.538501859 0.893382251 0.527068913 0.893260539 0.530266643 0.892548978 0.527028441 0.891046107 0.526955307 0.890895605 0.529773116 0.923026383 0.332721472 0.888682842 0.526841104 0.889251232 0.529616117 0.888920367 0.529482484 0.888683915 0.529211044 0.888596952 0.52886498 0.913349807 0.341689825 0.912981033 0.341510236 0.912679017 0.341121733 0.9210186 0.329976082 0.924437702 0.333262563 0.924400568 0.33311522 0.924301922 0.332993388 0.924165487 0.332926393 0.91922009 0.590870261 0.924348295 0.596556067 0.923164308 0.596710205 0.924348295 0.583167911 0.923164189 0.582429767 0.89012593 0.676591754 0.892902493 0.676083684 0.892190158 0.676095605 0.894427299 0.677841544 0.886899233 0.677347898 0.886850178 0.680089355 0.8953951 0.67903316 0.895873845 0.679740071 0.895873845 0.68303287 0.886910856 0.684415102 0.895803332 0.685108304 0.887226403 0.687664866 0.895500422 0.687693357 0.895098925 0.689164519 0.888271332 0.68902564 0.89005506 0.690451622 0.894428909 0.690335393 0.892908096 0.69143486 0.892194331 0.691432238 0.968445063 0.63269192 0.968174815 0.633357167 0.968456984 0.632794917 0.967269897 0.635160804 0.968390942 0.632567704 0.962538838 0.656948805 0.962307334 0.656320453 0.962989807 0.657377541 0.96343255 0.657703042 0.964007378 0.657972634 0.964563012 0.658133149 0.968571782 0.65747565 0.967339635 0.657644153 0.948371828 0.576503098 0.928789198 0.596925735 0.885130405 0.713929772 0.885132372 0.713999331 0.888605595 0.712605 0.936968088 0.658304334 0.94265008 0.577458024 0.942670047 0.577443838 0.942670047 0.577443779 0.942577839 0.577085555 0.942671716 0.57744348 0.942263722 0.577587962 0.942237973 0.577590704 0.942088962 0.577360272 0.942233741 0.577593088 0.875591338 0.538501859 0.893260539 0.530266643 0.890895605 0.529773116 0.923026383 0.332721472 0.889251232 0.529616117 0.888920367 0.529482484 0.888683915 0.529211044 0.888596952 0.52886498 0.913349807 0.341689825 0.912981033 0.341510236 0.912679017 0.341121733 0.924437702 0.333262563 0.924400568 0.33311522 0.924301922 0.332993388 0.924165487 0.332926393 0.923164308 0.596710205 0.91922009 0.590870261 0.924348295 0.596556067 0.924348295 0.583167911 0.923164189 0.582429767 0.89005506 0.690451622 0.892908096 0.69143486 0.892194331 0.691432238 0.894428909 0.690335393 0.888271332 0.68902564 0.895098925 0.689164519 0.895500422 0.687693357 0.887226403 0.687664866 0.886910856 0.684415102 0.895803332 0.685108304 0.895873845 0.68303287 0.886850178 0.680089355 0.895873845 0.679740071 0.886899233 0.677347898 0.8953951 0.67903316 0.894427299 0.677841544 0.892902493 0.676083684 0.89012593 0.676591754 0.892190158 0.676095605 0.968174815 0.633357167 0.967269897 0.635160804 0.968456984 0.632794917 0.968445063 0.63269192 0.968390942 0.632567704 0.962307334 0.656320453 0.962538838 0.656948805 0.962989807 0.657377541 0.96343255 0.657703042 0.964007378 0.657972634 0.964563012 0.658133149 0.967339635 0.657644153 </float_array>
          <technique_common>
            <accessor count="3063" offset="0" source="#meshesP17R-0-tex0-array" stride="2">
              <param name="S" type="float" />
              <param name="T" type="float" />
            </accessor>
          </technique_common>
        </source>
        <vertices id="meshesP17R-0-vertices">
          <input semantic="POSITION" source="#meshesP17R-0-positions" />
        </vertices>
        <polylist count="3858" material="defaultMaterial">
          <input offset="0" semantic="VERTEX" source="#meshesP17R-0-vertices" />
          <input offset="0" semantic="TEXCOORD" source="#meshesP17R-0-tex0" set="0" />
          <vcount>3 3 3 3 3 3 3 3 3 3 3 3 3 3 3 3 3 3 3 3 3 3 3 3 3 3 3 3 3 3 3 3 3 3 3 3 3 3 3 3 3 3 3 3 3 3 3 3 3 3 3 3 3 3 3 3 3 3 3 3 3 3 3 3 3 3 3 3 3 3 3 3 3 3 3 3 3 3 3 3 3 3 3 3 3 3 3 3 3 3 3 3 3 3 3 3 3 3 3 3 3 3 3 3 3 3 3 3 3 3 3 3 3 3 3 3 3 3 3 3 3 3 3 3 3 3 3 3 3 3 3 3 3 3 3 3 3 3 3 3 3 3 3 3 3 3 3 3 3 3 3 3 3 3 3 3 3 3 3 3 3 3 3 3 3 3 3 3 3 3 3 3 3 3 3 3 3 3 3 3 3 3 3 3 3 3 3 3 3 3 3 3 3 3 3 3 3 3 3 3 3 3 3 3 3 3 3 3 3 3 3 3 3 3 3 3 3 3 3 3 3 3 3 3 3 3 3 3 3 3 3 3 3 3 3 3 3 3 3 3 3 3 3 3 3 3 3 3 3 3 3 3 3 3 3 3 3 3 3 3 3 3 3 3 3 3 3 3 3 3 3 3 3 3 3 3 3 3 3 3 3 3 3 3 3 3 3 3 3 3 3 3 3 3 3 3 3 3 3 3 3 3 3 3 3 3 3 3 3 3 3 3 3 3 3 3 3 3 3 3 3 3 3 3 3 3 3 3 3 3 3 3 3 3 3 3 3 3 3 3 3 3 3 3 3 3 3 3 3 3 3 3 3 3 3 3 3 3 3 3 3 3 3 3 3 3 3 3 3 3 3 3 3 3 3 3 3 3 3 3 3 3 3 3 3 3 3 3 3 3 3 3 3 3 3 3 3 3 3 3 3 3 3 3 3 3 3 3 3 3 3 3 3 3 3 3 3 3 3 3 3 3 3 3 3 3 3 3 3 3 3 3 3 3 3 3 3 3 3 3 3 3 3 3 3 3 3 3 3 3 3 3 3 3 3 3 3 3 3 3 3 3 3 3 3 3 3 3 3 3 3 3 3 3 3 3 3 3 3 3 3 3 3 3 3 3 3 3 3 3 3 3 3 3 3 3 3 3 3 3 3 3 3 3 3 3 3 3 3 3 3 3 3 3 3 3 3 3 3 3 3 3 3 3 3 3 3 3 3 3 3 3 3 3 3 3 3 3 3 3 3 3 3 3 3 3 3 3 3 3 3 3 3 3 3 3 3 3 3 3 3 3 3 3 3 3 3 3 3 3 3 3 3 3 3 3 3 3 3 3 3 3 3 3 3 3 3 3 3 3 3 3 3 3 3 3 3 3 3 3 3 3 3 3 3 3 3 3 3 3 3 3 3 3 3 3 3 3 3 3 3 3 3 3 3 3 3 3 3 3 3 3 3 3 3 3 3 3 3 3 3 3 3 3 3 3 3 3 3 3 3 3 3 3 3 3 3 3 3 3 3 3 3 3 3 3 3 3 3 3 3 3 3 3 3 3 3 3 3 3 3 3 3 3 3 3 3 3 3 3 3 3 3 3 3 3 3 3 3 3 3 3 3 3 3 3 3 3 3 3 3 3 3 3 3 3 3 3 3 3 3 3 3 3 3 3 3 3 3 3 3 3 3 3 3 3 3 3 3 3 3 3 3 3 3 3 3 3 3 3 3 3 3 3 3 3 3 3 3 3 3 3 3 3 3 3 3 3 3 3 3 3 3 3 3 3 3 3 3 3 3 3 3 3 3 3 3 3 3 3 3 3 3 3 3 3 3 3 3 3 3 3 3 3 3 3 3 3 3 3 3 3 3 3 3 3 3 3 3 3 3 3 3 3 3 3 3 3 3 3 3 3 3 3 3 3 3 3 3 3 3 3 3 3 3 3 3 3 3 3 3 3 3 3 3 3 3 3 3 3 3 3 3 3 3 3 3 3 3 3 3 3 3 3 3 3 3 3 3 3 3 3 3 3 3 3 3 3 3 3 3 3 3 3 3 3 3 3 3 3 3 3 3 3 3 3 3 3 3 3 3 3 3 3 3 3 3 3 3 3 3 3 3 3 3 3 3 3 3 3 3 3 3 3 3 3 3 3 3 3 3 3 3 3 3 3 3 3 3 3 3 3 3 3 3 3 3 3 3 3 3 3 3 3 3 3 3 3 3 3 3 3 3 3 3 3 3 3 3 3 3 3 3 3 3 3 3 3 3 3 3 3 3 3 3 3 3 3 3 3 3 3 3 3 3 3 3 3 3 3 3 3 3 3 3 3 3 3 3 3 3 3 3 3 3 3 3 3 3 3 3 3 3 3 3 3 3 3 3 3 3 3 3 3 3 3 3 3 3 3 3 3 3 3 3 3 3 3 3 3 3 3 3 3 3 3 3 3 3 3 3 3 3 3 3 3 3 3 3 3 3 3 3 3 3 3 3 3 3 3 3 3 3 3 3 3 3 3 3 3 3 3 3 3 3 3 3 3 3 3 3 3 3 3 3 3 3 3 3 3 3 3 3 3 3 3 3 3 3 3 3 3 3 3 3 3 3 3 3 3 3 3 3 3 3 3 3 3 3 3 3 3 3 3 3 3 3 3 3 3 3 3 3 3 3 3 3 3 3 3 3 3 3 3 3 3 3 3 3 3 3 3 3 3 3 3 3 3 3 3 3 3 3 3 3 3 3 3 3 3 3 3 3 3 3 3 3 3 3 3 3 3 3 3 3 3 3 3 3 3 3 3 3 3 3 3 3 3 3 3 3 3 3 3 3 3 3 3 3 3 3 3 3 3 3 3 3 3 3 3 3 3 3 3 3 3 3 3 3 3 3 3 3 3 3 3 3 3 3 3 3 3 3 3 3 3 3 3 3 3 3 3 3 3 3 3 3 3 3 3 3 3 3 3 3 3 3 3 3 3 3 3 3 3 3 3 3 3 3 3 3 3 3 3 3 3 3 3 3 3 3 3 3 3 3 3 3 3 3 3 3 3 3 3 3 3 3 3 3 3 3 3 3 3 3 3 3 3 3 3 3 3 3 3 3 3 3 3 3 3 3 3 3 3 3 3 3 3 3 3 3 3 3 3 3 3 3 3 3 3 3 3 3 3 3 3 3 3 3 3 3 3 3 3 3 3 3 3 3 3 3 3 3 3 3 3 3 3 3 3 3 3 3 3 3 3 3 3 3 3 3 3 3 3 3 3 3 3 3 3 3 3 3 3 3 3 3 3 3 3 3 3 3 3 3 3 3 3 3 3 3 3 3 3 3 3 3 3 3 3 3 3 3 3 3 3 3 3 3 3 3 3 3 3 3 3 3 3 3 3 3 3 3 3 3 3 3 3 3 3 3 3 3 3 3 3 3 3 3 3 3 3 3 3 3 3 3 3 3 3 3 3 3 3 3 3 3 3 3 3 3 3 3 3 3 3 3 3 3 3 3 3 3 3 3 3 3 3 3 3 3 3 3 3 3 3 3 3 3 3 3 3 3 3 3 3 3 3 3 3 3 3 3 3 3 3 3 3 3 3 3 3 3 3 3 3 3 3 3 3 3 3 3 3 3 3 3 3 3 3 3 3 3 3 3 3 3 3 3 3 3 3 3 3 3 3 3 3 3 3 3 3 3 3 3 3 3 3 3 3 3 3 3 3 3 3 3 3 3 3 3 3 3 3 3 3 3 3 3 3 3 3 3 3 3 3 3 3 3 3 3 3 3 3 3 3 3 3 3 3 3 3 3 3 3 3 3 3 3 3 3 3 3 3 3 3 3 3 3 3 3 3 3 3 3 3 3 3 3 3 3 3 3 3 3 3 3 3 3 3 3 3 3 3 3 3 3 3 3 3 3 3 3 3 3 3 3 3 3 3 3 3 3 3 3 3 3 3 3 3 3 3 3 3 3 3 3 3 3 3 3 3 3 3 3 3 3 3 3 3 3 3 3 3 3 3 3 3 3 3 3 3 3 3 3 3 3 3 3 3 3 3 3 3 3 3 3 3 3 3 3 3 3 3 3 3 3 3 3 3 3 3 3 3 3 3 3 3 3 3 3 3 3 3 3 3 3 3 3 3 3 3 3 3 3 3 3 3 3 3 3 3 3 3 3 3 3 3 3 3 3 3 3 3 3 3 3 3 3 3 3 3 3 3 3 3 3 3 3 3 3 3 3 3 3 3 3 3 3 3 3 3 3 3 3 3 3 3 3 3 3 3 3 3 3 3 3 3 3 3 3 3 3 3 3 3 3 3 3 3 3 3 3 3 3 3 3 3 3 3 3 3 3 3 3 3 3 3 3 3 3 3 3 3 3 3 3 3 3 3 3 3 3 3 3 3 3 3 3 3 3 3 3 3 3 3 3 3 3 3 3 3 3 3 3 3 3 3 3 3 3 3 3 3 3 3 3 3 3 3 3 3 3 3 3 3 3 3 3 3 3 3 3 3 3 3 3 3 3 3 3 3 3 3 3 3 3 3 3 3 3 3 3 3 3 3 3 3 3 3 3 3 3 3 3 3 3 3 3 3 3 3 3 3 3 3 3 3 3 3 3 3 3 3 3 3 3 3 3 3 3 3 3 3 3 3 3 3 3 3 3 3 3 3 3 3 3 3 3 3 3 3 3 3 3 3 3 3 3 3 3 3 3 3 3 3 3 3 3 3 3 3 3 3 3 3 3 3 3 3 3 3 3 3 3 3 3 3 3 3 3 3 3 3 3 3 3 3 3 3 3 3 3 3 3 3 3 3 3 3 3 3 3 3 3 3 3 3 3 3 3 3 3 3 3 3 3 3 3 3 3 3 3 3 3 3 3 3 3 3 3 3 3 3 3 3 3 3 3 3 3 3 3 3 3 3 3 3 3 3 3 3 3 3 3 3 3 3 3 3 3 3 3 3 3 3 3 3 3 3 3 3 3 3 3 3 3 3 3 3 3 3 3 3 3 3 3 3 3 3 3 3 3 3 3 3 3 3 3 3 3 3 3 3 3 3 3 3 3 3 3 3 3 3 3 3 3 3 3 3 3 3 3 3 3 3 3 3 3 3 3 3 3 3 3 3 3 3 3 3 3 3 3 3 3 3 3 3 3 3 3 3 3 3 3 3 3 3 3 3 3 3 3 3 3 3 3 3 3 3 3 3 3 3 3 3 3 3 3 3 3 3 3 3 3 3 3 3 3 3 3 3 3 3 3 3 3 3 3 3 3 3 3 3 3 3 3 3 3 3 3 3 3 3 3 3 3 3 3 3 3 3 3 3 3 3 3 3 3 3 3 3 3 3 3 3 3 3 3 3 3 3 3 3 3 3 3 3 3 3 3 3 3 3 3 3 3 3 3 3 3 3 3 3 3 3 3 3 3 3 3 3 3 3 3 3 3 3 3 3 3 3 3 3 3 3 3 3 3 3 3 3 3 3 3 3 3 3 3 3 3 3 3 3 3 3 3 3 3 3 3 3 3 3 3 3 3 3 3 3 3 3 3 3 3 3 3 3 3 3 3 3 3 3 3 3 3 3 3 3 3 3 3 3 3 3 3 3 3 3 3 3 3 3 3 3 3 3 3 3 3 3 3 3 3 3 3 3 3 3 3 3 3 3 3 3 3 3 3 3 3 3 3 3 3 3 3 3 3 3 3 3 3 3 3 3 3 3 3 3 3 3 3 3 3 3 3 3 3 3 3 3 3 3 3 3 3 3 3 3 3 3 3 3 3 3 3 3 3 3 3 3 3 3 3 3 3 3 3 3 3 3 3 3 3 3 3 3 3 3 3 3 3 3 3 3 3 3 3 3 3 3 3 3 3 3 3 3 3 3 3 3 3 3 3 3 3 3 3 3 3 3 3 3 3 3 3 3 3 3 3 3 3 3 3 3 3 3 3 3 3 3 3 3 3 3 3 3 3 3 3 3 3 3 3 3 3 3 3 3 3 3 3 3 3 3 3 3 3 3 3 3 3 3 3 3 3 3 3 3 3 3 3 3 3 3 3 3 3 3 3 3 3 3 3 3 3 3 3 3 3 3 3 3 3 3 3 3 3 3 3 3 3 3 3 3 3 3 3 3 3 3 3 3 3 3 3 3 3 3 3 3 3 3 3 3 3 3 3 3 3 3 3 3 3 3 3 3 3 3 3 3 3 3 3 3 3 3 3 3 3 3 3 3 3 3 3 3 3 3 3 3 3 3 3 3 3 3 3 3 3 3 3 3 3 3 3 3 3 3 3 3 3 3 3 3 3 3 3 3 3 3 3 3 3 3 3 3 3 3 3 3 3 3 3 3 3 3 3 3 3 3 3 3 3 3 3 3 3 3 3 3 3 3 3 3 3 3 3 3 3 3 3 3 3 3 3 3 3 3 3 3 3 3 3 3 3 3 3 3 3 3 3 3 3 3 3 3 3 3 3 3 3 3 3 3 3 3 3 3 3 3 3 3 3 3 3 3 3 3 3 3 3 3 3 3 3 3 3 3 3 3 3 3 3 3 3 3 3 3 3 3 3 3 3 3 3 3 3 3 3 3 3 3 3 3 3 3 3 3 3 3 3 3 3 3 3 3 3 3 3 3 3 3 3 3 3 3 3 3 3 3 3 3 3 3 3 3 3 3 3 3 3 3 3 3 3 3 3 3 3 3 3 3 3 3 3 3 3 3 3 3 3 3 3 3 3 3 3 3 3 3 3 3 3 3 3 3 3 3 3 3 3 3 3 3 3 3 3 3 3 3 3 3 3 3 3 3 3 3 3 3 3 3 3 3 3 3 3 3 3 3 3 3 3 3 3 3 3 3 3 3 3 3 3 3 3 3 3 3 3 3 3 3 3 3 3 3 3 3 3 3 3 3 3 3 3 3 3 3 3 3 3 3 3 3 3 3 3 3 3 3 3 3 3 3 3 3 3 3 3 3 3 3 3 3 3 3 3 3 3 3 3 3 3 3 3 3 3 3 3 3 3 3 3 3 3 3 3 3 3 3 3 3 3 3 3 3 3 3 3 3 3 3 3 3 3 3 3 3 3 3 3 3 3 3 3 3 3 3 3 3 3 3 3 3 3 3 3 3 3 3 3 3 3 3 3 3 3 3 3 3 3 3 3 3 3 3 3 3 3 3 3 3 3 3 3 3 3 3 3 3 3 3 3 3 3 3 3 3 3 3 3 3 3 3 3 3 3 3 3 3 3 3 3 3 3 3 3 3 3 3 3 3 3 3 3 3 3 3 3 3 3 3 3 3 3 3 3 3 3 3 3 3 3 3 3 3 3 3 3 3 3 3 3 3 3 3 3 3 3 3 3 3 3 3 3 3 3 3 3 3 3 3 3 3 3 3 3 3 3 3 3 3 3 3 3 3 3 3 3 3 3 3 3 3 3 3 3 3 3 3 3 3 3 3 3 3 3 3 3 3 3 3 3 3 3 3 3 3 3 3 3 3 3 3 3 3 3 3 3 3 3 3 3 3 3 3 3 3 3 3 3 3 3 3 3 3 3 3 3 3 3 3 3 3 3 3 3 3 3 3 3 3 3 3 3 3 3 3 3 3 3 3 3 3 3 3 3 3 3 3 3 3 3 3 3 3 3 3 3 3 3 3 3 3 3 3 3 3 3 3 3 3 3 3 3 3 3 3 3 3 3 3 3 3 3 3 3 3 3 3 3 3 3 3 3 3 3 3 3 3 3 3 3 3 3 3 3 3 3 3 3 3 3 3 3 3 3 3 3 3 3 3 3 3 3 3 3 3 3 3 3 3 3 3 3 3 3 3 3 3 3 3 3 3 3 3 3 3 3 3 3 3 3 3 3 3 3 3 3 3 3 3 3 3 3 3 3 3 3 3 3 3 3 3 3 3 3 3 3 3 3 3 3 3 3 3 3 3 3 3 3 3 3 3 3 3 3 3 3 3 3 3 3 3 3 3 3 3 3 3 3 3 3 3 3 3 3 3 3 3 3 3 3 3 3 3 3 3 3 3 3 3 3 3 3 3 3 3 3 3 3 3 3 3 3 3 3 3 3 3 3 3 3 3 3 3 3 3 3 3 3 3 3 3 3 3 3 3 3 3 3 3 3 3 3 3 3 3 3 3 3 3 3 3 3 3 3 3 3 3 3 3 3 3 3 3 3 3 3 3 3 3 3 3 3 3 3 3 3 3 3 3 3 3 3 3 3 3 3 3 3 3 3 3 3 3 3 3 3 3 3 3 3 3 3 3 3 3 3 3 3 3 3 3 3 3 3 3 3 3 3 3 3 3 3 3 3 3 3 3 3 3 3 3 3 3 3 3 3 3 3 3 3 3 3 3 3 3 3 3 3 3 3 3 3 3 3 3 3 3 3 3 3 3 3 3 3 3 3 3 3 3 3 3 3 3 3 3 3 3 3 3 3 3 3 3 3 3 3 3 3 3 3 3 3 3 3 3 3 3 3 3 3 3 3 3 3 3 3 3 3 3 3 3 3 3 3 3 3 3 3 3 3 3 3 3 3 3 3 3 3 3 3 3 3 3 3 3 3 3 3 3 3 3 3 3 3 3 3 3 3 3 3 3 3 3 3 3 3 3 3 3 3 3 3 3 3 3 3 3 3 3 3 3 3 3 3 3 3 3 3 3 3 3 3 3 3 3 3 3 3 3 3 3 3 3 3 3 3 3 3 3 3 3 3 3 3 3 3 3 3 3 3 3 3 3 3 3 3 3 3 3 3 3 3 3 </vcount>
          <p>0 1 2 3 4 5 6 7 8 9 10 11 12 13 14 15 16 17 18 19 20 21 22 23 24 25 26 27 28 29 30 31 32 33 34 35 36 37 38 39 40 41 42 43 44 45 46 47 48 49 50 22 51 23 52 53 54 54 53 55 8 7 56 57 58 59 14 13 60 61 15 62 63 10 64 58 57 65 58 65 66 67 68 69 70 71 72 73 74 75 76 77 78 79 80 81 82 83 81 84 85 81 86 87 81 88 89 90 91 92 90 93 94 90 95 96 90 56 97 8 56 7 98 99 100 101 102 103 104 105 106 107 108 109 110 111 112 109 106 113 114 115 116 103 117 118 100 119 4 120 121 122 0 123 124 125 126 127 128 52 54 129 16 130 131 65 57 132 18 20 133 12 14 134 6 8 135 11 136 137 138 139 140 141 142 143 144 145 146 147 148 149 150 151 152 153 154 155 156 157 158 159 160 161 162 163 164 165 166 167 168 26 25 169 29 28 170 171 172 173 174 175 36 38 176 39 41 177 178 179 180 181 182 183 184 185 186 167 166 187 188 189 190 189 191 190 151 192 152 193 194 195 157 196 158 197 198 159 199 200 155 195 201 193 195 202 201 203 204 205 206 207 208 209 210 211 212 78 77 213 214 215 216 214 217 218 214 219 220 214 221 222 223 224 225 223 226 227 223 228 229 223 230 192 151 231 192 232 152 233 234 235 236 237 238 239 240 241 242 243 244 245 244 246 241 247 248 249 238 250 251 235 252 253 254 149 255 144 256 257 258 259 260 261 262 188 263 189 161 264 265 201 266 193 162 267 163 156 268 157 150 269 151 154 270 271 272 273 274 275 276 277 278 279 280 278 280 281 282 283 284 282 284 285 286 287 288 286 288 289 290 291 292 290 292 293 291 294 295 291 295 292 296 297 298 296 298 299 297 286 289 297 289 298 294 300 301 294 301 295 302 303 304 302 304 305 306 307 308 306 308 309 310 306 309 310 309 311 312 302 305 312 305 313 314 315 316 314 316 283 307 317 318 307 318 308 319 320 321 319 321 322 323 324 325 323 325 326 327 314 283 327 283 282 309 308 294 309 294 291 311 309 291 311 291 290 78 323 326 78 326 76 308 318 300 308 300 294 299 298 306 299 306 310 298 289 307 298 307 306 328 299 310 328 310 329 330 311 290 330 290 331 324 332 333 324 333 325 315 319 322 315 322 316 329 310 311 329 311 330 334 296 299 334 299 328 331 290 293 331 293 335 303 278 281 303 281 304 336 337 338 336 338 339 289 288 317 289 317 307 337 340 341 337 341 338 342 336 339 342 339 343 344 345 55 344 55 53 346 347 348 346 348 349 349 348 350 349 350 351 352 342 343 352 343 353 354 355 356 354 356 357 347 358 359 347 359 348 348 359 360 348 360 350 355 346 349 355 349 356 356 349 351 356 351 361 297 296 319 297 319 315 296 334 320 296 320 319 357 356 361 357 361 362 286 297 315 286 315 314 363 364 365 363 365 366 367 368 369 367 369 370 371 372 373 371 373 374 364 371 374 364 374 365 375 376 377 375 377 62 378 379 380 378 380 19 56 381 382 56 382 97 379 383 384 379 384 380 98 385 386 98 386 56 387 378 19 387 19 388 389 390 58 389 58 60 391 344 53 391 53 392 376 393 10 376 10 377 383 394 15 383 15 384 395 389 60 395 60 13 396 397 398 396 398 64 397 399 400 397 400 398 393 396 64 393 64 10 390 401 59 390 59 58 402 367 370 402 370 403 404 405 406 404 406 407 408 409 410 408 410 411 412 413 414 412 414 415 351 350 416 351 416 417 287 286 314 287 314 327 350 360 418 350 418 416 361 351 417 361 417 419 343 339 346 343 346 355 338 341 358 338 358 347 362 361 419 362 419 420 339 338 347 339 347 346 421 422 423 421 423 424 425 426 427 425 427 428 429 430 431 429 431 432 433 429 432 433 432 434 426 435 436 426 436 427 437 425 428 437 428 438 431 439 440 431 440 441 427 436 442 427 442 443 438 428 444 438 444 445 424 423 446 424 446 447 428 427 443 428 443 444 432 431 441 432 441 448 434 432 448 434 448 449 450 433 434 450 434 451 451 434 449 451 449 452 453 454 107 453 107 106 455 453 106 455 106 110 456 457 0 456 0 5 0 457 458 0 458 1 459 460 109 459 109 461 460 455 110 460 110 109 454 462 103 454 103 107 462 463 104 462 104 103 464 459 461 464 461 465 388 19 18 388 18 466 377 10 9 377 9 130 392 53 52 392 52 467 64 398 136 64 136 63 97 392 467 97 467 8 384 15 17 384 17 20 398 400 468 398 468 136 62 377 130 62 130 61 7 6 469 7 469 470 436 424 447 436 447 442 435 421 424 435 424 436 285 284 302 285 302 312 316 322 471 316 471 472 283 316 472 283 472 284 322 321 473 322 473 471 313 305 342 313 342 352 472 471 278 472 278 303 284 472 303 284 303 302 471 473 279 471 279 278 474 475 476 474 476 477 478 479 480 478 480 481 479 482 483 479 483 480 484 478 481 484 481 485 486 487 488 486 488 489 482 490 491 482 491 483 487 492 493 487 493 488 494 484 485 494 485 495 496 486 489 496 489 497 492 498 499 492 499 493 477 476 500 477 500 501 474 477 499 474 499 498 502 500 476 502 476 503 501 500 504 501 504 505 506 507 508 506 508 509 510 504 500 510 500 502 508 507 504 508 504 510 505 504 507 505 507 511 490 496 497 490 497 491 480 483 44 480 44 512 499 477 513 499 513 514 491 497 515 491 515 42 489 488 516 489 516 517 497 489 517 497 517 515 501 505 518 501 518 519 488 493 520 488 520 516 483 491 42 483 42 44 505 511 521 505 521 518 493 499 514 493 514 520 477 501 519 477 519 513 522 523 524 522 524 525 526 527 528 526 528 529 530 526 529 530 529 531 405 522 525 405 525 406 532 533 534 532 534 535 536 530 531 536 531 537 538 539 540 538 540 541 539 536 537 539 537 540 542 543 544 542 544 545 546 542 545 546 545 547 548 549 550 548 550 551 552 553 554 552 554 555 556 557 558 556 558 559 553 560 561 553 561 554 409 556 559 409 559 410 560 546 547 560 547 561 562 548 551 562 551 563 543 564 565 543 565 544 566 567 568 566 568 569 570 571 572 570 572 573 574 575 576 574 576 577 578 579 580 578 580 581 567 582 583 567 583 568 575 584 585 575 585 576 586 587 588 586 588 589 579 590 591 579 591 580 587 592 593 587 593 588 584 578 581 584 581 585 569 568 594 569 594 595 582 596 597 582 597 583 598 594 599 598 599 600 583 597 601 583 601 602 577 576 603 577 603 604 581 580 605 581 605 606 568 583 602 568 602 594 576 585 607 576 607 603 589 588 608 589 608 609 580 610 611 580 611 605 588 593 612 588 612 608 585 581 606 585 606 607 574 577 604 574 604 613 614 612 593 614 593 592 615 616 617 615 617 618 619 615 618 619 618 620 619 620 614 619 614 592 621 574 613 621 613 622 605 611 623 605 623 624 618 617 625 618 625 626 606 605 624 606 624 627 613 604 628 613 628 629 609 608 630 609 630 631 607 606 627 607 627 632 614 620 633 614 633 634 608 612 635 608 635 630 604 603 636 604 636 628 602 601 637 602 637 638 612 614 634 612 634 635 603 607 632 603 632 636 622 613 629 622 629 639 594 602 638 594 638 599 620 618 626 620 626 633 640 641 642 640 642 643 641 644 645 641 645 642 646 647 648 646 648 649 649 648 650 649 650 651 651 650 652 651 652 653 368 363 366 368 366 369 654 655 656 654 656 657 652 654 657 652 657 653 658 659 660 658 660 661 662 663 664 662 664 665 663 666 667 663 667 664 659 662 665 659 665 660 666 668 669 666 669 667 669 668 670 669 670 671 672 673 674 672 674 675 676 677 678 676 678 679 677 672 675 677 675 678 680 676 679 680 679 681 682 664 683 682 683 684 674 673 685 674 685 686 687 661 676 687 676 680 660 665 672 660 672 677 661 660 677 661 677 676 665 664 673 665 673 672 688 682 689 688 689 690 691 692 693 691 693 694 669 671 695 669 695 696 667 669 696 667 696 697 671 28 27 671 27 695 689 682 684 689 684 698 664 667 697 664 697 683 690 689 26 690 26 699 24 27 29 24 29 25 700 701 702 700 702 703 704 705 706 704 706 707 705 708 709 705 709 706 710 711 712 710 712 713 714 700 703 714 703 715 711 714 715 711 715 712 708 710 713 708 713 709 701 704 707 701 707 702 716 717 718 716 718 719 720 721 722 720 722 723 719 718 723 719 723 722 724 725 726 724 726 727 728 729 730 728 730 731 692 724 727 692 727 693 725 728 731 725 731 726 732 733 734 732 734 735 671 670 736 671 736 28 26 689 698 26 698 24 737 738 733 737 733 732 30 739 740 30 740 31 739 741 742 739 742 740 741 743 744 741 744 742 743 745 746 743 746 744 746 745 747 746 747 748 749 750 751 749 751 752 750 753 754 750 754 751 755 756 30 755 30 757 753 755 757 753 757 754 758 747 745 758 745 743 759 758 743 759 743 741 430 760 439 430 439 431 757 30 32 757 32 761 751 754 762 751 762 763 752 751 763 752 763 764 754 757 761 754 761 762 762 761 765 762 765 766 764 763 767 764 767 768 763 762 766 763 766 767 761 32 31 761 31 765 769 770 771 769 771 772 770 773 774 770 774 771 773 775 776 773 776 774 776 775 777 776 777 778 779 780 781 779 781 782 783 781 780 783 780 784 785 783 784 785 784 786 787 788 789 787 789 790 787 790 785 787 785 786 791 792 793 791 793 794 790 789 795 790 795 796 783 785 797 783 797 798 781 783 798 781 798 799 785 790 796 785 796 797 800 801 802 800 802 803 804 800 803 804 803 805 791 801 797 791 797 796 805 803 806 805 806 807 794 793 808 794 808 809 802 794 809 802 809 810 803 802 810 803 810 806 810 811 812 810 812 806 808 811 810 808 810 809 806 812 813 806 813 807 814 815 816 814 816 817 815 818 819 815 819 816 820 821 822 820 822 823 818 824 825 818 825 819 826 820 823 826 823 827 828 829 830 828 830 831 832 833 834 832 834 36 835 828 831 835 831 836 833 835 836 833 836 834 837 830 829 837 829 838 839 837 838 839 838 840 841 839 840 841 840 842 831 830 843 831 843 844 836 831 844 836 844 845 834 836 845 834 845 846 837 847 843 837 843 830 839 848 847 839 847 837 841 849 848 841 848 839 850 851 35 850 35 34 852 850 34 852 34 853 38 37 40 38 40 39 37 36 834 37 834 846 854 855 856 854 856 857 858 859 855 858 855 854 848 860 861 848 861 847 860 862 863 860 863 861 862 864 865 862 865 863 859 866 867 859 867 855 866 868 869 866 869 867 849 868 860 849 860 848 867 869 870 867 870 871 857 856 872 857 872 873 855 867 871 855 871 856 850 870 869 850 869 851 856 871 874 856 874 872 871 870 875 871 875 874 852 875 870 852 870 850 41 40 865 41 865 864 851 869 868 851 868 849 862 860 868 862 868 866 864 862 866 864 866 859 41 864 859 41 859 858 35 851 849 35 849 841 35 841 842 35 842 33 821 814 817 821 817 822 794 802 801 794 801 791 799 798 800 799 800 804 798 797 801 798 801 800 796 795 792 796 792 791 512 44 43 512 43 876 512 876 877 512 877 878 878 877 879 878 879 880 880 879 881 880 881 882 883 884 885 883 885 886 887 888 889 887 889 890 891 892 893 891 893 894 895 896 897 895 897 898 899 900 901 899 901 902 888 895 898 888 898 889 892 903 904 892 904 893 896 891 894 896 894 897 905 906 907 905 907 908 906 909 910 906 910 907 909 887 890 909 890 910 911 912 887 911 887 909 913 911 909 913 909 906 914 913 906 914 906 905 915 916 891 915 891 896 917 918 903 917 903 892 919 920 895 919 895 888 921 922 900 921 900 899 920 915 896 920 896 895 916 917 892 916 892 891 912 919 888 912 888 887 516 520 919 516 919 912 519 518 917 519 917 916 514 513 915 514 915 920 886 885 922 886 922 921 520 514 920 520 920 919 518 521 918 518 918 917 513 519 916 513 916 915 42 515 913 42 913 914 515 517 911 515 911 913 517 516 912 517 912 911 42 914 923 42 923 43 43 923 924 43 924 876 876 924 925 876 925 877 926 927 928 926 928 929 927 930 931 927 931 928 908 931 930 908 930 905 881 879 932 881 932 933 879 877 925 879 925 932 926 929 934 926 934 69 69 934 935 69 935 936 932 69 936 932 936 933 480 512 937 480 937 938 68 939 926 68 926 69 939 940 927 939 927 926 940 941 930 940 930 927 942 943 923 942 923 914 944 945 925 944 925 924 943 944 924 943 924 923 932 946 67 932 67 69 945 946 932 945 932 925 947 948 949 947 949 950 951 952 953 951 953 45 954 955 956 954 956 957 958 959 960 958 960 961 962 963 964 962 964 965 966 967 968 966 968 969 948 970 971 948 971 949 972 973 974 972 974 975 970 976 977 970 977 971 973 978 979 973 979 974 963 954 957 963 957 964 978 966 969 978 969 979 980 958 961 980 961 981 959 951 45 959 45 960 976 980 981 976 981 977 955 947 950 955 950 956 981 961 960 981 960 982 956 950 983 956 983 984 964 957 985 964 985 986 949 971 987 949 987 988 957 956 984 957 984 985 950 949 988 950 988 983 971 977 989 971 989 987 965 964 986 965 986 990 991 989 977 991 977 981 974 979 992 974 992 993 994 975 995 994 995 996 953 994 996 953 996 997 979 969 998 979 998 992 975 974 993 975 993 995 45 953 997 45 997 46 47 982 960 47 960 45 991 981 982 991 982 47 999 1000 1001 999 1001 1002 1003 1004 1000 1003 1000 999 1005 1006 1004 1005 1004 1003 1007 1008 1006 1007 1006 1005 1009 1010 1008 1009 1008 1007 1011 1012 1010 1011 1010 1009 1013 1014 1015 1013 1015 1016 1013 1016 1012 1013 1012 1011 1017 1018 1019 1017 1019 1020 1018 1021 1022 1018 1022 1019 1021 48 50 1021 50 1022 1023 1024 1025 1023 1025 1026 1026 1025 23 1026 23 51 380 384 20 380 20 19 13 12 1027 13 1027 1028 1029 395 13 1029 13 1028 15 61 130 15 130 16 10 63 136 10 136 11 394 375 62 394 62 15 59 7 470 59 470 57 401 98 7 401 7 59 66 14 60 66 60 58 305 304 336 305 336 342 281 280 340 281 340 337 304 281 337 304 337 336 521 886 921 521 921 918 918 921 899 918 899 903 903 899 902 903 902 904 511 883 886 511 886 521 511 507 506 511 506 883 914 905 1030 914 1030 942 930 941 1030 930 1030 905 863 865 1031 863 1031 1032 846 845 1033 846 1033 1034 861 863 1032 861 1032 1035 847 861 1035 847 1035 1036 845 844 1037 845 1037 1033 40 37 1038 40 1038 1039 844 843 1040 844 1040 1037 37 846 1034 37 1034 1038 843 847 1036 843 1036 1040 865 40 1039 865 1039 1031 1041 1042 1043 1041 1043 1044 1042 1045 1046 1042 1046 1043 1045 1047 1048 1045 1048 1046 1047 1049 1050 1047 1050 1048 967 1051 1052 967 1052 1053 423 422 1054 423 1054 1055 968 967 1053 968 1053 1056 601 1057 1058 601 1058 637 1057 609 631 1057 631 1058 597 1059 1057 597 1057 601 1059 589 609 1059 609 1057 596 1060 1059 596 1059 597 1060 586 589 1060 589 1059 557 1061 1062 557 1062 558 1061 570 573 1061 573 1062 523 1063 1064 523 1064 524 1063 532 535 1063 535 1064 1065 1066 1067 1065 1067 1068 1069 1070 1071 1069 1071 1072 1073 1069 1072 1073 1072 1074 1075 1076 74 1075 74 73 1067 1077 1078 1067 1078 1068 1070 1079 1080 1070 1080 1071 1081 1075 73 1081 73 1082 1083 1084 1085 1083 1085 1086 1077 1067 1086 1077 1086 1087 1076 1073 1074 1076 1074 74 1088 1089 1090 1088 1090 1091 1084 1081 1082 1084 1082 1085 1079 1088 1091 1079 1091 1080 1092 1065 1068 1092 1068 1093 1082 73 75 1082 75 1094 1085 1082 1094 1085 1094 1095 1086 1085 1095 1086 1095 1087 1096 1097 1098 1096 1098 1099 1097 1100 1101 1097 1101 1098 1100 1102 1103 1100 1103 1101 1099 1098 1104 1099 1104 1105 1098 1101 1106 1098 1106 1104 1101 1103 1107 1101 1107 1106 1105 1104 1108 1105 1108 1109 1110 1103 1102 1110 1102 1111 1112 1107 1103 1112 1103 1110 353 343 355 353 355 354 1108 1113 1114 1108 1114 1109 1093 1068 1078 1093 1078 1115 1114 1116 1117 1114 1117 1109 1118 1105 1109 1118 1109 1117 1119 1099 1105 1119 1105 1118 1120 79 81 1120 81 87 1121 82 81 1121 81 80 1122 84 81 1122 81 83 1123 86 81 1123 81 85 1124 88 90 1124 90 96 1125 91 90 1125 90 89 1126 93 90 1126 90 92 1127 95 90 1127 90 94 552 555 1128 552 1128 1129 461 109 112 461 112 1130 104 100 118 104 118 102 622 639 1131 622 1131 1132 101 4 119 101 119 99 110 106 114 110 114 108 107 103 116 107 116 105 621 622 1132 621 1132 1133 5 0 122 5 122 3 461 1130 1134 461 1134 465 1135 1136 4 1135 4 101 4 1136 456 4 456 5 55 388 466 55 466 54 345 387 388 345 388 55 1137 1138 1139 1137 1139 1140 1141 1137 1140 1141 1140 1142 1143 1141 1142 1143 1142 1144 686 685 1145 686 1145 1146 1147 1148 1149 1147 1149 1150 1151 1147 1150 1151 1150 1152 1144 1142 1153 1144 1153 1154 1155 1156 1157 1155 1157 1158 1159 1160 1161 1159 1161 1162 1163 1164 1165 1163 1165 1166 1164 1167 1168 1164 1168 1165 1160 1163 1166 1160 1166 1161 1169 1159 1162 1169 1162 1170 1171 1172 1173 1171 1173 1174 1175 1176 1177 1175 1177 1178 1179 1180 1181 1179 1181 1182 1182 1181 1183 1182 1183 1184 1185 1186 1176 1185 1176 1175 1184 1183 1186 1184 1186 1185 1187 1188 1189 1187 1189 1190 1167 1158 1157 1167 1157 1168 1191 1192 1193 1191 1193 1194 1174 1173 1195 1174 1195 1196 1155 1197 1198 1155 1198 1156 1199 1200 1201 1199 1201 1202 1202 1201 1203 1202 1203 1204 1205 1206 1207 1205 1207 1208 1195 1209 1210 1195 1210 1196 1206 123 1211 1206 1211 1207 1212 1213 1214 1212 1214 1215 1216 1217 1194 1216 1194 1193 1187 1218 1219 1187 1219 1188 1220 1190 1189 1220 1189 1221 1222 1216 1193 1222 1193 1223 1217 1220 1221 1217 1221 1194 1224 1189 1188 1224 1188 1225 1213 1222 1223 1213 1223 1214 1226 1212 1215 1226 1215 1227 1228 1229 1230 1228 1230 1231 1229 1232 1233 1229 1233 1230 1234 1235 1236 1234 1236 1237 1231 1230 1238 1231 1238 1239 1230 1233 1240 1230 1240 1238 1237 1236 1241 1237 1241 1242 1239 1238 1243 1239 1243 1244 1238 1240 1245 1238 1245 1243 1242 1241 1246 1242 1246 1247 123 1248 1249 123 1249 124 1204 1203 1250 1204 1250 1251 1252 1253 1254 1252 1254 1255 1256 1257 1258 1256 1258 1259 1246 1259 1258 1246 1258 1247 1244 1243 1255 1244 1255 1254 1252 1255 1260 1252 1260 1225 1245 1260 1255 1245 1255 1243 1219 1261 1262 1219 1262 1263 1263 1262 1264 1263 1264 1265 125 1265 1264 125 1264 1266 123 125 1266 123 1266 1211 1251 1250 1257 1251 1257 1256 124 1249 1253 124 1253 1252 1252 1265 125 1252 125 124 1267 1221 1189 1267 1189 1224 1191 1194 1221 1191 1221 1267 1268 1269 1200 1268 1200 1199 1263 1265 1252 1263 1252 1225 1263 1225 1188 1263 1188 1219 1260 1245 1224 1260 1224 1225 1245 1240 1267 1245 1267 1224 1240 1233 1191 1240 1191 1267 1192 1191 1233 1192 1233 1232 1180 1179 1270 1180 1270 1271 1193 1192 1232 1193 1232 1223 1272 1273 1235 1272 1235 1234 1214 1223 1232 1214 1232 1229 1215 1214 1229 1215 1229 1228 1226 1227 1274 1226 1274 1275 1276 1277 1278 1276 1278 1279 1280 1281 1282 1280 1282 1283 1284 1285 1286 1284 1286 1287 1288 1289 1290 1288 1290 1291 1292 1293 1294 1292 1294 1295 1296 1271 1270 1296 1270 1297 1298 1284 1287 1298 1287 1299 1300 1301 1302 1300 1302 1303 1304 1276 1279 1304 1279 1305 1289 1300 1303 1289 1303 1290 1285 1304 1305 1285 1305 1286 1301 1280 1283 1301 1283 1302 1277 1306 1307 1277 1307 1278 1308 1288 1291 1308 1291 1309 1310 1298 1299 1310 1299 1311 1293 1310 1311 1293 1311 1294 1312 1292 1295 1312 1295 1313 1314 1315 1316 1314 1316 1317 1275 1274 1318 1275 1318 1319 1320 1321 1322 1320 1322 1323 1172 1171 1198 1172 1198 1197 1269 1268 1296 1269 1296 1297 1324 1325 1326 1324 1326 1327 1327 1326 1328 1327 1328 1329 1329 1328 1330 1329 1330 1331 1331 1330 1332 1331 1332 1333 1334 1329 1331 1334 1331 1335 1328 1336 1337 1328 1337 1330 1338 1339 1340 1338 1340 1341 1342 1343 1344 1342 1344 1345 1346 1347 1348 1346 1348 1349 687 680 1350 687 1350 1351 1352 1353 1354 1352 1354 1355 1356 1357 1358 1356 1358 1359 1360 1338 1341 1360 1341 1361 1362 1363 1364 1362 1364 1365 1366 1362 1365 1366 1365 1367 1368 1369 1370 1368 1370 1371 1372 1346 1349 1372 1349 1373 1374 1375 1376 1374 1376 1377 1369 1360 1361 1369 1361 1370 1378 1379 1380 1378 1380 1381 640 643 1382 640 1382 1383 1384 1368 1371 1384 1371 1385 20 17 1386 20 1386 1387 1388 1389 1390 1388 1390 1391 1392 1393 1394 1392 1394 1395 54 466 1396 54 1396 1397 1353 1398 1399 1353 1399 1354 1379 1400 1401 1379 1401 1380 1402 1403 1404 1402 1404 1405 1406 1407 1408 1406 1408 1409 1410 1411 1412 1410 1412 1413 467 52 129 467 129 1414 1389 1415 1416 1389 1416 1390 1417 687 1351 1417 1351 1418 1403 1419 1420 1403 1420 1404 1411 1421 1422 1411 1422 1412 1423 1424 1425 1423 1425 1426 680 681 1427 680 1427 1350 470 469 1428 470 1428 1429 1419 1430 1431 1419 1431 1420 8 467 1414 8 1414 1432 1393 1410 1413 1393 1413 1394 550 549 1433 550 1433 1434 136 468 1435 136 1435 1436 1437 1384 1385 1437 1385 1438 57 470 1429 57 1429 1439 625 617 1440 625 1440 1441 66 65 132 66 132 1442 1443 1423 1426 1443 1426 1444 1445 1446 1447 1445 1447 1448 1027 12 134 1027 134 1449 14 66 1442 14 1442 1450 17 16 131 17 131 1386 617 616 1451 617 1451 1440 130 9 1452 130 1452 1453 9 11 137 9 137 1452 1454 1455 1456 1454 1456 1457 1343 1454 1457 1343 1457 1344 466 18 133 466 133 1396 1430 1437 1438 1430 1438 1431 1455 1392 1395 1455 1395 1456 1458 1342 1345 1458 1345 1459 1460 1458 1459 1460 1459 1461 469 6 135 469 135 1428 1375 1445 1448 1375 1448 1376 1446 1378 1381 1446 1381 1447 1407 1356 1359 1407 1359 1408 1357 1374 1377 1357 1377 1358 1457 1456 1462 1457 1462 1463 1413 1412 1464 1413 1464 1465 1341 1340 1466 1341 1466 1467 1344 1457 1463 1344 1463 1468 1412 1422 1469 1412 1469 1464 1345 1344 1468 1345 1468 1470 1394 1413 1465 1394 1465 1471 1361 1341 1467 1361 1467 1472 1456 1395 1473 1456 1473 1462 1438 1385 1474 1438 1474 1475 1431 1438 1475 1431 1475 1476 1371 1370 1477 1371 1477 1478 1459 1345 1470 1459 1470 1479 1370 1361 1472 1370 1472 1477 1461 1459 1479 1461 1479 1480 1385 1371 1478 1385 1478 1474 1481 1461 1480 1481 1480 1482 1395 1394 1471 1395 1471 1473 1340 1481 1482 1340 1482 1466 1469 1422 1483 1469 1483 1484 1485 1486 1487 1485 1487 1488 1486 1489 1490 1486 1490 1487 1489 138 140 1489 140 1490 1491 1492 1493 1491 1493 1494 1494 1493 1495 1494 1495 1496 1496 1495 1497 1496 1497 1498 1499 1500 1501 1499 1501 1502 1500 1503 1504 1500 1504 1501 1505 1506 1507 1505 1507 1508 1509 1510 1511 1509 1511 1512 1513 1514 1515 1513 1515 1516 1517 382 1518 1517 1518 1519 382 381 1520 382 1520 1518 386 385 1521 386 1521 1522 1523 1524 1525 1523 1525 1526 1527 1528 1529 1527 1529 1530 1531 1532 1533 1531 1533 1534 1534 1535 1536 1534 1536 1537 1538 1536 1539 1538 1539 71 528 527 1524 528 1524 1523 404 407 1526 404 1526 1525 1540 1541 1542 1540 1542 1543 565 564 1528 565 1528 1527 408 411 1530 408 1530 1529 1544 1540 1543 1544 1543 1545 591 590 1532 591 1532 1531 566 569 1534 566 1534 1533 569 595 1535 569 1535 1534 611 610 1537 611 1537 1536 623 611 1536 623 1536 1538 598 600 71 598 71 1539 1546 1547 1548 1546 1548 1549 1550 1551 1552 1550 1552 1553 1547 1554 1555 1547 1555 1548 1556 1557 1558 1556 1558 1559 1560 1561 1562 1560 1562 1563 440 439 1564 440 1564 1565 1566 1567 1568 1566 1568 1569 439 760 1570 439 1570 1564 1571 1572 1573 1571 1573 1574 1575 1576 1564 1575 1564 1570 1565 1564 1576 1565 1576 142 1577 1578 1579 1577 1579 1580 437 438 1576 437 1576 1575 438 445 142 438 142 1576 1567 1581 1582 1567 1582 1568 1583 1584 1585 1583 1585 1586 1587 1588 1589 1587 1589 1590 1591 1592 1593 1591 1593 1594 1595 1591 1594 1595 1594 1596 1584 1587 1590 1584 1590 1585 1597 1598 1599 1597 1599 1600 1601 1595 1596 1601 1596 1602 1598 1603 1604 1598 1604 1599 1588 1605 1606 1588 1606 1589 1605 1597 1600 1605 1600 1606 1593 1592 1583 1593 1583 1586 1607 1608 1609 1607 1609 1610 1611 1612 1613 1611 1613 1614 1615 1610 1609 1615 1609 1616 1617 1608 1607 1617 1607 1618 1619 1620 1621 1619 1621 1622 1622 1621 1623 1622 1623 1624 1618 1607 1625 1618 1625 1626 1627 1628 1629 1627 1629 1630 1630 1629 1631 1630 1631 1632 1633 1634 1610 1633 1610 1615 1628 1627 1635 1628 1635 1636 1627 1633 1615 1627 1615 1635 1637 1638 1614 1637 1614 1613 1638 1630 1632 1638 1632 1614 1634 1633 1638 1634 1638 1637 1633 1627 1630 1633 1630 1638 1639 1640 1624 1639 1624 1623 1640 1618 1626 1640 1626 1624 1641 1642 1626 1641 1626 1625 1642 1622 1624 1642 1624 1626 1612 1611 1642 1612 1642 1641 1611 1619 1622 1611 1622 1642 1643 1644 1640 1643 1640 1639 1644 1617 1618 1644 1618 1640 1636 1635 1645 1636 1645 1646 1635 1615 1616 1635 1616 1645 1620 1619 1632 1620 1632 1631 1619 1611 1614 1619 1614 1632 1647 1648 1649 1647 1649 1650 282 285 1651 282 1651 1652 1653 1654 288 1653 288 287 1655 1656 1657 1655 1657 1658 1658 1657 1659 1658 1659 1660 1661 1662 1663 1661 1663 1664 1664 1663 1654 1664 1654 1653 1660 1659 301 1660 301 300 1665 1666 1667 1665 1667 1668 1669 1670 1671 1669 1671 1672 1673 1674 1670 1673 1670 1669 312 313 1666 312 1666 1665 1675 1652 1676 1675 1676 1677 1672 1671 318 1672 318 317 1678 1679 1680 1678 1680 1681 1682 1683 1684 1682 1684 1685 327 282 1652 327 1652 1675 1670 1658 1660 1670 1660 1671 1674 1655 1658 1674 1658 1670 78 212 1683 78 1683 1682 1671 1660 300 1671 300 318 1662 1673 1669 1662 1669 1663 1663 1669 1672 1663 1672 1654 1686 1687 1673 1686 1673 1662 1688 1689 1655 1688 1655 1674 1685 1684 1690 1685 1690 1691 1677 1676 1679 1677 1679 1678 1687 1688 1674 1687 1674 1673 1692 1686 1662 1692 1662 1661 1689 1693 1656 1689 1656 1655 1668 1667 1648 1668 1648 1647 1694 1695 1696 1694 1696 1697 1654 1672 317 1654 317 288 1697 1696 1698 1697 1698 1699 1700 1701 1695 1700 1695 1694 1702 190 191 1702 191 1703 1704 1705 1706 1704 1706 1707 1705 1708 1709 1705 1709 1706 352 353 1701 352 1701 1700 354 357 1710 354 1710 1711 1707 1706 1712 1707 1712 1713 1706 1709 1714 1706 1714 1712 1711 1710 1705 1711 1705 1704 1710 1715 1708 1710 1708 1705 1664 1677 1678 1664 1678 1661 1661 1678 1681 1661 1681 1692 357 362 1715 357 1715 1710 1653 1675 1677 1653 1677 1664 1716 1717 1718 1716 1718 1719 1720 1721 1722 1720 1722 1723 1724 1725 373 1724 373 372 1719 1718 1725 1719 1725 1724 1726 198 1727 1726 1727 1728 1729 164 1730 1729 1730 1731 192 231 1732 192 1732 1733 1731 1730 1734 1731 1734 1735 232 192 1736 232 1736 1737 1738 1739 164 1738 164 1729 1740 196 195 1740 195 1741 1742 1743 190 1742 190 1702 1728 1727 155 1728 155 1744 1735 1734 159 1735 159 1745 1746 158 196 1746 196 1740 1747 200 1748 1747 1748 1749 1749 1748 1750 1749 1750 1751 1744 155 200 1744 200 1747 1741 195 194 1741 194 1752 1753 1754 1721 1753 1721 1720 1755 1756 1757 1755 1757 1758 1759 1760 1761 1759 1761 1762 1763 1764 1765 1763 1765 1766 1708 1767 1768 1708 1768 1709 287 327 1675 287 1675 1653 1709 1768 1769 1709 1769 1714 1715 1770 1767 1715 1767 1708 1701 1711 1704 1701 1704 1695 1696 1707 1713 1696 1713 1698 362 420 1770 362 1770 1715 1695 1704 1707 1695 1707 1696 1771 1772 1773 1771 1773 1774 1775 1776 1777 1775 1777 1778 1779 1780 1781 1779 1781 1782 1783 1784 1780 1783 1780 1779 1778 1777 1785 1778 1785 1786 1787 1788 1776 1787 1776 1775 1781 1789 1790 1781 1790 1791 1777 1792 1793 1777 1793 1785 1788 1794 1795 1788 1795 1776 1772 1796 1797 1772 1797 1773 1776 1795 1792 1776 1792 1777 1780 1798 1789 1780 1789 1781 1784 1799 1798 1784 1798 1780 1800 1801 1784 1800 1784 1783 1801 1802 1799 1801 1799 1784 1803 241 240 1803 240 1804 1805 243 241 1805 241 1803 1806 148 144 1806 144 1807 144 146 1808 144 1808 1807 1809 1810 244 1809 244 1811 1811 244 243 1811 243 1805 1804 240 238 1804 238 1812 1812 238 237 1812 237 1813 1814 1815 1810 1814 1810 1809 1739 1816 162 1739 162 164 1727 265 153 1727 153 155 1743 1817 188 1743 188 190 200 199 271 200 271 1748 231 151 1817 231 1817 1743 1734 163 160 1734 160 159 1748 271 1818 1748 1818 1750 198 197 265 198 265 1727 152 1819 1820 152 1820 150 1785 1793 1796 1785 1796 1772 1786 1785 1772 1786 1772 1771 285 312 1665 285 1665 1651 1676 1821 1822 1676 1822 1679 1652 1651 1821 1652 1821 1676 1679 1822 1823 1679 1823 1680 313 352 1700 313 1700 1666 1821 1668 1647 1821 1647 1822 1651 1665 1668 1651 1668 1821 1822 1647 1650 1822 1650 1823 1824 1825 1826 1824 1826 1827 1828 1829 1830 1828 1830 1831 1831 1830 1832 1831 1832 1833 1834 1835 1829 1834 1829 1828 1836 1837 1838 1836 1838 1839 1833 1832 1840 1833 1840 1841 1839 1838 1842 1839 1842 1843 494 495 1835 494 1835 1834 1844 1845 1837 1844 1837 1836 1843 1842 1846 1843 1846 1847 1825 1848 1849 1825 1849 1826 1824 1847 1846 1824 1846 1825 1850 1851 1826 1850 1826 1849 1848 1852 1853 1848 1853 1849 1854 1855 1856 1854 1856 1857 1858 1850 1849 1858 1849 1853 1856 1858 1853 1856 1853 1857 1852 1859 1857 1852 1857 1853 1841 1840 1845 1841 1845 1844 1830 1860 179 1830 179 1832 1846 1861 1862 1846 1862 1825 1840 178 1863 1840 1863 1845 1837 1864 1865 1837 1865 1838 1845 1863 1864 1845 1864 1837 1848 1866 1867 1848 1867 1852 1838 1865 1868 1838 1868 1842 1832 179 178 1832 178 1840 1852 1867 1869 1852 1869 1859 1842 1868 1861 1842 1861 1846 1825 1862 1866 1825 1866 1848 1870 1871 1872 1870 1872 1873 1874 1875 1876 1874 1876 1877 1878 1879 1875 1878 1875 1874 1758 1757 1871 1758 1871 1870 1880 1881 1882 1880 1882 1883 1884 1885 1879 1884 1879 1878 1886 1887 1888 1886 1888 1889 1889 1888 1885 1889 1885 1884 1890 1891 1892 1890 1892 1893 1894 1895 1891 1894 1891 1890 1896 1897 1898 1896 1898 1899 1900 1901 1902 1900 1902 1903 1904 1905 1906 1904 1906 1907 1903 1902 1908 1903 1908 1909 1762 1761 1905 1762 1905 1904 1909 1908 1895 1909 1895 1894 1910 1911 1897 1910 1897 1896 1893 1892 1912 1893 1912 1913 1914 1915 1916 1914 1916 1917 1918 1919 1920 1918 1920 1921 1922 1923 1924 1922 1924 1925 1926 1927 1928 1926 1928 1929 1917 1916 1930 1917 1930 1931 1925 1924 1932 1925 1932 1933 1934 1935 1936 1934 1936 1937 1929 1928 1938 1929 1938 1939 1937 1936 1940 1937 1940 1941 1933 1932 1927 1933 1927 1926 1915 1942 1943 1915 1943 1916 1931 1930 1944 1931 1944 1945 1946 1947 1948 1946 1948 1943 1930 1949 1950 1930 1950 1944 1923 1951 1952 1923 1952 1924 1927 1953 1954 1927 1954 1928 1916 1943 1949 1916 1949 1930 1924 1952 1955 1924 1955 1932 1935 1956 1957 1935 1957 1936 1928 1954 1958 1928 1958 1959 1936 1957 1960 1936 1960 1940 1932 1955 1953 1932 1953 1927 1922 1961 1951 1922 1951 1923 1962 1941 1940 1962 1940 1960 1963 1964 1965 1963 1965 1966 1967 1968 1964 1967 1964 1963 1967 1941 1962 1967 1962 1968 1969 1970 1961 1969 1961 1922 1954 1971 1972 1954 1972 1958 1964 1973 1974 1964 1974 1965 1953 1975 1971 1953 1971 1954 1961 1976 1977 1961 1977 1951 1956 1978 1979 1956 1979 1957 1955 1980 1975 1955 1975 1953 1962 1981 1982 1962 1982 1968 1957 1979 1983 1957 1983 1960 1951 1977 1984 1951 1984 1952 1949 1985 1986 1949 1986 1950 1960 1983 1981 1960 1981 1962 1952 1984 1980 1952 1980 1955 1970 1987 1976 1970 1976 1961 1943 1948 1985 1943 1985 1949 1968 1982 1973 1968 1973 1964 1988 1989 1990 1988 1990 1991 1991 1990 1992 1991 1992 1993 1994 1995 1996 1994 1996 1997 1995 1998 1999 1995 1999 1996 1998 2000 2001 1998 2001 1999 1723 1722 1717 1723 1717 1716 2002 2003 2004 2002 2004 2005 2001 2000 2003 2001 2003 2002 2006 2007 2008 2006 2008 2009 2010 2011 2012 2010 2012 2013 2013 2012 2014 2013 2014 2015 2009 2008 2011 2009 2011 2010 2015 2014 2016 2015 2016 2017 2016 2018 2019 2016 2019 2017 2020 2021 2022 2020 2022 2023 2024 2025 2026 2024 2026 2027 2027 2026 2021 2027 2021 2020 2028 2029 2025 2028 2025 2024 2030 2031 2032 2030 2032 2012 2022 2033 2034 2022 2034 2023 2035 2028 2024 2035 2024 2007 2008 2027 2020 2008 2020 2011 2007 2024 2027 2007 2027 2008 2011 2020 2023 2011 2023 2012 2036 2037 2038 2036 2038 2030 691 694 2039 691 2039 2040 2016 2041 2042 2016 2042 2018 2014 2043 2041 2014 2041 2016 2018 2042 169 2018 169 28 2038 2044 2031 2038 2031 2030 2012 2032 2043 2012 2043 2014 2037 699 26 2037 26 2038 168 25 29 168 29 169 2045 2046 2047 2045 2047 2048 2049 2050 2051 2049 2051 2052 2052 2051 2053 2052 2053 2054 2055 2056 2057 2055 2057 2058 2059 2060 2046 2059 2046 2045 2058 2057 2060 2058 2060 2059 2054 2053 2056 2054 2056 2055 2048 2047 2050 2048 2050 2049 2061 2062 2063 2061 2063 2064 2065 2066 2067 2065 2067 2068 2062 2067 2066 2062 2066 2063 2069 2070 2071 2069 2071 2072 2073 2074 730 2073 730 729 2040 2039 2070 2040 2070 2069 2072 2071 2074 2072 2074 2073 2075 2076 2077 2075 2077 2078 2018 28 736 2018 736 2019 26 168 2044 26 2044 2038 737 2075 2078 737 2078 738 170 172 2079 170 2079 2080 2080 2079 2081 2080 2081 2082 2082 2081 2083 2082 2083 2084 2084 2083 2085 2084 2085 2086 2085 2087 2088 2085 2088 2086 749 752 2089 749 2089 2090 2090 2089 2091 2090 2091 2092 2093 2094 170 2093 170 2095 2092 2091 2094 2092 2094 2093 2096 2084 2086 2096 2086 2088 2097 2082 2084 2097 2084 2096 1782 1781 1791 1782 1791 2098 2094 2099 171 2094 171 170 2089 2100 2101 2089 2101 2091 752 764 2100 752 2100 2089 2091 2101 2099 2091 2099 2094 2101 2102 2103 2101 2103 2099 764 768 2104 764 2104 2100 2100 2104 2102 2100 2102 2101 2099 2103 172 2099 172 171 2105 2106 2107 2105 2107 2108 2108 2107 2109 2108 2109 2110 2110 2109 2111 2110 2111 2112 2111 2113 2114 2111 2114 2112 2115 2116 2117 2115 2117 2118 2119 2120 2118 2119 2118 2117 2121 2122 2120 2121 2120 2119 2123 2124 2125 2123 2125 2126 2123 2122 2121 2123 2121 2124 2127 2128 2129 2127 2129 2130 2124 2131 2132 2124 2132 2125 2119 2133 2134 2119 2134 2121 2117 2135 2133 2117 2133 2119 2121 2134 2131 2121 2131 2124 2136 2137 2138 2136 2138 2139 2140 2141 2137 2140 2137 2136 2127 2131 2134 2127 2134 2139 2141 2142 2143 2141 2143 2137 2128 2144 2145 2128 2145 2129 2138 2146 2144 2138 2144 2128 2137 2143 2146 2137 2146 2138 2146 2143 2147 2146 2147 2148 2145 2144 2146 2145 2146 2148 2143 2142 2149 2143 2149 2147 2150 2151 2152 2150 2152 2153 2153 2152 2154 2153 2154 2155 2156 2157 2158 2156 2158 2159 2155 2154 2160 2155 2160 2161 2162 2163 2157 2162 2157 2156 2164 2165 2166 2164 2166 2167 832 36 2168 832 2168 2169 2170 2171 2165 2170 2165 2164 2169 2168 2171 2169 2171 2170 2172 2173 2167 2172 2167 2166 2174 2175 2173 2174 2173 2172 2176 2177 2175 2176 2175 2174 2165 2178 2179 2165 2179 2166 2171 2180 2178 2171 2178 2165 2168 2181 2180 2168 2180 2171 2172 2166 2179 2172 2179 2182 2174 2172 2182 2174 2182 2183 2176 2174 2183 2176 2183 2184 2185 175 174 2185 174 2186 2187 2188 175 2187 175 2185 38 39 177 38 177 176 176 2181 2168 176 2168 36 854 857 2189 854 2189 2190 858 854 2190 858 2190 2191 2183 2182 2192 2183 2192 2193 2193 2192 2194 2193 2194 2195 2195 2194 2196 2195 2196 2197 2191 2190 2198 2191 2198 2199 2199 2198 2200 2199 2200 2201 2184 2183 2193 2184 2193 2201 2198 2202 2203 2198 2203 2200 857 873 2204 857 2204 2189 2190 2189 2202 2190 2202 2198 2185 2186 2200 2185 2200 2203 2189 2204 2205 2189 2205 2202 2202 2205 2206 2202 2206 2203 2187 2185 2203 2187 2203 2206 41 2197 2196 41 2196 177 2186 2184 2201 2186 2201 2200 2195 2199 2201 2195 2201 2193 2197 2191 2199 2197 2199 2195 41 858 2191 41 2191 2197 174 2176 2184 174 2184 2186 174 173 2177 174 2177 2176 2159 2158 2151 2159 2151 2150 2128 2127 2139 2128 2139 2138 2135 2140 2136 2135 2136 2133 2133 2136 2139 2133 2139 2134 2131 2127 2130 2131 2130 2132 1860 2207 180 1860 180 179 1860 2208 2209 1860 2209 2207 2208 2210 2211 2208 2211 2209 2210 882 881 2210 881 2211 2212 2213 2214 2212 2214 2215 2216 2217 2218 2216 2218 2219 2220 2221 2222 2220 2222 2223 2224 2225 2226 2224 2226 2227 2228 2229 2230 2228 2230 2231 2219 2218 2225 2219 2225 2224 2223 2222 2232 2223 2232 2233 2227 2226 2221 2227 2221 2220 2234 2235 2236 2234 2236 2237 2237 2236 2238 2237 2238 2239 2239 2238 2217 2239 2217 2216 2240 2239 2216 2240 2216 2241 2242 2237 2239 2242 2239 2240 2243 2234 2237 2243 2237 2242 2244 2227 2220 2244 2220 2245 2246 2223 2233 2246 2233 2247 2248 2219 2224 2248 2224 2249 2250 2228 2231 2250 2231 2251 2249 2224 2227 2249 2227 2244 2245 2220 2223 2245 2223 2246 2241 2216 2219 2241 2219 2248 1865 2241 2248 1865 2248 1868 1866 2245 2246 1866 2246 1867 1861 2249 2244 1861 2244 1862 2213 2250 2251 2213 2251 2214 1868 2248 2249 1868 2249 1861 1867 2246 2247 1867 2247 1869 1862 2244 2245 1862 2245 1866 178 2243 2242 178 2242 1863 1863 2242 2240 1863 2240 1864 1864 2240 2241 1864 2241 1865 178 180 2252 178 2252 2243 180 2207 2253 180 2253 2252 2207 2209 2254 2207 2254 2253 2255 2256 2257 2255 2257 2258 2258 2257 2259 2258 2259 2260 2235 2234 2260 2235 2260 2259 881 933 2261 881 2261 2211 2211 2261 2254 2211 2254 2209 2255 204 2262 2255 2262 2256 204 936 935 204 935 2262 2261 933 936 2261 936 204 1830 2263 2264 1830 2264 1860 205 204 2255 205 2255 2265 2265 2255 2258 2265 2258 2266 2266 2258 2260 2266 2260 2267 2268 2243 2252 2268 2252 2269 2270 2253 2254 2270 2254 2271 2269 2252 2253 2269 2253 2270 2261 204 203 2261 203 2272 2271 2254 2261 2271 2261 2272 2273 2274 2275 2273 2275 2276 2277 181 2278 2277 2278 2279 2280 2281 2282 2280 2282 2283 2284 2285 2286 2284 2286 2287 962 965 2288 962 2288 2289 2290 2291 2292 2290 2292 2293 2276 2275 2294 2276 2294 2295 2296 2297 2298 2296 2298 2299 2295 2294 2300 2295 2300 2301 2299 2298 2302 2299 2302 2303 2289 2288 2281 2289 2281 2280 2303 2302 2291 2303 2291 2290 2304 2305 2285 2304 2285 2284 2287 2286 181 2287 181 2277 2301 2300 2305 2301 2305 2304 2283 2282 2274 2283 2274 2273 2305 2306 2286 2305 2286 2285 2282 2307 2308 2282 2308 2274 2288 2309 2310 2288 2310 2281 2275 2311 2312 2275 2312 2294 2281 2310 2307 2281 2307 2282 2274 2308 2311 2274 2311 2275 2294 2312 2313 2294 2313 2300 965 990 2309 965 2309 2288 2314 2305 2300 2314 2300 2313 2298 2315 2316 2298 2316 2302 2317 2318 2319 2317 2319 2297 2278 2320 2318 2278 2318 2317 2302 2316 2321 2302 2321 2291 2297 2319 2315 2297 2315 2298 181 183 2320 181 2320 2278 182 181 2286 182 2286 2306 2314 182 2306 2314 2306 2305 2322 1002 1001 2322 1001 2323 2324 2322 2323 2324 2323 2325 2326 2324 2325 2326 2325 2327 2328 2326 2327 2328 2327 2329 2330 2328 2329 2330 2329 2331 2332 2330 2331 2332 2331 2333 2334 2335 2336 2334 2336 2337 2334 2332 2333 2334 2333 2335 2338 2339 2340 2338 2340 2341 2341 2340 2342 2341 2342 2343 2343 2342 185 2343 185 184 2344 2345 2346 2344 2346 2347 2345 187 166 2345 166 2346 1730 164 163 1730 163 1734 158 2348 2349 158 2349 156 2350 2348 158 2350 158 1746 159 161 265 159 265 197 155 154 271 155 271 199 1745 159 198 1745 198 1726 194 193 1819 194 1819 152 1752 194 152 1752 152 232 202 195 196 202 196 157 1666 1700 1694 1666 1694 1667 1648 1697 1699 1648 1699 1649 1667 1694 1697 1667 1697 1648 1869 2247 2250 1869 2250 2213 2247 2233 2228 2247 2228 2250 2233 2232 2229 2233 2229 2228 1859 1869 2213 1859 2213 2212 1859 2212 1854 1859 1854 1857 2243 2268 2351 2243 2351 2234 2260 2234 2351 2260 2351 2267 2194 2352 2353 2194 2353 2196 2181 2354 2355 2181 2355 2180 2192 2356 2352 2192 2352 2194 2182 2357 2356 2182 2356 2192 2180 2355 2358 2180 2358 2178 177 2359 2360 177 2360 176 2178 2358 2361 2178 2361 2179 176 2360 2354 176 2354 2181 2179 2361 2357 2179 2357 2182 2196 2353 2359 2196 2359 177 2362 2363 2364 2362 2364 2365 2365 2364 2366 2365 2366 2367 2367 2366 2368 2367 2368 2369 2369 2368 2370 2369 2370 2371 2293 1053 1052 2293 1052 2372 1773 1055 1054 1773 1054 1774 2292 1056 1053 2292 1053 2293 1950 1986 2373 1950 2373 2374 2374 2373 1978 2374 1978 1956 1944 1950 2374 1944 2374 2375 2375 2374 1956 2375 1956 1935 1945 1944 2375 1945 2375 2376 2376 2375 1935 2376 1935 1934 1907 1906 2377 1907 2377 2378 2378 2377 1919 2378 1919 1918 1873 1872 2379 1873 2379 2380 2380 2379 1881 2380 1881 1880 2381 2382 2383 2381 2383 2384 2385 2386 2387 2385 2387 2388 2389 2390 2386 2389 2386 2385 2391 209 211 2391 211 2392 2383 2382 2393 2383 2393 2394 2388 2387 2395 2388 2395 2396 2397 2398 209 2397 209 2391 2399 2400 2401 2399 2401 2402 2394 2403 2400 2394 2400 2383 2392 211 2390 2392 2390 2389 2404 2405 2406 2404 2406 2407 2402 2401 2398 2402 2398 2397 2396 2395 2405 2396 2405 2404 1092 1093 2382 1092 2382 2381 2398 2408 210 2398 210 209 2401 2409 2408 2401 2408 2398 2400 2403 2409 2400 2409 2401 2410 2411 2412 2410 2412 2413 2413 2412 2414 2413 2414 2415 2415 2414 2416 2415 2416 2417 2411 2418 2419 2411 2419 2412 2412 2419 2420 2412 2420 2414 2414 2420 2421 2414 2421 2416 2418 2422 2423 2418 2423 2419 2424 2425 2417 2424 2417 2416 2426 2424 2416 2426 2416 2421 353 354 1711 353 1711 1701 2423 2422 1114 2423 1114 1113 1093 1115 2393 1093 2393 2382 1114 2422 2427 1114 2427 1116 2428 2427 2422 2428 2422 2418 2429 2428 2418 2429 2418 2411 2430 221 214 2430 214 213 2431 215 214 2431 214 216 2432 217 214 2432 214 218 2433 219 214 2433 214 220 2434 230 223 2434 223 222 2435 224 223 2435 223 225 2436 226 223 2436 223 227 2437 228 223 2437 223 229 1900 2438 2439 1900 2439 1901 1810 2440 246 1810 246 244 237 236 252 237 252 235 1970 2441 2442 1970 2442 1987 234 233 253 234 253 149 243 242 247 243 247 241 240 239 250 240 250 238 1969 2443 2441 1969 2441 1970 148 147 256 148 256 144 1810 1815 2444 1810 2444 2440 2445 234 149 2445 149 2446 149 148 1806 149 1806 2446 191 189 1816 191 1816 1739 1703 191 1739 1703 1739 1738 2447 2448 1139 2447 1139 1138 2449 2450 2448 2449 2448 2447 2451 2452 2450 2451 2450 2449 2033 2453 2454 2033 2454 2034 2455 2456 1149 2455 1149 1148 2457 2458 2456 2457 2456 2455 2452 2459 2460 2452 2460 2450 2461 2462 2463 2461 2463 2464 2465 2466 2467 2465 2467 2468 2469 2470 2471 2469 2471 2472 2472 2471 2473 2472 2473 2474 2468 2467 2470 2468 2470 2469 2475 2476 2466 2475 2466 2465 2477 2478 2479 2477 2479 2480 2481 2482 2483 2481 2483 2484 2485 2486 2487 2485 2487 2488 2486 2489 2490 2486 2490 2487 2491 2481 2484 2491 2484 2492 2489 2491 2492 2489 2492 2490 2493 2494 2495 2493 2495 2496 2474 2473 2463 2474 2463 2462 2497 2498 2499 2497 2499 2500 2478 2501 2502 2478 2502 2479 2461 2464 2503 2461 2503 2504 2505 2506 2507 2505 2507 2508 2506 2509 2510 2506 2510 2507 2511 2512 2513 2511 2513 2514 2502 2501 2515 2502 2515 2516 2514 2513 2517 2514 2517 257 2518 2519 2520 2518 2520 2521 2522 2499 2498 2522 2498 2523 2493 2496 2524 2493 2524 2525 2526 2527 2495 2526 2495 2494 2528 2529 2499 2528 2499 2522 2523 2498 2527 2523 2527 2526 2530 2531 2496 2530 2496 2495 2521 2520 2529 2521 2529 2528 2532 2533 2519 2532 2519 2518 2534 2535 2536 2534 2536 2537 2537 2536 2538 2537 2538 2539 2540 2541 2542 2540 2542 2543 2535 2544 2545 2535 2545 2536 2536 2545 2546 2536 2546 2538 2541 2547 2548 2541 2548 2542 2544 2549 2550 2544 2550 2545 2545 2550 2551 2545 2551 2546 2547 2552 2553 2547 2553 2548 257 259 2554 257 2554 2555 2509 2556 2557 2509 2557 2510 2558 2559 2560 2558 2560 2561 2562 2563 2564 2562 2564 2565 2553 2552 2564 2553 2564 2563 2549 2560 2559 2549 2559 2550 2558 2531 2566 2558 2566 2559 2551 2550 2559 2551 2559 2566 2524 2567 2568 2524 2568 2569 2567 2570 2571 2567 2571 2568 258 2572 2571 258 2571 2570 257 2517 2572 257 2572 258 2556 2562 2565 2556 2565 2557 259 2558 2561 259 2561 2554 2558 259 258 2558 258 2570 2573 2530 2495 2573 2495 2527 2497 2573 2527 2497 2527 2498 2574 2505 2508 2574 2508 2575 2567 2531 2558 2567 2558 2570 2567 2524 2496 2567 2496 2531 2566 2531 2530 2566 2530 2551 2551 2530 2573 2551 2573 2546 2546 2573 2497 2546 2497 2538 2500 2539 2538 2500 2538 2497 2488 2576 2577 2488 2577 2485 2499 2529 2539 2499 2539 2500 2578 2540 2543 2578 2543 2579 2520 2537 2539 2520 2539 2529 2519 2534 2537 2519 2537 2520 2532 2580 2581 2532 2581 2533 2582 2583 2584 2582 2584 2585 2586 2587 2588 2586 2588 2589 2590 2591 2592 2590 2592 2593 2594 2595 2596 2594 2596 2597 2598 2599 2600 2598 2600 2601 2602 2603 2577 2602 2577 2576 2604 2605 2591 2604 2591 2590 2606 2607 2608 2606 2608 2609 2610 2611 2583 2610 2583 2582 2597 2596 2607 2597 2607 2606 2593 2592 2611 2593 2611 2610 2609 2608 2587 2609 2587 2586 2585 2584 2612 2585 2612 2613 2614 2615 2595 2614 2595 2594 2616 2617 2605 2616 2605 2604 2601 2600 2617 2601 2617 2616 2618 2619 2599 2618 2599 2598 2620 2621 2622 2620 2622 2623 2580 2624 2625 2580 2625 2581 2626 2627 2628 2626 2628 2629 2480 2504 2503 2480 2503 2477 2575 2603 2602 2575 2602 2574 2630 2631 2632 2630 2632 2633 2631 2634 2635 2631 2635 2632 2634 2636 2637 2634 2637 2635 2636 2638 2639 2636 2639 2637 2640 2641 2636 2640 2636 2634 2635 2637 2642 2635 2642 2643 2644 2645 2646 2644 2646 2647 2648 2649 2650 2648 2650 2651 2652 2653 2654 2652 2654 2655 2035 2656 2657 2035 2657 2028 2658 2659 2660 2658 2660 2661 2662 2663 2664 2662 2664 2665 2666 2667 2645 2666 2645 2644 2668 2669 2670 2668 2670 2671 2672 2673 2669 2672 2669 2668 2674 2675 2676 2674 2676 2677 2678 2679 2653 2678 2653 2652 2680 2681 2682 2680 2682 2683 2677 2676 2667 2677 2667 2666 2684 2685 2686 2684 2686 2687 1988 2688 2689 1988 2689 1989 2690 2691 2675 2690 2675 2674 163 2692 2693 163 2693 160 2694 2695 2696 2694 2696 2697 2698 2699 2700 2698 2700 2701 189 2702 2703 189 2703 1816 2661 2660 2704 2661 2704 2705 2687 2686 2706 2687 2706 2707 2708 2709 2710 2708 2710 2711 2712 2713 2714 2712 2714 2715 2716 2717 2718 2716 2718 2719 1817 2720 263 1817 263 188 2697 2696 2721 2697 2721 2722 2723 2724 2656 2723 2656 2035 2711 2710 2725 2711 2725 2726 2719 2718 2727 2719 2727 2728 2729 2730 2731 2729 2731 2732 2028 2657 2733 2028 2733 2029 1819 2734 2735 1819 2735 1820 2726 2725 2736 2726 2736 2737 151 2738 2720 151 2720 1817 2701 2700 2717 2701 2717 2716 1898 2739 2740 1898 2740 1899 271 2741 2742 271 2742 1818 2743 2744 2691 2743 2691 2690 193 2745 2734 193 2734 1819 1974 2746 2747 1974 2747 1965 202 2748 266 202 266 201 2749 2750 2730 2749 2730 2729 2751 2752 2753 2751 2753 2754 2349 2755 268 2349 268 156 157 2756 2748 157 2748 202 160 2693 264 160 264 161 1965 2747 2757 1965 2757 1966 265 2758 2759 265 2759 153 153 2759 270 153 270 154 2760 2761 2762 2760 2762 2763 2651 2650 2761 2651 2761 2760 1816 2703 267 1816 267 162 2737 2736 2744 2737 2744 2743 2763 2762 2699 2763 2699 2698 2764 2765 2649 2764 2649 2648 2766 2767 2765 2766 2765 2764 1820 2735 269 1820 269 150 2683 2682 2752 2683 2752 2751 2754 2753 2685 2754 2685 2684 2715 2714 2663 2715 2663 2662 2665 2664 2681 2665 2681 2680 2761 1463 1462 2761 1462 2762 2717 1465 1464 2717 1464 2718 2645 1467 1466 2645 1466 2646 2650 1468 1463 2650 1463 2761 2718 1464 1469 2718 1469 2727 2649 1470 1468 2649 1468 2650 2700 1471 1465 2700 1465 2717 2667 1472 1467 2667 1467 2645 2762 1462 1473 2762 1473 2699 2744 1475 1474 2744 1474 2691 2736 1476 1475 2736 1475 2744 2675 1478 1477 2675 1477 2676 2765 1479 1470 2765 1470 2649 2676 1477 1472 2676 1472 2667 2767 1480 1479 2767 1479 2765 2691 1474 1478 2691 1478 2675 2768 1482 1480 2768 1480 2767 2699 1473 1471 2699 1471 2700 2646 1466 1482 2646 1482 2768 1469 1484 2769 1469 2769 2727 2770 2771 2772 2770 2772 2773 2773 2772 2774 2773 2774 2775 2775 2774 273 2775 273 272 2776 2777 2778 2776 2778 2779 2777 2780 2781 2777 2781 2778 2780 2782 2783 2780 2783 2781 2784 2785 2786 2784 2786 2787 2787 2786 2788 2787 2788 2789 2790 2791 2792 2790 2792 2793 2794 2795 2796 2794 2796 2797 2798 2799 2800 2798 2800 2801 2802 2803 2804 2802 2804 1732 1732 2804 2805 1732 2805 1733 1736 2806 2807 1736 2807 1737 2808 2809 2810 2808 2810 2811 2812 2813 2814 2812 2814 2815 2816 2817 2818 2816 2818 2819 2817 2820 2821 2817 2821 2822 2823 208 2824 2823 2824 2821 1876 2808 2811 1876 2811 1877 1755 2810 2809 1755 2809 1756 2825 2826 2827 2825 2827 2828 1912 2812 2815 1912 2815 1913 1759 2814 2813 1759 2813 1760 2829 2830 2826 2829 2826 2825 1938 2816 2819 1938 2819 1939 1914 2818 2817 1914 2817 1915 1915 2817 2822 1915 2822 1942 1958 2821 2820 1958 2820 1959 1972 2823 2821 1972 2821 1958 1946 2824 208 1946 208 1947 2831 2832 2833 2831 2833 2834 2835 2836 2837 2835 2837 2838 2834 2833 2839 2834 2839 2840 2841 2842 2843 2841 2843 2844 2845 2846 2847 2845 2847 2848 1790 2849 2850 1790 2850 1791 2851 2852 2853 2851 2853 2854 1791 2850 2855 1791 2855 2098 2856 2857 2858 2856 2858 2859 2860 2855 2850 2860 2850 2861 2849 277 2861 2849 2861 2850 2862 2863 2864 2862 2864 2865 1787 2860 2861 1787 2861 1788 1788 2861 277 1788 277 1794 2854 2853 2866 2854 2866 2867 2868 2869 2870 2868 2870 2871 2872 2873 2874 2872 2874 2875 2876 2877 2878 2876 2878 2879 2880 2881 2877 2880 2877 2876 2871 2870 2873 2871 2873 2872 2882 2883 2884 2882 2884 2885 2886 2887 2881 2886 2881 2880 2885 2884 2888 2885 2888 2889 2875 2874 2890 2875 2890 2891 2891 2890 2883 2891 2883 2882 2878 2869 2868 2878 2868 2879 2892 2893 1609 2892 1609 1608 2894 2895 2896 2894 2896 2897 2898 1616 1609 2898 1609 2893 1617 2899 2892 1617 2892 1608 2900 2901 2902 2900 2902 2903 2901 2904 2905 2901 2905 2902 2899 2906 2907 2899 2907 2892 2908 2909 2910 2908 2910 2911 2909 2912 2913 2909 2913 2910 2914 2898 2893 2914 2893 2915 2911 2916 2917 2911 2917 2908 2908 2917 2898 2908 2898 2914 2918 2896 2895 2918 2895 2919 2919 2895 2912 2919 2912 2909 2915 2918 2919 2915 2919 2914 2914 2919 2909 2914 2909 2908 2920 2905 2904 2920 2904 2921 2921 2904 2906 2921 2906 2899 2922 2907 2906 2922 2906 2923 2923 2906 2904 2923 2904 2901 2897 2922 2923 2897 2923 2894 2894 2923 2901 2894 2901 2900 1643 2920 2921 1643 2921 1644 1644 2921 2899 1644 2899 1617 2916 1646 1645 2916 1645 2917 2917 1645 1616 2917 1616 2898 2903 2913 2912 2903 2912 2900 2900 2912 2895 2900 2895 2894 100 1135 101 1135 100 1546 1546 100 1547 1577 739 1578 739 1577 741 741 1577 759 1572 30 756 30 1572 739 739 1572 1571 1567 952 1581 952 1567 994 952 994 953 104 1547 100 1547 104 1554 1554 104 463 1514 563 2924 563 1514 562 562 1514 1513 332 1560 333 1560 332 1561 1561 332 2925 476 1556 503 1556 476 475 1556 475 1557 572 1505 2924 1505 572 571 1505 571 1506 534 2926 2927 2926 534 2928 2928 534 533 1544 1481 1540 1481 1544 1461 1461 1544 1460 687 658 661 658 687 1417 658 1417 2929 688 664 682 664 688 685 664 685 673 975 1566 972 1566 975 994 1566 994 1567 998 1056 2930 1056 998 968 968 998 969 900 2931 2932 2931 900 885 885 900 922 2933 2934 2935 2934 2933 900 900 2933 901 2936 506 2937 506 2936 884 506 884 883 2937 2938 2939 2938 2937 506 2938 506 509 1067 1083 1086 1083 1067 2940 2940 1067 1066 2941 1125 2942 1125 2941 2943 1125 2943 91 91 2943 92 92 2943 1126 2943 93 1126 93 2943 2944 93 2944 94 94 2944 1127 1127 2944 2945 1122 1107 2946 1107 1122 1106 1106 1122 83 1106 83 82 1106 82 1121 2942 1090 1089 1090 2942 1125 1090 1125 89 1090 89 88 1090 88 1124 2947 2945 2944 2945 2947 2948 2948 2947 2949 2949 2947 2950 2950 2947 2951 1121 1104 1106 1104 1121 80 1104 80 79 1104 79 1120 1104 1120 1108 1099 2952 1096 2952 1099 1119 2952 1119 2953 2953 1119 2954 2955 86 1123 86 2955 1113 86 1113 87 87 1113 1120 1120 1113 1108 2956 1107 1112 1107 2956 2957 1107 2957 2958 1107 2958 2959 1107 2959 2946 382 392 97 392 382 391 391 382 1517 127 2960 128 2960 127 2961 2961 127 2962 126 2963 2964 2963 126 2960 2960 126 128 1261 1205 1208 1205 1261 1219 1205 1219 1218 2965 2966 2967 2966 2965 2968 2968 2965 2969 2968 2969 2970 2968 2970 2971 2971 2970 2972 2972 2970 2973 2973 2970 2974 2973 2974 2975 2975 2974 2976 2975 2976 2977 2977 2976 2978 2978 2976 2979 2978 2979 2980 2978 2980 2981 2981 2980 2982 2982 2980 2983 1541 1340 1339 1340 1541 1481 1481 1541 1540 1409 1420 1431 1420 1409 1404 1404 1409 1408 1404 1408 1359 1404 1359 1358 1404 1358 1377 1404 1377 1376 1404 1376 1405 1405 1376 1426 1426 1376 1448 1426 1448 1447 1426 1447 1381 1426 1381 1380 1426 1380 1444 1444 1380 1367 1444 1367 1390 1390 1367 1365 1390 1365 1391 1391 1365 1373 1391 1373 1354 1354 1373 1349 1354 1349 1355 2984 2985 2986 2985 2984 2987 2987 2984 1409 1409 2984 2988 1409 2988 1406 2989 1483 2990 1483 2989 1154 1154 2989 2991 1154 2991 2992 1154 2992 2993 1154 2993 2994 1154 1484 1483 1484 1154 2995 2995 1154 1153 2995 1153 2996 872 1476 873 1476 872 874 1476 874 2987 1476 2987 1409 1476 1409 1431 1610 1625 1607 1625 1610 1641 1641 1610 1612 1612 1610 1613 1613 1610 1637 1637 1610 1634 1440 1427 1422 1427 1440 1350 1350 1440 1351 1351 1440 1451 1351 1451 1382 1382 1451 1435 1435 1451 1433 1435 1433 137 137 1433 134 137 134 1452 1452 134 1442 1452 1442 131 131 1442 132 131 132 1386 1386 132 1429 1386 1429 133 133 1429 1428 133 1428 135 133 135 1396 1396 135 1414 1396 1414 129 2445 235 234 235 2445 2831 235 2831 2834 2862 2082 2097 2082 2862 2080 2080 2862 2865 2859 2080 2856 2080 2859 170 170 2859 2095 2279 2854 2867 2854 2279 2317 2317 2279 2278 2834 237 235 237 2834 2840 237 2840 1813 1911 2801 2997 2801 1911 1910 2801 1910 2798 2848 1690 2845 1690 2848 1691 1691 2848 2998 2841 1826 1851 1826 2841 1827 1827 2841 2844 2790 1920 2997 1920 2790 1921 1921 2790 2793 2999 1882 3000 1882 2999 3001 1882 3001 1883 2767 2825 2768 2825 2767 2829 2829 2767 2766 2006 2035 2007 2035 2006 2723 2723 2006 3002 2034 2012 2023 2012 2034 2030 2030 2034 2036 2851 2297 2296 2297 2851 2317 2317 2851 2854 2930 2291 2321 2291 2930 2292 2292 2930 1056 3003 2231 3004 2231 3003 2214 2231 2214 2251 3005 3006 3007 3006 3005 2231 3006 2231 2230 1854 3008 3009 3008 1854 2215 2215 1854 2212 3010 3009 3011 3009 3010 1854 1854 3010 1855 2399 2383 2400 2383 2399 3012 2383 3012 2384 2435 2941 3013 2941 2435 2943 2943 2435 225 2943 225 226 2943 226 2436 227 2943 2436 2943 227 2944 2944 227 228 2944 228 2437 2944 2437 3014 2421 2432 3015 2432 2421 2420 2432 2420 217 217 2420 216 216 2420 2431 2406 3013 2407 3013 2406 2435 2435 2406 224 224 2406 222 222 2406 2434 3014 2947 2944 2947 3014 3016 2947 3016 3017 2947 3017 3018 2947 3018 3019 2419 2431 2420 2431 2419 215 215 2419 213 213 2419 2430 2430 2419 2423 3020 2411 2410 2411 3020 2429 2429 3020 3021 2429 3021 3022 220 2955 2433 2955 220 1113 1113 220 221 1113 221 2430 1113 2430 2423 2421 3023 2426 3023 2421 3024 3024 2421 3025 3025 2421 3026 3026 2421 3015 1743 1732 231 1732 1743 1742 1732 1742 2802 3027 3028 3029 3028 3027 262 3028 262 261 261 3030 3028 3030 261 260 3030 260 3031 2524 2511 2525 2511 2524 2512 2512 2524 2569 3032 3033 3034 3033 3032 3035 3035 3032 3036 3035 3036 3037 3037 3036 3038 3038 3036 3039 3038 3039 3040 3038 3040 3041 3041 3040 3042 3042 3040 3043 3042 3043 3044 3044 3043 3045 3044 3045 3046 3046 3045 3047 3047 3045 3048 3048 3045 3049 3048 3049 3050 2768 2647 2646 2647 2768 2828 2828 2768 2825 2725 2713 2736 2713 2725 2710 2713 2710 2714 2714 2710 2663 2663 2710 2664 2664 2710 2681 2681 2710 2682 2682 2710 2709 2682 2709 2730 2682 2730 2752 2752 2730 2753 2753 2730 2685 2685 2730 2686 2686 2730 2750 2686 2750 2673 2673 2750 2696 2673 2696 2669 2669 2696 2695 2669 2695 2679 2679 2695 2660 2679 2660 2653 2653 2660 2659 2713 3051 3052 3051 2713 3053 3053 2713 3054 3054 2713 3055 3055 2713 2712 2459 3056 2769 3056 2459 3057 3057 2459 3058 3058 2459 3059 3059 2459 3060 3060 2459 3061 2995 2769 1484 2769 2995 2459 2459 2995 2460 2460 2995 3062 1476 2204 873 2204 1476 2205 2205 1476 3052 3052 1476 2713 2713 1476 2736 2907 2893 2892 2893 2907 2922 2893 2922 2897 2893 2897 2896 2893 2896 2918 2893 2918 2915 2733 2747 2727 2747 2733 2657 2747 2657 2656 2747 2656 2757 2757 2656 2689 2757 2689 2742 2757 2742 2740 2740 2742 270 2740 270 268 268 270 2759 268 2759 2748 2748 2759 264 2748 264 266 266 264 2693 266 2693 2734 2734 2693 267 2734 267 2735 2735 267 269 269 267 2703 269 2703 2720 2720 2703 263 </p>
        </polylist>
      </mesh>
    </geometry>
    <geometry id="meshesP17R-1" name="meshes[17]-1" >
      <mesh>
        <source id="meshesP17R-1-positions" name="meshesP17R-1-positions">
          <float_array id="meshesP17R-1-positions-array" count="2502"> 0.826504767 -2.30183983 0.721377254 0.887625754 -2.19428635 0.735117733 0.843423605 -2.20367622 0.754014432 0.673042655 -0.441804498 1.44818664 0.680333138 -0.512262821 1.42472744 0.682982206 -0.449638456 1.42370641 0.744897842 -0.872164845 1.23645926 0.811494887 -0.847194314 1.07809436 0.709473431 -0.717091978 1.32579815 0.683154881 0.779724538 1.41846025 0.639892161 0.711362779 1.48837721 0.684078932 0.71895045 1.41436577 0.657025337 0.0739016682 1.49714768 0.656924188 0.0809685364 1.49713874 0.655705869 0.0770058781 1.50036132 -0.829466164 -2.30183983 0.721377254 -0.846385002 -2.20367622 0.754014432 -0.890587151 -2.19428635 0.735117733 -0.676004052 -0.441804498 1.44818664 -0.685943604 -0.449638456 1.42370641 -0.683294535 -0.512262821 1.42472744 -0.74785924 -0.872164845 1.23645926 -0.712434828 -0.717091978 1.32579815 -0.814456284 -0.847194314 1.07809436 -0.686116278 0.779724538 1.41846025 -0.687040329 0.71895045 1.41436577 -0.642853558 0.711362779 1.48837721 -0.659986734 0.0739016682 1.49714768 -0.658667266 0.0770058781 1.50036132 -0.659885585 0.0809685364 1.49713874 0.715249658 -2.35907722 0.829105854 0.630847871 -2.42167282 0.825472474 0.633354127 -2.42049479 0.820117354 0.71425885 -2.3597064 0.822870016 0.797143817 -2.27517056 0.746379912 0.843423605 -2.20367622 0.754014432 0.838459015 -2.210114 0.75700599 0.795594811 -2.27469659 0.751200974 0.830149233 0.0139830848 1.1006304 0.830439091 0.100310378 1.10335016 0.830439091 0.100310378 1.1168642 0.830149233 0.0139872255 1.11414456 0.828669071 -0.090044342 1.0954845 0.830085695 0.0069150487 1.10034204 0.830085635 0.00691030873 1.11385584 0.828669071 -0.090044342 1.10899866 0.869319797 -2.13999009 0.792927802 0.858544111 -2.17441249 0.76514709 0.898144186 -2.16575646 0.747628748 0.900572658 -2.11738181 0.792830467 0.27190721 -2.49101877 0.77177012 0.119808607 -2.50047183 0.77177012 0.119808607 -2.50047183 0.718067825 0.27190721 -2.49101877 0.718067825 0.346120626 -2.48328924 0.77177012 0.346120626 -2.48328924 0.718067825 0.878395259 1.83303463 0.677407622 0.92530638 1.79015625 0.576339126 0.921477199 1.80646861 0.532356501 0.804347515 1.91270649 0.549764276 0.411254138 -2.47453499 0.77177012 0.411254138 -2.47453499 0.718067825 0.71599251 -2.36016202 0.742891669 0.793737054 -1.96102774 0.752651036 0.715063632 -2.04424047 0.7436167 0.799651384 -2.27064919 0.832739174 0.795163572 -2.27308536 0.825622737 0.877379477 -2.11764646 0.832813263 0.889235198 -2.10046148 0.840327501 0.889235198 -2.10046148 0.840327501 0.90079242 -2.07065535 0.84137845 0.342711866 2.01228166 0.607273519 0.475525528 1.99668229 0.606924593 0.503545463 2.01007986 0.561591387 0.342711866 2.03201246 0.563267589 -0.00148070231 2.04490542 0.607823193 0.0825325623 2.03498197 0.607823193 0.0825325623 2.05471277 0.563267589 -0.00148070231 2.05768824 0.563267589 0.201280221 2.02635479 0.607736647 0.201280221 2.0460856 0.563267589 0.0825325623 1.99017608 0.709093153 0.201280221 1.98041213 0.708760798 0.342711866 1.96463382 0.70698303 -0.00148070231 1.99315155 0.709093153 0.475525528 1.95187652 0.705643654 0.567227304 1.97558391 0.557763219 0.586009979 1.9725939 0.604899406 0.806978881 1.88527715 0.596737266 0.85742867 1.83100688 0.679225206 0.706506729 1.94369709 0.553753853 0.69649446 1.93608701 0.601503611 0.342779338 2.02983499 0.550376177 0.201638848 2.04333615 0.550376177 0.501441717 2.00879383 0.548768044 0.082260333 2.05161285 0.550376177 -0.00148070231 2.0544672 0.550376177 0.269550651 1.38193679 1.40590799 0.379359424 1.36633897 1.40216506 0.379359424 1.39134789 1.38909221 0.270910144 1.40675259 1.39278877 0.0530552752 1.38844633 1.41021729 0.165234163 1.38844633 1.40879631 0.165234163 1.41345525 1.39572334 0.0530552752 1.41345525 1.39714432 -0.00148070231 1.38844633 1.41021729 -0.00148070231 1.41345525 1.39714432 0.428752333 1.78353941 1.1454829 0.315778226 1.80676877 1.1454829 0.308626503 1.76032317 1.17560732 0.419643283 1.7381804 1.17560732 0.189526916 1.81979334 1.1454829 0.186678573 1.77278745 1.17560732 0.0767144486 1.82662308 1.1454829 0.0733146593 1.77956331 1.17560732 -0.00148070231 1.82929528 1.1454829 -0.00148070231 1.78211915 1.17560732 0.4102543 1.68505955 1.21169972 0.300830394 1.70623875 1.21169972 0.293034285 1.65215445 1.24779224 0.400865316 1.63193893 1.24779224 0.0701981857 1.72482061 1.21169972 -0.00148070231 1.72727013 1.21169972 -0.00148070231 1.67242098 1.24779224 0.0670817122 1.67007804 1.24779224 0.182407618 1.71818638 1.21169972 0.178136677 1.66358519 1.24779224 0.175003082 1.61079574 1.27911651 0.0633986071 1.61728883 1.27911651 0.0597155057 1.56449938 1.31044078 0.171869487 1.55800629 1.31044078 0.39539063 1.58041501 1.27900231 0.287351906 1.59940171 1.27949989 0.281669527 1.54664898 1.31120765 0.389915913 1.52889109 1.31021237 -0.00148070231 1.61950588 1.27911651 -0.00148070231 1.56659079 1.31044078 0.170542419 1.52909589 1.32749736 0.0583834611 1.53429055 1.32778156 -0.00148070231 1.53596354 1.32778156 0.279517651 1.51866961 1.32752383 0.387804627 1.50138235 1.32598841 0.47110188 1.35153365 1.39632535 0.500506639 1.34771895 1.39257193 0.483801782 1.37235355 1.38092864 0.463615537 1.37248015 1.38464117 0.528219163 1.34721255 1.38689744 0.549759269 1.35303473 1.37981701 0.522643626 1.38524318 1.36407495 0.504724383 1.37587452 1.37400925 0.565188527 1.36056304 1.371418 0.580420792 1.38067985 1.35698915 0.546140373 1.41742277 1.33941483 0.534075975 1.39645815 1.35394573 0.408618212 1.34723759 1.40713108 0.398865283 1.3619411 1.40111816 0.525560379 -2.45602894 0.722752094 0.531810343 -2.45362926 0.730495274 0.421568513 -2.47147727 0.726408303 0.715569854 -2.36097503 0.736908197 0.421568513 -2.47147727 0.773262858 0.630847871 -2.42167282 0.825472474 0.529055655 -2.45471954 0.825472474 0.535181344 -2.45236659 0.820117354 0.633354127 -2.42049479 0.820117354 0.869319797 -2.13999009 0.792927802 0.864016712 -2.14733505 0.793342054 0.411254138 -2.47453499 0.825472474 0.421568513 -2.47147727 0.820117354 0.525560379 -2.45602894 0.722752094 0.633995891 -2.42094707 0.727436423 0.636390209 -2.4197948 0.734582305 0.531810343 -2.45362926 0.730495274 0.858544111 -2.17441249 0.76514709 0.853334486 -2.18098235 0.768415809 0.796155512 -1.95666707 0.8264575 0.877379477 -1.86550224 0.832813263 0.71475482 -2.04241014 0.823287427 0.421568513 -2.47147727 0.773262858 0.421568513 -2.47147727 0.726408303 0.421568513 -2.15330315 0.726408362 0.421568513 -2.15330315 0.773262918 0.535181344 -2.45236659 0.820117354 0.535181344 -2.13419247 0.820117414 0.633354127 -2.10232067 0.820117414 0.421568513 -2.47147727 0.820117354 0.421568513 -2.15330315 0.820117414 0.864016712 -1.89519083 0.793342054 0.714909256 -2.04332519 0.782319605 0.794946313 -1.9588474 0.787289321 0.531810343 -2.13545513 0.730495334 0.636390209 -2.10162067 0.734582365 0.849501729 -1.9409107 0.75947237 0.533495843 -2.1348238 0.775306404 0.634872198 -2.10197067 0.777349889 0.346120626 -2.48328924 0.825472474 0.27190721 -2.49101877 0.825472474 0.119808607 -2.50047183 0.825472474 -0.00148070231 -2.50358367 0.825472474 -0.00148070231 -2.50358367 0.77177012 0.852633119 -2.18771982 0.758063436 0.894835114 -2.17866516 0.739710093 0.847389042 -2.19451618 0.761370003 0.852633119 -2.18771982 0.758063436 0.0180596448 -2.55705285 0.638320625 0.0167859942 -2.50311494 0.718067825 -0.00148070231 -2.50358367 0.718067825 -0.00148070231 -2.55726647 0.637381315 0.829456925 0.302014321 1.10908687 0.828406334 0.517777026 1.11522365 0.828406334 0.517777026 1.12873781 0.829456925 0.302014321 1.12260103 0.827512026 -0.220750436 1.09127593 0.827512026 -0.220750436 1.10479009 0.827355802 0.73353982 1.1213603 0.826305211 0.949302495 1.12749696 0.826305211 0.949302495 1.14101112 0.827355802 0.73353982 1.13487446 0.818232238 -1.01053965 1.05952537 0.821252108 -0.847194314 1.06479084 0.820830703 -0.847194314 1.07809436 0.815703869 -1.01053965 1.07325017 0.82500267 -0.479499429 1.08064651 0.826514423 -0.331291676 1.08703756 0.826499164 -0.330000937 1.10058761 0.824862182 -0.479499429 1.09409046 0.823707342 1.07903397 1.13106525 0.823707342 1.07903397 1.14457941 0.694897473 -0.621431112 1.39495385 0.712031066 -0.724818528 1.34221196 0.718809247 -0.717091978 1.32579815 0.701791346 -0.614402652 1.37818396 0.642017305 0.706368268 1.50653982 0.646099567 0.522260308 1.51218021 0.653322875 0.521567106 1.49461889 0.650015771 0.711362779 1.48837721 0.682692707 -0.518597007 1.44181371 0.689668953 -0.512262821 1.42472744 0.675352633 -0.447659701 1.46543229 0.682378471 -0.441804498 1.44818664 0.656313241 -0.00175476202 1.51484668 0.662346721 -0.190690562 1.50699508 0.669543326 -0.189167067 1.48936093 0.663467646 0.00108993065 1.49726737 0.74769628 -0.874925435 1.25390756 0.754233658 -0.872164845 1.23645926 0.665657163 -0.281113118 1.49784148 0.672838986 -0.278846711 1.48012292 0.731086433 0.131711915 1.34018028 0.697931826 0.142190814 1.4147023 0.699359775 0.0664594099 1.41416562 0.73208648 0.0533315018 1.33909953 0.669940114 -0.369215488 1.4845413 0.67700249 -0.363889933 1.46716654 0.69941926 0.0593844913 1.41409755 0.66328454 0.0739016682 1.49714768 0.699258864 -0.0186544806 1.41314816 0.65018189 0.340090811 1.51359963 0.654114902 0.1519669 1.51465392 0.661284089 0.153773755 1.49707592 0.65737772 0.340627521 1.49602878 0.642017305 0.746235192 1.50438809 0.654044032 0.759086311 1.4843719 0.658072233 0.806809902 1.48036659 0.642017305 0.786102116 1.50223637 0.781906784 1.02204025 1.23092735 0.761307001 0.998800397 1.27063584 0.759907842 0.949225903 1.27063584 0.783630431 0.949309289 1.23092735 0.743962824 0.952404022 1.31034446 0.743962824 0.902829528 1.31034446 0.730226219 0.915657997 1.34179378 0.730226219 0.866083562 1.34179378 0.708135605 0.864024818 1.38763189 0.693278551 0.829299033 1.41846025 0.693278551 0.779724538 1.41846025 0.708135605 0.814450324 1.38763189 0.730226219 0.965232611 1.34179378 0.708135605 0.913599372 1.38763189 0.693278551 0.878873587 1.41846025 0.743962824 1.00197875 1.31034446 0.761307001 1.04837501 1.27063584 0.778651178 1.0947715 1.23092735 0.796726704 1.14330137 1.1899327 0.80117929 1.05053723 1.18775332 0.814802289 1.19183147 1.14893818 0.806137085 0.949305832 1.18596923 0.698011935 0.814450324 1.38763189 0.720102608 0.866083562 1.34179378 0.733839214 0.902829528 1.31034446 0.749784172 0.949225903 1.27063584 0.819333255 0.302014321 1.12260103 0.820315421 0.100310378 1.1168642 0.651160419 0.153773755 1.49707592 0.64725405 0.340627521 1.49602878 0.818282664 0.517777026 1.12873781 0.643199265 0.521567106 1.49461889 0.8161816 0.949302495 1.14101112 0.817232192 0.73353982 1.13487446 0.773311973 0.118366063 1.24526954 0.763188243 0.118366063 1.24526954 0.77350682 0.949309289 1.23092735 0.796013474 0.949305832 1.18596923 0.69245553 -0.614402652 1.37818396 0.81817621 -0.220750436 1.10479009 0.817163348 -0.330000937 1.10058761 0.819333255 -0.090044342 1.10899866 0.667666674 -0.363889933 1.46716654 0.66350317 -0.278846711 1.48012292 0.65413183 0.00108993065 1.49726737 0.689923048 -0.0186544806 1.41314816 0.66020751 -0.189167067 1.48936093 0.815526366 -0.479499429 1.09409046 0.629189491 1.64811587 1.18856728 0.568226397 1.66975117 1.19016457 0.57690984 1.63607049 1.21041298 0.626822054 1.61165023 1.21166158 0.687184095 1.6262579 1.18462563 0.67375505 1.57364321 1.21570814 0.576296031 1.55121803 1.25613439 0.618445694 1.52870011 1.25717878 0.653916717 1.50408912 1.26022434 0.185124561 1.75292051 1.18873978 0.0721807107 1.75964487 1.18873978 0.305789828 1.74064422 1.18873978 -0.00148070231 1.76216209 1.18873978 0.416227043 1.71885204 1.18873978 0.555630147 1.4429729 1.32195151 0.567952037 1.49576426 1.28930211 0.474845052 1.33907056 1.40216732 0.563333035 1.33446789 1.38773119 0.580887377 1.34047961 1.38053858 0.597561598 1.36028624 1.36577797 0.508859038 1.33290505 1.39839363 0.539966583 1.33137894 1.39334154 0.592644095 1.41404104 1.33325911 0.607376516 1.46939278 1.29442978 0.609903872 1.38928413 1.34317517 0.631216168 1.44400358 1.30372906 0.707458854 1.54611397 1.21961987 0.729723394 1.60065603 1.18063998 0.685194314 1.49157214 1.25859952 0.629050374 1.36182094 1.35417509 0.655341327 1.41589856 1.31100345 0.614850283 1.33722544 1.37496567 0.478588253 1.32660651 1.40800929 0.517211497 1.31897831 1.40421534 0.551713943 1.31647825 1.39978552 0.577059329 1.3140347 1.39605653 0.596708834 1.31562281 1.38998997 0.418371141 1.33253407 1.41314411 0.379359424 1.34133005 1.4152379 0.165234163 1.36343741 1.42186916 0.268191159 1.35712099 1.41902721 -0.00148070231 1.36343741 1.42329013 0.0530552752 1.36343741 1.42329013 0.693138063 1.64998436 1.16987002 0.740275383 1.6275847 1.1630615 0.62946403 1.67118812 1.17233956 0.699011683 1.68593907 1.1454829 0.633988678 1.71594429 1.1454829 0.38147071 1.41885662 1.37331617 0.273062021 1.43473196 1.37647247 0.383581996 1.44636512 1.35754025 0.275213897 1.4627111 1.3601563 0.385693312 1.47387385 1.34176421 0.277365774 1.49069047 1.34384 0.166561231 1.44236541 1.37866688 0.167888299 1.47127557 1.36161029 0.169215366 1.50018573 1.34455383 0.0543873198 1.44366407 1.37980366 -0.00148070231 1.4440825 1.37980366 0.0557193644 1.4738729 1.36246288 -0.00148070231 1.47470951 1.36246288 0.0570514128 1.50408173 1.34512222 -0.00148070231 1.50533652 1.34512222 0.570569992 1.69087815 1.17550707 0.556134164 1.70152116 1.17276204 0.550777435 1.69818902 1.17604625 0.558832884 1.69083929 1.17876661 0.551686645 1.71705031 1.16449988 0.543487549 1.70559454 1.17304897 0.527391672 1.70478535 1.17648637 0.546186209 1.69491267 1.17905354 0.56090045 1.68058038 1.1850009 0.731638551 -0.0365169086 1.33704698 0.722302735 -0.0365169086 1.33704698 0.687808156 0.142190814 1.4147023 0.773749888 0.0295315012 1.24329078 0.732111454 0.0462533608 1.33896863 0.772877157 -0.0592664033 1.24012506 0.68947804 -0.283080786 1.42084122 0.688248396 -0.185129017 1.41778445 0.715108156 -0.290758193 1.3538295 0.718970358 -0.186785191 1.34728658 0.773765087 0.0366104767 1.2434938 0.763541341 -0.0592664033 1.24012494 0.720962763 0.131711915 1.34018028 0.707479119 -0.406695515 1.3605448 0.68601352 -0.377977908 1.42253792 0.752636492 -0.302579761 1.26728046 0.75512445 -0.195919946 1.25473619 0.663183391 0.0809685364 1.49713874 0.744296312 -0.430153817 1.28482664 0.730829179 -0.543390274 1.30097151 0.700885475 -0.49809438 1.36823523 0.822846413 -0.663346887 1.08609235 0.813510656 -0.663346887 1.08609235 0.823127389 -0.663346887 1.07271874 0.76694268 0.308541417 1.23706663 0.720962763 0.319342881 1.34018028 0.687808156 0.329821736 1.4147023 0.763188243 0.521817267 1.23793888 0.720962763 0.522483826 1.33525896 0.685428321 0.521116734 1.4130373 0.769052982 0.727291286 1.24336016 0.723264217 0.725484729 1.33618546 0.823826432 0.00691030873 1.11385584 0.767490685 0.0295315012 1.24329078 0.767505884 0.0366104767 1.2434938 0.82389003 0.0139872255 1.11414456 0.725852251 0.0462533608 1.33896863 0.693160057 0.0593844913 1.41409755 0.693100572 0.0664594099 1.41416562 0.725827277 0.0533315018 1.33909953 0.82389003 0.0139830848 1.1006304 0.823826492 0.0069150487 1.10034204 0.661965072 0.0770058781 1.50036132 -0.718211055 -2.35907722 0.829105854 -0.717220247 -2.3597064 0.822870016 -0.636315525 -2.42049479 0.820117354 -0.633809268 -2.42167282 0.825472474 -0.800105214 -2.27517056 0.746379912 -0.798556209 -2.27469659 0.751200974 -0.841420412 -2.210114 0.75700599 -0.846385002 -2.20367622 0.754014432 -0.833110631 0.0139830848 1.1006304 -0.833110631 0.0139872255 1.11414456 -0.833400488 0.100310378 1.1168642 -0.833400488 0.100310378 1.10335016 -0.831630468 -0.090044342 1.0954845 -0.831630468 -0.090044342 1.10899866 -0.833047032 0.00691030873 1.11385584 -0.833047092 0.0069150487 1.10034204 -0.872281194 -2.13999009 0.792927802 -0.903534055 -2.11738181 0.792830467 -0.901105583 -2.16575646 0.747628748 -0.861505508 -2.17441249 0.76514709 -0.274868608 -2.49101877 0.77177012 -0.274868608 -2.49101877 0.718067825 -0.122770019 -2.50047183 0.718067825 -0.122770019 -2.50047183 0.77177012 -0.349082023 -2.48328924 0.77177012 -0.349082023 -2.48328924 0.718067825 -0.881356657 1.83303463 0.677407622 -0.807308912 1.91270649 0.549764276 -0.924438596 1.80646861 0.532356501 -0.928267777 1.79015625 0.576339126 -0.414215535 -2.47453499 0.77177012 -0.414215535 -2.47453499 0.718067825 -0.718953907 -2.36016202 0.742891669 -0.718025029 -2.04424047 0.7436167 -0.796698451 -1.96102774 0.752651036 -0.802612782 -2.27064919 0.832739174 -0.892196596 -2.10046148 0.840327501 -0.880340874 -2.11764646 0.832813263 -0.798124969 -2.27308536 0.825622737 -0.892196596 -2.10046148 0.840327501 -0.903753817 -2.07065535 0.84137845 -0.345673263 2.01228166 0.607273519 -0.345673263 2.03201246 0.563267589 -0.50650686 2.01007986 0.561591387 -0.478486925 1.99668229 0.606924593 -0.0854939744 2.05471277 0.563267589 -0.0854939744 2.03498197 0.607823193 -0.204241619 2.02635479 0.607736647 -0.204241619 2.0460856 0.563267589 -0.0854939744 1.99017608 0.709093153 -0.204241619 1.98041213 0.708760798 -0.345673263 1.96463382 0.70698303 -0.478486925 1.95187652 0.705643654 -0.570188701 1.97558391 0.557763219 -0.588971376 1.9725939 0.604899406 -0.860390067 1.83100688 0.679225206 -0.809940279 1.88527715 0.596737266 -0.709468126 1.94369709 0.553753853 -0.699455857 1.93608701 0.601503611 -0.204600245 2.04333615 0.550376177 -0.345740736 2.02983499 0.550376177 -0.504403114 2.00879383 0.548768044 -0.0852217451 2.05161285 0.550376177 -0.272512048 1.38193679 1.40590799 -0.273871541 1.40675259 1.39278877 -0.382320821 1.39134789 1.38909221 -0.382320821 1.36633897 1.40216506 -0.0560166799 1.38844633 1.41021729 -0.0560166799 1.41345525 1.39714432 -0.168195561 1.41345525 1.39572334 -0.168195561 1.38844633 1.40879631 -0.43171373 1.78353941 1.1454829 -0.42260468 1.7381804 1.17560732 -0.3115879 1.76032317 1.17560732 -0.318739623 1.80676877 1.1454829 -0.189639971 1.77278745 1.17560732 -0.192488313 1.81979334 1.1454829 -0.0762760714 1.77956331 1.17560732 -0.0796758607 1.82662308 1.1454829 -0.413215697 1.68505955 1.21169972 -0.403826714 1.63193893 1.24779224 -0.295995682 1.65215445 1.24779224 -0.303791791 1.70623875 1.21169972 -0.0731595978 1.72482061 1.21169972 -0.0700431243 1.67007804 1.24779224 -0.181098074 1.66358519 1.24779224 -0.185369015 1.71818638 1.21169972 -0.177964479 1.61079574 1.27911651 -0.174830884 1.55800629 1.31044078 -0.062676914 1.56449938 1.31044078 -0.0663600191 1.61728883 1.27911651 -0.398352027 1.58041501 1.27900231 -0.392877311 1.52889109 1.31021237 -0.284630924 1.54664898 1.31120765 -0.290313303 1.59940171 1.27949989 -0.173503816 1.52909589 1.32749736 -0.0613448657 1.53429055 1.32778156 -0.282479048 1.51866961 1.32752383 -0.390766025 1.50138235 1.32598841 -0.474063277 1.35153365 1.39632535 -0.466576934 1.37248015 1.38464117 -0.486763179 1.37235355 1.38092864 -0.503468037 1.34771895 1.39257193 -0.531180561 1.34721255 1.38689744 -0.507685781 1.37587452 1.37400925 -0.525605023 1.38524318 1.36407495 -0.552720666 1.35303473 1.37981701 -0.568149924 1.36056304 1.371418 -0.537037373 1.39645815 1.35394573 -0.54910177 1.41742277 1.33941483 -0.583382189 1.38067985 1.35698915 -0.411579609 1.34723759 1.40713108 -0.40182668 1.3619411 1.40111816 -0.42452991 -2.47147727 0.726408303 -0.53477174 -2.45362926 0.730495274 -0.528521776 -2.45602894 0.722752094 -0.718531251 -2.36097503 0.736908197 -0.42452991 -2.47147727 0.773262858 -0.633809268 -2.42167282 0.825472474 -0.636315525 -2.42049479 0.820117354 -0.538142741 -2.45236659 0.820117354 -0.532017052 -2.45471954 0.825472474 -0.872281194 -2.13999009 0.792927802 -0.866978109 -2.14733505 0.793342054 -0.42452991 -2.47147727 0.820117354 -0.414215535 -2.47453499 0.825472474 -0.528521776 -2.45602894 0.722752094 -0.53477174 -2.45362926 0.730495274 -0.639351606 -2.4197948 0.734582305 -0.636957288 -2.42094707 0.727436423 -0.861505508 -2.17441249 0.76514709 -0.856295884 -2.18098235 0.768415809 -0.880340874 -1.86550224 0.832813263 -0.79911691 -1.95666707 0.8264575 -0.717716217 -2.04241014 0.823287427 -0.42452991 -2.47147727 0.773262858 -0.42452991 -2.15330315 0.773262918 -0.42452991 -2.15330315 0.726408362 -0.42452991 -2.47147727 0.726408303 -0.636315525 -2.10232067 0.820117414 -0.538142741 -2.13419247 0.820117414 -0.538142741 -2.45236659 0.820117354 -0.42452991 -2.15330315 0.820117414 -0.42452991 -2.47147727 0.820117354 -0.866978109 -1.89519083 0.793342054 -0.717870653 -2.04332519 0.782319605 -0.79790771 -1.9588474 0.787289321 -0.53477174 -2.13545513 0.730495334 -0.639351606 -2.10162067 0.734582365 -0.852463126 -1.9409107 0.75947237 -0.536457241 -2.1348238 0.775306404 -0.637833595 -2.10197067 0.777349889 -0.349082023 -2.48328924 0.825472474 -0.274868608 -2.49101877 0.825472474 -0.122770019 -2.50047183 0.825472474 -0.897796512 -2.17866516 0.739710093 -0.855594516 -2.18771982 0.758063436 -0.855594516 -2.18771982 0.758063436 -0.85035044 -2.19451618 0.761370003 -0.0210210495 -2.55705285 0.638320625 -0.0197473988 -2.50311494 0.718067825 -0.832418323 0.302014321 1.10908687 -0.832418323 0.302014321 1.12260103 -0.831367731 0.517777026 1.12873781 -0.831367731 0.517777026 1.11522365 -0.830473423 -0.220750436 1.09127593 -0.830473423 -0.220750436 1.10479009 -0.830317199 0.73353982 1.1213603 -0.830317199 0.73353982 1.13487446 -0.829266608 0.949302495 1.14101112 -0.829266608 0.949302495 1.12749696 -0.821193635 -1.01053965 1.05952537 -0.818665266 -1.01053965 1.07325017 -0.8237921 -0.847194314 1.07809436 -0.824213505 -0.847194314 1.06479084 -0.827964067 -0.479499429 1.08064651 -0.827823579 -0.479499429 1.09409046 -0.829460561 -0.330000937 1.10058761 -0.82947582 -0.331291676 1.08703756 -0.826668739 1.07903397 1.14457941 -0.826668739 1.07903397 1.13106525 -0.69785887 -0.621431112 1.39495385 -0.704752743 -0.614402652 1.37818396 -0.721770644 -0.717091978 1.32579815 -0.714992464 -0.724818528 1.34221196 -0.644978702 0.706368268 1.50653982 -0.652977169 0.711362779 1.48837721 -0.656284273 0.521567106 1.49461889 -0.649060965 0.522260308 1.51218021 -0.685654104 -0.518597007 1.44181371 -0.692630351 -0.512262821 1.42472744 -0.67831403 -0.447659701 1.46543229 -0.685339868 -0.441804498 1.44818664 -0.659274638 -0.00175476202 1.51484668 -0.666429043 0.00108993065 1.49726737 -0.672504723 -0.189167067 1.48936093 -0.665308118 -0.190690562 1.50699508 -0.757195055 -0.872164845 1.23645926 -0.750657678 -0.874925435 1.25390756 -0.675800383 -0.278846711 1.48012292 -0.66861856 -0.281113118 1.49784148 -0.73404783 0.131711915 1.34018028 -0.735047877 0.0533315018 1.33909953 -0.702321172 0.0664594099 1.41416562 -0.700893223 0.142190814 1.4147023 -0.672901511 -0.369215488 1.4845413 -0.679963887 -0.363889933 1.46716654 -0.702380657 0.0593844913 1.41409755 -0.702220261 -0.0186544806 1.41314816 -0.666245937 0.0739016682 1.49714768 -0.653143287 0.340090811 1.51359963 -0.660339117 0.340627521 1.49602878 -0.664245486 0.153773755 1.49707592 -0.657076299 0.1519669 1.51465392 -0.644978702 0.746235192 1.50438809 -0.644978702 0.786102116 1.50223637 -0.66103363 0.806809902 1.48036659 -0.657005429 0.759086311 1.4843719 -0.784868181 1.02204025 1.23092735 -0.786591828 0.949309289 1.23092735 -0.762869239 0.949225903 1.27063584 -0.764268398 0.998800397 1.27063584 -0.746924222 0.902829528 1.31034446 -0.746924222 0.952404022 1.31034446 -0.733187616 0.866083562 1.34179378 -0.733187616 0.915657997 1.34179378 -0.711097002 0.864024818 1.38763189 -0.711097002 0.814450324 1.38763189 -0.696239948 0.779724538 1.41846025 -0.696239948 0.829299033 1.41846025 -0.733187616 0.965232611 1.34179378 -0.711097002 0.913599372 1.38763189 -0.696239948 0.878873587 1.41846025 -0.746924222 1.00197875 1.31034446 -0.764268398 1.04837501 1.27063584 -0.781612575 1.0947715 1.23092735 -0.799688101 1.14330137 1.1899327 -0.817763686 1.19183147 1.14893818 -0.804140687 1.05053723 1.18775332 -0.809098482 0.949305832 1.18596923 -0.700973332 0.814450324 1.38763189 -0.736800611 0.902829528 1.31034446 -0.723064005 0.866083562 1.34179378 -0.752745569 0.949225903 1.27063584 -0.823276818 0.100310378 1.1168642 -0.822294652 0.302014321 1.12260103 -0.650215447 0.340627521 1.49602878 -0.654121816 0.153773755 1.49707592 -0.821244061 0.517777026 1.12873781 -0.646160662 0.521567106 1.49461889 -0.820193589 0.73353982 1.13487446 -0.819142997 0.949302495 1.14101112 -0.77627337 0.118366063 1.24526954 -0.76614964 0.118366063 1.24526954 -0.776468217 0.949309289 1.23092735 -0.798974872 0.949305832 1.18596923 -0.695416927 -0.614402652 1.37818396 -0.820124745 -0.330000937 1.10058761 -0.821137607 -0.220750436 1.10479009 -0.822294652 -0.090044342 1.10899866 -0.666464567 -0.278846711 1.48012292 -0.670628071 -0.363889933 1.46716654 -0.692884445 -0.0186544806 1.41314816 -0.657093227 0.00108993065 1.49726737 -0.663168907 -0.189167067 1.48936093 -0.818487763 -0.479499429 1.09409046 -0.632150888 1.64811587 1.18856728 -0.629783452 1.61165023 1.21166158 -0.579871237 1.63607049 1.21041298 -0.571187794 1.66975117 1.19016457 -0.690145493 1.6262579 1.18462563 -0.676716447 1.57364321 1.21570814 -0.621407092 1.52870011 1.25717878 -0.579257429 1.55121803 1.25613439 -0.656878114 1.50408912 1.26022434 -0.188085958 1.75292051 1.18873978 -0.0751421228 1.75964487 1.18873978 -0.308751225 1.74064422 1.18873978 -0.41918844 1.71885204 1.18873978 -0.570913434 1.49576426 1.28930211 -0.558591545 1.4429729 1.32195151 -0.477806449 1.33907056 1.40216732 -0.566294432 1.33446789 1.38773119 -0.583848774 1.34047961 1.38053858 -0.600522995 1.36028624 1.36577797 -0.511820436 1.33290505 1.39839363 -0.54292798 1.33137894 1.39334154 -0.595605493 1.41404104 1.33325911 -0.610337913 1.46939278 1.29442978 -0.612865269 1.38928413 1.34317517 -0.634177566 1.44400358 1.30372906 -0.732684791 1.60065603 1.18063998 -0.710420251 1.54611397 1.21961987 -0.688155711 1.49157214 1.25859952 -0.632011771 1.36182094 1.35417509 -0.658302724 1.41589856 1.31100345 -0.61781168 1.33722544 1.37496567 -0.48154965 1.32660651 1.40800929 -0.520172894 1.31897831 1.40421534 -0.554675341 1.31647825 1.39978552 -0.580020726 1.3140347 1.39605653 -0.599670231 1.31562281 1.38998997 -0.421332538 1.33253407 1.41314411 -0.382320821 1.34133005 1.4152379 -0.168195561 1.36343741 1.42186916 -0.271152556 1.35712099 1.41902721 -0.0560166799 1.36343741 1.42329013 -0.69609946 1.64998436 1.16987002 -0.74323678 1.6275847 1.1630615 -0.632425427 1.67118812 1.17233956 -0.701973081 1.68593907 1.1454829 -0.636950076 1.71594429 1.1454829 -0.276023418 1.43473196 1.37647247 -0.384432107 1.41885662 1.37331617 -0.278175294 1.4627111 1.3601563 -0.386543393 1.44636512 1.35754025 -0.280327171 1.49069047 1.34384 -0.388654709 1.47387385 1.34176421 -0.169522628 1.44236541 1.37866688 -0.170849696 1.47127557 1.36161029 -0.172176763 1.50018573 1.34455383 -0.0573487245 1.44366407 1.37980366 -0.0586807691 1.4738729 1.36246288 -0.0600128174 1.50408173 1.34512222 -0.573531389 1.69087815 1.17550707 -0.561794281 1.69083929 1.17876661 -0.553738832 1.69818902 1.17604625 -0.559095562 1.70152116 1.17276204 -0.554648042 1.71705031 1.16449988 -0.546448946 1.70559454 1.17304897 -0.530353069 1.70478535 1.17648637 -0.549147606 1.69491267 1.17905354 -0.563861847 1.68058038 1.1850009 -0.734599948 -0.0365169086 1.33704698 -0.725264132 -0.0365169086 1.33704698 -0.690769553 0.142190814 1.4147023 -0.776711285 0.0295315012 1.24329078 -0.775838554 -0.0592664033 1.24012506 -0.735072851 0.0462533608 1.33896863 -0.691209793 -0.185129017 1.41778445 -0.692439437 -0.283080786 1.42084122 -0.721931756 -0.186785191 1.34728658 -0.718069553 -0.290758193 1.3538295 -0.776726484 0.0366104767 1.2434938 -0.766502738 -0.0592664033 1.24012494 -0.72392416 0.131711915 1.34018028 -0.710440516 -0.406695515 1.3605448 -0.688974917 -0.377977908 1.42253792 -0.758085847 -0.195919946 1.25473619 -0.755597889 -0.302579761 1.26728046 -0.666144788 0.0809685364 1.49713874 -0.74725771 -0.430153817 1.28482664 -0.703846872 -0.49809438 1.36823523 -0.733790576 -0.543390274 1.30097151 -0.816472054 -0.663346887 1.08609235 -0.82580781 -0.663346887 1.08609235 -0.826088786 -0.663346887 1.07271874 -0.72392416 0.319342881 1.34018028 -0.769904077 0.308541417 1.23706663 -0.690769553 0.329821736 1.4147023 -0.72392416 0.522483826 1.33525896 -0.76614964 0.521817267 1.23793888 -0.688389719 0.521116734 1.4130373 -0.726225615 0.725484729 1.33618546 -0.77201438 0.727291286 1.24336016 -0.770452082 0.0295315012 1.24329078 -0.826787829 0.00691030873 1.11385584 -0.826851428 0.0139872255 1.11414456 -0.770467281 0.0366104767 1.2434938 -0.696121454 0.0593844913 1.41409755 -0.728813648 0.0462533608 1.33896863 -0.728788674 0.0533315018 1.33909953 -0.696061969 0.0664594099 1.41416562 -0.826851428 0.0139830848 1.1006304 -0.826787889 0.0069150487 1.10034204 -0.664926469 0.0770058781 1.50036132 -0.0730932653 -2.4370265 0.874567091 0.0701318532 -2.4370265 0.874567091 0.0701318532 -2.38764238 0.89850682 -0.0730932653 -2.38764238 0.89850682 -0.0730932653 -2.50036526 0.829223633 0.0701318532 -2.50036526 0.829223633 0.814384043 -1.14989984 1.0547086 0.815265238 -1.14848721 1.05281103 0.80916059 -1.14329326 1.06743109 0.747853875 1.656317 1.1454829 0.749794364 1.6518774 1.14720368 0.849501729 -2.1788249 0.75947237 0.797053099 -1.13038862 1.08514786 0.780174613 -1.01937044 1.16177177 0.656120002 0.0751060694 1.51472032 0.555775583 1.74673152 1.1454829 0.821181059 1.20519459 1.13453543 0.82022208 1.20638263 1.13664627 -0.81734544 -1.14989984 1.0547086 -0.818226635 -1.14848721 1.05281103 -0.812121987 -1.14329326 1.06743109 -0.750815272 1.656317 1.1454829 -0.752755761 1.6518774 1.14720368 -0.852463126 -2.1788249 0.75947237 -0.800014496 -1.13038862 1.08514786 -0.78313601 -1.01937044 1.16177177 -0.659081399 0.0751060694 1.51472032 -0.55873698 1.74673152 1.1454829 -0.824142456 1.20519459 1.13453543 -0.823183477 1.20638263 1.13664627 </float_array>
          <technique_common>
            <accessor count="834" offset="0" source="#meshesP17R-1-positions-array" stride="3">
              <param name="X" type="float" />
              <param name="Y" type="float" />
              <param name="Z" type="float" />
            </accessor>
          </technique_common>
        </source>
        <source id="meshesP17R-1-color0" name="meshesP17R-1-color0">
          <float_array id="meshesP17R-1-color0-array" count="2502"> 0.576470613 0.745098054 0.925490201 0.576470613 0.745098054 0.925490201 0.576470613 0.745098054 0.925490201 0.113725491 0.113725491 0.113725491 0.113725491 0.113725491 0.113725491 0.113725491 0.113725491 0.113725491 0.113725491 0.113725491 0.113725491 0.113725491 0.113725491 0.113725491 0.113725491 0.113725491 0.113725491 0.113725491 0.113725491 0.113725491 0.113725491 0.113725491 0.113725491 0.113725491 0.113725491 0.113725491 0.113725491 0.113725491 0.113725491 0.113725491 0.113725491 0.113725491 0.113725491 0.113725491 0.113725491 0.576470613 0.745098054 0.925490201 0.576470613 0.745098054 0.925490201 0.576470613 0.745098054 0.925490201 0.113725491 0.113725491 0.113725491 0.113725491 0.113725491 0.113725491 0.113725491 0.113725491 0.113725491 0.113725491 0.113725491 0.113725491 0.113725491 0.113725491 0.113725491 0.113725491 0.113725491 0.113725491 0.113725491 0.113725491 0.113725491 0.113725491 0.113725491 0.113725491 0.113725491 0.113725491 0.113725491 0.113725491 0.113725491 0.113725491 0.113725491 0.113725491 0.113725491 0.113725491 0.113725491 0.113725491 1 1 1 1 1 1 1 1 1 1 1 1 1 1 1 1 1 1 1 1 1 1 1 1 0.113725491 0.113725491 0.113725491 0.113725491 0.113725491 0.113725491 0.113725491 0.113725491 0.113725491 0.113725491 0.113725491 0.113725491 0.113725491 0.113725491 0.113725491 0.113725491 0.113725491 0.113725491 0.113725491 0.113725491 0.113725491 0.113725491 0.113725491 0.113725491 0.576470613 0.745098054 0.925490201 0.576470613 0.745098054 0.925490201 0.576470613 0.745098054 0.925490201 0.576470613 0.745098054 0.925490201 0.576470613 0.745098054 0.925490201 0.576470613 0.745098054 0.925490201 0.576470613 0.745098054 0.925490201 0.576470613 0.745098054 0.925490201 0.576470613 0.745098054 0.925490201 0.576470613 0.745098054 0.925490201 0.850980401 0.992156863 0.992156863 0.850980401 0.992156863 0.992156863 0.850980401 0.992156863 0.992156863 0.850980401 0.992156863 0.992156863 0.576470613 0.745098054 0.925490201 0.576470613 0.745098054 0.925490201 1 1 1 1 1 1 1 1 1 1 1 1 1 1 1 1 1 1 1 1 1 0.576470613 0.745098054 0.925490201 0.576470613 0.745098054 0.925490201 0.850980401 0.992156863 0.992156863 0.850980401 0.992156863 0.992156863 0.850980401 0.992156863 0.992156863 0.850980401 0.992156863 0.992156863 0.850980401 0.992156863 0.992156863 0.850980401 0.992156863 0.992156863 0.850980401 0.992156863 0.992156863 0.850980401 0.992156863 0.992156863 0.850980401 0.992156863 0.992156863 0.850980401 0.992156863 0.992156863 0.850980401 0.992156863 0.992156863 0.850980401 0.992156863 0.992156863 0.850980401 0.992156863 0.992156863 0.850980401 0.992156863 0.992156863 0.850980401 0.992156863 0.992156863 0.850980401 0.992156863 0.992156863 0.850980401 0.992156863 0.992156863 0.850980401 0.992156863 0.992156863 0.850980401 0.992156863 0.992156863 0.850980401 0.992156863 0.992156863 0.850980401 0.992156863 0.992156863 0.850980401 0.992156863 0.992156863 0.850980401 0.992156863 0.992156863 0.850980401 0.992156863 0.992156863 0.850980401 0.992156863 0.992156863 0.850980401 0.992156863 0.992156863 0.329411775 0.329411775 0.329411775 0.329411775 0.329411775 0.329411775 0.329411775 0.329411775 0.329411775 0.329411775 0.329411775 0.329411775 0.329411775 0.329411775 0.329411775 0.329411775 0.329411775 0.329411775 0.329411775 0.329411775 0.329411775 0.329411775 0.329411775 0.329411775 0.329411775 0.329411775 0.329411775 0.329411775 0.329411775 0.329411775 0.329411775 0.329411775 0.329411775 0.329411775 0.329411775 0.329411775 0.329411775 0.329411775 0.329411775 0.329411775 0.329411775 0.329411775 0.329411775 0.329411775 0.329411775 0.329411775 0.329411775 0.329411775 0.329411775 0.329411775 0.329411775 0.329411775 0.329411775 0.329411775 0.329411775 0.329411775 0.329411775 0.329411775 0.329411775 0.329411775 0.329411775 0.329411775 0.329411775 0.329411775 0.329411775 0.329411775 0.329411775 0.329411775 0.329411775 0.329411775 0.329411775 0.329411775 0.329411775 0.329411775 0.329411775 0.329411775 0.329411775 0.329411775 0.329411775 0.329411775 0.329411775 0.329411775 0.329411775 0.329411775 0.329411775 0.329411775 0.329411775 0.329411775 0.329411775 0.329411775 0.329411775 0.329411775 0.329411775 0.329411775 0.329411775 0.329411775 0.329411775 0.329411775 0.329411775 0.329411775 0.329411775 0.329411775 0.329411775 0.329411775 0.329411775 0.329411775 0.329411775 0.329411775 0.329411775 0.329411775 0.329411775 0.329411775 0.329411775 0.329411775 0.329411775 0.329411775 0.329411775 0.329411775 0.329411775 0.329411775 0.329411775 0.329411775 0.329411775 0.329411775 0.329411775 0.329411775 0.329411775 0.329411775 0.329411775 0.329411775 0.329411775 0.329411775 0.329411775 0.329411775 0.329411775 0.329411775 0.329411775 0.329411775 0.329411775 0.329411775 0.329411775 0.329411775 0.329411775 0.329411775 0.329411775 0.329411775 0.329411775 0.329411775 0.329411775 0.329411775 0.329411775 0.329411775 0.329411775 0.329411775 0.329411775 0.329411775 0.329411775 0.329411775 0.329411775 0.329411775 0.329411775 0.329411775 0.329411775 0.329411775 0.329411775 0.329411775 0.329411775 0.329411775 0.329411775 0.329411775 0.329411775 0.329411775 0.329411775 0.329411775 0.329411775 0.329411775 0.329411775 0.576470613 0.745098054 0.925490201 0.576470613 0.745098054 0.925490201 0.576470613 0.745098054 0.925490201 1 1 1 0.576470613 0.745098054 0.925490201 0.576470613 0.745098054 0.925490201 0.576470613 0.745098054 0.925490201 0.576470613 0.745098054 0.925490201 0.576470613 0.745098054 0.925490201 1 1 1 1 1 1 0.576470613 0.745098054 0.925490201 0.576470613 0.745098054 0.925490201 1 1 1 1 1 1 1 1 1 1 1 1 1 1 1 1 1 1 1 1 1 1 1 1 1 1 1 1 1 1 1 1 1 1 1 1 1 1 1 1 1 1 1 1 1 1 1 1 1 1 1 1 1 1 1 1 1 1 1 1 1 1 1 1 1 1 1 1 1 1 1 1 1 1 1 1 1 1 0.576470613 0.745098054 0.925490201 0.576470613 0.745098054 0.925490201 0.576470613 0.745098054 0.925490201 0.576470613 0.745098054 0.925490201 0.576470613 0.745098054 0.925490201 0.576470613 0.745098054 0.925490201 0.576470613 0.745098054 0.925490201 1 1 1 1 1 1 0.576470613 0.745098054 0.925490201 0.576470613 0.745098054 0.925490201 0.576470613 0.745098054 0.925490201 0.576470613 0.745098054 0.925490201 0.113725491 0.113725491 0.113725491 0.113725491 0.113725491 0.113725491 0.113725491 0.113725491 0.113725491 0.113725491 0.113725491 0.113725491 0.113725491 0.113725491 0.113725491 0.113725491 0.113725491 0.113725491 0.113725491 0.113725491 0.113725491 0.113725491 0.113725491 0.113725491 0.113725491 0.113725491 0.113725491 0.113725491 0.113725491 0.113725491 0.113725491 0.113725491 0.113725491 0.113725491 0.113725491 0.113725491 0.113725491 0.113725491 0.113725491 0.113725491 0.113725491 0.113725491 0.113725491 0.113725491 0.113725491 0.113725491 0.113725491 0.113725491 0.113725491 0.113725491 0.113725491 0.113725491 0.113725491 0.113725491 0.113725491 0.113725491 0.113725491 0.113725491 0.113725491 0.113725491 0.113725491 0.113725491 0.113725491 0.113725491 0.113725491 0.113725491 0.113725491 0.113725491 0.113725491 0.113725491 0.113725491 0.113725491 0.113725491 0.113725491 0.113725491 0.113725491 0.113725491 0.113725491 0.113725491 0.113725491 0.113725491 0.113725491 0.113725491 0.113725491 0.113725491 0.113725491 0.113725491 0.113725491 0.113725491 0.113725491 0.113725491 0.113725491 0.113725491 0.113725491 0.113725491 0.113725491 0.113725491 0.113725491 0.113725491 0.113725491 0.113725491 0.113725491 0.113725491 0.113725491 0.113725491 0.113725491 0.113725491 0.113725491 0.113725491 0.113725491 0.113725491 0.113725491 0.113725491 0.113725491 0.113725491 0.113725491 0.113725491 0.113725491 0.113725491 0.113725491 0.113725491 0.113725491 0.113725491 0.113725491 0.113725491 0.113725491 0.113725491 0.113725491 0.113725491 0.113725491 0.113725491 0.113725491 0.113725491 0.113725491 0.113725491 0.113725491 0.113725491 0.113725491 0.113725491 0.113725491 0.113725491 0.113725491 0.113725491 0.113725491 0.113725491 0.113725491 0.113725491 0.113725491 0.113725491 0.113725491 0.113725491 0.113725491 0.113725491 0.113725491 0.113725491 0.113725491 0.113725491 0.113725491 0.113725491 0.113725491 0.113725491 0.113725491 0.113725491 0.113725491 0.113725491 0.113725491 0.113725491 0.113725491 0.113725491 0.113725491 0.113725491 0.113725491 0.113725491 0.113725491 0.113725491 0.113725491 0.113725491 0.113725491 0.113725491 0.113725491 0.113725491 0.113725491 0.113725491 0.113725491 0.113725491 0.113725491 0.113725491 0.113725491 0.113725491 0.113725491 0.113725491 0.113725491 0.113725491 0.113725491 0.113725491 0.113725491 0.113725491 0.113725491 0.113725491 0.113725491 0.113725491 0.113725491 0.113725491 0.113725491 0.113725491 0.113725491 0.113725491 0.113725491 0.113725491 0.113725491 0.113725491 0.113725491 0.113725491 0.113725491 0.113725491 0.113725491 0.113725491 0.113725491 0.113725491 0.113725491 0.113725491 0.113725491 0.113725491 0.113725491 0.113725491 0.113725491 0.113725491 0.113725491 0.113725491 0.113725491 0.113725491 0.113725491 0.113725491 0.113725491 0.113725491 0.113725491 0.113725491 0.113725491 0.113725491 0.113725491 0.113725491 0.113725491 0.113725491 0.113725491 0.113725491 0.113725491 0.113725491 0.113725491 0.113725491 0.113725491 0.113725491 0.113725491 0.113725491 0.113725491 0.113725491 0.113725491 0.113725491 0.113725491 0.113725491 0.113725491 0.113725491 0.113725491 0.113725491 0.113725491 0.113725491 0.113725491 0.113725491 0.113725491 0.113725491 0.113725491 0.113725491 0.113725491 0.113725491 0.113725491 0.113725491 0.113725491 0.113725491 0.113725491 0.113725491 0.113725491 0.113725491 0.113725491 0.113725491 0.113725491 0.113725491 0.113725491 0.113725491 0.113725491 0.113725491 0.113725491 0.113725491 0.113725491 0.113725491 0.113725491 0.113725491 0.113725491 0.113725491 0.113725491 0.113725491 0.113725491 0.113725491 0.113725491 0.113725491 0.113725491 0.113725491 0.113725491 0.113725491 0.113725491 0.113725491 0.113725491 0.113725491 0.113725491 0.113725491 0.113725491 0.113725491 0.329411775 0.329411775 0.329411775 0.329411775 0.329411775 0.329411775 0.329411775 0.329411775 0.329411775 0.329411775 0.329411775 0.329411775 0.329411775 0.329411775 0.329411775 0.329411775 0.329411775 0.329411775 0.329411775 0.329411775 0.329411775 0.329411775 0.329411775 0.329411775 0.329411775 0.329411775 0.329411775 0.329411775 0.329411775 0.329411775 0.329411775 0.329411775 0.329411775 0.329411775 0.329411775 0.329411775 0.329411775 0.329411775 0.329411775 0.329411775 0.329411775 0.329411775 0.329411775 0.329411775 0.329411775 0.329411775 0.329411775 0.329411775 0.329411775 0.329411775 0.329411775 0.329411775 0.329411775 0.329411775 0.329411775 0.329411775 0.329411775 0.329411775 0.329411775 0.329411775 0.329411775 0.329411775 0.329411775 0.329411775 0.329411775 0.329411775 0.329411775 0.329411775 0.329411775 0.329411775 0.329411775 0.329411775 0.329411775 0.329411775 0.329411775 0.329411775 0.329411775 0.329411775 0.329411775 0.329411775 0.329411775 0.329411775 0.329411775 0.329411775 0.329411775 0.329411775 0.329411775 0.329411775 0.329411775 0.329411775 0.329411775 0.329411775 0.329411775 0.329411775 0.329411775 0.329411775 0.329411775 0.329411775 0.329411775 0.329411775 0.329411775 0.329411775 0.329411775 0.329411775 0.329411775 0.329411775 0.329411775 0.329411775 0.329411775 0.329411775 0.329411775 0.329411775 0.329411775 0.329411775 0.329411775 0.329411775 0.329411775 0.329411775 0.329411775 0.329411775 0.329411775 0.329411775 0.329411775 0.329411775 0.329411775 0.329411775 0.329411775 0.329411775 0.329411775 0.329411775 0.329411775 0.329411775 0.329411775 0.329411775 0.329411775 0.329411775 0.329411775 0.329411775 0.329411775 0.329411775 0.329411775 0.329411775 0.329411775 0.329411775 0.329411775 0.329411775 0.329411775 0.329411775 0.329411775 0.329411775 0.329411775 0.329411775 0.329411775 0.329411775 0.329411775 0.329411775 0.329411775 0.329411775 0.329411775 0.329411775 0.329411775 0.329411775 0.329411775 0.329411775 0.329411775 0.329411775 0.329411775 0.329411775 0.329411775 0.329411775 0.329411775 0.329411775 0.329411775 0.329411775 0.329411775 0.329411775 0.329411775 0.329411775 0.329411775 0.329411775 0.329411775 0.329411775 0.329411775 0.329411775 0.329411775 0.329411775 0.329411775 0.329411775 0.329411775 0.329411775 0.329411775 0.329411775 0.329411775 0.329411775 0.329411775 0.329411775 0.329411775 0.329411775 0.329411775 0.329411775 0.329411775 0.329411775 0.329411775 0.329411775 0.329411775 0.329411775 0.329411775 0.329411775 0.329411775 0.329411775 0.329411775 0.329411775 0.329411775 0.329411775 0.329411775 0.329411775 0.113725491 0.113725491 0.113725491 0.113725491 0.113725491 0.113725491 0.113725491 0.113725491 0.113725491 0.113725491 0.113725491 0.113725491 0.113725491 0.113725491 0.113725491 0.113725491 0.113725491 0.113725491 0.113725491 0.113725491 0.113725491 0.113725491 0.113725491 0.113725491 0.113725491 0.113725491 0.113725491 0.113725491 0.113725491 0.113725491 0.113725491 0.113725491 0.113725491 0.113725491 0.113725491 0.113725491 0.113725491 0.113725491 0.113725491 0.113725491 0.113725491 0.113725491 0.113725491 0.113725491 0.113725491 0.113725491 0.113725491 0.113725491 0.113725491 0.113725491 0.113725491 0.113725491 0.113725491 0.113725491 0.113725491 0.113725491 0.113725491 0.113725491 0.113725491 0.113725491 0.113725491 0.113725491 0.113725491 0.113725491 0.113725491 0.113725491 0.113725491 0.113725491 0.113725491 0.113725491 0.113725491 0.113725491 0.113725491 0.113725491 0.113725491 0.113725491 0.113725491 0.113725491 0.113725491 0.113725491 0.113725491 0.113725491 0.113725491 0.113725491 0.113725491 0.113725491 0.113725491 0.113725491 0.113725491 0.113725491 0.113725491 0.113725491 0.113725491 0.113725491 0.113725491 0.113725491 0.113725491 0.113725491 0.113725491 0.113725491 0.113725491 0.113725491 0.113725491 0.113725491 0.113725491 0.113725491 0.113725491 0.113725491 0.113725491 0.113725491 0.113725491 0.113725491 0.113725491 0.113725491 0.113725491 0.113725491 0.113725491 0.113725491 0.113725491 0.113725491 0.113725491 0.113725491 0.113725491 0.113725491 0.113725491 0.113725491 0.113725491 0.113725491 0.113725491 1 1 1 1 1 1 1 1 1 1 1 1 1 1 1 1 1 1 1 1 1 1 1 1 0.113725491 0.113725491 0.113725491 0.113725491 0.113725491 0.113725491 0.113725491 0.113725491 0.113725491 0.113725491 0.113725491 0.113725491 0.113725491 0.113725491 0.113725491 0.113725491 0.113725491 0.113725491 0.113725491 0.113725491 0.113725491 0.113725491 0.113725491 0.113725491 0.576470613 0.745098054 0.925490201 0.576470613 0.745098054 0.925490201 0.576470613 0.745098054 0.925490201 0.576470613 0.745098054 0.925490201 0.576470613 0.745098054 0.925490201 0.576470613 0.745098054 0.925490201 0.576470613 0.745098054 0.925490201 0.576470613 0.745098054 0.925490201 0.576470613 0.745098054 0.925490201 0.576470613 0.745098054 0.925490201 0.850980401 0.992156863 0.992156863 0.850980401 0.992156863 0.992156863 0.850980401 0.992156863 0.992156863 0.850980401 0.992156863 0.992156863 0.576470613 0.745098054 0.925490201 0.576470613 0.745098054 0.925490201 1 1 1 1 1 1 1 1 1 1 1 1 1 1 1 1 1 1 1 1 1 0.576470613 0.745098054 0.925490201 0.576470613 0.745098054 0.925490201 0.850980401 0.992156863 0.992156863 0.850980401 0.992156863 0.992156863 0.850980401 0.992156863 0.992156863 0.850980401 0.992156863 0.992156863 0.850980401 0.992156863 0.992156863 0.850980401 0.992156863 0.992156863 0.850980401 0.992156863 0.992156863 0.850980401 0.992156863 0.992156863 0.850980401 0.992156863 0.992156863 0.850980401 0.992156863 0.992156863 0.850980401 0.992156863 0.992156863 0.850980401 0.992156863 0.992156863 0.850980401 0.992156863 0.992156863 0.850980401 0.992156863 0.992156863 0.850980401 0.992156863 0.992156863 0.850980401 0.992156863 0.992156863 0.850980401 0.992156863 0.992156863 0.850980401 0.992156863 0.992156863 0.850980401 0.992156863 0.992156863 0.850980401 0.992156863 0.992156863 0.850980401 0.992156863 0.992156863 0.850980401 0.992156863 0.992156863 0.329411775 0.329411775 0.329411775 0.329411775 0.329411775 0.329411775 0.329411775 0.329411775 0.329411775 0.329411775 0.329411775 0.329411775 0.329411775 0.329411775 0.329411775 0.329411775 0.329411775 0.329411775 0.329411775 0.329411775 0.329411775 0.329411775 0.329411775 0.329411775 0.329411775 0.329411775 0.329411775 0.329411775 0.329411775 0.329411775 0.329411775 0.329411775 0.329411775 0.329411775 0.329411775 0.329411775 0.329411775 0.329411775 0.329411775 0.329411775 0.329411775 0.329411775 0.329411775 0.329411775 0.329411775 0.329411775 0.329411775 0.329411775 0.329411775 0.329411775 0.329411775 0.329411775 0.329411775 0.329411775 0.329411775 0.329411775 0.329411775 0.329411775 0.329411775 0.329411775 0.329411775 0.329411775 0.329411775 0.329411775 0.329411775 0.329411775 0.329411775 0.329411775 0.329411775 0.329411775 0.329411775 0.329411775 0.329411775 0.329411775 0.329411775 0.329411775 0.329411775 0.329411775 0.329411775 0.329411775 0.329411775 0.329411775 0.329411775 0.329411775 0.329411775 0.329411775 0.329411775 0.329411775 0.329411775 0.329411775 0.329411775 0.329411775 0.329411775 0.329411775 0.329411775 0.329411775 0.329411775 0.329411775 0.329411775 0.329411775 0.329411775 0.329411775 0.329411775 0.329411775 0.329411775 0.329411775 0.329411775 0.329411775 0.329411775 0.329411775 0.329411775 0.329411775 0.329411775 0.329411775 0.329411775 0.329411775 0.329411775 0.329411775 0.329411775 0.329411775 0.329411775 0.329411775 0.329411775 0.329411775 0.329411775 0.329411775 0.329411775 0.329411775 0.329411775 0.329411775 0.329411775 0.329411775 0.329411775 0.329411775 0.329411775 0.329411775 0.329411775 0.329411775 0.329411775 0.329411775 0.329411775 0.329411775 0.329411775 0.329411775 0.329411775 0.329411775 0.329411775 0.329411775 0.329411775 0.329411775 0.576470613 0.745098054 0.925490201 0.576470613 0.745098054 0.925490201 0.576470613 0.745098054 0.925490201 1 1 1 0.576470613 0.745098054 0.925490201 0.576470613 0.745098054 0.925490201 0.576470613 0.745098054 0.925490201 0.576470613 0.745098054 0.925490201 0.576470613 0.745098054 0.925490201 1 1 1 1 1 1 0.576470613 0.745098054 0.925490201 0.576470613 0.745098054 0.925490201 1 1 1 1 1 1 1 1 1 1 1 1 1 1 1 1 1 1 1 1 1 1 1 1 1 1 1 1 1 1 1 1 1 1 1 1 1 1 1 1 1 1 1 1 1 1 1 1 1 1 1 1 1 1 1 1 1 1 1 1 1 1 1 1 1 1 1 1 1 1 1 1 1 1 1 1 1 1 0.576470613 0.745098054 0.925490201 0.576470613 0.745098054 0.925490201 0.576470613 0.745098054 0.925490201 0.576470613 0.745098054 0.925490201 0.576470613 0.745098054 0.925490201 1 1 1 1 1 1 0.576470613 0.745098054 0.925490201 0.576470613 0.745098054 0.925490201 0.113725491 0.113725491 0.113725491 0.113725491 0.113725491 0.113725491 0.113725491 0.113725491 0.113725491 0.113725491 0.113725491 0.113725491 0.113725491 0.113725491 0.113725491 0.113725491 0.113725491 0.113725491 0.113725491 0.113725491 0.113725491 0.113725491 0.113725491 0.113725491 0.113725491 0.113725491 0.113725491 0.113725491 0.113725491 0.113725491 0.113725491 0.113725491 0.113725491 0.113725491 0.113725491 0.113725491 0.113725491 0.113725491 0.113725491 0.113725491 0.113725491 0.113725491 0.113725491 0.113725491 0.113725491 0.113725491 0.113725491 0.113725491 0.113725491 0.113725491 0.113725491 0.113725491 0.113725491 0.113725491 0.113725491 0.113725491 0.113725491 0.113725491 0.113725491 0.113725491 0.113725491 0.113725491 0.113725491 0.113725491 0.113725491 0.113725491 0.113725491 0.113725491 0.113725491 0.113725491 0.113725491 0.113725491 0.113725491 0.113725491 0.113725491 0.113725491 0.113725491 0.113725491 0.113725491 0.113725491 0.113725491 0.113725491 0.113725491 0.113725491 0.113725491 0.113725491 0.113725491 0.113725491 0.113725491 0.113725491 0.113725491 0.113725491 0.113725491 0.113725491 0.113725491 0.113725491 0.113725491 0.113725491 0.113725491 0.113725491 0.113725491 0.113725491 0.113725491 0.113725491 0.113725491 0.113725491 0.113725491 0.113725491 0.113725491 0.113725491 0.113725491 0.113725491 0.113725491 0.113725491 0.113725491 0.113725491 0.113725491 0.113725491 0.113725491 0.113725491 0.113725491 0.113725491 0.113725491 0.113725491 0.113725491 0.113725491 0.113725491 0.113725491 0.113725491 0.113725491 0.113725491 0.113725491 0.113725491 0.113725491 0.113725491 0.113725491 0.113725491 0.113725491 0.113725491 0.113725491 0.113725491 0.113725491 0.113725491 0.113725491 0.113725491 0.113725491 0.113725491 0.113725491 0.113725491 0.113725491 0.113725491 0.113725491 0.113725491 0.113725491 0.113725491 0.113725491 0.113725491 0.113725491 0.113725491 0.113725491 0.113725491 0.113725491 0.113725491 0.113725491 0.113725491 0.113725491 0.113725491 0.113725491 0.113725491 0.113725491 0.113725491 0.113725491 0.113725491 0.113725491 0.113725491 0.113725491 0.113725491 0.113725491 0.113725491 0.113725491 0.113725491 0.113725491 0.113725491 0.113725491 0.113725491 0.113725491 0.113725491 0.113725491 0.113725491 0.113725491 0.113725491 0.113725491 0.113725491 0.113725491 0.113725491 0.113725491 0.113725491 0.113725491 0.113725491 0.113725491 0.113725491 0.113725491 0.113725491 0.113725491 0.113725491 0.113725491 0.113725491 0.113725491 0.113725491 0.113725491 0.113725491 0.113725491 0.113725491 0.113725491 0.113725491 0.113725491 0.113725491 0.113725491 0.113725491 0.113725491 0.113725491 0.113725491 0.113725491 0.113725491 0.113725491 0.113725491 0.113725491 0.113725491 0.113725491 0.113725491 0.113725491 0.113725491 0.113725491 0.113725491 0.113725491 0.113725491 0.113725491 0.113725491 0.113725491 0.113725491 0.113725491 0.113725491 0.113725491 0.113725491 0.113725491 0.113725491 0.113725491 0.113725491 0.113725491 0.113725491 0.113725491 0.113725491 0.113725491 0.113725491 0.113725491 0.113725491 0.113725491 0.113725491 0.113725491 0.113725491 0.113725491 0.113725491 0.113725491 0.113725491 0.113725491 0.113725491 0.113725491 0.113725491 0.113725491 0.113725491 0.113725491 0.113725491 0.113725491 0.113725491 0.113725491 0.113725491 0.113725491 0.113725491 0.113725491 0.113725491 0.113725491 0.113725491 0.113725491 0.113725491 0.113725491 0.113725491 0.113725491 0.113725491 0.113725491 0.113725491 0.113725491 0.113725491 0.113725491 0.113725491 0.113725491 0.113725491 0.113725491 0.113725491 0.113725491 0.113725491 0.113725491 0.113725491 0.113725491 0.113725491 0.113725491 0.113725491 0.113725491 0.113725491 0.113725491 0.113725491 0.113725491 0.113725491 0.113725491 0.113725491 0.113725491 0.329411775 0.329411775 0.329411775 0.329411775 0.329411775 0.329411775 0.329411775 0.329411775 0.329411775 0.329411775 0.329411775 0.329411775 0.329411775 0.329411775 0.329411775 0.329411775 0.329411775 0.329411775 0.329411775 0.329411775 0.329411775 0.329411775 0.329411775 0.329411775 0.329411775 0.329411775 0.329411775 0.329411775 0.329411775 0.329411775 0.329411775 0.329411775 0.329411775 0.329411775 0.329411775 0.329411775 0.329411775 0.329411775 0.329411775 0.329411775 0.329411775 0.329411775 0.329411775 0.329411775 0.329411775 0.329411775 0.329411775 0.329411775 0.329411775 0.329411775 0.329411775 0.329411775 0.329411775 0.329411775 0.329411775 0.329411775 0.329411775 0.329411775 0.329411775 0.329411775 0.329411775 0.329411775 0.329411775 0.329411775 0.329411775 0.329411775 0.329411775 0.329411775 0.329411775 0.329411775 0.329411775 0.329411775 0.329411775 0.329411775 0.329411775 0.329411775 0.329411775 0.329411775 0.329411775 0.329411775 0.329411775 0.329411775 0.329411775 0.329411775 0.329411775 0.329411775 0.329411775 0.329411775 0.329411775 0.329411775 0.329411775 0.329411775 0.329411775 0.329411775 0.329411775 0.329411775 0.329411775 0.329411775 0.329411775 0.329411775 0.329411775 0.329411775 0.329411775 0.329411775 0.329411775 0.329411775 0.329411775 0.329411775 0.329411775 0.329411775 0.329411775 0.329411775 0.329411775 0.329411775 0.329411775 0.329411775 0.329411775 0.329411775 0.329411775 0.329411775 0.329411775 0.329411775 0.329411775 0.329411775 0.329411775 0.329411775 0.329411775 0.329411775 0.329411775 0.329411775 0.329411775 0.329411775 0.329411775 0.329411775 0.329411775 0.329411775 0.329411775 0.329411775 0.329411775 0.329411775 0.329411775 0.329411775 0.329411775 0.329411775 0.329411775 0.329411775 0.329411775 0.329411775 0.329411775 0.329411775 0.329411775 0.329411775 0.329411775 0.329411775 0.329411775 0.329411775 0.329411775 0.329411775 0.329411775 0.329411775 0.329411775 0.329411775 0.329411775 0.329411775 0.329411775 0.329411775 0.329411775 0.329411775 0.329411775 0.329411775 0.329411775 0.329411775 0.329411775 0.329411775 0.329411775 0.329411775 0.329411775 0.329411775 0.329411775 0.329411775 0.329411775 0.329411775 0.329411775 0.329411775 0.329411775 0.329411775 0.329411775 0.329411775 0.329411775 0.329411775 0.329411775 0.329411775 0.329411775 0.329411775 0.329411775 0.329411775 0.329411775 0.329411775 0.329411775 0.329411775 0.329411775 0.113725491 0.113725491 0.113725491 0.113725491 0.113725491 0.113725491 0.113725491 0.113725491 0.113725491 0.113725491 0.113725491 0.113725491 0.113725491 0.113725491 0.113725491 0.113725491 0.113725491 0.113725491 0.113725491 0.113725491 0.113725491 0.113725491 0.113725491 0.113725491 0.113725491 0.113725491 0.113725491 0.113725491 0.113725491 0.113725491 0.113725491 0.113725491 0.113725491 0.113725491 0.113725491 0.113725491 0.113725491 0.113725491 0.113725491 0.113725491 0.113725491 0.113725491 0.113725491 0.113725491 0.113725491 0.113725491 0.113725491 0.113725491 0.113725491 0.113725491 0.113725491 0.113725491 0.113725491 0.113725491 0.113725491 0.113725491 0.113725491 0.113725491 0.113725491 0.113725491 0.113725491 0.113725491 0.113725491 0.113725491 0.113725491 0.113725491 0.113725491 0.113725491 0.113725491 0.113725491 0.113725491 0.113725491 0.113725491 0.113725491 0.113725491 0.113725491 0.113725491 0.113725491 0.113725491 0.113725491 0.113725491 0.113725491 0.113725491 0.113725491 0.113725491 0.113725491 0.113725491 0.113725491 0.113725491 0.113725491 0.113725491 0.113725491 0.113725491 0.113725491 0.113725491 0.113725491 0.113725491 0.113725491 0.113725491 0.113725491 0.113725491 0.113725491 0.113725491 0.113725491 0.113725491 0.113725491 0.113725491 0.113725491 0.113725491 0.113725491 0.113725491 0.113725491 0.113725491 0.113725491 0.113725491 0.113725491 0.113725491 0.113725491 0.113725491 0.113725491 0.113725491 0.113725491 0.113725491 0.113725491 0.113725491 0.113725491 0.113725491 0.113725491 0.113725491 0.576470613 0.745098054 0.925490201 0.576470613 0.745098054 0.925490201 0.576470613 0.745098054 0.925490201 0.576470613 0.745098054 0.925490201 0.576470613 0.745098054 0.925490201 0.576470613 0.745098054 0.925490201 0.113725491 0.113725491 0.113725491 0.113725491 0.113725491 0.113725491 0.113725491 0.113725491 0.113725491 0.329411775 0.329411775 0.329411775 0.329411775 0.329411775 0.329411775 1 1 1 0.113725491 0.113725491 0.113725491 0.113725491 0.113725491 0.113725491 0.113725491 0.113725491 0.113725491 0.329411775 0.329411775 0.329411775 0.113725491 0.113725491 0.113725491 0.113725491 0.113725491 0.113725491 0.113725491 0.113725491 0.113725491 0.113725491 0.113725491 0.113725491 0.113725491 0.113725491 0.113725491 0.329411775 0.329411775 0.329411775 0.329411775 0.329411775 0.329411775 1 1 1 0.113725491 0.113725491 0.113725491 0.113725491 0.113725491 0.113725491 0.113725491 0.113725491 0.113725491 0.329411775 0.329411775 0.329411775 0.113725491 0.113725491 0.113725491 0.113725491 0.113725491 0.113725491 </float_array>
          <technique_common>
            <accessor count="834" offset="0" source="#meshesP17R-1-color0-array" stride="3">
              <param name="R" type="float" />
              <param name="G" type="float" />
              <param name="B" type="float" />
            </accessor>
          </technique_common>
        </source>
        <vertices id="meshesP17R-1-vertices">
          <input semantic="POSITION" source="#meshesP17R-1-positions" />
        </vertices>
        <polylist count="1373" material="defaultMaterial">
          <input offset="0" semantic="VERTEX" source="#meshesP17R-1-vertices" />
          <input offset="0" semantic="COLOR" source="#meshesP17R-1-color0" set="0" />
          <vcount>3 3 3 3 3 3 3 3 3 3 3 3 3 3 3 3 3 3 3 3 3 3 3 3 3 3 3 3 3 3 3 3 3 3 3 3 3 3 3 3 3 3 3 3 3 3 3 3 3 3 3 3 3 3 3 3 3 3 3 3 3 3 3 3 3 3 3 3 3 3 3 3 3 3 3 3 3 3 3 3 3 3 3 3 3 3 3 3 3 3 3 3 3 3 3 3 3 3 3 3 3 3 3 3 3 3 3 3 3 3 3 3 3 3 3 3 3 3 3 3 3 3 3 3 3 3 3 3 3 3 3 3 3 3 3 3 3 3 3 3 3 3 3 3 3 3 3 3 3 3 3 3 3 3 3 3 3 3 3 3 3 3 3 3 3 3 3 3 3 3 3 3 3 3 3 3 3 3 3 3 3 3 3 3 3 3 3 3 3 3 3 3 3 3 3 3 3 3 3 3 3 3 3 3 3 3 3 3 3 3 3 3 3 3 3 3 3 3 3 3 3 3 3 3 3 3 3 3 3 3 3 3 3 3 3 3 3 3 3 3 3 3 3 3 3 3 3 3 3 3 3 3 3 3 3 3 3 3 3 3 3 3 3 3 3 3 3 3 3 3 3 3 3 3 3 3 3 3 3 3 3 3 3 3 3 3 3 3 3 3 3 3 3 3 3 3 3 3 3 3 3 3 3 3 3 3 3 3 3 3 3 3 3 3 3 3 3 3 3 3 3 3 3 3 3 3 3 3 3 3 3 3 3 3 3 3 3 3 3 3 3 3 3 3 3 3 3 3 3 3 3 3 3 3 3 3 3 3 3 3 3 3 3 3 3 3 3 3 3 3 3 3 3 3 3 3 3 3 3 3 3 3 3 3 3 3 3 3 3 3 3 3 3 3 3 3 3 3 3 3 3 3 3 3 3 3 3 3 3 3 3 3 3 3 3 3 3 3 3 3 3 3 3 3 3 3 3 3 3 3 3 3 3 3 3 3 3 3 3 3 3 3 3 3 3 3 3 3 3 3 3 3 3 3 3 3 3 3 3 3 3 3 3 3 3 3 3 3 3 3 3 3 3 3 3 3 3 3 3 3 3 3 3 3 3 3 3 3 3 3 3 3 3 3 3 3 3 3 3 3 3 3 3 3 3 3 3 3 3 3 3 3 3 3 3 3 3 3 3 3 3 3 3 3 3 3 3 3 3 3 3 3 3 3 3 3 3 3 3 3 3 3 3 3 3 3 3 3 3 3 3 3 3 3 3 3 3 3 3 3 3 3 3 3 3 3 3 3 3 3 3 3 3 3 3 3 3 3 3 3 3 3 3 3 3 3 3 3 3 3 3 3 3 3 3 3 3 3 3 3 3 3 3 3 3 3 3 3 3 3 3 3 3 3 3 3 3 3 3 3 3 3 3 3 3 3 3 3 3 3 3 3 3 3 3 3 3 3 3 3 3 3 3 3 3 3 3 3 3 3 3 3 3 3 3 3 3 3 3 3 3 3 3 3 3 3 3 3 3 3 3 3 3 3 3 3 3 3 3 3 3 3 3 3 3 3 3 3 3 3 3 3 3 3 3 3 3 3 3 3 3 3 3 3 3 3 3 3 3 3 3 3 3 3 3 3 3 3 3 3 3 3 3 3 3 3 3 3 3 3 3 3 3 3 3 3 3 3 3 3 3 3 3 3 3 3 3 3 3 3 3 3 3 3 3 3 3 3 3 3 3 3 3 3 3 3 3 3 3 3 3 3 3 3 3 3 3 3 3 3 3 3 3 3 3 3 3 3 3 3 3 3 3 3 3 3 3 3 3 3 3 3 3 3 3 3 3 3 3 3 3 3 3 3 3 3 3 3 3 3 3 3 3 3 3 3 3 3 3 3 3 3 3 3 3 3 3 3 3 3 3 3 3 3 3 3 3 3 3 3 3 3 3 3 3 3 3 3 3 3 3 3 3 3 3 3 3 3 3 3 3 3 3 3 3 3 3 3 3 3 3 3 3 3 3 3 3 3 3 3 3 3 3 3 3 3 3 3 3 3 3 3 3 3 3 3 3 3 3 3 3 3 3 3 3 3 3 3 3 3 3 3 3 3 3 3 3 3 3 3 3 3 3 3 3 3 3 3 3 3 3 3 3 3 3 3 3 3 3 3 3 3 3 3 3 3 3 3 3 3 3 3 3 3 3 3 3 3 3 3 3 3 3 3 3 3 3 3 3 3 3 3 3 3 3 3 3 3 3 3 3 3 3 3 3 3 3 3 3 3 3 3 3 3 3 3 3 3 3 3 3 3 3 3 3 3 3 3 3 3 3 3 3 3 3 3 3 3 3 3 3 3 3 3 3 3 3 3 3 3 3 3 3 3 3 3 3 3 3 3 3 3 3 3 3 3 3 3 3 3 3 3 3 3 3 3 3 3 3 3 3 3 3 3 3 3 3 3 3 3 3 3 3 3 3 3 3 3 3 3 3 3 3 3 3 3 3 3 3 3 3 3 3 3 3 3 3 3 3 3 3 3 3 3 3 3 3 3 3 3 3 3 3 3 3 3 3 3 3 3 3 3 3 3 3 3 3 3 3 3 3 3 3 3 3 3 3 3 3 3 3 3 3 3 3 3 3 3 3 3 3 3 3 3 3 3 3 3 3 3 3 3 3 3 3 3 3 3 3 3 3 3 3 3 3 3 3 3 3 3 3 3 3 3 3 3 3 3 3 3 3 3 3 3 3 3 3 3 3 3 3 3 3 3 3 3 3 3 3 3 3 3 3 3 3 3 3 3 3 3 3 3 3 3 3 3 3 3 3 3 3 3 3 3 3 3 3 3 3 3 3 3 3 3 3 3 3 3 3 3 3 3 3 3 3 3 3 3 3 3 3 3 3 3 3 3 3 3 3 3 3 3 3 3 3 3 3 3 3 3 3 3 3 3 3 3 3 3 3 3 3 3 3 3 3 3 3 3 3 3 3 3 3 3 3 3 3 3 3 3 3 3 3 3 3 3 3 3 3 3 3 3 3 3 3 3 3 3 3 3 3 3 3 3 3 3 3 3 3 3 3 3 3 3 3 3 3 3 3 3 3 3 3 3 3 3 3 3 3 3 3 3 3 </vcount>
          <p>0 1 2 3 4 5 6 7 8 9 10 11 12 13 14 15 16 17 18 19 20 21 22 23 24 25 26 27 28 29 30 31 32 30 32 33 34 35 36 34 36 37 38 39 40 38 40 41 42 43 44 42 44 45 46 47 48 46 48 49 50 51 52 50 52 53 54 50 53 54 53 55 56 57 58 56 58 59 60 54 55 60 55 61 62 37 63 62 63 64 65 66 67 65 67 68 69 46 49 69 49 70 71 72 73 71 73 74 75 76 77 75 77 78 79 71 74 79 74 80 76 79 80 76 80 77 81 82 79 81 79 76 82 83 71 82 71 79 84 81 76 84 76 75 83 85 72 83 72 71 86 73 72 86 72 87 59 88 89 59 89 56 90 86 87 90 87 91 59 90 91 59 91 88 80 74 92 80 92 93 74 73 94 74 94 92 77 80 93 77 93 95 78 77 95 78 95 96 97 98 99 97 99 100 101 102 103 101 103 104 105 101 104 105 104 106 102 97 100 102 100 103 107 108 109 107 109 110 108 111 112 108 112 109 111 113 114 111 114 112 113 115 116 113 116 114 117 118 119 117 119 120 121 122 123 121 123 124 118 125 126 118 126 119 125 121 124 125 124 126 127 128 129 127 129 130 131 132 133 131 133 134 128 135 136 128 136 129 132 127 130 132 130 133 137 130 129 137 129 138 138 129 136 138 136 139 140 133 130 140 130 137 141 134 133 141 133 140 142 143 144 142 144 145 146 147 148 146 148 149 143 146 149 143 149 144 150 151 152 150 152 153 147 150 153 147 153 148 154 155 99 154 99 98 61 156 157 61 157 158 159 34 37 159 37 62 60 61 158 60 158 160 161 162 163 161 163 164 165 68 67 165 67 166 162 167 168 162 168 163 169 170 171 169 171 172 173 165 166 173 166 174 67 66 175 67 175 176 33 177 175 33 175 66 178 179 180 178 180 181 32 182 183 32 183 184 182 185 186 182 186 183 166 67 176 166 176 187 188 189 63 188 63 64 179 172 190 179 190 180 177 175 189 177 189 188 172 171 191 172 191 190 187 192 63 187 63 189 181 193 190 181 190 180 193 194 191 193 191 190 175 176 187 175 187 189 183 184 194 183 194 193 186 183 193 186 193 181 185 178 181 185 181 186 167 60 160 167 160 168 167 195 54 167 54 60 195 196 50 195 50 54 196 197 51 196 51 50 197 198 199 197 199 51 48 47 200 48 200 201 201 200 2 201 2 1 173 174 202 173 202 203 203 202 36 203 36 35 184 177 188 184 188 194 194 188 64 194 64 191 32 184 177 32 177 33 170 159 62 170 62 171 171 62 64 171 64 191 65 30 33 65 33 66 204 205 206 204 206 207 208 209 210 208 210 211 212 42 45 212 45 213 39 208 211 39 211 40 214 215 216 214 216 217 218 219 220 218 220 221 222 223 224 222 224 225 209 214 217 209 217 210 223 212 213 223 213 224 215 226 227 215 227 216 228 229 230 228 230 231 232 233 234 232 234 235 236 228 231 236 231 237 238 236 237 238 237 239 240 241 242 240 242 243 229 244 245 229 245 230 241 246 247 241 247 242 248 249 250 248 250 251 252 238 239 252 239 253 254 255 243 254 243 256 257 258 259 257 259 260 233 257 260 233 260 234 246 252 253 246 253 247 261 262 263 261 263 264 265 266 267 265 267 268 266 269 270 266 270 267 269 271 272 269 272 270 273 274 275 273 275 276 271 273 276 271 276 272 277 278 273 277 273 271 278 279 274 278 274 273 280 277 271 280 271 269 281 280 269 281 269 266 282 281 266 282 266 265 283 284 227 283 227 285 284 265 268 284 268 286 263 262 274 263 274 279 232 235 262 232 262 261 274 262 235 274 235 275 275 235 10 275 10 9 276 275 9 276 9 287 270 272 288 270 288 289 267 270 289 267 289 290 40 211 291 40 291 292 260 259 293 260 293 294 211 210 295 211 295 291 234 260 294 234 294 296 217 216 297 217 297 298 210 217 298 210 298 295 299 40 292 299 292 300 268 267 290 268 290 301 286 268 301 286 301 302 272 276 287 272 287 288 235 234 296 235 296 10 245 220 7 245 7 6 230 245 6 230 6 8 237 231 303 237 303 4 224 213 304 224 304 305 239 237 4 239 4 3 213 45 306 213 306 304 247 253 307 247 307 308 256 243 309 256 309 310 231 230 8 231 8 303 243 242 311 243 311 309 242 247 308 242 308 311 225 224 305 225 305 312 253 239 3 253 3 307 313 314 315 313 315 316 317 313 316 317 316 318 316 315 319 316 319 320 318 316 320 318 320 321 322 323 121 322 121 125 324 322 125 324 125 118 323 325 122 323 122 121 326 324 118 326 118 117 315 117 120 315 120 319 131 134 327 131 327 328 142 145 99 142 99 155 329 142 155 329 155 154 330 331 150 330 150 147 331 332 151 331 151 150 333 334 146 333 146 143 334 330 147 334 147 146 329 333 143 329 143 142 335 327 152 335 152 151 336 328 327 336 327 335 337 335 151 337 151 332 320 319 328 320 328 336 120 131 328 120 328 319 119 126 127 119 127 132 124 123 135 124 135 128 120 119 132 120 132 131 126 124 128 126 128 127 337 338 336 337 336 335 117 315 314 117 314 326 110 109 324 110 324 326 114 116 325 114 325 323 109 112 322 109 322 324 112 114 323 112 323 322 216 286 302 216 302 297 227 284 286 227 286 216 282 265 284 282 284 283 318 339 340 318 340 317 339 318 321 339 321 341 342 343 338 342 338 337 342 337 332 342 332 344 345 346 333 345 333 329 347 348 330 347 330 334 346 347 334 346 334 333 349 344 332 349 332 331 348 349 331 348 331 330 345 329 154 345 154 350 350 154 98 350 98 351 352 353 97 352 97 102 354 355 101 354 101 105 355 352 102 355 102 101 353 351 98 353 98 97 343 341 321 343 321 338 320 336 338 320 338 321 356 317 340 356 340 357 313 317 356 313 356 358 359 360 358 359 358 356 99 361 362 99 362 100 361 363 364 361 364 362 363 365 366 363 366 364 365 141 140 365 140 366 100 362 367 100 367 103 362 364 368 362 368 367 364 366 369 364 369 368 366 140 137 366 137 369 104 370 371 104 371 106 370 372 373 370 373 371 372 374 375 372 375 373 374 138 139 374 139 375 103 367 370 103 370 104 367 368 372 367 372 370 368 369 374 368 374 372 369 137 138 369 138 374 141 152 327 141 327 134 365 153 152 365 152 141 363 148 153 363 153 365 361 149 148 361 148 363 376 377 378 376 378 379 380 381 378 380 378 377 382 383 378 382 378 381 384 379 378 384 378 383 385 256 310 385 310 386 259 249 387 259 387 293 388 389 385 388 385 390 389 254 256 389 256 385 311 308 391 311 391 392 311 392 310 311 310 309 392 391 393 392 393 394 299 248 251 299 251 395 390 385 386 390 386 396 249 248 397 249 397 387 310 392 394 310 394 386 398 393 391 398 391 399 394 393 400 394 400 401 249 259 402 249 402 250 45 390 396 45 396 306 44 388 390 44 390 45 248 299 300 248 300 397 386 394 401 386 401 396 403 400 393 403 393 398 304 306 396 304 396 401 8 404 405 8 405 303 404 403 398 404 398 405 303 405 5 303 5 4 405 398 399 405 399 5 220 406 407 220 407 7 307 399 391 307 391 308 5 399 307 5 307 3 406 225 312 406 312 407 219 408 406 219 406 220 408 222 225 408 225 406 304 401 400 304 400 305 403 312 305 403 305 400 404 407 312 404 312 403 407 404 8 407 8 7 397 300 409 397 409 410 387 397 410 387 410 411 293 387 411 293 411 294 291 409 300 291 300 292 410 409 412 410 412 413 411 410 413 411 413 414 294 411 414 294 414 296 295 412 409 295 409 291 413 412 415 413 415 416 414 413 416 414 416 11 296 414 11 296 11 10 298 415 412 298 412 295 172 171 32 157 164 163 171 62 33 171 33 32 33 62 37 33 37 66 40 299 395 40 395 41 388 44 417 388 417 418 41 395 419 41 419 420 254 389 421 254 421 422 251 250 423 251 423 424 255 254 422 255 422 12 250 402 13 250 13 423 38 41 420 38 420 425 44 43 426 44 426 417 417 426 425 417 425 420 423 13 12 423 12 422 424 423 422 424 422 421 420 419 418 420 418 417 419 424 421 419 421 418 395 251 424 395 424 419 389 388 418 389 418 421 427 255 12 427 12 14 402 427 14 402 14 13 428 429 430 428 430 431 432 433 434 432 434 435 436 437 438 436 438 439 440 441 442 440 442 443 444 445 446 444 446 447 448 449 450 448 450 451 452 453 449 452 449 448 454 455 456 454 456 457 458 459 453 458 453 452 460 461 462 460 462 433 463 464 465 463 465 466 467 468 445 467 445 444 469 470 471 469 471 472 75 78 473 75 473 474 475 476 470 475 470 469 474 473 476 474 476 475 477 474 475 477 475 478 478 475 469 478 469 479 84 75 474 84 474 477 479 469 472 479 472 480 481 482 472 481 472 471 455 454 483 455 483 484 485 486 482 485 482 481 455 484 486 455 486 485 476 487 488 476 488 470 470 488 489 470 489 471 473 490 487 473 487 476 78 96 490 78 490 473 491 492 493 491 493 494 495 496 497 495 497 498 105 106 496 105 496 495 498 497 492 498 492 491 499 500 501 499 501 502 502 501 503 502 503 504 504 503 505 504 505 506 506 505 116 506 116 115 507 508 509 507 509 510 511 512 123 511 123 122 510 509 513 510 513 514 514 513 512 514 512 511 515 516 517 515 517 518 519 520 521 519 521 522 518 517 136 518 136 135 522 521 516 522 516 515 523 524 517 523 517 516 524 139 136 524 136 517 525 523 516 525 516 521 526 525 521 526 521 520 527 528 529 527 529 530 531 532 533 531 533 534 530 529 532 530 532 531 535 536 537 535 537 538 534 533 536 534 536 535 539 494 493 539 493 540 459 541 542 459 542 543 544 460 433 544 433 432 458 545 541 458 541 459 546 547 548 546 548 549 550 551 465 550 465 464 549 548 552 549 552 553 554 555 556 554 556 557 558 559 551 558 551 550 465 560 561 465 561 466 429 466 561 429 561 562 563 564 565 563 565 566 430 567 568 430 568 569 569 568 570 569 570 571 551 572 560 551 560 465 573 461 462 573 462 574 566 565 575 566 575 555 562 573 574 562 574 561 555 575 576 555 576 556 572 574 462 572 462 577 564 565 575 564 575 578 578 575 576 578 576 579 561 574 572 561 572 560 568 578 579 568 579 567 570 564 578 570 578 568 571 570 564 571 564 563 553 552 545 553 545 458 553 458 452 553 452 580 580 452 448 580 448 581 581 448 451 581 451 582 582 451 199 582 199 198 446 583 584 446 584 447 583 17 16 583 16 584 558 585 586 558 586 559 585 435 434 585 434 586 567 579 573 567 573 562 579 576 461 579 461 573 430 429 562 430 562 567 557 556 460 557 460 544 556 576 461 556 461 460 463 466 429 463 429 428 587 207 206 587 206 588 589 590 591 589 591 592 593 594 441 593 441 440 439 438 590 439 590 589 595 596 597 595 597 598 599 600 601 599 601 602 603 604 605 603 605 606 592 591 596 592 596 595 606 605 594 606 594 593 598 597 607 598 607 608 609 610 611 609 611 612 613 614 615 613 615 616 617 618 610 617 610 609 619 620 618 619 618 617 621 622 623 621 623 624 612 611 625 612 625 626 624 623 627 624 627 628 629 630 631 629 631 632 633 634 620 633 620 619 635 636 622 635 622 637 638 639 640 638 640 641 616 615 639 616 639 638 628 627 634 628 634 633 642 643 644 642 644 645 646 647 648 646 648 649 649 648 650 649 650 651 651 650 652 651 652 653 654 655 656 654 656 657 653 652 655 653 655 654 658 653 654 658 654 659 659 654 657 659 657 660 661 651 653 661 653 658 662 649 651 662 651 661 663 646 649 663 649 662 664 665 607 664 607 666 666 667 647 666 647 646 644 660 657 644 657 645 613 642 645 613 645 614 657 656 614 657 614 645 656 24 26 656 26 614 655 668 24 655 24 656 650 669 670 650 670 652 648 671 669 648 669 650 438 672 673 438 673 590 639 674 675 639 675 640 590 673 676 590 676 591 615 677 674 615 674 639 596 678 679 596 679 597 591 676 678 591 678 596 680 681 672 680 672 438 647 682 671 647 671 648 667 683 682 667 682 647 652 670 668 652 668 655 614 26 677 614 677 615 625 21 23 625 23 601 611 22 21 611 21 625 618 20 684 618 684 610 605 685 686 605 686 594 620 18 20 620 20 618 594 686 687 594 687 441 627 688 689 627 689 634 636 690 691 636 691 622 610 684 22 610 22 611 622 691 692 622 692 623 623 692 688 623 688 627 604 693 685 604 685 605 634 689 18 634 18 620 694 695 696 694 696 697 698 699 695 698 695 694 695 700 701 695 701 696 699 702 700 699 700 695 703 514 511 703 511 704 705 510 514 705 514 703 704 511 122 704 122 325 706 507 510 706 510 705 696 701 508 696 508 507 519 707 708 519 708 520 527 540 493 527 493 528 709 539 540 709 540 527 710 534 535 710 535 711 711 535 538 711 538 712 713 530 531 713 531 714 714 531 534 714 534 710 709 527 530 709 530 713 715 538 537 715 537 708 716 715 708 716 708 707 717 712 538 717 538 715 700 716 707 700 707 701 508 701 707 508 707 519 509 522 515 509 515 513 512 518 135 512 135 123 508 519 522 508 522 509 513 515 518 513 518 512 717 715 716 717 716 718 507 706 697 507 697 696 500 706 705 500 705 501 505 704 325 505 325 116 501 705 703 501 703 503 503 703 704 503 704 505 597 679 683 597 683 667 607 597 667 607 667 666 663 664 666 663 666 646 699 698 719 699 719 720 720 721 702 720 702 699 722 717 718 722 718 723 722 724 712 722 712 717 725 709 713 725 713 726 727 714 710 727 710 728 726 713 714 726 714 727 729 711 712 729 712 724 728 710 711 728 711 729 725 730 539 725 539 709 730 731 494 730 494 539 732 498 491 732 491 733 354 105 495 354 495 734 734 495 498 734 498 732 733 491 494 733 494 731 723 718 702 723 702 721 700 702 718 700 718 716 735 736 719 735 719 698 694 737 735 694 735 698 738 735 737 738 737 739 493 492 740 493 740 741 741 740 742 741 742 743 743 742 744 743 744 745 745 744 525 745 525 526 492 497 746 492 746 740 740 746 747 740 747 742 742 747 748 742 748 744 744 748 523 744 523 525 496 106 371 496 371 749 749 371 373 749 373 750 750 373 375 750 375 751 751 375 139 751 139 524 497 496 749 497 749 746 746 749 750 746 750 747 747 750 751 747 751 748 748 751 524 748 524 523 526 520 708 526 708 537 745 526 537 745 537 536 743 745 536 743 536 533 741 743 533 741 533 532 752 753 754 752 754 755 756 755 754 756 754 757 758 757 754 758 754 759 760 759 754 760 754 753 761 762 690 761 690 636 640 675 763 640 763 632 764 765 761 764 761 766 766 761 636 766 636 635 692 767 768 692 768 688 692 691 690 692 690 767 767 769 770 767 770 768 680 771 630 680 630 629 765 772 762 765 762 761 632 763 773 632 773 629 690 762 769 690 769 767 774 775 768 774 768 770 769 776 777 769 777 770 632 631 778 632 778 640 441 687 772 441 772 765 442 441 765 442 765 764 629 773 681 629 681 680 762 772 776 762 776 769 779 774 770 779 770 777 686 776 772 686 772 687 22 684 780 22 780 781 781 780 774 781 774 779 684 20 19 684 19 780 780 19 775 780 775 774 601 23 782 601 782 783 689 688 768 689 768 775 19 18 689 19 689 775 783 782 693 783 693 604 602 601 783 602 783 784 784 783 604 784 604 603 686 685 777 686 777 776 779 777 685 779 685 693 781 779 693 781 693 782 782 23 22 782 22 781 773 785 786 773 786 681 763 787 785 763 785 773 675 674 787 675 787 763 673 672 681 673 681 786 785 788 789 785 789 786 787 790 788 787 788 785 674 677 790 674 790 787 676 673 786 676 786 789 788 791 792 788 792 789 790 25 791 790 791 788 677 26 25 677 25 790 678 676 789 678 789 792 542 548 547 555 430 556 556 430 429 556 429 460 429 466 433 429 433 460 438 437 771 438 771 680 764 793 794 764 794 442 437 795 796 437 796 771 635 797 798 635 798 766 630 799 800 630 800 631 637 27 797 637 797 635 631 800 29 631 29 778 436 801 795 436 795 437 442 794 802 442 802 443 794 795 801 794 801 802 800 797 27 800 27 29 799 798 797 799 797 800 795 794 793 795 793 796 796 793 798 796 798 799 771 796 799 771 799 630 766 798 793 766 793 764 803 28 27 803 27 637 778 29 28 778 28 803 804 805 806 804 806 807 808 809 805 808 805 804 218 810 811 810 218 812 812 218 221 356 813 359 813 356 814 814 356 357 205 199 206 199 205 51 51 205 52 63 815 192 815 63 37 815 37 36 174 192 815 192 174 187 187 174 166 221 816 812 816 221 220 816 220 245 816 245 817 817 245 244 258 402 259 402 258 427 427 258 818 427 243 255 243 427 240 240 427 818 99 149 361 149 99 145 149 145 144 110 819 107 819 110 380 380 110 382 380 382 381 326 382 110 382 326 314 382 314 383 383 314 384 380 360 819 360 380 377 360 377 358 358 377 376 379 358 376 358 379 384 358 384 314 358 314 313 288 11 416 11 288 287 11 287 9 290 416 415 416 290 289 416 289 288 297 415 298 415 297 302 415 302 301 415 301 290 157 160 158 160 157 168 168 157 163 36 66 37 66 36 202 66 202 174 66 174 166 66 166 67 820 227 226 227 820 821 227 821 285 822 599 823 599 822 824 599 824 600 825 735 738 735 825 826 735 826 736 588 451 450 451 588 199 199 588 206 827 462 577 462 827 433 433 827 434 572 827 577 827 572 559 559 572 551 828 600 824 600 828 601 601 828 625 625 828 829 625 829 626 778 641 640 641 778 803 641 803 830 622 803 637 803 622 621 803 621 830 532 493 741 493 532 528 528 532 529 831 500 499 500 831 756 500 756 758 758 756 757 758 706 500 706 758 697 697 758 759 697 759 760 739 756 831 756 739 755 755 739 737 755 737 752 737 753 752 753 737 760 760 737 697 697 737 694 25 670 791 670 25 668 668 25 24 791 671 792 671 791 669 669 791 670 792 679 678 679 792 683 683 792 682 682 792 671 542 552 548 552 542 541 466 434 433 434 466 586 586 466 559 559 466 551 551 466 465 607 832 608 832 607 833 833 607 665 </p>
        </polylist>
      </mesh>
    </geometry>
    <geometry id="meshesP17R-2" name="meshes[17]-2" >
      <mesh>
        <source id="meshesP17R-2-positions" name="meshesP17R-2-positions">
          <float_array id="meshesP17R-2-positions-array" count="54"> -0.805216193 -2.36385012 0.41808176 -0.799510002 -2.37276077 0.471289009 -0.854038179 -2.31832695 0.471289009 -0.864093959 -2.30930758 0.41808176 -0.539374411 -2.50819659 0.418081731 -0.546010613 -2.50797868 0.471288979 -0.63531816 -2.47459507 0.471288979 -0.628681898 -2.47481298 0.418081731 -0.703971744 -2.43776226 0.471288979 -0.697335482 -2.43798018 0.418081731 -0.761298537 -2.40522861 0.471288979 -0.767857373 -2.39729548 0.418081731 -0.774493575 -2.39168882 0.364874572 -0.811852396 -2.36385012 0.364874601 -0.703971744 -2.43827343 0.364874572 -0.63531816 -2.47481298 0.364874572 -0.546010613 -2.50819659 0.364874572 -0.870730221 -2.30802393 0.364874601 </float_array>
          <technique_common>
            <accessor count="18" offset="0" source="#meshesP17R-2-positions-array" stride="3">
              <param name="X" type="float" />
              <param name="Y" type="float" />
              <param name="Z" type="float" />
            </accessor>
          </technique_common>
        </source>
        <source id="meshesP17R-2-tex0" name="meshesP17R-2-tex0">
          <float_array id="meshesP17R-2-tex0-array" count="36"> 0.212668747 0.497287035 0.234917432 0.986195028 0.0505767763 0.974575758 0.0175193846 0.486186028 1 0.512633443 0.983461499 1.00000024 0.732867539 1.00000024 0.749406278 0.512633443 0.529948592 0.996188641 0.546487331 0.508821845 0.358872294 0.992399395 0.335424006 0.503934383 0.313926041 0.0162734985 0.196330696 0.011539638 0.530419052 0.0231742263 0.733068109 0.0268855095 0.983662009 0.0268857479 0 2.38418579e-07 </float_array>
          <technique_common>
            <accessor count="18" offset="0" source="#meshesP17R-2-tex0-array" stride="2">
              <param name="S" type="float" />
              <param name="T" type="float" />
            </accessor>
          </technique_common>
        </source>
        <vertices id="meshesP17R-2-vertices">
          <input semantic="POSITION" source="#meshesP17R-2-positions" />
        </vertices>
        <polylist count="20" material="defaultMaterial">
          <input offset="0" semantic="VERTEX" source="#meshesP17R-2-vertices" />
          <input offset="0" semantic="TEXCOORD" source="#meshesP17R-2-tex0" set="0" />
          <vcount>3 3 3 3 3 3 3 3 3 3 3 3 3 3 3 3 3 3 3 3 </vcount>
          <p>0 1 2 0 2 3 4 5 6 4 6 7 7 6 8 7 8 9 9 8 10 9 10 11 11 10 1 11 1 0 12 11 0 12 0 13 14 9 11 14 11 12 15 7 9 15 9 14 16 4 7 16 7 15 13 0 3 13 3 17 </p>
        </polylist>
      </mesh>
    </geometry>
    <geometry id="meshesP17R-3" name="meshes[17]-3" >
      <mesh>
        <source id="meshesP17R-3-positions" name="meshesP17R-3-positions">
          <float_array id="meshesP17R-3-positions-array" count="54"> 0.802254796 -2.36385012 0.41808176 0.861132562 -2.30930758 0.41808176 0.851076782 -2.31832695 0.471289009 0.796548605 -2.37276077 0.471289009 0.536413014 -2.50819659 0.418081731 0.625720501 -2.47481298 0.418081731 0.632356763 -2.47459507 0.471288979 0.543049216 -2.50797868 0.471288979 0.694374084 -2.43798018 0.418081731 0.701010346 -2.43776226 0.471288979 0.764895976 -2.39729548 0.418081731 0.75833714 -2.40522861 0.471288979 0.771532178 -2.39168882 0.364874572 0.808890998 -2.36385012 0.364874601 0.701010346 -2.43827343 0.364874572 0.632356763 -2.47481298 0.364874572 0.543049216 -2.50819659 0.364874572 0.867768824 -2.30802393 0.364874601 </float_array>
          <technique_common>
            <accessor count="18" offset="0" source="#meshesP17R-3-positions-array" stride="3">
              <param name="X" type="float" />
              <param name="Y" type="float" />
              <param name="Z" type="float" />
            </accessor>
          </technique_common>
        </source>
        <source id="meshesP17R-3-tex0" name="meshesP17R-3-tex0">
          <float_array id="meshesP17R-3-tex0-array" count="36"> 0.773792744 0.515122354 0.984750986 0.514461696 0.949240506 0.997974992 0.746991694 0.999999881 -5.96046448e-08 0.481364489 0.233457506 0.498150945 0.246837437 0.983721077 0.013379842 0.966934085 0.432509631 0.507029057 0.445889562 0.992599249 0.641975462 0.515121818 0.615218759 0.999371767 0.66480422 0.0317364931 0.786790729 0.0337580442 0.444993287 0.0257707834 0.246455431 0.0167866349 0.012997508 -1.1920929e-07 0.99999994 0.0326347351 </float_array>
          <technique_common>
            <accessor count="18" offset="0" source="#meshesP17R-3-tex0-array" stride="2">
              <param name="S" type="float" />
              <param name="T" type="float" />
            </accessor>
          </technique_common>
        </source>
        <vertices id="meshesP17R-3-vertices">
          <input semantic="POSITION" source="#meshesP17R-3-positions" />
        </vertices>
        <polylist count="20" material="defaultMaterial">
          <input offset="0" semantic="VERTEX" source="#meshesP17R-3-vertices" />
          <input offset="0" semantic="TEXCOORD" source="#meshesP17R-3-tex0" set="0" />
          <vcount>3 3 3 3 3 3 3 3 3 3 3 3 3 3 3 3 3 3 3 3 </vcount>
          <p>0 1 2 0 2 3 4 5 6 4 6 7 5 8 9 5 9 6 8 10 11 8 11 9 10 0 3 10 3 11 12 13 0 12 0 10 14 12 10 14 10 8 15 14 8 15 8 5 16 15 5 16 5 4 13 17 1 13 1 0 </p>
        </polylist>
      </mesh>
    </geometry>
    <geometry id="meshesP17R-4" name="meshes[17]-4" >
      <mesh>
        <source id="meshesP17R-4-positions" name="meshesP17R-4-positions">
          <float_array id="meshesP17R-4-positions-array" count="27"> 0.080184862 1.91304958 1.09725118 0.082516253 1.96922052 1.06078398 -0.00148070196 1.97151458 1.06015921 -0.00148070196 1.9153434 1.09662628 0.0784982741 1.84869158 1.13613534 -0.00148070196 1.85098541 1.13551044 -0.0831462443 1.91304958 1.09725118 -0.0854776502 1.96922052 1.06078398 -0.0814596713 1.84869158 1.13613534 </float_array>
          <technique_common>
            <accessor count="9" offset="0" source="#meshesP17R-4-positions-array" stride="3">
              <param name="X" type="float" />
              <param name="Y" type="float" />
              <param name="Z" type="float" />
            </accessor>
          </technique_common>
        </source>
        <source id="meshesP17R-4-tex0" name="meshesP17R-4-tex0">
          <float_array id="meshesP17R-4-tex0-array" count="18"> 0.0193288624 0.483575761 2.98023224e-08 0.0234578848 0.499777406 0 0.5052284 0.460338295 0.0356138647 1 0.511473835 0.976921082 0.991572976 0.468226671 1 0.00766962767 0.987778962 0.984967232 </float_array>
          <technique_common>
            <accessor count="9" offset="0" source="#meshesP17R-4-tex0-array" stride="2">
              <param name="S" type="float" />
              <param name="T" type="float" />
            </accessor>
          </technique_common>
        </source>
        <vertices id="meshesP17R-4-vertices">
          <input semantic="POSITION" source="#meshesP17R-4-positions" />
        </vertices>
        <polylist count="8" material="defaultMaterial">
          <input offset="0" semantic="VERTEX" source="#meshesP17R-4-vertices" />
          <input offset="0" semantic="TEXCOORD" source="#meshesP17R-4-tex0" set="0" />
          <vcount>3 3 3 3 3 3 3 3 </vcount>
          <p>0 1 2 0 2 3 4 0 3 4 3 5 6 3 2 6 2 7 8 5 3 8 3 6 </p>
        </polylist>
      </mesh>
    </geometry>
  </library_geometries>
  <library_controllers>
  </library_controllers>
  <library_visual_scenes>
    <visual_scene id="ROOT" name="ROOT">
      <node id="nodesP0R" name="nodes[0]" type="NODE">
        <matrix sid="matrix">1 0 0 0.00148067507 0 -1.1920929e-07 0.999999881 -0.0010271077 0 -0.999999881 -1.1920929e-07 -0.254724145 0 0 0 1</matrix>
        <instance_geometry url="#meshesP0R-0">
          <bind_material>
            <technique_common>
              <instance_material symbol="defaultMaterial" target="#material_0">
                <bind_vertex_input semantic="CHANNEL0" input_semantic="TEXCOORD" input_set="0"/>
              </instance_material>
            </technique_common>
          </bind_material>
        </instance_geometry>
        <instance_geometry url="#meshesP0R-1">
          <bind_material>
            <technique_common>
              <instance_material symbol="defaultMaterial" target="#material_1">
                <bind_vertex_input semantic="CHANNEL0" input_semantic="TEXCOORD" input_set="0"/>
              </instance_material>
            </technique_common>
          </bind_material>
        </instance_geometry>
      </node>
      <node id="nodesP1R" name="nodes[1]" type="NODE">
        <matrix sid="matrix">1 0 0 0.00148067507 0 -1.1920929e-07 0.999999881 -0.0010271077 0 -0.999999881 -1.1920929e-07 -0.254724145 0 0 0 1</matrix>
        <instance_geometry url="#meshesP1R-0">
          <bind_material>
            <technique_common>
              <instance_material symbol="defaultMaterial" target="#M_Gravity_Gold_Matte">
              </instance_material>
            </technique_common>
          </bind_material>
        </instance_geometry>
        <instance_geometry url="#meshesP1R-1">
          <bind_material>
            <technique_common>
              <instance_material symbol="defaultMaterial" target="#material_3">
                <bind_vertex_input semantic="CHANNEL0" input_semantic="TEXCOORD" input_set="0"/>
              </instance_material>
            </technique_common>
          </bind_material>
        </instance_geometry>
        <instance_geometry url="#meshesP1R-2">
          <bind_material>
            <technique_common>
              <instance_material symbol="defaultMaterial" target="#material_8">
              </instance_material>
            </technique_common>
          </bind_material>
        </instance_geometry>
      </node>
      <node id="nodesP2R" name="nodes[2]" type="NODE">
        <matrix sid="matrix">1 0 0 0.00148067507 0 -1.1920929e-07 0.999999881 -0.0010271077 0 -0.999999881 -1.1920929e-07 -0.254724145 0 0 0 1</matrix>
        <instance_geometry url="#meshesP2R">
          <bind_material>
            <technique_common>
              <instance_material symbol="defaultMaterial" target="#material_4">
                <bind_vertex_input semantic="CHANNEL0" input_semantic="TEXCOORD" input_set="0"/>
              </instance_material>
            </technique_common>
          </bind_material>
        </instance_geometry>
      </node>
      <node id="nodesP3R" name="nodes[3]" type="NODE">
        <matrix sid="matrix">1 0 0 0.00148067507 0 -1.1920929e-07 0.999999881 -0.0010271077 0 -0.999999881 -1.1920929e-07 -0.254724145 0 0 0 1</matrix>
        <instance_geometry url="#meshesP3R-0">
          <bind_material>
            <technique_common>
              <instance_material symbol="defaultMaterial" target="#material_0">
                <bind_vertex_input semantic="CHANNEL0" input_semantic="TEXCOORD" input_set="0"/>
              </instance_material>
            </technique_common>
          </bind_material>
        </instance_geometry>
        <instance_geometry url="#meshesP3R-1">
          <bind_material>
            <technique_common>
              <instance_material symbol="defaultMaterial" target="#material_1">
                <bind_vertex_input semantic="CHANNEL0" input_semantic="TEXCOORD" input_set="0"/>
              </instance_material>
            </technique_common>
          </bind_material>
        </instance_geometry>
      </node>
      <node id="nodesP4R" name="nodes[4]" type="NODE">
        <matrix sid="matrix">1 0 0 0.00148067507 0 -1.1920929e-07 0.999999881 -0.0010271077 0 -0.999999881 -1.1920929e-07 -0.254724145 0 0 0 1</matrix>
        <instance_geometry url="#meshesP4R-0">
          <bind_material>
            <technique_common>
              <instance_material symbol="defaultMaterial" target="#material_0">
                <bind_vertex_input semantic="CHANNEL0" input_semantic="TEXCOORD" input_set="0"/>
              </instance_material>
            </technique_common>
          </bind_material>
        </instance_geometry>
        <instance_geometry url="#meshesP4R-1">
          <bind_material>
            <technique_common>
              <instance_material symbol="defaultMaterial" target="#material_1">
                <bind_vertex_input semantic="CHANNEL0" input_semantic="TEXCOORD" input_set="0"/>
              </instance_material>
            </technique_common>
          </bind_material>
        </instance_geometry>
      </node>
      <node id="nodesP5R" name="nodes[5]" type="NODE">
        <matrix sid="matrix">1 0 0 0.00148067507 0 -1.1920929e-07 0.999999881 -0.0010271077 0 -0.999999881 -1.1920929e-07 -0.254724145 0 0 0 1</matrix>
        <instance_geometry url="#meshesP5R">
          <bind_material>
            <technique_common>
              <instance_material symbol="defaultMaterial" target="#material_4">
                <bind_vertex_input semantic="CHANNEL0" input_semantic="TEXCOORD" input_set="0"/>
              </instance_material>
            </technique_common>
          </bind_material>
        </instance_geometry>
      </node>
      <node id="nodesP6R" name="nodes[6]" type="NODE">
        <matrix sid="matrix">1 0 0 0.00148067507 0 -1.1920929e-07 0.999999881 -0.0010271077 0 -0.999999881 -1.1920929e-07 -0.254724145 0 0 0 1</matrix>
        <instance_geometry url="#meshesP6R">
          <bind_material>
            <technique_common>
              <instance_material symbol="defaultMaterial" target="#material_4">
                <bind_vertex_input semantic="CHANNEL0" input_semantic="TEXCOORD" input_set="0"/>
              </instance_material>
            </technique_common>
          </bind_material>
        </instance_geometry>
      </node>
      <node id="nodesP7R" name="nodes[7]" type="NODE">
        <matrix sid="matrix">1 0 0 0.00148067507 0 -1.1920929e-07 0.999999881 -0.0010271077 0 -0.999999881 -1.1920929e-07 -0.254724145 0 0 0 1</matrix>
        <instance_geometry url="#meshesP7R-0">
          <bind_material>
            <technique_common>
              <instance_material symbol="defaultMaterial" target="#material_0">
                <bind_vertex_input semantic="CHANNEL0" input_semantic="TEXCOORD" input_set="0"/>
              </instance_material>
            </technique_common>
          </bind_material>
        </instance_geometry>
        <instance_geometry url="#meshesP7R-1">
          <bind_material>
            <technique_common>
              <instance_material symbol="defaultMaterial" target="#material_1">
                <bind_vertex_input semantic="CHANNEL0" input_semantic="TEXCOORD" input_set="0"/>
              </instance_material>
            </technique_common>
          </bind_material>
        </instance_geometry>
      </node>
      <node id="nodesP8R" name="nodes[8]" type="NODE">
        <matrix sid="matrix">1 0 0 0.00148067507 0 -1.1920929e-07 0.999999881 -0.0010271077 0 -0.999999881 -1.1920929e-07 -0.254724145 0 0 0 1</matrix>
        <instance_geometry url="#meshesP8R">
          <bind_material>
            <technique_common>
              <instance_material symbol="defaultMaterial" target="#material_4">
                <bind_vertex_input semantic="CHANNEL0" input_semantic="TEXCOORD" input_set="0"/>
              </instance_material>
            </technique_common>
          </bind_material>
        </instance_geometry>
      </node>
      <node id="nodesP9R" name="nodes[9]" type="NODE">
        <matrix sid="matrix">1 0 0 0.00148067507 0 -1.1920929e-07 0.999999881 -0.0010271077 0 -0.999999881 -1.1920929e-07 -0.254724145 0 0 0 1</matrix>
        <instance_geometry url="#meshesP9R">
          <bind_material>
            <technique_common>
              <instance_material symbol="defaultMaterial" target="#M_Black_Dark">
              </instance_material>
            </technique_common>
          </bind_material>
        </instance_geometry>
      </node>
      <node id="nodesP10R" name="nodes[10]" type="NODE">
        <matrix sid="matrix">1 0 0 0.00148067507 0 -1.1920929e-07 0.999999881 -0.0010271077 0 -0.999999881 -1.1920929e-07 -0.254724145 0 0 0 1</matrix>
        <instance_geometry url="#meshesP10R">
          <bind_material>
            <technique_common>
              <instance_material symbol="defaultMaterial" target="#M_Black_Dark">
              </instance_material>
            </technique_common>
          </bind_material>
        </instance_geometry>
      </node>
      <node id="nodesP11R" name="nodes[11]" type="NODE">
        <matrix sid="matrix">1 0 0 0.00148067507 0 -1.1920929e-07 0.999999881 -0.0010271077 0 -0.999999881 -1.1920929e-07 -0.254724145 0 0 0 1</matrix>
        <instance_geometry url="#meshesP11R">
          <bind_material>
            <technique_common>
              <instance_material symbol="defaultMaterial" target="#M_Black_Dark">
              </instance_material>
            </technique_common>
          </bind_material>
        </instance_geometry>
      </node>
      <node id="nodesP12R" name="nodes[12]" type="NODE">
        <matrix sid="matrix">1 0 0 0.00148067507 0 -1.1920929e-07 0.999999881 -0.0010271077 0 -0.999999881 -1.1920929e-07 -0.254724145 0 0 0 1</matrix>
        <instance_geometry url="#meshesP12R">
          <bind_material>
            <technique_common>
              <instance_material symbol="defaultMaterial" target="#M_Black_Dark">
              </instance_material>
            </technique_common>
          </bind_material>
        </instance_geometry>
      </node>
      <node id="nodesP13R" name="nodes[13]" type="NODE">
        <matrix sid="matrix">1 0 0 0.00148067507 0 -1.1920929e-07 0.999999881 -0.0010271077 0 -0.999999881 -1.1920929e-07 -0.254724145 0 0 0 1</matrix>
        <instance_geometry url="#meshesP13R">
          <bind_material>
            <technique_common>
              <instance_material symbol="defaultMaterial" target="#material_8">
              </instance_material>
            </technique_common>
          </bind_material>
        </instance_geometry>
      </node>
      <node id="nodesP14R" name="nodes[14]" type="NODE">
        <matrix sid="matrix">1 0 0 0.00148067507 0 -1.1920929e-07 0.999999881 -0.0010271077 0 -0.999999881 -1.1920929e-07 -0.254724145 0 0 0 1</matrix>
        <instance_geometry url="#meshesP14R">
          <bind_material>
            <technique_common>
              <instance_material symbol="defaultMaterial" target="#material_8">
              </instance_material>
            </technique_common>
          </bind_material>
        </instance_geometry>
      </node>
      <node id="nodesP15R" name="nodes[15]" type="NODE">
        <matrix sid="matrix">1 0 0 0.00148067507 0 -1.1920929e-07 0.999999881 -0.0010271077 0 -0.999999881 -1.1920929e-07 -0.254724145 0 0 0 1</matrix>
        <instance_geometry url="#meshesP15R">
          <bind_material>
            <technique_common>
              <instance_material symbol="defaultMaterial" target="#material_8">
              </instance_material>
            </technique_common>
          </bind_material>
        </instance_geometry>
      </node>
      <node id="nodesP16R" name="nodes[16]" type="NODE">
        <matrix sid="matrix">1 0 0 0.00148067507 0 -1.1920929e-07 0.999999881 -0.0010271077 0 -0.999999881 -1.1920929e-07 -0.254724145 0 0 0 1</matrix>
        <instance_geometry url="#meshesP16R">
          <bind_material>
            <technique_common>
              <instance_material symbol="defaultMaterial" target="#material_8">
              </instance_material>
            </technique_common>
          </bind_material>
        </instance_geometry>
      </node>
      <node id="nodesP17R" name="nodes[17]" type="NODE">
        <matrix sid="matrix">1 0 0 0.00148067507 0 -1.1920929e-07 0.999999881 -0.0010271077 0 -0.999999881 -1.1920929e-07 -0.254724145 0 0 0 1</matrix>
        <instance_geometry url="#meshesP17R-0">
          <bind_material>
            <technique_common>
              <instance_material symbol="defaultMaterial" target="#material_4">
                <bind_vertex_input semantic="CHANNEL0" input_semantic="TEXCOORD" input_set="0"/>
              </instance_material>
            </technique_common>
          </bind_material>
        </instance_geometry>
        <instance_geometry url="#meshesP17R-1">
          <bind_material>
            <technique_common>
              <instance_material symbol="defaultMaterial" target="#material_8">
              </instance_material>
            </technique_common>
          </bind_material>
        </instance_geometry>
        <instance_geometry url="#meshesP17R-2">
          <bind_material>
            <technique_common>
              <instance_material symbol="defaultMaterial" target="#material_6">
                <bind_vertex_input semantic="CHANNEL0" input_semantic="TEXCOORD" input_set="0"/>
              </instance_material>
            </technique_common>
          </bind_material>
        </instance_geometry>
        <instance_geometry url="#meshesP17R-3">
          <bind_material>
            <technique_common>
              <instance_material symbol="defaultMaterial" target="#material_6">
                <bind_vertex_input semantic="CHANNEL0" input_semantic="TEXCOORD" input_set="0"/>
              </instance_material>
            </technique_common>
          </bind_material>
        </instance_geometry>
        <instance_geometry url="#meshesP17R-4">
          <bind_material>
            <technique_common>
              <instance_material symbol="defaultMaterial" target="#material_7">
                <bind_vertex_input semantic="CHANNEL0" input_semantic="TEXCOORD" input_set="0"/>
              </instance_material>
            </technique_common>
          </bind_material>
        </instance_geometry>
      </node>
    </visual_scene>
  </library_visual_scenes>
  <scene>
    <instance_visual_scene url="#ROOT" />
  </scene>
</COLLADA>
