speed_kph,command_kind,command_percent,status,valid_trial_count,attempted_trial_count,median_acceleration_mps2,median_simulator_acceleration_mps2,acceleration_source,median_stddev_mps2,median_mad_mps2,median_velocity_derived_acceleration_mps2,median_cross_check_disagreement_mps2,median_peak_abs_jerk_mps3,median_mean_deceleration_mps2,mean_deceleration_repeatability_mad_mps2,median_peak_deceleration_mps2,median_p95_deceleration_mps2,median_command_echo_delay_sec,median_deceleration_onset_delay_sec,median_initial_speed_mps,median_final_speed_mps,median_speed_drop_mps,median_distance_travelled_m,median_measurement_duration_sec,median_sample_rate_hz,median_mean_brake_echo_error,quality_flags,coast_baseline_deceleration_mps2,coast_normalized_brake_deceleration_mps2
0,accelerator,0,complete,3,3,0.0,0.0,simulator_field,0.0,0.0,-1.7993538822118718e-07,1.7993538822118718e-07,0.0,0.0,0.0,0.0,0.0,,,0.00011536708188941702,0.00011537549289641902,-8.41100700199604e-09,0.0,1.348438039975008,48.288325831095044,,['stationary_command_check'],,
0,accelerator,10,complete,3,3,0.5312076928812476,0.0,velocity_derived,0.0,0.0,0.5312076928812476,0.5312076928812476,0.0,0.0,0.0,0.0,0.0,,,0.00032762892078608274,0.7330994606018066,-0.7329840924794553,0.0,1.3198471330106258,49.261041440929226,,"['simulator_acceleration_field_stuck', 'stationary_command_check']",,
0,accelerator,20,complete,3,3,1.0600022864744518,0.0,velocity_derived,0.0,0.0,1.0600022864744518,1.0600022864744518,0.0,0.0,0.0,0.0,0.0,,,0.0003186679969076067,1.4872941970825195,-1.486975529085612,0.0,1.3462404849997256,49.31992814635663,,"['simulator_acceleration_field_stuck', 'stationary_command_check']",,
0,accelerator,30,complete,3,3,1.5945986857882164,0.0,velocity_derived,0.0,0.0,1.5945986857882164,1.5945986857882164,0.0,0.0,0.0,0.0,0.0,,,0.0006424125167541206,2.23069429397583,-2.2300058323307894,0.0,1.3338187949848361,48.73225676861074,,"['simulator_acceleration_field_stuck', 'stationary_command_check']",,
0,accelerator,40,complete,3,3,2.1231364024729023,0.0,velocity_derived,0.0,0.0,2.1231364024729023,2.1231364024729023,0.0,0.0,0.0,0.0,0.0,,,0.0006518516456708312,2.97477388381958,-2.974119087739382,0.0,1.349828770995373,48.28165443299109,,"['simulator_acceleration_field_stuck', 'stationary_command_check']",,
0,accelerator,50,complete,3,3,2.6546164981216647,0.0,velocity_derived,0.0,0.0,2.6546164981216647,2.6546164981216647,0.0,0.0,0.0,0.0,0.0,,,0.00030286077526398003,3.718261241912842,-3.717614221619442,0.0,1.34601897597895,48.78375025745316,,"['simulator_acceleration_field_stuck', 'stationary_command_check']",,
0,accelerator,60,complete,3,3,3.18635249108042,0.0,velocity_derived,0.0,0.0,3.18635249108042,3.18635249108042,0.0,0.0,0.0,1.5011372800744094e-05,0.0,,,0.0006628271657973528,4.460233688354492,-4.459492183057591,0.0,1.3419170310080517,48.27180538825806,,"['simulator_acceleration_field_stuck', 'stationary_command_check']",,
0,accelerator,70,complete,3,3,3.688050261708629,0.0,velocity_derived,0.0,0.0,3.688050261708629,3.688050261708629,0.0,0.0,0.0,0.0,0.0,,,0.0004951125010848045,5.139760494232178,-5.13955275680928,0.0,1.3522423740068916,48.80781823485709,,"['simulator_acceleration_field_stuck', 'stationary_command_check']",,
0,accelerator,80,complete,3,3,4.132712620765979,0.0,velocity_derived,0.0,0.0,4.132712620765979,4.132712620765979,0.0,0.0,0.0,0.0,0.0,,,0.0007888831314630806,5.6889448165893555,-5.688711024340591,0.0,1.3401152189762797,49.24949665926316,,"['simulator_acceleration_field_stuck', 'stationary_command_check']",,
0,accelerator,90,complete,3,3,4.490236993361441,0.0,velocity_derived,0.0,0.0,4.490236993361441,4.490236993361441,0.0,0.0,0.0,0.0,0.0,,,0.000594313140027225,6.202625751495361,-6.202031438355334,0.0,1.3421572519873735,48.742610652814385,,"['simulator_acceleration_field_stuck', 'stationary_command_check']",,
0,accelerator,100,complete,3,3,4.827927097948749,0.0,velocity_derived,0.0,0.0,4.827927097948749,4.827927097948749,0.0,0.0,0.0,0.0,0.0,,,0.00047149983583949506,6.781975746154785,-6.730189435184002,0.0,1.3584142609906849,48.586062363528576,,"['simulator_acceleration_field_stuck', 'stationary_command_check']",,
5,accelerator,0,complete,3,3,0.0,0.0,simulator_field,0.0,0.0,-0.041434925075005825,0.041434925075005825,0.0,0.0,0.0,0.0,0.0,,,1.3716211318969727,1.314194917678833,0.05742621421813965,0.0,1.3502104530052748,48.73408341173028,,[],,
5,accelerator,10,complete,3,3,0.5178858879098637,0.0,velocity_derived,0.0,0.0,0.5178858879098637,0.5178858879098637,0.0,0.0,0.0,0.0,0.0,,,1.376626968383789,2.102174997329712,-0.7250480651855469,0.0,1.3359999060048722,48.89496189663283,,['simulator_acceleration_field_stuck'],,
5,accelerator,20,complete,3,3,1.0500362527096432,0.0,velocity_derived,0.0,0.0,1.0500362527096432,1.0500362527096432,0.0,0.0,0.0,0.0,0.0,,,1.3755536079406738,2.859255313873291,-1.4897873401641846,0.0,1.3520546559884679,48.853714555552386,,['simulator_acceleration_field_stuck'],,
5,accelerator,30,complete,3,3,1.5822622850199788,0.0,velocity_derived,0.0,0.0,1.5822622850199788,1.5822622850199788,0.0,0.0,0.0,0.0,0.0,,,1.3700053691864014,3.5520389080047607,-2.1818184852600098,0.0,1.326175754016731,48.259063556362214,,['simulator_acceleration_field_stuck'],,
5,accelerator,40,complete,3,3,2.1083704928715212,0.0,velocity_derived,0.0,0.0,2.1083704928715212,2.1083704928715212,0.0,0.0,0.0,0.0,0.0,,,1.3630867004394531,4.319249153137207,-2.9572806358337402,0.0,1.3418346169928554,49.03836039022455,,['simulator_acceleration_field_stuck'],,
5,accelerator,50,complete,3,3,2.6329609804294924,0.0,velocity_derived,0.0,0.0,2.6329609804294924,2.6329609804294924,0.0,0.0,0.0,1.4877008382965403e-05,0.0,,,1.369247317314148,5.074645042419434,-3.6910263299942017,0.0,1.3480733619944658,48.95875985736669,,['simulator_acceleration_field_stuck'],,
5,accelerator,60,complete,3,3,3.111095228404439,0.0,velocity_derived,0.0,0.0,3.111095228404439,3.111095228404439,0.0,0.0,0.0,0.0,0.0,,,1.3828380107879639,5.728958606719971,-4.346619606018066,0.0,1.3440009730111342,49.107107305236475,,['simulator_acceleration_field_stuck'],,
5,accelerator,70,complete,3,3,3.4624345443259332,0.0,velocity_derived,0.0,0.0,3.4624345443259332,3.4624345443259332,0.0,0.0,0.0,0.0,0.0,,,1.390756607055664,6.140380859375,-4.747929096221924,0.0,1.3459342920104973,48.53571556928798,,['simulator_acceleration_field_stuck'],,
5,accelerator,80,complete,3,3,3.758279264182097,0.0,velocity_derived,0.0,0.0,3.758279264182097,3.758279264182097,0.0,0.0,0.0,9.01334769297716e-05,0.0,,,1.3874045610427856,6.53739070892334,-5.150089740753174,0.0,1.3581747389980592,48.59463079742518,,['simulator_acceleration_field_stuck'],,
5,accelerator,90,complete,3,3,4.084698376323469,0.0,velocity_derived,0.0,0.0,4.084698376323469,4.084698376323469,0.0,0.0,0.0,0.0,0.0,,,1.3802930116653442,7.040258884429932,-5.659965872764587,0.0,1.3301839159976225,48.86542320822662,,['simulator_acceleration_field_stuck'],,
5,accelerator,100,complete,3,3,4.422133433118548,0.0,velocity_derived,0.0,0.0,4.422133433118548,4.422133433118548,0.0,0.0,0.0,0.0,0.0,,,1.3781049251556396,7.639737129211426,-6.254817962646484,0.0,1.3440659900079481,48.40030580023108,,['simulator_acceleration_field_stuck'],,
10,accelerator,0,complete,3,3,-0.1263052694178985,0.0,velocity_derived,0.0,0.0,-0.1263052694178985,0.1263052694178985,0.0,0.1263052694178985,0.0006499192270936482,0.21768383745314165,0.19072003892147169,,,2.758133888244629,2.586028575897217,0.17548584938049316,0.0,1.344247050001286,48.14184991076207,,['simulator_acceleration_field_stuck'],,
10,accelerator,10,complete,3,3,0.5046032436998478,0.0,velocity_derived,0.0,0.0,0.5046032436998478,0.5046032436998478,0.0,0.0,0.0,0.0,0.0,,,2.7577574253082275,3.464808225631714,-0.7070508003234863,0.0,1.320360009005526,48.471628619079254,,['simulator_acceleration_field_stuck'],,
10,accelerator,20,complete,3,3,1.0345706971684907,0.0,velocity_derived,0.0,0.0,1.0345706971684907,1.0345706971684907,0.0,0.0,0.0,0.0,0.0,,,2.757065773010254,4.20754337310791,-1.4499945640563965,0.0,1.3323573620000388,48.93239868402636,,['simulator_acceleration_field_stuck'],,
10,accelerator,30,complete,3,3,1.567537016824948,0.0,velocity_derived,0.0,0.0,1.567537016824948,1.567537016824948,0.0,0.0,0.0,0.0,0.0,,,2.7494778633117676,4.9438300132751465,-2.1944222450256348,0.0,1.3438613609760068,48.65322746554061,,['simulator_acceleration_field_stuck'],,
10,accelerator,40,complete,3,3,2.0835706880764646,0.0,velocity_derived,0.0,0.0,2.0835706880764646,2.0835706880764646,0.0,0.0,0.0,0.0,0.0,,,2.7507786750793457,5.658745288848877,-2.90742826461792,0.0,1.3417975830088835,48.659186925482224,,['simulator_acceleration_field_stuck'],,
10,accelerator,50,complete,3,3,2.4710825110267054,0.0,velocity_derived,0.0,0.0,2.4710825110267054,2.4710825110267054,0.0,0.0,0.0,0.0,0.0,,,2.7440600395202637,6.090460300445557,-3.349008560180664,0.0,1.3443208840035368,48.8117598364086,,['simulator_acceleration_field_stuck'],,
10,accelerator,60,complete,3,3,2.6853717168585534,0.0,velocity_derived,0.0,0.0,2.6853717168585534,2.6853717168585534,0.0,0.0,0.0,0.0,0.0,,,2.757051467895508,6.490704536437988,-3.7261433601379395,0.0,1.3493543899967335,48.60035065834053,,['simulator_acceleration_field_stuck'],,
10,accelerator,70,complete,3,3,2.8881390941334764,0.0,velocity_derived,0.0,0.0,2.8881390941334764,2.8881390941334764,0.0,0.0,0.0,0.0,0.0,,,2.7723584175109863,6.807379722595215,-4.0350213050842285,0.0,1.3578120949969161,47.87113050436307,,['simulator_acceleration_field_stuck'],,
10,accelerator,80,complete,3,3,3.1640814538531945,0.0,velocity_derived,0.0,0.0,3.1640814538531945,3.1640814538531945,0.0,0.0,0.0,0.0,0.0,,,2.7723898887634277,7.297404766082764,-4.518235683441162,0.0,1.341693636000855,48.44623113346763,,['simulator_acceleration_field_stuck'],,
10,accelerator,90,complete,3,3,3.6248561928116807,0.0,velocity_derived,0.0,0.0,3.6248561928116807,3.6248561928116807,0.0,0.0,0.0,0.0004035807625795211,0.0,,,2.7752652168273926,8.064570426940918,-5.289305210113525,0.0,1.3419582089991309,48.642038108521156,,['simulator_acceleration_field_stuck'],,
10,accelerator,100,complete,3,3,4.003169592263502,0.0,velocity_derived,0.0,0.0,4.003169592263502,4.003169592263502,0.0,0.0,0.0,0.0,0.0,,,2.7670698165893555,8.561038970947266,-5.79396915435791,0.0,1.3542471099935938,48.735566436107966,,['simulator_acceleration_field_stuck'],,
15,accelerator,0,complete,3,3,-0.23647092079201365,0.0,velocity_derived,0.0,0.0,-0.23647092079201365,0.23647092079201365,0.0,0.23647092079201365,0.0013006720788645842,0.4379032095681381,0.3964185043484766,,,4.165661811828613,3.832597494125366,0.33408308029174805,0.0,1.3519393210008275,48.81875907798942,,['simulator_acceleration_field_stuck'],,
15,accelerator,10,complete,3,3,0.4900526631286033,0.0,velocity_derived,0.0,0.0,0.4900526631286033,0.4900526631286033,0.0,0.0,0.0,0.0,0.0,,,4.136147499084473,4.832832336425781,-0.6891727447509766,0.0,1.3402700290025678,48.52012712812859,,['simulator_acceleration_field_stuck'],,
15,accelerator,20,complete,3,3,1.0219409881290091,0.0,velocity_derived,0.0,0.0,1.0219409881290091,1.0219409881290091,0.0,0.0,0.0,0.0,0.0,,,4.1355743408203125,5.546885967254639,-1.4109292030334473,0.0,1.3342013990040869,49.32973716703795,,['simulator_acceleration_field_stuck'],,
15,accelerator,30,complete,3,3,1.490384705020031,0.0,velocity_derived,0.0,0.0,1.490384705020031,1.490384705020031,0.0,0.0,0.0,2.98617285321584e-05,0.0,,,4.12733793258667,6.164637088775635,-2.0388717651367188,0.0,1.3481730010244064,48.81932305273002,,['simulator_acceleration_field_stuck'],,
15,accelerator,40,complete,3,3,1.7189874898110808,0.0,velocity_derived,0.0,0.0,1.7189874898110808,1.7189874898110808,0.0,0.0,0.0,3.02441554701698e-05,0.0,,,4.125674247741699,6.466431140899658,-2.339216709136963,0.0,1.3260733740171418,49.24730773094763,,['simulator_acceleration_field_stuck'],,
15,accelerator,50,complete,3,3,1.8498352182527538,0.0,velocity_derived,0.0,0.0,1.8498352182527538,1.8498352182527538,0.0,0.0,0.0,0.0,0.0,,,4.127809524536133,6.827517032623291,-2.700024127960205,0.0,1.3495300070208032,49.10033161046438,,['simulator_acceleration_field_stuck'],,
15,accelerator,60,complete,3,3,2.0083625794781566,0.0,velocity_derived,0.0,0.0,2.0083625794781566,2.0083625794781566,0.0,0.0,0.0,0.0,0.0,,,4.123971939086914,7.116832256317139,-2.9943203926086426,0.0,1.3360609149967786,48.65047638951157,,['simulator_acceleration_field_stuck'],,
15,accelerator,70,complete,3,3,2.2478692348750857,0.0,velocity_derived,0.0,0.0,2.2478692348750857,2.2478692348750857,0.0,0.0,0.0,0.0,0.0,,,4.1422929763793945,7.479470252990723,-3.3444647789001465,0.0,1.3438140849757474,48.51146376025304,,['simulator_acceleration_field_stuck'],,
15,accelerator,80,complete,3,3,2.66783753670449,0.0,velocity_derived,0.0,0.0,2.66783753670449,2.66783753670449,0.0,0.0,0.0,0.0,0.0,,,4.149143218994141,8.092554092407227,-3.9534597396850586,0.0,1.3381882480171043,48.573136175956904,,['simulator_acceleration_field_stuck'],,
15,accelerator,90,complete,3,3,3.2554069710956703,0.0,velocity_derived,0.0,0.0,3.2554069710956703,3.2554069710956703,0.0,0.0,0.0,0.0,0.0,,,4.150598049163818,8.985567092895508,-4.834490776062012,0.0,1.3555689380154945,48.53285374323682,,['simulator_acceleration_field_stuck'],,
15,accelerator,100,complete,3,3,3.6880078439109916,0.0,velocity_derived,0.0,0.0,3.6880078439109916,3.6880078439109916,0.0,0.0,0.0,0.0,0.0,,,4.137784481048584,9.495355606079102,-5.354623317718506,0.0,1.3481518090120517,48.8863601601056,,['simulator_acceleration_field_stuck'],,
20,accelerator,0,complete,3,3,-0.3502929785345468,0.0,velocity_derived,0.0,0.0,-0.3502929785345468,0.3502929785345468,0.0,0.3502929785345468,0.0007082606539291492,0.6143013802320876,0.5617442442606566,,,5.514152526855469,5.0269951820373535,0.49455928802490234,0.0,1.3223232540185563,48.40772800588751,,['simulator_acceleration_field_stuck'],,
20,accelerator,10,complete,3,3,0.4749194857426035,0.0,velocity_derived,0.0,0.0,0.4749194857426035,0.4749194857426035,0.0,0.0,0.0,0.0,0.0,,,5.514416217803955,6.176232814788818,-0.6611237525939941,0.0,1.346307842002716,48.28019118072468,,['simulator_acceleration_field_stuck'],,
20,accelerator,20,complete,3,3,0.6987690120557422,0.0,velocity_derived,0.0,0.0,0.6987690120557422,0.6987690120557422,0.0,0.0,0.0,0.0,0.0,,,5.510892391204834,6.517508506774902,-1.0043058395385742,0.0,1.3439898010110483,48.736184848329195,,['simulator_acceleration_field_stuck'],,
20,accelerator,30,complete,3,3,0.859619499753386,0.0,velocity_derived,0.0,0.0,0.859619499753386,0.859619499753386,0.0,0.0,0.0,0.0,0.0,,,5.514944553375244,6.8352131843566895,-1.3202686309814453,0.0,1.341896258003544,47.64956746403458,,['simulator_acceleration_field_stuck'],,
20,accelerator,40,complete,3,3,1.0866569130242458,0.0,velocity_derived,0.0,0.0,1.0866569130242458,1.0866569130242458,0.0,0.0,0.0,0.0,0.0,,,5.5140862464904785,7.15416955947876,-1.6400833129882812,0.0,1.3294842769973911,48.8911385599843,,['simulator_acceleration_field_stuck'],,
20,accelerator,50,complete,3,3,1.3325868742873486,0.0,velocity_derived,0.0,0.0,1.3325868742873486,1.3325868742873486,0.0,0.0,0.0,0.0,0.0,,,5.509512901306152,7.4558892250061035,-1.9463763236999512,0.0,1.3444744709995575,48.34602768743937,,['simulator_acceleration_field_stuck'],,
20,accelerator,60,complete,3,3,1.5764890932820483,0.0,velocity_derived,0.0,0.0,1.5764890932820483,1.5764890932820483,0.0,0.0,0.0,0.0,0.0,,,5.510825157165527,7.823315143585205,-2.3137922286987305,0.0,1.346333041001344,48.453855387770474,,['simulator_acceleration_field_stuck'],,
20,accelerator,70,complete,3,3,1.8848113710538252,0.0,velocity_derived,0.0,0.0,1.8848113710538252,1.8848113710538252,0.0,0.0,0.0,0.0,0.0,,,5.49885892868042,8.267491340637207,-2.762939453125,0.0,1.3442576050001662,49.09773227579534,,['simulator_acceleration_field_stuck'],,
20,accelerator,80,complete,3,3,2.405905966282463,0.0,velocity_derived,0.0,0.0,2.405905966282463,2.405905966282463,0.0,0.0,0.0,0.0,0.0,,,5.517404556274414,8.94216251373291,-3.4234657287597656,0.0,1.3400923570152372,48.50411963006288,,['simulator_acceleration_field_stuck'],,
20,accelerator,90,complete,3,3,3.122742436826518,0.0,velocity_derived,0.0,0.0,3.122742436826518,3.122742436826518,0.0,0.0,0.0,0.0,0.0,,,5.526462078094482,9.898150444030762,-4.3709397315979,0.0,1.3459064879862126,48.739201378548024,,['simulator_acceleration_field_stuck'],,
20,accelerator,100,complete,3,3,3.5940372448314615,0.0,velocity_derived,0.0,0.0,3.5940372448314615,3.5940372448314615,0.0,0.0,0.0,0.0,0.0,,,5.525359153747559,10.534547805786133,-5.010522365570068,0.0,1.3561298650165554,48.51198787821195,,['simulator_acceleration_field_stuck'],,
25,accelerator,0,complete,3,3,-0.2720987645682367,0.0,velocity_derived,0.0,0.0,-0.2720987645682367,0.2720987645682367,0.0,0.2720987645682367,0.0010146734999142981,0.4961139803210076,0.4421030786501853,,,6.908973217010498,6.530196189880371,0.37877702713012695,0.0,1.3518504539970309,48.82196829157921,,['simulator_acceleration_field_stuck'],,
25,accelerator,10,complete,3,3,0.19848749887244663,0.0,velocity_derived,0.0,0.0,0.19848749887244663,0.19848749887244663,0.0,0.0,0.0,0.0,0.0,,,6.890134811401367,7.172750949859619,-0.28261613845825195,0.0,1.3537506080174353,48.182980143701606,,['simulator_acceleration_field_stuck'],,
25,accelerator,20,complete,3,3,0.46262372646073807,0.0,velocity_derived,0.0,0.0,0.46262372646073807,0.46262372646073807,0.0,0.0,0.0,0.0,0.0,,,6.884828090667725,7.535813808441162,-0.6509857177734375,0.0,1.3359703000169247,48.65377620982783,,['simulator_acceleration_field_stuck'],,
25,accelerator,30,complete,3,3,0.7286680722979736,0.0,velocity_derived,0.0,0.0,0.7286680722979736,0.7286680722979736,0.0,0.0,0.0,0.0,0.0,,,6.879644393920898,7.902468204498291,-1.0229015350341797,0.0,1.3541491799987853,48.59425976874179,,['simulator_acceleration_field_stuck'],,
25,accelerator,40,complete,3,3,0.9943705669962897,0.0,velocity_derived,0.0,0.0,0.9943705669962897,0.9943705669962897,0.0,0.0,0.0,0.0,0.0,,,6.879629135131836,8.27353572845459,-1.395268440246582,0.0,1.35218041902408,48.302768391595855,,['simulator_acceleration_field_stuck'],,
25,accelerator,50,complete,3,3,1.2589885196291157,0.0,velocity_derived,0.0,0.0,1.2589885196291157,1.2589885196291157,0.0,0.0,0.0,6.674635925579308e-05,0.0,,,6.870248794555664,8.637922286987305,-1.7676734924316406,0.0,1.3378490449977107,48.756726053474395,,['simulator_acceleration_field_stuck'],,
25,accelerator,60,complete,3,3,1.5248879615310518,0.0,velocity_derived,0.0,0.0,1.5248879615310518,1.5248879615310518,0.0,0.0,0.0,2.6761276315568106e-05,0.0,,,6.873706817626953,9.013916015625,-2.140191078186035,0.0,1.3382832950155716,49.690555809575585,,['simulator_acceleration_field_stuck'],,
25,accelerator,70,complete,3,3,1.8352575601625714,0.0,velocity_derived,0.0,0.0,1.8352575601625714,1.8352575601625714,0.0,0.0,0.0,0.0,0.0,,,6.872582912445068,9.438536643981934,-2.5733141899108887,0.0,1.33212290899246,48.794296353001094,,['simulator_acceleration_field_stuck'],,
25,accelerator,80,complete,3,3,2.364979854904797,0.0,velocity_derived,0.0,0.0,2.364979854904797,2.364979854904797,0.0,0.0,0.0,0.00018025757216165605,0.0,,,6.848996162414551,10.165719985961914,-3.3178634643554688,0.0,1.3421720469777938,48.11956336507814,,['simulator_acceleration_field_stuck'],,
25,accelerator,90,complete,3,3,3.097289040698697,0.0,velocity_derived,0.0,0.0,3.097289040698697,3.097289040698697,0.0,0.0,0.0,0.00040952258560551395,0.0,,,6.8464179039001465,11.112062454223633,-4.265644550323486,0.0,1.3422349570028018,48.13837983676181,,['simulator_acceleration_field_stuck'],,
25,accelerator,100,complete,3,3,3.5640774463079685,0.0,velocity_derived,0.0,0.0,3.5640774463079685,3.5640774463079685,0.0,0.0,0.0,0.00017883031982062858,0.0,,,6.894933223724365,11.844083786010742,-4.960389614105225,0.0,1.3459044150076807,49.78065251358704,,['simulator_acceleration_field_stuck'],,
30,accelerator,0,complete,3,3,-0.32258181358878585,0.0,velocity_derived,0.0,0.0,-0.32258181358878585,0.32258181358878585,0.0,0.32258181358878585,0.0009837388809128544,0.581157437101907,0.5276466094949365,,,8.307308197021484,7.863286972045898,0.4477057456970215,0.0,1.3328512820007745,49.517902628210585,,['simulator_acceleration_field_stuck'],,
30,accelerator,10,complete,3,3,0.18456086182890785,0.0,velocity_derived,0.0,0.0,0.18456086182890785,0.18456086182890785,0.0,0.0,0.0,0.0,0.0,,,8.263161659240723,8.523526191711426,-0.2603645324707031,0.0,1.3454649719933514,49.053673914839116,,['simulator_acceleration_field_stuck'],,
30,accelerator,20,complete,3,3,0.4494158715203734,0.0,velocity_derived,0.0,0.0,0.4494158715203734,0.4494158715203734,0.0,0.0,0.0,0.0,0.0,,,8.259498596191406,8.892047882080078,-0.6325492858886719,0.0,1.350233200006187,48.88044524434563,,['simulator_acceleration_field_stuck'],,
30,accelerator,30,complete,3,3,0.7167616115596588,0.0,velocity_derived,0.0,0.0,0.7167616115596588,0.7167616115596588,0.0,0.0,0.0,0.0,0.0,,,8.255695343017578,9.260459899902344,-1.0047950744628906,0.0,1.347868546989048,48.96619937265758,,['simulator_acceleration_field_stuck'],,
30,accelerator,40,complete,3,3,0.9828765178572776,0.0,velocity_derived,0.0,0.0,0.9828765178572776,0.9828765178572776,0.0,0.0,0.0,0.0,0.0,,,8.250618934631348,9.63214111328125,-1.3770856857299805,0.0,1.3341816029860638,49.60518599059872,,['simulator_acceleration_field_stuck'],,
30,accelerator,50,complete,3,3,1.2474581302965035,0.0,velocity_derived,0.0,0.0,1.2474581302965035,1.2474581302965035,0.0,0.0,0.0,6.012554620658685e-05,0.0,,,8.248954772949219,9.998024940490723,-1.7486371994018555,0.0,1.33573126400006,49.411136640129605,,['simulator_acceleration_field_stuck'],,
30,accelerator,60,complete,3,3,1.5148989008832177,0.0,velocity_derived,0.0,0.0,1.5148989008832177,1.5148989008832177,0.0,0.0,0.0,6.0500333288190103e-05,0.0,,,8.249004364013672,10.369994163513184,-2.1209897994995117,0.0,1.3281192870053928,48.415000787211,,['simulator_acceleration_field_stuck'],,
30,accelerator,70,complete,3,3,1.8247703273065794,0.0,velocity_derived,0.0,0.0,1.8247703273065794,1.8247703273065794,0.0,0.0,0.0,0.00021217322820668309,0.0,,,8.247015953063965,10.79827880859375,-2.5533018112182617,0.0,1.35068342401064,48.986054422817574,,['simulator_acceleration_field_stuck'],,
30,accelerator,80,complete,3,3,2.3434951915971736,0.0,velocity_derived,0.0,0.0,2.3434951915971736,2.3434951915971736,0.0,0.0,0.0,0.00023804358610533965,0.0,,,8.230688095092773,11.531370162963867,-3.3006820678710938,0.0,1.3478471870184876,48.56825564480606,,['simulator_acceleration_field_stuck'],,
30,accelerator,90,complete,3,3,3.088646752328123,0.0,velocity_derived,0.0,0.0,3.088646752328123,3.088646752328123,0.0,0.0,0.0,0.00011982531153159426,0.0,,,8.225326538085938,12.409029006958008,-4.188426971435547,0.0,1.34007676600595,48.504683947122025,,['simulator_acceleration_field_stuck'],,
30,accelerator,100,complete,3,3,3.558017657442355,0.0,velocity_derived,0.0,0.0,3.558017657442355,3.558017657442355,0.0,0.0,0.0,0.0006026521557561706,0.0,,,8.23404312133789,13.204205513000488,-4.942339897155762,0.0,1.3459360929846298,49.61021079628875,,['simulator_acceleration_field_stuck'],,
35,accelerator,0,complete,3,3,-0.3581690837441007,0.0,velocity_derived,0.0,0.0,-0.3581690837441007,0.3581690837441007,0.0,0.3581690837441007,6.590566894504324e-05,0.6384490051147844,0.5556049620974218,,,9.701032638549805,9.206257820129395,0.49477481842041016,0.0,1.3419490679807495,48.65789077843241,,['simulator_acceleration_field_stuck'],,
35,accelerator,10,complete,3,3,0.1737398906631885,0.0,velocity_derived,0.0,0.0,0.1737398906631885,0.1737398906631885,0.0,0.0,0.0,5.95160885747607e-05,0.0,,,9.644166946411133,9.883069038391113,-0.24493026733398438,0.0,1.3342955749831162,49.323753269784696,,['simulator_acceleration_field_stuck'],,
35,accelerator,20,complete,3,3,0.43691300176631914,0.0,velocity_derived,0.0,0.0,0.43691300176631914,0.43691300176631914,0.0,0.0,0.0,0.0,0.0,,,9.641153335571289,10.254780769348145,-0.6136274337768555,0.0,1.3302112840174232,49.16643054934597,,['simulator_acceleration_field_stuck'],,
35,accelerator,30,complete,3,3,0.7006227100982079,0.0,velocity_derived,0.0,0.0,0.7006227100982079,0.7006227100982079,0.0,0.0,0.0,0.0,0.0,,,9.636922836303711,10.622759819030762,-0.9860515594482422,0.0,1.3459980049810838,48.60449080023901,,['simulator_acceleration_field_stuck'],,
35,accelerator,40,complete,3,3,0.9696455039736779,0.0,velocity_derived,0.0,0.0,0.9696455039736779,0.9696455039736779,0.0,0.0,0.0,0.0,0.0,,,9.637590408325195,10.995352745056152,-1.3582983016967773,0.0,1.3500992220069747,48.40895340466579,,['simulator_acceleration_field_stuck'],,
35,accelerator,50,complete,3,3,1.2331936252040716,0.0,velocity_derived,0.0,0.0,1.2331936252040716,1.2331936252040716,0.0,0.0,0.0,0.0,0.0,,,9.630786895751953,11.336453437805176,-1.7056665420532227,0.0,1.3343514049774967,47.96337738414517,,['simulator_acceleration_field_stuck'],,
35,accelerator,60,complete,3,3,1.4964891410572152,0.0,velocity_derived,0.0,0.0,1.4964891410572152,1.4964891410572152,0.0,0.0,0.0,5.9865704169084686e-05,0.0,,,9.628829002380371,11.722728729248047,-2.102871894836426,0.0,1.3346696560038254,49.69720675064288,,['simulator_acceleration_field_stuck'],,
35,accelerator,70,complete,3,3,1.8130480856178144,0.0,velocity_derived,0.0,0.0,1.8130480856178144,1.8130480856178144,0.0,0.0,0.0,0.00011997597361035315,0.0,,,9.617890357971191,12.15070629119873,-2.535092353820801,0.0,1.3476193379901815,48.93093065032792,,['simulator_acceleration_field_stuck'],,
35,accelerator,80,complete,3,3,2.3366733466729857,0.0,velocity_derived,0.0,0.0,2.3366733466729857,2.3366733466729857,0.0,0.0,0.0,0.00024003807073539487,0.0,,,9.61557674407959,12.855748176574707,-3.2385644912719727,0.0,1.362444589001825,48.563869294539884,,['simulator_acceleration_field_stuck'],,
35,accelerator,90,complete,3,3,3.087583729210182,0.0,velocity_derived,0.0,0.0,3.087583729210182,3.087583729210182,0.0,0.0,0.0,0.0004789534740889256,0.0,,,9.604785919189453,13.836604118347168,-4.229315757751465,0.0,1.3318943140038755,49.5534813130886,,['simulator_acceleration_field_stuck'],,
35,accelerator,100,complete,3,3,3.5329808232656483,0.0,velocity_derived,0.0,0.0,3.5329808232656483,3.5329808232656483,0.0,0.0,0.0,0.0006549773669856788,4.845284106885149e-05,,,9.642423629760742,14.545735359191895,-4.92185115814209,0.0,1.3439318940218072,48.938470148225285,,['simulator_acceleration_field_stuck'],,
40,accelerator,0,complete,3,3,-0.3708478976088604,0.0,velocity_derived,0.0,0.0,-0.3708478976088604,0.3708478976088604,0.0,0.3708478976088604,0.0006494657750866772,0.6223033809224355,0.6132462952424766,,,11.085025787353516,10.578224182128906,0.5141592025756836,0.0,1.3419778179959394,48.435971987278165,,['simulator_acceleration_field_stuck'],,
40,accelerator,10,complete,3,3,0.16011276571350583,0.0,velocity_derived,0.0,0.0,0.16011276571350583,0.16011276571350583,0.0,0.0,0.0,0.0,0.0,,,11.023611068725586,11.252243041992188,-0.22863197326660156,0.0,1.331864341016626,48.05294205200218,,['simulator_acceleration_field_stuck'],,
40,accelerator,20,complete,3,3,0.422552669025252,0.0,velocity_derived,0.0,0.0,0.422552669025252,0.422552669025252,0.0,0.0,0.0,0.0,0.0,,,11.024600982666016,11.627671241760254,-0.6030702590942383,0.0,1.3318373679940123,49.38703576869187,,['simulator_acceleration_field_stuck'],,
40,accelerator,30,complete,3,3,0.6892790467358084,0.0,velocity_derived,0.0,0.0,0.6892790467358084,0.6892790467358084,0.0,0.0,0.0,0.0,0.0,,,11.014825820922852,11.968358993530273,-0.9536647796630859,0.0,1.3281681700027548,49.04968961347242,,['simulator_acceleration_field_stuck'],,
40,accelerator,40,complete,3,3,0.9540215958001977,0.0,velocity_derived,0.0,0.0,0.9540215958001977,0.9540215958001977,0.0,0.0,0.0,0.0,0.0,,,11.01964282989502,12.341383934020996,-1.3198299407958984,0.0,1.3406221620098222,49.230873448380635,,['simulator_acceleration_field_stuck'],,
40,accelerator,50,complete,3,3,1.219837582569777,0.0,velocity_derived,0.0,0.0,1.219837582569777,1.219837582569777,0.0,0.0,0.0,0.0,0.0,,,11.012948036193848,12.72417163848877,-1.7112236022949219,0.0,1.3263289059977978,48.49030669310023,,['simulator_acceleration_field_stuck'],,
40,accelerator,60,complete,3,3,1.4875614782254327,0.0,velocity_derived,0.0,0.0,1.4875614782254327,1.4875614782254327,0.0,0.0,0.0,6.116006761830796e-05,0.0,,,11.009754180908203,13.121243476867676,-2.112921714782715,0.0,1.344412004982587,49.09209361073419,,['simulator_acceleration_field_stuck'],,
40,accelerator,70,complete,3,3,1.7985567166984735,0.0,velocity_derived,0.0,0.0,1.7985567166984735,1.7985567166984735,0.0,0.0,0.0,0.0001795073828327571,0.0,,,11.007878303527832,13.510889053344727,-2.5144128799438477,0.0,1.3637572109873872,49.85509086388131,,['simulator_acceleration_field_stuck'],,
40,accelerator,80,complete,3,3,2.3222471464639916,0.0,velocity_derived,0.0,0.0,2.3222471464639916,2.3222471464639916,0.0,0.0,0.0,0.000244477667723637,0.0,,,10.992958068847656,14.213241577148438,-3.2217283248901367,0.0,1.332039150991477,49.54809320046952,,['simulator_acceleration_field_stuck'],,
40,accelerator,90,complete,3,3,3.0570320586582693,0.0,velocity_derived,0.0,0.0,3.0570320586582693,3.0570320586582693,0.0,0.0,0.0,0.0011342395886854092,0.0,,,11.00295639038086,15.152615547180176,-4.149659156799316,0.0,1.3358911820105277,49.405221689291665,,['simulator_acceleration_field_stuck'],,
40,accelerator,100,complete,3,3,3.5313351001216247,0.0,velocity_derived,0.0,0.0,3.5313351001216247,3.5313351001216247,0.0,0.0,0.0,0.0010767544711733595,0.0,,,11.0130615234375,15.921001434326172,-4.907939910888672,0.0,1.3339410680055153,48.72778982446866,,['simulator_acceleration_field_stuck'],,
45,accelerator,0,complete,3,3,-0.3852063720190918,0.0,velocity_derived,0.0,0.0,-0.3852063720190918,0.3852063720190918,0.0,0.3852063720190918,0.0008949473498308658,0.7631399669011719,0.5964744428884832,,,12.46649169921875,11.933086395263672,0.5334539413452148,0.0,1.3549023579980712,48.65836462096393,,['simulator_acceleration_field_stuck'],,
45,accelerator,10,complete,3,3,0.1462016054459266,0.0,velocity_derived,0.0,0.0,0.1462016054459266,0.1462016054459266,0.0,0.0,0.0,0.0,0.0,,,12.405912399291992,12.611993789672852,-0.20626258850097656,0.0,1.3537831389985513,48.013598432082084,,['simulator_acceleration_field_stuck'],,
45,accelerator,20,complete,3,3,0.4091374577672852,0.0,velocity_derived,0.0,0.0,0.4091374577672852,0.4091374577672852,0.0,0.0,0.0,6.002599340939945e-05,0.0,,,12.395064353942871,12.970839500427246,-0.5765838623046875,0.0,1.3362550290185027,48.47959340702323,,['simulator_acceleration_field_stuck'],,
45,accelerator,30,complete,3,3,0.6746944823474664,0.0,velocity_derived,0.0,0.0,0.6746944823474664,0.6746944823474664,0.0,0.0,0.0,0.0,0.0,,,12.399934768676758,13.34814167022705,-0.9455480575561523,0.0,1.3539523110084701,48.74617773711759,,['simulator_acceleration_field_stuck'],,
45,accelerator,40,complete,3,3,0.9415305000080674,0.0,velocity_derived,0.0,0.0,0.9415305000080674,0.9415305000080674,0.0,0.0,0.0,0.0,0.0,,,12.397361755371094,13.70932388305664,-1.3195276260375977,0.0,1.3479479340021499,48.9633155221667,,['simulator_acceleration_field_stuck'],,
45,accelerator,50,complete,3,3,1.2083170624791981,0.0,velocity_derived,0.0,0.0,1.2083170624791981,1.2083170624791981,0.0,0.0,0.0,0.0,0.0,,,12.394038200378418,14.085722923278809,-1.6916847229003906,0.0,1.336661342997104,49.37675526099433,,['simulator_acceleration_field_stuck'],,
45,accelerator,60,complete,3,3,1.471022369313679,0.0,velocity_derived,0.0,0.0,1.471022369313679,1.471022369313679,0.0,0.0,0.0,0.00018045211261331575,0.0,,,12.38973617553711,14.461240768432617,-2.0646743774414062,0.0,1.330286539014196,48.86165355635938,,['simulator_acceleration_field_stuck'],,
45,accelerator,70,complete,3,3,1.7834008326485054,0.0,velocity_derived,0.0,0.0,1.7834008326485054,1.7834008326485054,0.0,0.0,0.0,0.00017690831130737518,0.0,,,12.380935668945312,14.876158714294434,-2.495223045349121,0.0,1.3419008509954438,48.43875011464666,,['simulator_acceleration_field_stuck'],,
45,accelerator,80,complete,3,3,2.3129321429102863,0.0,velocity_derived,0.0,0.0,2.3129321429102863,2.3129321429102863,0.0,0.0,0.0,0.0,0.0,,,12.385428428649902,15.54451847076416,-3.1594619750976562,0.0,1.3537134430080187,48.75477918971146,,['simulator_acceleration_field_stuck'],,
45,accelerator,90,complete,3,3,3.048321224337256,0.0,velocity_derived,0.0,0.0,3.048321224337256,3.048321224337256,0.0,0.0,0.0,0.0006005784504482878,0.0,,,12.366205215454102,16.559961318969727,-4.193756103515625,0.0,1.3459472520044073,48.31676969654876,,['simulator_acceleration_field_stuck'],,
45,accelerator,100,complete,3,3,3.5035385254687843,0.0,velocity_derived,0.0,0.0,3.5035385254687843,3.5035385254687843,0.0,0.0,0.0,0.0006818778660894377,0.0,,,12.414320945739746,17.362459182739258,-4.948138236999512,0.0,1.3377061929786578,48.75158703140091,,['simulator_acceleration_field_stuck'],,
50,accelerator,0,complete,3,3,-0.38852335804500165,0.0,velocity_derived,0.0,0.0,-0.38852335804500165,0.38852335804500165,0.0,0.38852335804500165,0.0008782572778306963,0.7032961014196342,0.6442387712584478,,,13.858156204223633,13.306676864624023,0.5432538986206055,0.0,1.342220704013016,49.08147378149584,,['simulator_acceleration_field_stuck'],,
50,accelerator,10,complete,3,3,0.13231537673685098,0.0,velocity_derived,0.0,0.0,0.13231537673685098,0.13231537673685098,0.0,0.0,0.0,0.0,0.0,,,13.784818649291992,13.971647262573242,-0.18682861328125,0.0,1.3324366619926877,48.5383378585441,,['simulator_acceleration_field_stuck'],,
50,accelerator,20,complete,3,3,0.39758154648433325,0.0,velocity_derived,0.0,0.0,0.39758154648433325,0.39758154648433325,0.0,0.0,0.0,0.0,0.0,,,13.784943580627441,14.334647178649902,-0.5567636489868164,0.0,1.3396228239871562,48.57602876650984,,['simulator_acceleration_field_stuck'],,
50,accelerator,30,complete,3,3,0.6629686397795106,0.0,velocity_derived,0.0,0.0,0.6629686397795106,0.6629686397795106,0.0,0.0,0.0,0.0,0.0,,,13.775408744812012,14.70511245727539,-0.9297037124633789,0.0,1.3483647710236255,48.814930508726256,,['simulator_acceleration_field_stuck'],,
50,accelerator,40,complete,3,3,0.9294238352522051,0.0,velocity_derived,0.0,0.0,0.9294238352522051,0.9294238352522051,0.0,0.0,0.0,0.0,0.0,,,13.777259826660156,15.095195770263672,-1.3199987411499023,0.0,1.3440596069849562,48.04986950700361,,['simulator_acceleration_field_stuck'],,
50,accelerator,50,complete,3,3,1.1920576167931531,0.0,velocity_derived,0.0,0.0,1.1920576167931531,1.1920576167931531,0.0,0.0,0.0,0.0,0.0,,,13.766973495483398,15.441146850585938,-1.6742401123046875,0.0,1.3456137909961399,48.50887472940369,,['simulator_acceleration_field_stuck'],,
50,accelerator,60,complete,3,3,1.457263697257131,0.0,velocity_derived,0.0,0.0,1.457263697257131,1.457263697257131,0.0,0.0,0.0,5.977632980912819e-05,0.0,,,13.761566162109375,15.805848121643066,-2.046506881713867,0.0,1.3461659669992514,49.548455279664864,,['simulator_acceleration_field_stuck'],,
50,accelerator,70,complete,3,3,1.7664482042880958,0.0,velocity_derived,0.0,0.0,1.7664482042880958,1.7664482042880958,0.0,0.0,0.0,0.00018304430565967988,4.5204482077371975e-05,,,13.763805389404297,16.243749618530273,-2.4751815795898438,0.0,1.3419954940036405,49.18049300083638,,['simulator_acceleration_field_stuck'],,
50,accelerator,80,complete,3,3,2.308489745350622,0.0,velocity_derived,0.0,0.0,2.308489745350622,2.308489745350622,0.0,0.0,0.0,0.00042285953157610766,0.0,,,13.758231163024902,16.94941520690918,-3.192397117614746,0.0,1.3516645089839585,48.747377455328234,,['simulator_acceleration_field_stuck'],,
50,accelerator,90,complete,3,3,3.039663268907271,0.0,velocity_derived,0.0,0.0,3.039663268907271,3.039663268907271,0.0,0.0,0.0,0.0005384061777230756,0.0,,,13.771636962890625,18.04887580871582,-4.298981666564941,0.0,1.3444118240149692,48.34828051860117,,['simulator_acceleration_field_stuck'],,
50,accelerator,100,complete,3,3,3.505896376865188,0.0,velocity_derived,0.0,0.0,3.505896376865188,3.505896376865188,0.0,0.0,0.0,0.0012126278395960186,0.0,,,13.856740951538086,18.73079490661621,-4.873710632324219,0.0,1.3517605079978239,48.268581011224015,,['simulator_acceleration_field_stuck'],,
55,accelerator,0,complete,3,3,-0.4128065459297998,0.0,velocity_derived,0.0,0.0,-0.4128065459297998,0.4128065459297998,0.0,0.4128065459297998,0.0003284689008689057,0.6822700891292433,0.6328020298797381,,,15.2499361038208,14.68594741821289,0.5721921920776367,0.0,1.3336550369858742,48.738240547498094,,['simulator_acceleration_field_stuck'],,
55,accelerator,10,complete,3,3,0.12050890527600265,0.0,velocity_derived,0.0,0.0,0.12050890527600265,0.12050890527600265,0.0,0.0,0.0,0.0,0.0,,,15.16390609741211,15.331411361694336,-0.1677389144897461,0.0,1.3423376549908426,49.11151230612774,,['simulator_acceleration_field_stuck'],,
55,accelerator,20,complete,3,3,0.3827328780121396,0.0,velocity_derived,0.0,0.0,0.3827328780121396,0.3827328780121396,0.0,0.0,0.0,0.0,0.0,,,15.163460731506348,15.709537506103516,-0.5459308624267578,0.0,1.3481855769932736,47.93013519437723,,['simulator_acceleration_field_stuck'],,
55,accelerator,30,complete,3,3,0.6489757497396486,0.0,velocity_derived,0.0,0.0,0.6489757497396486,0.6489757497396486,0.0,0.0,0.0,0.0,0.0,,,15.160802841186523,16.076650619506836,-0.9079446792602539,0.0,1.3400218140159268,49.12608183179436,,['simulator_acceleration_field_stuck'],,
55,accelerator,40,complete,3,3,0.9156881026110729,0.0,velocity_derived,0.0,0.0,0.9156881026110729,0.9156881026110729,0.0,0.0,0.0,0.0,0.0,,,15.159749984741211,16.432849884033203,-1.2645492553710938,0.0,1.3420587980072014,49.18469742792966,,['simulator_acceleration_field_stuck'],,
55,accelerator,50,complete,3,3,1.1794013301134476,0.0,velocity_derived,0.0,0.0,1.1794013301134476,1.1794013301134476,0.0,0.0,0.0,0.0,0.0,,,15.15240478515625,16.807537078857422,-1.6551322937011719,0.0,1.3265891220071353,48.87216237149412,,['simulator_acceleration_field_stuck'],,
55,accelerator,60,complete,3,3,1.4471307416038786,0.0,velocity_derived,0.0,0.0,1.4471307416038786,1.4471307416038786,0.0,0.0,0.0,6.0853604210613306e-05,0.0,,,15.153504371643066,17.209178924560547,-2.0556745529174805,0.0,1.336694254016038,49.375539545940256,,['simulator_acceleration_field_stuck'],,
55,accelerator,70,complete,3,3,1.756934851656918,0.0,velocity_derived,0.0,0.0,1.756934851656918,1.756934851656918,0.0,0.0,0.0,0.00023684493675869576,0.0,,,15.134822845458984,17.555967330932617,-2.421144485473633,0.0,1.3421665339847095,48.429161623501265,,['simulator_acceleration_field_stuck'],,
55,accelerator,80,complete,3,3,2.293575683998469,0.0,velocity_derived,0.0,0.0,2.293575683998469,2.293575683998469,0.0,0.0,0.0,0.00048380163315090054,0.0,,,15.15803050994873,18.361719131469727,-3.21993350982666,0.0,1.3341937350051012,49.76361329295122,,['simulator_acceleration_field_stuck'],,
55,accelerator,90,complete,3,3,3.0199458429814503,0.0,velocity_derived,0.0,0.0,3.0199458429814503,3.0199458429814503,0.0,0.0,0.0,0.0007252962857719898,0.0,,,15.16336441040039,19.331993103027344,-4.165500640869141,0.0,1.344202189007774,49.31385365241466,,['simulator_acceleration_field_stuck'],,
55,accelerator,100,complete,3,3,3.4878926169574003,0.0,velocity_derived,0.0,0.0,3.4878926169574003,3.4878926169574003,0.0,0.0,0.0,0.0011544639036683657,9.628125515241806e-05,,,15.182120323181152,20.036094665527344,-4.853974342346191,0.0,1.3318591889983509,48.36065734342881,,['simulator_acceleration_field_stuck'],,
57,accelerator,0,complete,3,3,-0.40855296673986474,0.0,velocity_derived,0.0,0.0,-0.40855296673986474,0.40855296673986474,0.0,0.40855296673986474,0.00022429768143894524,0.7054878977241552,0.6264910207766892,,,15.797613143920898,15.227376937866211,0.570338249206543,0.0,1.3320092899957672,48.12394576029337,,['simulator_acceleration_field_stuck'],,
57,accelerator,10,complete,3,3,0.11475532861786646,0.0,velocity_derived,0.0,0.0,0.11475532861786646,0.11475532861786646,0.0,0.0,0.0,0.0,0.0,,,15.714829444885254,15.875855445861816,-0.16072750091552734,0.0,1.3460465220268816,49.03248061635861,,['simulator_acceleration_field_stuck'],,
57,accelerator,20,complete,3,3,0.3788767916222008,0.0,velocity_derived,0.0,0.0,0.3788767916222008,0.3788767916222008,0.0,0.0,0.0,0.0,0.0,,,15.707466125488281,16.246158599853516,-0.5390605926513672,0.0,1.3578236059984192,49.19689465532805,,['simulator_acceleration_field_stuck'],,
57,accelerator,30,complete,3,3,0.6436036854905879,0.0,velocity_derived,0.0,0.0,0.6436036854905879,0.6436036854905879,0.0,0.0,0.0,0.0,0.0,,,15.708731651306152,16.60165023803711,-0.8909091949462891,0.0,1.3362122440012172,49.393350716774215,,['simulator_acceleration_field_stuck'],,
57,accelerator,40,complete,3,3,0.9096705266626349,0.0,velocity_derived,0.0,0.0,0.9096705266626349,0.9096705266626349,0.0,0.0,0.0,0.0,0.0,,,15.70535659790039,16.99799346923828,-1.2934503555297852,0.0,1.346212167001795,48.75181222649887,,['simulator_acceleration_field_stuck'],,
57,accelerator,50,complete,3,3,1.1735384177998331,0.0,velocity_derived,0.0,0.0,1.1735384177998331,1.1735384177998331,0.0,0.0,0.0,5.990228804876596e-05,0.0,,,15.700531005859375,17.34467315673828,-1.647477149963379,0.0,1.3384466909919865,49.027470444782075,,['simulator_acceleration_field_stuck'],,
57,accelerator,60,complete,3,3,1.4426521315905985,0.0,velocity_derived,0.0,0.0,1.4426521315905985,1.4426521315905985,0.0,0.0,0.0,0.00017969240529566445,0.0,,,15.703166961669922,17.744028091430664,-2.048215866088867,0.0,1.345772955013672,49.2620222610102,,['simulator_acceleration_field_stuck'],,
57,accelerator,70,complete,3,3,1.7448518471934777,0.0,velocity_derived,0.0,0.0,1.7448518471934777,1.7448518471934777,0.0,0.0,0.0,0.00011927706877695495,0.0,,,15.69214916229248,18.140625,-2.4484758377075195,0.0,1.3539356089895591,48.46729141646863,,['simulator_acceleration_field_stuck'],,
57,accelerator,80,complete,3,3,2.2862025096572607,0.0,velocity_derived,0.0,0.0,2.2862025096572607,2.2862025096572607,0.0,0.0,0.0,0.0005987163490779861,0.0,,,15.70621109008789,18.91309356689453,-3.214813232421875,0.0,1.336520129989367,49.38197227192162,,['simulator_acceleration_field_stuck'],,
57,accelerator,90,complete,3,3,3.0089090536588525,0.0,velocity_derived,0.0,0.0,3.0089090536588525,3.0089090536588525,0.0,0.0,0.0,0.00048695560955023783,0.0,,,15.719765663146973,19.894962310791016,-4.159418106079102,0.0,1.3481184380070772,49.26516488074084,,['simulator_acceleration_field_stuck'],,
57,accelerator,100,complete,3,3,3.4951222576664267,0.0,velocity_derived,0.0,0.0,3.4951222576664267,3.4951222576664267,0.0,0.0,0.0,0.0015605491229850684,0.0,,,15.7350435256958,20.606605529785156,-4.845527648925781,0.0,1.3305619650054723,48.09997706475608,,['simulator_acceleration_field_stuck'],,
60,accelerator,0,complete,3,3,-0.42710191907769185,0.0,velocity_derived,0.0,0.0,-0.42710191907769185,0.42710191907769185,0.0,0.42710191907769185,0.00032771731864317255,0.7171352967344564,0.6999229879339707,,,16.6387939453125,16.055635452270508,0.5914764404296875,0.0,1.342018127994379,49.179663540488654,,['simulator_acceleration_field_stuck'],,
60,accelerator,10,complete,3,3,0.10672042697840936,0.0,velocity_derived,0.0,0.0,0.10672042697840936,0.10672042697840936,0.0,0.0,0.0,0.0,0.0,,,16.551698684692383,16.703136444091797,-0.1497325897216797,0.0,1.348307886015391,49.107165876080956,,['simulator_acceleration_field_stuck'],,
60,accelerator,20,complete,3,3,0.3700093731012423,0.0,velocity_derived,0.0,0.0,0.3700093731012423,0.3700093731012423,0.0,0.0,0.0,0.0,0.0,,,16.542240142822266,17.059398651123047,-0.5172328948974609,0.0,1.3371630110195838,48.992327614045976,,['simulator_acceleration_field_stuck'],,
60,accelerator,30,complete,3,3,0.6347747349863823,0.0,velocity_derived,0.0,0.0,0.6347747349863823,0.6347747349863823,0.0,0.0,0.0,0.0,0.0,,,16.535268783569336,17.42752456665039,-0.8923816680908203,0.0,1.3478435639990494,48.96710698694003,,['simulator_acceleration_field_stuck'],,
60,accelerator,40,complete,3,3,0.9006070615039592,0.0,velocity_derived,0.0,0.0,0.9006070615039592,0.9006070615039592,0.0,0.0,0.0,0.0,0.0,,,16.538904190063477,17.802982330322266,-1.2639751434326172,0.0,1.3324186009995174,47.569290932559795,,['simulator_acceleration_field_stuck'],,
60,accelerator,50,complete,3,3,1.1669198288772042,0.0,velocity_derived,0.0,0.0,1.1669198288772042,1.1669198288772042,0.0,0.0,0.0,0.0001189754433040249,0.0,,,16.536832809448242,18.149654388427734,-1.6136970520019531,0.0,1.342112479993375,48.425581279996074,,['simulator_acceleration_field_stuck'],,
60,accelerator,60,complete,3,3,1.431867882645697,0.0,velocity_derived,0.0,0.0,1.431867882645697,1.431867882645697,0.0,0.0,0.0,0.00012049607470559531,0.0,,,16.53350257873535,18.554555892944336,-2.036561965942383,0.0,1.3363592870009597,49.387915841192935,,['simulator_acceleration_field_stuck'],,
60,accelerator,70,complete,3,3,1.7396426099862543,0.0,velocity_derived,0.0,0.0,1.7396426099862543,1.7396426099862543,0.0,0.0,0.0,0.00023821911538976672,0.0,,,16.529233932495117,18.995304107666016,-2.47113037109375,0.0,1.3595248819910921,48.70972345537089,,['simulator_acceleration_field_stuck'],,
60,accelerator,80,complete,3,3,2.2843251150224746,0.0,velocity_derived,0.0,0.0,2.2843251150224746,2.2843251150224746,0.0,0.0,0.0,0.000477402880832744,0.0,,,16.551162719726562,19.690994262695312,-3.1626358032226562,0.0,1.338005837984383,49.32713903507672,,['simulator_acceleration_field_stuck'],,
60,accelerator,90,complete,3,3,3.018044625197293,0.0,velocity_derived,0.0,0.0,3.018044625197293,3.018044625197293,0.0,0.0,0.0,0.0008490403430915704,0.0,,,16.55419158935547,20.761991500854492,-4.209339141845703,0.0,1.3615000779973343,48.9761783571885,,['simulator_acceleration_field_stuck'],,
60,accelerator,100,complete,3,3,3.4782038844097194,0.0,velocity_derived,0.0,0.0,3.4782038844097194,3.4782038844097194,0.0,0.0,0.0,0.0008540311882941523,9.653607933129509e-05,,,16.5549259185791,21.38346290588379,-4.830356597900391,0.0,1.3297254459757823,48.338813651922415,,['simulator_acceleration_field_stuck'],,
65,accelerator,0,complete,3,3,-0.4348361684698577,0.0,velocity_derived,0.0,0.0,-0.4348361684698577,0.4348361684698577,0.0,0.4348361684698577,0.0006615293364483077,0.7909009883188418,0.7265475268714959,,,17.970579147338867,17.342151641845703,0.6165485382080078,0.0,1.3561884629889391,49.195169414850824,,['simulator_acceleration_field_stuck'],,
65,accelerator,10,complete,3,3,0.0928650756773916,0.0,velocity_derived,0.0,0.0,0.0928650756773916,0.0928650756773916,0.0,0.0,0.0,0.0,0.0,,,17.918052673339844,18.049100875854492,-0.13104820251464844,0.0,1.3657837070059031,48.32390345663622,,['simulator_acceleration_field_stuck'],,
65,accelerator,20,complete,3,3,0.35627143705557485,0.0,velocity_derived,0.0,0.0,0.35627143705557485,0.35627143705557485,0.0,0.0,0.0,0.0,0.0,,,17.914854049682617,18.42349624633789,-0.5083465576171875,0.0,1.3217539920005947,49.21825711738736,,['simulator_acceleration_field_stuck'],,
65,accelerator,30,complete,3,3,0.6216145828183325,0.0,velocity_derived,0.0,0.0,0.6216145828183325,0.6216145828183325,0.0,0.0,0.0,0.0,0.0,,,17.9119873046875,18.79808807373047,-0.8861160278320312,0.0,1.3457388099923264,49.04369221571037,,['simulator_acceleration_field_stuck'],,
65,accelerator,40,complete,3,3,0.8877387064317004,0.0,velocity_derived,0.0,0.0,0.8877387064317004,0.8877387064317004,0.0,0.0,0.0,0.0,0.0,,,17.915502548217773,19.166017532348633,-1.2454395294189453,0.0,1.3306128839903977,48.80353427986726,,['simulator_acceleration_field_stuck'],,
65,accelerator,50,complete,3,3,1.1493239369639028,0.0,velocity_derived,0.0,0.0,1.1493239369639028,1.1493239369639028,0.0,0.0,0.0,0.00011750213061362278,0.0,,,17.9102725982666,19.528076171875,-1.6176338195800781,0.0,1.3356104709964711,48.66688410394451,,['simulator_acceleration_field_stuck'],,
65,accelerator,60,complete,3,3,1.415360569848629,0.0,velocity_derived,0.0,0.0,1.415360569848629,1.415360569848629,0.0,0.0,0.0,0.00011844789897120058,0.0,,,17.944103240966797,19.922639846801758,-1.967611312866211,0.0,1.3342968669894617,49.46425464440611,,['simulator_acceleration_field_stuck'],,
65,accelerator,70,complete,3,3,1.7236863466457362,0.0,velocity_derived,0.0,0.0,1.7236863466457362,1.7236863466457362,0.0,0.0,0.0,0.000354557291729362,0.0,,,17.943939208984375,20.36577033996582,-2.4218311309814453,0.0,1.337710727006197,48.54956759701784,,['simulator_acceleration_field_stuck'],,
65,accelerator,80,complete,3,3,2.266486439450409,0.0,velocity_derived,0.0,0.0,2.266486439450409,2.266486439450409,0.0,0.0,0.0,0.0004808123342582095,0.0,,,17.944740295410156,21.143537521362305,-3.1976699829101562,0.0,1.3417402869963553,48.431433215851825,,['simulator_acceleration_field_stuck'],,
65,accelerator,90,complete,3,3,2.996493962194795,0.0,velocity_derived,0.0,0.0,2.996493962194795,2.996493962194795,0.0,0.0,0.0,0.0010725645847998665,0.0,,,17.954246520996094,22.02359962463379,-4.073421478271484,0.0,1.342042740987381,49.473855887853254,,['simulator_acceleration_field_stuck'],,
65,accelerator,100,complete,3,3,3.4630870162604235,0.0,velocity_derived,0.0,0.0,3.4630870162604235,3.4630870162604235,0.0,0.0,0.0,0.002016289339431328,0.0005366906444972195,,,17.969717025756836,22.792621612548828,-4.817752838134766,0.0,1.3340287479804829,48.72920098836075,,['simulator_acceleration_field_stuck'],,
70,accelerator,0,complete,3,3,-0.45476026071770087,0.0,velocity_derived,0.0,0.0,-0.45476026071770087,0.45476026071770087,0.0,0.45476026071770087,0.00023197391868867712,0.7555949054745067,0.7029673543374145,,,19.413637161254883,18.783315658569336,0.6303215026855469,0.0,1.3417192079941742,49.69969973004004,,['simulator_acceleration_field_stuck'],,
70,accelerator,10,complete,3,3,0.07879004860985409,0.0,velocity_derived,0.0,0.0,0.07879004860985409,0.07879004860985409,0.0,0.0,0.0,0.0,0.0,,,19.303756713867188,19.411699295043945,-0.10956764221191406,0.0,1.3440373230259866,48.52045492398421,,['simulator_acceleration_field_stuck'],,
70,accelerator,20,complete,3,3,0.34256617245815196,0.0,velocity_derived,0.0,0.0,0.34256617245815196,0.34256617245815196,0.0,0.0,0.0,0.0,0.0,,,19.30509376525879,19.7802734375,-0.48296546936035156,0.0,1.3338893949985504,49.17468586131273,,['simulator_acceleration_field_stuck'],,
70,accelerator,30,complete,3,3,0.6098566613537295,0.0,velocity_derived,0.0,0.0,0.6098566613537295,0.6098566613537295,0.0,0.0,0.0,0.0,0.0,,,19.29769515991211,20.148052215576172,-0.8548946380615234,0.0,1.3282483220100403,49.446797971883555,,['simulator_acceleration_field_stuck'],,
70,accelerator,40,complete,3,3,0.8739203293206058,0.0,velocity_derived,0.0,0.0,0.8739203293206058,0.8739203293206058,0.0,0.0,0.0,0.0,0.0,,,19.33700180053711,20.58381462097168,-1.2487564086914062,0.0,1.3419628200063016,48.59958692435957,,['simulator_acceleration_field_stuck'],,
70,accelerator,50,complete,3,4,1.1359931368745573,0.0,velocity_derived,0.0,0.0,1.1359931368745573,1.1359931368745573,0.0,0.0,0.0,0.0,0.0,,,19.318796157836914,20.915781021118164,-1.5984153747558594,0.0,1.3540701720048673,49.074029279565664,,"['simulator_acceleration_field_stuck', 'stale_sample_gap']",,
70,accelerator,60,complete,3,3,1.4067154832021784,0.0,velocity_derived,0.0,0.0,1.4067154832021784,1.4067154832021784,0.0,0.0,0.0,0.00012228792619075758,0.0,,,19.336946487426758,21.338716506958008,-2.0039100646972656,0.0,1.3539850060187746,48.58971864451418,,['simulator_acceleration_field_stuck'],,
70,accelerator,70,complete,3,3,1.7221254137073194,0.0,velocity_derived,0.0,0.0,1.7221254137073194,1.7221254137073194,0.0,0.0,0.0,0.00024168283845976202,0.0,,,19.336318969726562,21.77316665649414,-2.4368133544921875,0.0,1.348211712000193,48.738816620575186,,['simulator_acceleration_field_stuck'],,
70,accelerator,80,complete,3,3,2.2677943217798813,0.0,velocity_derived,0.0,0.0,2.2677943217798813,2.2677943217798813,0.0,0.0,0.0,0.00035769328200227577,0.0,,,19.340497970581055,22.52395248413086,-3.1834545135498047,0.0,1.343831717997091,48.369151531025786,,['simulator_acceleration_field_stuck'],,
70,accelerator,90,complete,3,3,2.994793508985224,0.0,velocity_derived,0.0,0.0,2.994793508985224,2.994793508985224,0.0,0.0,0.0,0.0008509598723371729,0.0,,,19.33855438232422,23.50617790222168,-4.164915084838867,0.0,1.351931985002011,48.87915132909961,,['simulator_acceleration_field_stuck'],,
70,accelerator,100,complete,3,3,3.4557556093401134,0.0,velocity_derived,0.0,0.0,3.4557556093401134,3.4557556093401134,0.0,0.0,0.0,0.0017929072451499596,7.898307349741311e-05,,,19.35099983215332,24.219371795654297,-4.868371963500977,0.0,1.3564355260168668,48.65693852313576,,['simulator_acceleration_field_stuck'],,
75,accelerator,0,complete,3,3,-0.4684111034964091,0.0,velocity_derived,0.0,0.0,-0.4684111034964091,0.4684111034964091,0.0,0.4684111034964091,0.0008141097683245224,0.8470899762982161,0.7186739429842377,,,20.796829223632812,20.137969970703125,0.6495132446289062,0.0,1.3485919369850308,48.19841956442121,,['simulator_acceleration_field_stuck'],,
75,accelerator,10,complete,3,3,0.06493697455513264,0.0,velocity_derived,0.0,0.0,0.06493697455513264,0.06493697455513264,0.0,0.0,0.0,0.0,0.0,,,20.727252960205078,20.818313598632812,-0.09110641479492188,0.0,1.3364120759943034,48.847305677023535,,['simulator_acceleration_field_stuck'],,
75,accelerator,20,complete,3,3,0.3288921361751166,0.0,velocity_derived,0.0,0.0,0.3288921361751166,0.3288921361751166,0.0,0.0,0.0,0.0,0.0,,,20.693620681762695,21.160755157470703,-0.4671344757080078,0.0,1.338229962013429,48.75096805992681,,['simulator_acceleration_field_stuck'],,
75,accelerator,30,complete,3,3,0.6005379380292581,0.0,velocity_derived,0.0,0.0,0.6005379380292581,0.6005379380292581,0.0,0.0,0.0,0.0,0.0,,,20.727094650268555,21.555713653564453,-0.8468856811523438,0.0,1.3298433980089612,49.31291118319402,,['simulator_acceleration_field_stuck'],,
75,accelerator,40,complete,3,3,0.8591511564303435,0.0,velocity_derived,0.0,0.0,0.8591511564303435,0.8591511564303435,0.0,0.0,0.0,0.0,0.0,,,20.72942543029785,21.944669723510742,-1.215066909790039,0.0,1.3279759629804175,48.47965568915987,,['simulator_acceleration_field_stuck'],,
75,accelerator,50,complete,3,3,1.1246727875370848,0.0,velocity_derived,0.0,0.0,1.1246727875370848,1.1246727875370848,0.0,0.0,0.0,0.00012032161039665372,0.0,,,20.72768783569336,22.313743591308594,-1.6015625,0.0,1.3374904869997408,49.3461453681448,,['simulator_acceleration_field_stuck'],,
75,accelerator,60,complete,3,3,1.3897508520835127,0.0,velocity_derived,0.0,0.0,1.3897508520835127,1.3897508520835127,0.0,0.0,0.0,0.00031919469267518947,0.0,,,20.7300968170166,22.7123966217041,-1.9850826263427734,0.0,1.338405081012752,48.796308319034715,,['simulator_acceleration_field_stuck'],,
75,accelerator,70,complete,3,3,1.6923705848209667,0.0,velocity_derived,0.0,0.0,1.6923705848209667,1.6923705848209667,0.0,0.0,0.0,0.00023953288601838803,0.0,,,20.728843688964844,23.079914093017578,-2.3501720428466797,0.0,1.3284295499906875,48.89338114062101,,['simulator_acceleration_field_stuck'],,
75,accelerator,80,complete,3,3,2.2512218134010475,0.0,velocity_derived,0.0,0.0,2.2512218134010475,2.2512218134010475,0.0,0.0,0.0,0.0006013022042612468,0.0,,,20.731361389160156,23.898834228515625,-3.1648025512695312,0.0,1.344196013000328,49.09998196816843,,['simulator_acceleration_field_stuck'],,
75,accelerator,90,complete,3,3,2.977489977302823,0.0,velocity_derived,0.0,0.0,2.977489977302823,2.977489977302823,0.0,0.0,0.0,0.0009431618349195077,0.00011921382939679342,,,20.735340118408203,24.77725601196289,-4.0419158935546875,0.0,1.319938919012202,49.244702965985596,,['simulator_acceleration_field_stuck'],,
75,accelerator,100,complete,3,3,3.4411393987503565,0.0,velocity_derived,0.0,0.0,3.4411393987503565,3.4411393987503565,0.0,0.0,0.0,0.0013223448392696063,0.0,,,20.74290657043457,25.585912704467773,-4.850551605224609,0.0,1.3519232109829318,48.745834236370584,,['simulator_acceleration_field_stuck'],,
80,accelerator,0,complete,3,3,-0.4816054455015117,0.0,velocity_derived,0.0,0.0,-0.4816054455015117,0.4816054455015117,0.0,0.4816054455015117,0.0011556394081300159,0.8128919266143231,0.7990183646248776,,,22.15534782409668,21.48805809020996,0.6687641143798828,0.0,1.3456317640084308,49.04759367703696,,['simulator_acceleration_field_stuck'],,
80,accelerator,10,complete,3,3,0.050728663834321085,0.0,velocity_derived,0.0,0.0,0.050728663834321085,0.050728663834321085,0.0,0.0,0.0,0.0,0.0,,,22.12176513671875,22.193815231323242,-0.07205009460449219,0.0,1.3583671560045332,48.58774721418525,,['simulator_acceleration_field_stuck'],,
80,accelerator,20,complete,3,3,0.3220378033451947,0.0,velocity_derived,0.0,0.0,0.3220378033451947,0.3220378033451947,0.0,0.0,0.0,0.0,0.0,,,22.11821937561035,22.568098068237305,-0.4474620819091797,0.0,1.35600764802075,48.67229185346752,,['simulator_acceleration_field_stuck'],,
80,accelerator,30,complete,3,3,0.5884113038984802,0.0,velocity_derived,0.0,0.0,0.5884113038984802,0.5884113038984802,0.0,0.0,0.0,0.0,0.0,,,22.11956214904785,22.963336944580078,-0.8437747955322266,0.0,1.3539564989914652,49.26503726280273,,['simulator_acceleration_field_stuck'],,
80,accelerator,40,complete,3,3,0.846048699029909,0.0,velocity_derived,0.0,0.0,0.846048699029909,0.846048699029909,0.0,0.0,0.0,0.0,0.0,,,22.121829986572266,23.32135772705078,-1.1995277404785156,0.0,1.3381949350005016,48.81426121237951,,['simulator_acceleration_field_stuck'],,
80,accelerator,50,complete,3,3,1.1115453648802083,0.0,velocity_derived,0.0,0.0,1.1115453648802083,1.1115453648802083,0.0,0.0,0.0,0.00012104736356926769,0.0,,,22.12128448486328,23.70833969116211,-1.5891952514648438,0.0,1.3420968579885084,49.11883639323142,,['simulator_acceleration_field_stuck'],,
80,accelerator,60,complete,3,3,1.3753581961451113,0.0,velocity_derived,0.0,0.0,1.3753581961451113,1.3753581961451113,0.0,0.0,0.0,0.00013474283046004535,0.0,,,22.118988037109375,24.030973434448242,-1.9117183685302734,0.0,1.3369325189851224,49.1787112001871,,['simulator_acceleration_field_stuck'],,
80,accelerator,70,complete,3,3,1.6849565573947631,0.0,velocity_derived,0.0,0.0,1.6849565573947631,1.6849565573947631,0.0,0.0,0.0,0.00024181959013243605,0.0,,,22.120311737060547,24.45415496826172,-2.3568115234375,0.0,1.3439974229841027,48.82424186671912,,['simulator_acceleration_field_stuck'],,
80,accelerator,80,complete,3,3,2.2452125992770373,0.0,velocity_derived,0.0,0.0,2.2452125992770373,2.2452125992770373,0.0,0.0,0.0,0.0007227907407538597,0.0,,,22.11989974975586,25.27625274658203,-3.156330108642578,0.0,1.3498055159871,48.88987190131166,,['simulator_acceleration_field_stuck'],,
80,accelerator,90,complete,3,3,2.971520220243921,0.0,velocity_derived,0.0,0.0,2.971520220243921,2.971520220243921,0.0,0.0,0.0,0.0011933706968564688,0.0002418573269055533,,,22.120073318481445,26.263696670532227,-4.143623352050781,0.0,1.3424185270268936,49.488777421490795,,['simulator_acceleration_field_stuck'],,
80,accelerator,100,complete,3,3,3.4268923748557176,0.0,velocity_derived,0.0,0.0,3.4268923748557176,3.4268923748557176,0.0,0.0,0.0,0.001794164848039259,0.00012471390139542785,,,22.124427795410156,26.956676483154297,-4.832248687744141,0.0,1.3460949480067939,49.030716665067594,,['simulator_acceleration_field_stuck'],,
85,accelerator,0,complete,3,3,-0.4958954440781991,0.0,velocity_derived,0.0,0.0,-0.4958954440781991,0.4958954440781991,0.0,0.4958954440781991,0.0006045449028175276,0.9031056725849457,0.8393802968758187,,,23.568119049072266,22.880027770996094,0.7023735046386719,0.0,1.3440189780085348,49.630714961033284,,['simulator_acceleration_field_stuck'],,
85,accelerator,10,complete,3,3,0.0,0.0,simulator_field,0.0,0.0,0.036638435802431396,0.036638435802431396,0.0,0.0,0.0,0.0,0.0,,,23.513160705566406,23.566415786743164,-0.05325508117675781,0.0,1.347885064984439,49.615636623371024,,[],,
85,accelerator,20,complete,3,3,0.3106122710333305,0.0,velocity_derived,0.0,0.0,0.3106122710333305,0.3106122710333305,0.0,0.0,0.0,0.0,0.0,,,23.510915756225586,23.945051193237305,-0.43413543701171875,0.0,1.3541844249994028,48.98265606017335,,['simulator_acceleration_field_stuck'],,
85,accelerator,30,complete,3,3,0.5759412766689561,0.0,velocity_derived,0.0,0.0,0.5759412766689561,0.5759412766689561,0.0,0.0,0.0,0.0,0.0,,,23.50984764099121,24.335081100463867,-0.8261070251464844,0.0,1.3436952240008395,49.25256909228553,,['simulator_acceleration_field_stuck'],,
85,accelerator,40,complete,3,3,0.830841320310212,0.0,velocity_derived,0.0,0.0,0.830841320310212,0.830841320310212,0.0,0.0,0.0,0.0,0.0,,,23.509258270263672,24.69737434387207,-1.2014217376708984,0.0,1.3534338960016612,49.04713398037898,,['simulator_acceleration_field_stuck'],,
85,accelerator,50,complete,3,3,1.0982635968608419,0.0,velocity_derived,0.0,0.0,1.0982635968608419,1.0982635968608419,0.0,0.0,0.0,0.00011856256780586306,0.0,,,23.51267433166504,25.061277389526367,-1.5486125946044922,0.0,1.3299841709958855,47.88954678259553,,['simulator_acceleration_field_stuck'],,
85,accelerator,60,complete,3,3,1.361766530602044,0.0,velocity_derived,0.0,0.0,1.361766530602044,1.361766530602044,0.0,0.0,0.0,0.00012091616497002575,0.0,,,23.51132583618164,25.431961059570312,-1.9206352233886719,0.0,1.3460418779868633,49.239621765364205,,['simulator_acceleration_field_stuck'],,
85,accelerator,70,complete,3,3,1.6738244482516502,0.0,velocity_derived,0.0,0.0,1.6738244482516502,1.6738244482516502,0.0,0.0,0.0,0.0,0.0,,,23.51189422607422,25.858139038085938,-2.346172332763672,0.0,1.3502870730007999,49.53147008004464,,['simulator_acceleration_field_stuck'],,
85,accelerator,80,complete,3,3,2.2410327486959054,0.0,velocity_derived,0.0,0.0,2.2410327486959054,2.2410327486959054,0.0,0.0,0.0,0.0007229954946875977,8.877874647213216e-05,,,23.51079559326172,26.609962463378906,-3.100107192993164,0.0,1.3463400330219883,49.31329278301614,,['simulator_acceleration_field_stuck'],,
85,accelerator,90,complete,3,3,2.957868447739006,0.0,velocity_derived,0.0,0.0,2.957868447739006,2.957868447739006,0.0,0.0,0.0,0.0010787596785455497,0.00011433113251951022,,,23.513099670410156,27.58241844177246,-4.069318771362305,0.0,1.334542579978006,49.472631121353004,,['simulator_acceleration_field_stuck'],,
85,accelerator,100,complete,3,3,3.4090669168200836,0.0,velocity_derived,0.0,0.0,3.4090669168200836,3.4090669168200836,0.0,0.0,0.0,0.003008394949609972,8.384477585949128e-05,,,23.564640045166016,28.258495330810547,-4.681438446044922,0.0,1.3482907360012177,49.69254643008946,,['simulator_acceleration_field_stuck'],,
90,accelerator,0,complete,3,3,-0.5109887885995158,0.0,velocity_derived,0.0,0.0,-0.5109887885995158,0.5109887885995158,0.0,0.5109887885995158,0.0008830659808496399,0.9008271072173085,0.7872047624505002,,,24.955598831176758,24.227806091308594,0.7086009979248047,0.0,1.3446908309997525,49.08191420546107,,['simulator_acceleration_field_stuck'],,
90,accelerator,10,complete,3,3,0.0,0.0,simulator_field,0.0,0.0,0.022840638997782936,0.022840638997782936,0.0,0.0,0.0,0.0,0.0,,,24.903308868408203,24.937803268432617,-0.03449440002441406,0.0,1.3398071030096617,49.2608225853868,,[],,
90,accelerator,20,complete,3,3,0.29520036398455946,0.0,velocity_derived,0.0,0.0,0.29520036398455946,0.29520036398455946,0.0,0.0,0.0,0.0,0.0,,,24.90296173095703,25.321813583374023,-0.42040061950683594,0.0,1.3499749329930637,48.65581349942512,,['simulator_acceleration_field_stuck'],,
90,accelerator,30,complete,3,3,0.5692618605584921,0.0,velocity_derived,0.0,0.0,0.5692618605584921,0.5692618605584921,0.0,0.0,0.0,0.0,0.0,,,24.90502166748047,25.703529357910156,-0.7916145324707031,0.0,1.3358316749799997,49.46420637681906,,['simulator_acceleration_field_stuck'],,
90,accelerator,40,complete,3,3,0.8303562830180957,0.0,velocity_derived,0.0,0.0,0.8303562830180957,0.8303562830180957,0.0,0.0,0.0,0.00011944289737456452,0.0,,,24.90442657470703,26.062366485595703,-1.1578025817871094,0.0,1.3323194709955715,49.1126641948563,,['simulator_acceleration_field_stuck'],,
90,accelerator,50,complete,3,3,1.0822669832423417,0.0,velocity_derived,0.0,0.0,1.0822669832423417,1.0822669832423417,0.0,0.0,0.0,0.0001220067285288464,0.0,,,24.9035701751709,26.434118270874023,-1.53009033203125,0.0,1.3478676399972755,48.96623232243591,,['simulator_acceleration_field_stuck'],,
90,accelerator,60,complete,3,3,1.34961578807867,0.0,velocity_derived,0.0,0.0,1.34961578807867,1.34961578807867,0.0,0.0,0.0,0.00011956406601462375,0.0,,,24.902820587158203,26.83112335205078,-1.9020671844482422,0.0,1.3462505330098793,49.263749311139215,,['simulator_acceleration_field_stuck'],,
90,accelerator,70,complete,3,3,1.659950091865847,0.0,velocity_derived,0.0,0.0,1.659950091865847,1.659950091865847,0.0,0.0,0.0,0.00035972357337967615,0.0,,,24.90317153930664,27.26352882385254,-2.3602943420410156,0.0,1.3637724150030408,49.24398022652086,,['simulator_acceleration_field_stuck'],,
90,accelerator,80,complete,3,3,2.225815374844457,0.0,velocity_derived,0.0,0.0,2.225815374844457,2.225815374844457,0.0,0.0,0.0,0.0008381560561648674,8.436104498551863e-05,,,24.90399932861328,27.990861892700195,-3.086578369140625,0.0,1.334187197004212,49.76270117458024,,['simulator_acceleration_field_stuck'],,
90,accelerator,90,complete,3,3,2.9459514825944346,0.0,velocity_derived,0.0,0.0,2.9459514825944346,2.9459514825944346,0.0,0.0,0.0,0.0013231512538197808,6.924334504726021e-05,,,24.90020179748535,29.01247215270996,-4.11223030090332,0.0,1.3523441120050848,49.97495158529585,,['simulator_acceleration_field_stuck'],,
90,accelerator,100,complete,3,3,3.3891161187474226,0.0,velocity_derived,0.0,0.0,3.3891161187474226,3.3891161187474226,0.0,0.0,0.0,0.0015565987907890082,7.886820351033584e-05,,,24.908493041992188,29.635583877563477,-4.731000900268555,0.0,1.3462082470068708,49.02659016295801,,['simulator_acceleration_field_stuck'],,
95,accelerator,0,complete,3,3,-0.5238313381547145,0.0,velocity_derived,0.0,0.0,-0.5238313381547145,0.5238313381547145,0.0,0.5238313381547145,7.990191007023473e-05,0.9226326698294011,0.8718335227934342,,,26.29429054260254,25.567167282104492,0.7372722625732422,0.0,1.3499019899754785,49.622012141952005,,['simulator_acceleration_field_stuck'],,
95,accelerator,10,complete,3,3,0.0,0.0,simulator_field,0.0,0.0,0.009040299322380652,0.009040299322380652,0.0,0.0,0.0,0.0,0.0,,,26.294042587280273,26.307947158813477,-0.01392364501953125,0.0,1.3499695600185078,49.26414578356748,,[],,
95,accelerator,20,complete,3,3,0.28052169107107694,0.0,velocity_derived,0.0,0.0,0.28052169107107694,0.28052169107107694,0.0,0.0,0.0,0.0,0.0,,,26.29117774963379,26.68245506286621,-0.3912773132324219,0.0,1.3404035569983535,49.90058020101377,,['simulator_acceleration_field_stuck'],,
95,accelerator,30,complete,3,3,0.5547957881915828,0.0,velocity_derived,0.0,0.0,0.5547957881915828,0.5547957881915828,0.0,0.0,0.0,0.0,0.0,,,26.290607452392578,27.082366943359375,-0.7917594909667969,0.0,1.3521949440182652,49.3924922864771,,['simulator_acceleration_field_stuck'],,
95,accelerator,40,complete,3,3,0.8151901496639384,0.0,velocity_derived,0.0,0.0,0.8151901496639384,0.8151901496639384,0.0,0.0,0.0,0.0,0.0,,,26.29450225830078,27.416555404663086,-1.1214065551757812,0.0,1.3336515740083996,49.48818813420027,,['simulator_acceleration_field_stuck'],,
95,accelerator,50,complete,3,3,1.0729977115044622,0.0,velocity_derived,0.0,0.0,1.0729977115044622,1.0729977115044622,0.0,0.0,0.0,0.00011956124802050114,0.0,,,26.29163932800293,27.826311111450195,-1.535003662109375,0.0,1.3342557639989536,49.182608300542896,,['simulator_acceleration_field_stuck'],,
95,accelerator,60,complete,3,3,1.333990120846763,0.0,velocity_derived,0.0,0.0,1.333990120846763,1.333990120846763,0.0,0.0,0.0,0.0005879504444044464,0.0,,,26.291276931762695,28.175399780273438,-1.8826866149902344,0.0,1.3346446370123886,48.79649660815911,,['simulator_acceleration_field_stuck'],,
95,accelerator,70,complete,3,3,1.6457706855558887,0.0,velocity_derived,0.0,0.0,1.6457706855558887,1.6457706855558887,0.0,0.0,0.0,0.0004779541070014032,0.0,,,26.291481018066406,28.599000930786133,-2.3088436126708984,0.0,1.3346147540141828,48.70319304091048,,['simulator_acceleration_field_stuck'],,
95,accelerator,80,complete,3,3,2.213643142725329,0.0,velocity_derived,0.0,0.0,2.213643142725329,2.213643142725329,0.0,0.0,0.0,0.0005940677189482736,0.0,,,26.291658401489258,29.40900230407715,-3.118377685546875,0.0,1.3324147459934466,48.69992559304038,,['simulator_acceleration_field_stuck'],,
95,accelerator,90,complete,3,3,2.931970235075645,0.0,velocity_derived,0.0,0.0,2.931970235075645,2.931970235075645,0.0,0.0,0.0,0.001673417217490897,0.00010795923286990501,,,26.293624877929688,30.33319091796875,-4.03788948059082,0.0,1.3441533310106024,48.1079162183091,,['simulator_acceleration_field_stuck'],,
95,accelerator,100,complete,3,3,3.3952939105534337,0.0,velocity_derived,0.0,0.0,3.3952939105534337,3.3952939105534337,0.0,0.0,0.0,0.0021533931862467914,8.988768647689939e-05,,,26.29499053955078,31.005380630493164,-4.713602066040039,0.0,1.3582197389914654,48.59302077954466,,['simulator_acceleration_field_stuck'],,
100,accelerator,0,complete,3,3,-0.5391798047207778,0.0,velocity_derived,0.0,0.0,-0.5391798047207778,0.5391798047207778,0.0,0.5391798047207778,0.00023460740443181916,1.0743954874664745,0.8960259581499403,,,27.737972259521484,26.98090362548828,0.7249927520751953,0.0,1.32593240798451,49.02063657466657,,['simulator_acceleration_field_stuck'],,
100,accelerator,10,complete,3,3,0.0,0.0,simulator_field,0.0,0.0,-0.004781499721346322,0.004781499721346322,0.0,0.0,0.0,0.0,0.0,,,27.684749603271484,27.679443359375,0.005306243896484375,0.0,1.339960058016004,49.41580881670038,,[],,
100,accelerator,20,complete,3,3,0.26749315670683743,0.0,velocity_derived,0.0,0.0,0.26749315670683743,0.26749315670683743,0.0,0.0,0.0,0.0,0.0,,,27.681983947753906,28.05771255493164,-0.3757286071777344,0.0,1.354239183012396,49.47427370323453,,['simulator_acceleration_field_stuck'],,
100,accelerator,30,complete,3,3,0.5398222866814335,0.0,velocity_derived,0.0,0.0,0.5398222866814335,0.5398222866814335,0.0,0.0,0.0,0.0,0.0,,,27.684579849243164,28.444622039794922,-0.7600574493408203,0.0,1.3438376580015756,49.1673381289523,,['simulator_acceleration_field_stuck'],,
100,accelerator,40,complete,3,3,0.8008372655292745,0.0,velocity_derived,0.0,0.0,0.8008372655292745,0.8008372655292745,0.0,0.0,0.0,0.0,0.0,,,27.683685302734375,28.81809425354004,-1.134408950805664,0.0,1.344368663005298,49.694602572609284,,['simulator_acceleration_field_stuck'],,
100,accelerator,50,complete,3,3,1.0558053245250651,0.0,velocity_derived,0.0,0.0,1.0558053245250651,1.0558053245250651,0.0,0.0,0.0,0.00011973268603580736,0.0,,,27.68109893798828,29.220746994018555,-1.5395355224609375,0.0,1.3462168289988767,49.34501994627149,,['simulator_acceleration_field_stuck'],,
100,accelerator,60,complete,3,3,1.3277939245728931,0.0,velocity_derived,0.0,0.0,1.3277939245728931,1.3277939245728931,0.0,0.0,0.0,0.00024306950106465117,0.0,,,27.68171501159668,29.546934127807617,-1.8651771545410156,0.0,1.3473532200150657,49.62420040423632,,['simulator_acceleration_field_stuck'],,
100,accelerator,70,complete,3,3,1.6276090757442994,0.0,velocity_derived,0.0,0.0,1.6276090757442994,1.6276090757442994,0.0,0.0,0.0,0.00024295000681554547,0.0,,,27.682926177978516,29.9733943939209,-2.290468215942383,0.0,1.3399223849992268,48.57941195037943,,['simulator_acceleration_field_stuck'],,
100,accelerator,80,complete,3,3,2.2049138959586325,0.0,velocity_derived,0.0,0.0,2.2049138959586325,2.2049138959586325,0.0,0.0,0.0,0.0009754089895783471,0.0,,,27.682344436645508,30.787246704101562,-3.106447219848633,0.0,1.3420436849992257,49.17872699504419,,['simulator_acceleration_field_stuck'],,
100,accelerator,90,complete,3,3,2.91464630182346,0.0,velocity_derived,0.0,0.0,2.91464630182346,2.91464630182346,0.0,0.0,0.0,0.0011795039030105428,0.0002411855149725454,,,27.685134887695312,31.70723533630371,-4.022100448608398,0.0,1.338094049016945,49.3238872473038,,['simulator_acceleration_field_stuck'],,
100,accelerator,100,complete,3,3,3.371510526335482,0.0,velocity_derived,0.0,0.0,3.371510526335482,3.371510526335482,0.0,0.0,0.0,0.0019223442415452407,0.00017183176538886706,,,27.68710708618164,32.38115692138672,-4.693536758422852,0.0,1.344175581005402,49.10072830711151,,['simulator_acceleration_field_stuck'],,
105,accelerator,0,complete,3,3,-0.5524629840459366,0.0,velocity_derived,0.0,0.0,-0.5524629840459366,0.5524629840459366,0.0,0.5524629840459366,0.00031808236164854176,0.9938935369617905,0.9164859183292845,,,29.072473526000977,28.316516876220703,0.7545566558837891,0.0,1.3557192670123186,49.40666416128512,,['simulator_acceleration_field_stuck'],,
105,accelerator,10,complete,3,3,0.0,0.0,simulator_field,0.0,0.0,-0.01838644599286799,0.01838644599286799,0.0,0.0,0.0,0.0,0.0,,,29.07732391357422,29.053457260131836,0.024181365966796875,0.0,1.3502342729771044,48.880406401237266,,[],,
105,accelerator,20,complete,3,3,0.253448566186932,0.0,velocity_derived,0.0,0.0,0.253448566186932,0.253448566186932,0.0,0.0,0.0,0.0,0.0,,,29.072349548339844,29.433670043945312,-0.36132049560546875,0.0,1.3459873490210157,49.77758524159345,,['simulator_acceleration_field_stuck'],,
105,accelerator,30,complete,3,3,0.527290879190588,0.0,velocity_derived,0.0,0.0,0.527290879190588,0.527290879190588,0.0,0.0,0.0,0.0,0.0,,,29.075519561767578,29.815401077270508,-0.7398815155029297,0.0,1.3462741900002584,49.03688599090756,,['simulator_acceleration_field_stuck'],,
105,accelerator,40,complete,3,3,0.7863894663855477,0.0,velocity_derived,0.0,0.0,0.7863894663855477,0.7863894663855477,0.0,0.0,0.0,0.0,0.0,,,29.07346534729004,30.203445434570312,-1.1192188262939453,0.0,1.3518879280018155,49.48941643403084,,['simulator_acceleration_field_stuck'],,
105,accelerator,50,complete,3,3,1.0429593149398908,0.0,velocity_derived,0.0,0.0,1.0429593149398908,1.0429593149398908,0.0,0.0,0.0,0.00012152236136891506,0.0,,,29.07244110107422,30.554405212402344,-1.48138427734375,0.0,1.3458742189977784,49.70668072879859,,['simulator_acceleration_field_stuck'],,
105,accelerator,60,complete,3,3,1.3094782932398474,0.0,velocity_derived,0.0,0.0,1.3094782932398474,1.3094782932398474,0.0,0.0,0.0,0.00012122928769289894,0.0,,,29.07352066040039,30.97170639038086,-1.8730335235595703,0.0,1.3498969359789044,49.32415824879524,,['simulator_acceleration_field_stuck'],,
105,accelerator,70,complete,3,3,1.6220979762049625,0.0,velocity_derived,0.0,0.0,1.6220979762049625,1.6220979762049625,0.0,0.0,0.0,0.0004329701632795686,8.987250687491217e-05,,,29.074848175048828,31.3786678314209,-2.3042640686035156,0.0,1.3479963570134714,48.96155665155141,,['simulator_acceleration_field_stuck'],,
105,accelerator,80,complete,3,3,2.2031962135913066,0.0,velocity_derived,0.0,0.0,2.2031962135913066,2.2031962135913066,0.0,0.0,0.0,0.0008474085040171328,0.0,,,29.07411003112793,32.12516784667969,-3.0519180297851562,0.0,1.3442472140013706,49.190213597520525,,['simulator_acceleration_field_stuck'],,
105,accelerator,90,complete,3,3,2.9115458744679787,0.0,velocity_derived,0.0,0.0,2.9115458744679787,2.9115458744679787,0.0,0.0,0.0,0.0015657139432605671,9.56348865613403e-05,,,29.074321746826172,33.025245666503906,-3.948629379272461,0.0,1.3300088479882106,49.6237300224224,,['simulator_acceleration_field_stuck'],,
105,accelerator,100,complete,3,3,3.3522271007322018,0.0,velocity_derived,0.0,0.0,3.3522271007322018,3.3522271007322018,0.0,0.0,0.0,0.002645732869061708,8.940282107698937e-05,,,29.073396682739258,33.81606674194336,-4.744709014892578,0.0,1.3478911030106246,48.965379957315264,,['simulator_acceleration_field_stuck'],,
110,accelerator,0,complete,3,3,-0.5657501885486143,0.0,velocity_derived,0.0,0.0,-0.5657501885486143,0.5657501885486143,0.0,0.5657501885486143,0.0009708197963398391,1.0300857011199065,0.9344017435096643,,,30.5128116607666,29.727886199951172,0.7850685119628906,0.0,1.3344110600010026,49.46002171171334,,['simulator_acceleration_field_stuck'],,
110,accelerator,10,complete,3,3,0.0,0.0,simulator_field,0.0,0.0,-0.03190068393782114,0.03190068393782114,0.0,0.0,0.0,0.0,0.0,,,30.465595245361328,30.42317771911621,0.04284095764160156,0.0,1.336117013997864,49.3968711636401,,[],,
110,accelerator,20,complete,3,3,0.24015507838677702,0.0,velocity_derived,0.0,0.0,0.24015507838677702,0.24015507838677702,0.0,0.0,0.0,0.0,0.0,,,30.463979721069336,30.80234718322754,-0.3367633819580078,0.0,1.3379891499935184,49.327754264912926,,['simulator_acceleration_field_stuck'],,
110,accelerator,30,complete,3,3,0.5128187692317943,0.0,velocity_derived,0.0,0.0,0.5128187692317943,0.5128187692317943,0.0,0.0,0.0,0.0,0.0,,,30.462005615234375,31.190834045410156,-0.7303237915039062,0.0,1.338165773981018,48.85660320301012,,['simulator_acceleration_field_stuck'],,
110,accelerator,40,complete,3,3,0.775161665093512,0.0,velocity_derived,0.0,0.0,0.775161665093512,0.775161665093512,0.0,0.0,0.0,0.0,0.0,,,30.461410522460938,31.54343032836914,-1.0807952880859375,0.0,1.3282197689986788,49.47090833560804,,['simulator_acceleration_field_stuck'],,
110,accelerator,50,complete,3,3,1.0324852654790488,0.0,velocity_derived,0.0,0.0,1.0324852654790488,1.0324852654790488,0.0,0.0,0.0,0.0,0.0,,,30.466310501098633,31.933998107910156,-1.4676876068115234,0.0,1.3457877860055305,49.3255201106425,,['simulator_acceleration_field_stuck'],,
110,accelerator,60,complete,3,3,1.298524463331639,0.0,velocity_derived,0.0,0.0,1.298524463331639,1.298524463331639,0.0,0.0,0.0,0.00048725242279940153,0.0,,,30.462482452392578,32.29170227050781,-1.8292083740234375,0.0,1.3400303379748948,48.6108434696385,,['simulator_acceleration_field_stuck'],,
110,accelerator,70,complete,3,3,1.601750706315701,0.0,velocity_derived,0.0,0.0,1.601750706315701,1.601750706315701,0.0,0.0,0.0,0.0003587804281553744,0.0,,,30.46450424194336,32.747764587402344,-2.2860183715820312,0.0,1.3501827620202675,49.62291171585426,,['simulator_acceleration_field_stuck'],,
110,accelerator,80,complete,3,3,2.1968608468912474,0.0,velocity_derived,0.0,0.0,2.1968608468912474,2.1968608468912474,0.0,0.0,0.0,0.000959046535415123,0.0,,,30.46419334411621,33.502418518066406,-3.0396862030029297,0.0,1.3343793509993702,49.461197035588086,,['simulator_acceleration_field_stuck'],,
110,accelerator,90,complete,3,3,2.893409464118731,0.0,velocity_derived,0.0,0.0,2.893409464118731,2.893409464118731,0.0,0.0,0.0,0.0013004513805379106,0.0,,,30.464624404907227,34.513423919677734,-4.048799514770508,0.0,1.3497717160207685,48.89715736122632,,['simulator_acceleration_field_stuck'],,
110,accelerator,100,complete,3,3,3.35371421809007,0.0,velocity_derived,0.0,0.0,3.35371421809007,3.35371421809007,0.0,0.0,0.0,0.0027319371956324528,0.0006251467697402502,,,30.465181350708008,35.19176483154297,-4.726543426513672,0.0,1.3385004150040913,49.3089126160624,,['simulator_acceleration_field_stuck'],,
115,accelerator,0,complete,3,3,-0.579292297782335,0.0,velocity_derived,0.0,0.0,-0.579292297782335,0.579292297782335,0.0,0.579292297782335,0.0016777719574653238,1.0413261971847587,0.9019033419066735,,,31.908056259155273,31.10362434387207,0.80450439453125,0.0,1.346103971998673,48.57669462674281,,['simulator_acceleration_field_stuck'],,
115,accelerator,10,complete,3,3,0.0,0.0,simulator_field,0.0,0.0,-0.04554327174006328,0.04554327174006328,0.0,0.0,0.0,0.0,0.0,,,31.858373641967773,31.797332763671875,0.06172943115234375,0.0,1.35200167199946,49.03396910729964,,[],,
115,accelerator,20,complete,3,3,0.22570328068145754,0.0,velocity_derived,0.0,0.0,0.22570328068145754,0.22570328068145754,0.0,0.0,0.0,0.0,0.0,,,31.855239868164062,32.1724853515625,-0.3172454833984375,0.0,1.3386176269850694,48.8782266149472,,['simulator_acceleration_field_stuck'],,
115,accelerator,30,complete,3,3,0.49764757496295114,0.0,velocity_derived,0.0,0.0,0.49764757496295114,0.49764757496295114,0.0,0.0,0.0,0.0,0.0,,,31.853103637695312,32.553714752197266,-0.7005882263183594,0.0,1.3476752149872482,48.89824283239101,,['simulator_acceleration_field_stuck'],,
115,accelerator,40,complete,3,3,0.7605479902578407,0.0,velocity_derived,0.0,0.0,0.7605479902578407,0.7605479902578407,0.0,0.0,0.0,0.0,0.0,,,31.855928421020508,32.93394088745117,-1.0780563354492188,0.0,1.3338075090141501,49.48240248608453,,['simulator_acceleration_field_stuck'],,
115,accelerator,50,complete,3,3,1.0262275498527578,0.0,velocity_derived,0.0,0.0,1.0262275498527578,1.0262275498527578,0.0,0.0,0.0,0.0,0.0,,,31.85492706298828,33.31753158569336,-1.4618663787841797,0.0,1.329968898993684,49.625220597217464,,['simulator_acceleration_field_stuck'],,
115,accelerator,60,complete,3,3,1.2849224445725318,0.0,velocity_derived,0.0,0.0,1.2849224445725318,1.2849224445725318,0.0,0.0,0.0,0.00024083492090036724,0.0,,,31.8538875579834,33.66434097290039,-1.8123283386230469,0.0,1.336761762999231,48.875074774351276,,['simulator_acceleration_field_stuck'],,
115,accelerator,70,complete,3,3,1.5878898419213876,0.0,velocity_derived,0.0,0.0,1.5878898419213876,1.5878898419213876,0.0,0.0,0.0,0.00047801816219927,0.0,,,31.85257339477539,34.120330810546875,-2.2675952911376953,0.0,1.3501954639796168,49.11881127979529,,['simulator_acceleration_field_stuck'],,
115,accelerator,80,complete,3,3,2.1878889040104093,0.0,velocity_derived,0.0,0.0,2.1878889040104093,2.1878889040104093,0.0,0.0,0.0,0.0007351773427158761,0.0,,,31.85478973388672,34.88368606567383,-3.0288963317871094,0.0,1.3498555819969624,48.97106382096021,,['simulator_acceleration_field_stuck'],,
115,accelerator,90,complete,3,3,2.876754204907509,0.0,velocity_derived,0.0,0.0,2.876754204907509,2.876754204907509,0.0,0.0,0.0,0.0016709188649827447,0.0,,,31.855241775512695,35.7761116027832,-3.919170379638672,0.0,1.3478632059996016,49.32881193022092,,['simulator_acceleration_field_stuck'],,
115,accelerator,100,complete,3,3,3.333720476556668,0.0,velocity_derived,0.0,0.0,3.333720476556668,3.333720476556668,0.0,0.0,0.0,0.0030818976346402736,0.0,,,31.856487274169922,36.4930419921875,-4.636554718017578,0.0,1.3479305089858826,49.70582648982961,,['simulator_acceleration_field_stuck'],,
120,accelerator,0,complete,3,3,-0.5934135434045881,0.0,velocity_derived,0.0,0.0,-0.5934135434045881,0.5934135434045881,0.0,0.5934135434045881,0.00010245551144838494,1.0886539186734898,1.0005366691854454,,,33.296714782714844,32.47308349609375,0.8236312866210938,0.0,1.349936529994011,49.631963067402324,,['simulator_acceleration_field_stuck'],,
120,accelerator,10,complete,3,3,-0.05915941228208797,0.0,velocity_derived,0.0,0.0,-0.05915941228208797,0.05915941228208797,0.0,0.05915941228208797,7.11014892837078e-05,0.11585213199369832,0.09173785500215187,,,33.24745559692383,33.167823791503906,0.07963180541992188,0.0,1.3435773859964684,49.122589206911144,,['simulator_acceleration_field_stuck'],,
120,accelerator,20,complete,3,3,0.21181148692622917,0.0,velocity_derived,0.0,0.0,0.21181148692622917,0.21181148692622917,0.0,0.0,0.0,0.0,0.0,,,33.24466323852539,33.54175567626953,-0.2976646423339844,0.0,1.3538702090154402,49.4877570640421,,['simulator_acceleration_field_stuck'],,
120,accelerator,30,complete,3,3,0.4840605653111528,0.0,velocity_derived,0.0,0.0,0.4840605653111528,0.4840605653111528,0.0,0.0,0.0,0.0,0.0,,,33.24357223510742,33.926639556884766,-0.6687202453613281,0.0,1.347780367010273,49.71136369097244,,['simulator_acceleration_field_stuck'],,
120,accelerator,40,complete,3,3,0.7464309536006939,0.0,velocity_derived,0.0,0.0,0.7464309536006939,0.7464309536006939,0.0,0.0,0.0,0.0,0.0,,,33.242008209228516,34.31746292114258,-1.0754547119140625,0.0,1.3518709529889748,49.56094355889783,,['simulator_acceleration_field_stuck'],,
120,accelerator,50,complete,3,3,1.0162210925918926,0.0,velocity_derived,0.0,0.0,1.0162210925918926,1.0162210925918926,0.0,0.0,0.0,0.0,0.0,,,33.24423599243164,34.69926071166992,-1.4578323364257812,0.0,1.3497830409905873,48.89674710356673,,['simulator_acceleration_field_stuck'],,
120,accelerator,60,complete,3,3,1.2659847806068727,0.0,velocity_derived,0.0,0.0,1.2659847806068727,1.2659847806068727,0.0,0.0,0.0,0.0002367158379261531,0.0,,,33.244606018066406,35.06578063964844,-1.8008880615234375,0.0,1.3523612819844857,48.80352674926488,,['simulator_acceleration_field_stuck'],,
120,accelerator,70,complete,3,3,1.5784661297759728,0.0,velocity_derived,0.0,0.0,1.5784661297759728,1.5784661297759728,0.0,0.0,0.0,0.0002681930914223273,0.0,,,33.24179458618164,35.491310119628906,-2.2495155334472656,0.0,1.3602376479830127,49.10596701704083,,['simulator_acceleration_field_stuck'],,
120,accelerator,80,complete,3,3,2.1795705685925726,0.0,velocity_derived,0.0,0.0,2.1795705685925726,2.1795705685925726,0.0,0.0,0.0,0.0007196208673243973,0.0,,,33.242530822753906,36.262508392333984,-3.020366668701172,0.0,1.346262236009352,49.11044999296585,,['simulator_acceleration_field_stuck'],,
120,accelerator,90,complete,3,3,2.864428866549352,0.0,velocity_derived,0.0,0.0,2.864428866549352,2.864428866549352,0.0,0.0,0.0,0.000724362720299454,0.0,,,33.24445343017578,37.206634521484375,-3.9602432250976562,0.0,1.3482066449942067,48.74291843559767,,['simulator_acceleration_field_stuck'],,
120,accelerator,100,complete,3,3,3.3154861349249205,0.0,velocity_derived,0.0,0.0,3.3154861349249205,3.3154861349249205,0.0,0.0,0.0,0.003068644282736952,0.0,,,33.249874114990234,37.936546325683594,-4.692890167236328,0.0,1.3439569989859592,49.10871408073193,,['simulator_acceleration_field_stuck'],,
125,accelerator,0,complete,3,3,-0.6087364432946861,0.0,velocity_derived,0.0,0.0,-0.6087364432946861,0.6087364432946861,0.0,0.6087364432946861,0.00019661491420452926,1.3473940885633742,0.9999055083114399,,,34.631893157958984,33.77682876586914,0.8550643920898438,0.0,1.3441223130212165,49.54843474715589,,['simulator_acceleration_field_stuck'],,
125,accelerator,10,complete,3,3,-0.07271700567186021,0.0,velocity_derived,0.0,0.0,-0.07271700567186021,0.07271700567186021,0.0,0.07271700567186021,0.0002490865180258678,0.12256941249898791,0.11927276574404831,,,34.634910583496094,34.533145904541016,0.10099029541015625,0.0,1.3439785429800395,49.85198636537687,,['simulator_acceleration_field_stuck'],,
125,accelerator,20,complete,3,3,0.19738945419929596,0.0,velocity_derived,0.0,0.0,0.19738945419929596,0.19738945419929596,0.0,0.0,0.0,0.0,0.0,,,34.63322448730469,34.91151809692383,-0.2781562805175781,0.0,1.3399907370039728,49.63204615902126,,['simulator_acceleration_field_stuck'],,
125,accelerator,30,complete,3,3,0.4699279428196108,0.0,velocity_derived,0.0,0.0,0.4699279428196108,0.4699279428196108,0.0,0.0,0.0,0.0,0.0,,,34.635047912597656,35.2960090637207,-0.6609611511230469,0.0,1.3541111910017207,49.41124569172155,,['simulator_acceleration_field_stuck'],,
125,accelerator,40,complete,3,3,0.7329123100330979,0.0,velocity_derived,0.0,0.0,0.7329123100330979,0.7329123100330979,0.0,0.0,0.0,0.0,0.0,,,34.63182067871094,35.699668884277344,-1.066741943359375,0.0,1.343827748001786,49.26228640079691,,['simulator_acceleration_field_stuck'],,
125,accelerator,50,complete,3,3,0.9991440585398849,0.0,velocity_derived,0.0,0.0,0.9991440585398849,0.9991440585398849,0.0,0.0,0.0,0.0,0.0,,,34.63359451293945,36.07167053222656,-1.4380760192871094,0.0,1.351708169997437,48.82710740745552,,['simulator_acceleration_field_stuck'],,
125,accelerator,60,complete,3,3,1.254501656546743,0.0,velocity_derived,0.0,0.0,1.254501656546743,1.254501656546743,0.0,0.0,0.0,0.0002410456604593259,0.0,,,34.63582992553711,36.41545104980469,-1.7798309326171875,0.0,1.3503731329983566,49.321318922947306,,['simulator_acceleration_field_stuck'],,
125,accelerator,70,complete,3,3,1.5586048083434851,0.0,velocity_derived,0.0,0.0,1.5586048083434851,1.5586048083434851,0.0,0.0,0.0,0.0004836774453157521,0.0,,,34.63323211669922,36.8347053527832,-2.2011680603027344,0.0,1.3562371119915042,49.40139110455171,,['simulator_acceleration_field_stuck'],,
125,accelerator,80,complete,3,3,2.169563604955168,0.0,velocity_derived,0.0,0.0,2.169563604955168,2.169563604955168,0.0,0.0,0.0,0.0007161977170735136,0.0,,,34.635433197021484,37.682769775390625,-3.051258087158203,0.0,1.3464432929758914,49.55124048377336,,['simulator_acceleration_field_stuck'],,
125,accelerator,90,complete,3,3,2.861817749444811,0.0,velocity_derived,0.0,0.0,2.861817749444811,2.861817749444811,0.0,0.0,0.0,0.0017047336173402824,0.0003636839793100575,,,34.63508224487305,38.58032989501953,-3.94500732421875,0.0,1.3500733930268325,49.41187213043478,,['simulator_acceleration_field_stuck'],,
125,accelerator,100,complete,3,3,3.3075255324058634,0.0,velocity_derived,0.0,0.0,3.3075255324058634,3.3075255324058634,0.0,0.0,0.0,0.0033379408418577894,0.00016939125774390016,,,34.63513946533203,39.24536895751953,-4.6102294921875,0.0,1.3382321460230742,49.47032774595511,,['simulator_acceleration_field_stuck'],,
130,accelerator,0,complete,3,3,-0.6228966281073361,0.0,velocity_derived,0.0,0.0,-0.6228966281073361,0.6228966281073361,0.0,0.6228966281073361,0.001018199384680174,1.1310953687927208,1.0302381998583383,,,36.02402114868164,35.158512115478516,0.8748359680175781,0.0,1.3439498789957725,49.33032211589736,,['simulator_acceleration_field_stuck'],,
130,accelerator,10,complete,3,3,-0.0861538822161643,0.0,velocity_derived,0.0,0.0,-0.0861538822161643,0.0861538822161643,0.0,0.0861538822161643,8.532788684520454e-05,0.15800377439063,0.144269993039403,,,36.03056716918945,35.913814544677734,0.11675262451171875,0.0,1.342075180989923,49.177572862436804,,['simulator_acceleration_field_stuck'],,
130,accelerator,20,complete,3,3,0.1841159521446053,0.0,velocity_derived,0.0,0.0,0.1841159521446053,0.1841159521446053,0.0,0.0,0.0,0.0,0.0,,,36.026607513427734,36.28166961669922,-0.25519561767578125,0.0,1.3279288679768797,49.15536641035853,,['simulator_acceleration_field_stuck'],,
130,accelerator,30,complete,3,3,0.455885084394188,0.0,velocity_derived,0.0,0.0,0.455885084394188,0.455885084394188,0.0,0.0,0.0,0.0,0.0,,,36.02471923828125,36.672142028808594,-0.6504631042480469,0.0,1.3418742320209276,49.54641246609082,,['simulator_acceleration_field_stuck'],,
130,accelerator,40,complete,3,3,0.7292749369998552,0.0,velocity_derived,0.0,0.0,0.7292749369998552,0.7292749369998552,0.0,0.0,0.0,0.0,0.0,,,36.02229690551758,37.05368423461914,-1.0311470031738281,0.0,1.3443898579862434,49.092902336277035,,['simulator_acceleration_field_stuck'],,
130,accelerator,50,complete,3,3,0.9886022292350979,0.0,velocity_derived,0.0,0.0,0.9886022292350979,0.9886022292350979,0.0,0.0,0.0,0.0,0.0,,,36.02415466308594,37.41997146606445,-1.3987159729003906,0.0,1.3500073709874414,49.23985143750964,,['simulator_acceleration_field_stuck'],,
130,accelerator,60,complete,3,3,1.2397220467989656,0.0,velocity_derived,0.0,0.0,1.2397220467989656,1.2397220467989656,0.0,0.0,0.0,0.00023829006632067483,0.0,,,36.025386810302734,37.785484313964844,-1.7633743286132812,0.0,1.3476774560112972,49.11987009326881,,['simulator_acceleration_field_stuck'],,
130,accelerator,70,complete,3,3,1.5520200743037416,0.0,velocity_derived,0.0,0.0,1.5520200743037416,1.5520200743037416,0.0,0.0,0.0,0.00024118382690797307,0.0,,,36.02473068237305,38.208282470703125,-2.183605194091797,0.0,1.339912074006861,48.96539176381318,,['simulator_acceleration_field_stuck'],,
130,accelerator,80,complete,3,3,2.162163694111027,0.0,velocity_derived,0.0,0.0,2.162163694111027,2.162163694111027,0.0,0.0,0.0,0.0014297265568877328,0.0,,,36.02399444580078,39.02227020263672,-2.9984130859375,0.0,1.3399210149946157,49.25663472802926,,['simulator_acceleration_field_stuck'],,
130,accelerator,90,complete,3,3,2.8463594489742188,0.0,velocity_derived,0.0,0.0,2.8463594489742188,2.8463594489742188,0.0,0.0,0.0,0.002150545589136195,0.00016872399813616136,,,36.02577590942383,39.95579528808594,-3.9300155639648438,0.0,1.349896265019197,48.677976303822454,,['simulator_acceleration_field_stuck'],,
130,accelerator,100,complete,3,3,3.2898224866373043,0.0,velocity_derived,0.0,0.0,3.2898224866373043,3.2898224866373043,0.0,0.0,0.0,0.003353051523146981,0.0004094231278108793,,,36.031070709228516,40.619346618652344,-4.593757629394531,0.0,1.343912251002621,49.85627937811299,,['simulator_acceleration_field_stuck'],,
135,accelerator,0,complete,3,3,-0.6352155960471579,0.0,velocity_derived,0.0,0.0,-0.6352155960471579,0.6352155960471579,0.0,0.6352155960471579,0.0005691454365180926,1.065688392597384,1.0532325185045415,,,37.46553039550781,36.57120132446289,0.8942794799804688,0.0,1.3402771020191722,49.243548144311944,,['simulator_acceleration_field_stuck'],,
135,accelerator,10,complete,3,3,-0.09938804415997815,0.0,velocity_derived,0.0,0.0,-0.09938804415997815,0.09938804415997815,0.0,0.09938804415997815,5.3946183710434914e-05,0.16672998183115031,0.15605822224078403,,,37.41490173339844,37.277610778808594,0.13729095458984375,0.0,1.3478288740152493,49.55119944052865,,['simulator_acceleration_field_stuck'],,
135,accelerator,20,complete,3,3,0.17026207411470767,0.0,velocity_derived,0.0,0.0,0.17026207411470767,0.17026207411470767,0.0,0.0,0.0,0.0,0.0,,,37.413597106933594,37.65147399902344,-0.23946380615234375,0.0,1.3516644129995257,48.82868807172122,,['simulator_acceleration_field_stuck'],,
135,accelerator,30,complete,3,3,0.44340163901800966,0.0,velocity_derived,0.0,0.0,0.44340163901800966,0.44340163901800966,0.0,0.0,0.0,0.0,0.0,,,37.41450119018555,38.02729034423828,-0.61279296875,0.0,1.3522098210232798,49.54265947297929,,['simulator_acceleration_field_stuck'],,
135,accelerator,40,complete,3,3,0.7118936772802059,0.0,velocity_derived,0.0,0.0,0.7118936772802059,0.7118936772802059,0.0,0.0,0.0,0.0,0.0,,,37.415061950683594,38.42377853393555,-0.9955253601074219,0.0,1.3437631879933178,48.37161828868557,,['simulator_acceleration_field_stuck'],,
135,accelerator,50,complete,3,3,0.9769633493406668,0.0,velocity_derived,0.0,0.0,0.9769633493406668,0.9769633493406668,0.0,0.0,0.0,0.0,0.0,,,37.412841796875,38.792415618896484,-1.3795433044433594,0.0,1.329793579003308,49.70848179379863,,['simulator_acceleration_field_stuck'],,
135,accelerator,60,complete,3,3,1.226977684325511,0.0,velocity_derived,0.0,0.0,1.226977684325511,1.226977684325511,0.0,0.0,0.0,0.0002413315408849494,0.0,,,37.41423416137695,39.1839599609375,-1.7277069091796875,0.0,1.355646573996637,49.41237327022897,,['simulator_acceleration_field_stuck'],,
135,accelerator,70,complete,3,3,1.5365778227019087,0.0,velocity_derived,0.0,0.0,1.5365778227019087,1.5365778227019087,0.0,0.0,0.0,0.0004824972424600842,0.0,,,37.41590118408203,39.58302688598633,-2.167125701904297,0.0,1.3359672370133922,49.16689094567531,,['simulator_acceleration_field_stuck'],,
135,accelerator,80,complete,3,3,2.15352896796379,0.0,velocity_derived,0.0,0.0,2.15352896796379,2.15352896796379,0.0,0.0,0.0,0.0007189900357850477,0.0,,,37.412086486816406,40.39980697631836,-2.9884376525878906,0.0,1.3480845050071366,49.326336176220885,,['simulator_acceleration_field_stuck'],,
135,accelerator,90,complete,3,3,2.835535094806175,0.0,velocity_derived,0.0,0.0,2.835535094806175,2.835535094806175,0.0,0.0,0.0,0.0021718537534960204,0.00042635209240334204,,,37.41530227661133,41.326560974121094,-3.8583221435546875,0.0,1.3416920919844415,49.19161437583054,,['simulator_acceleration_field_stuck'],,
135,accelerator,100,complete,3,3,3.280385180788956,0.0,velocity_derived,0.0,0.0,3.280385180788956,3.280385180788956,0.0,0.0,0.0,0.00024197930460698877,0.0,,,37.41335678100586,41.990760803222656,-4.577663421630859,0.0,1.3296254280139692,49.24162488588168,,['simulator_acceleration_field_stuck'],,
140,accelerator,0,complete,3,3,-0.6492432497418953,0.0,velocity_derived,0.0,0.0,-0.6492432497418953,0.6492432497418953,0.0,0.6492432497418953,0.00016379635770780165,1.083847958081112,1.0124114325683793,,,38.854095458984375,37.92877197265625,0.9140129089355469,0.0,1.3420304449973628,49.17921217512297,,['simulator_acceleration_field_stuck'],,
140,accelerator,10,complete,3,3,-0.11373941202035401,0.0,velocity_derived,0.0,0.0,-0.11373941202035401,0.11373941202035401,0.0,0.11373941202035401,0.00012777136078723217,0.20633799810210243,0.18961360704017616,,,38.80253982543945,38.645172119140625,0.15736770629882812,0.0,1.3497894819884095,49.193689329622394,,['simulator_acceleration_field_stuck'],,
140,accelerator,20,complete,3,3,0.15669618741422095,0.0,velocity_derived,0.0,0.0,0.15669618741422095,0.15669618741422095,0.0,0.0,0.0,0.0,0.0,,,38.804237365722656,39.02619552612305,-0.22318649291992188,0.0,1.3500975180068053,49.347239503259736,,['simulator_acceleration_field_stuck'],,
140,accelerator,30,complete,3,3,0.4291936738708126,0.0,velocity_derived,0.0,0.0,0.4291936738708126,0.4291936738708126,0.0,0.0,0.0,0.0,0.0,,,38.801307678222656,39.411888122558594,-0.5935401916503906,0.0,1.3381216709967703,49.77489950284108,,['simulator_acceleration_field_stuck'],,
140,accelerator,40,complete,3,3,0.700532970034674,0.0,velocity_derived,0.0,0.0,0.700532970034674,0.700532970034674,0.0,0.0,0.0,0.0,0.0,,,38.802608489990234,39.7928581237793,-0.9882011413574219,0.0,1.3324887469934765,49.56044187006859,,['simulator_acceleration_field_stuck'],,
140,accelerator,50,complete,3,3,0.9596567733012904,0.0,velocity_derived,0.0,0.0,0.9596567733012904,0.9596567733012904,0.0,0.0,0.0,0.0,0.0,,,38.80290222167969,40.16352081298828,-1.3606185913085938,0.0,1.3379304120026063,49.32991985824703,,['simulator_acceleration_field_stuck'],,
140,accelerator,60,complete,3,3,1.215950939463578,0.0,velocity_derived,0.0,0.0,1.215950939463578,1.215950939463578,0.0,0.0,0.0,0.00047844395302876344,0.0,,,38.805301666259766,40.544219970703125,-1.7387733459472656,0.0,1.3478736209799536,49.70792436110482,,['simulator_acceleration_field_stuck'],,
140,accelerator,70,complete,3,3,1.518252017970693,0.0,velocity_derived,0.0,0.0,1.518252017970693,1.518252017970693,0.0,0.0,0.0,0.00048332583753978714,0.0,,,38.80390167236328,40.954105377197266,-2.1509933471679688,0.0,1.332039788016118,49.3253591271849,,['simulator_acceleration_field_stuck'],,
140,accelerator,80,complete,3,3,2.147753077010774,0.0,velocity_derived,0.0,0.0,2.147753077010774,2.147753077010774,0.0,0.0,0.0,0.0011788991705560376,0.0,,,38.80375289916992,41.78173828125,-2.9792633056640625,0.0,1.3459006439952645,48.88989627421084,,['simulator_acceleration_field_stuck'],,
140,accelerator,90,complete,3,3,2.8194738437394995,0.0,velocity_derived,0.0,0.0,2.8194738437394995,2.8194738437394995,0.0,0.0,0.0,0.001920824660298249,0.0004508327740765467,,,38.804039001464844,42.64870834350586,-3.8446693420410156,0.0,1.3478672029741574,49.47800509706965,,['simulator_acceleration_field_stuck'],,
140,accelerator,100,complete,3,3,3.2695138570044477,0.0,velocity_derived,0.0,0.0,3.2695138570044477,3.2695138570044477,0.0,0.0,0.0,0.0012082876511943764,0.0,,,38.80619812011719,43.35242462158203,-4.546226501464844,0.0,1.3465466529887635,49.09885220503332,,['simulator_acceleration_field_stuck'],,
145,accelerator,0,complete,3,3,-0.6625337151869639,0.0,velocity_derived,0.0,0.0,-0.6625337151869639,0.6625337151869639,0.0,0.6625337151869639,0.0015584447542550395,1.3147359700032404,1.0978193066010395,,,40.24064254760742,39.33329391479492,0.9073486328125,0.0,1.3201859760156367,49.23548740926037,,['simulator_acceleration_field_stuck'],,
145,accelerator,10,complete,3,3,-0.12666203448269253,0.0,velocity_derived,0.0,0.0,-0.12666203448269253,0.12666203448269253,0.0,0.12666203448269253,0.0001060223992440934,0.21292245477878124,0.2109776281486167,,,40.1954231262207,40.02039337158203,0.17502975463867188,0.0,1.3461315970052965,49.77225120415651,,['simulator_acceleration_field_stuck'],,
145,accelerator,20,complete,3,3,0.14236573185208648,0.0,velocity_derived,0.0,0.0,0.14236573185208648,0.14236573185208648,0.0,0.0,0.0,0.0,0.0,,,40.19181823730469,40.393409729003906,-0.20335006713867188,0.0,1.3578793269989546,49.34164521679295,,['simulator_acceleration_field_stuck'],,
145,accelerator,30,complete,3,3,0.4162740253797721,0.0,velocity_derived,0.0,0.0,0.4162740253797721,0.4162740253797721,0.0,0.0,0.0,0.0,0.0,,,40.19131088256836,40.776268005371094,-0.5822067260742188,0.0,1.3463503190141637,49.02141669066272,,['simulator_acceleration_field_stuck'],,
145,accelerator,40,complete,3,3,0.6842212488698329,0.0,velocity_derived,0.0,0.0,0.6842212488698329,0.6842212488698329,0.0,0.0,0.0,0.0,0.0,,,40.19198989868164,41.17392349243164,-0.981597900390625,0.0,1.330592507001711,49.67915119180555,,['simulator_acceleration_field_stuck'],,
145,accelerator,50,complete,3,3,0.9473755821220959,0.0,velocity_derived,0.0,0.0,0.9473755821220959,0.9473755821220959,0.0,0.0,0.0,0.0,0.0,,,40.1953010559082,41.537689208984375,-1.3421897888183594,0.0,1.3238619380281307,49.09877543334796,,['simulator_acceleration_field_stuck'],,
145,accelerator,60,complete,3,3,1.2167094240481062,0.0,velocity_derived,0.0,0.0,1.2167094240481062,1.2167094240481062,0.0,0.0,0.0,0.00024013793670239024,0.0,,,40.1960334777832,41.948081970214844,-1.7519149780273438,0.0,1.3574535730003845,49.26450407961976,,['simulator_acceleration_field_stuck'],,
145,accelerator,70,complete,3,3,1.5113985668150516,0.0,velocity_derived,0.0,0.0,1.5113985668150516,1.5113985668150516,0.0,0.0,0.0,0.0007196356203395172,0.0,,,40.19618606567383,42.30006408691406,-2.1043663024902344,0.0,1.3403008960012812,49.242673937552084,,['simulator_acceleration_field_stuck'],,
145,accelerator,80,complete,3,3,2.1350173732246818,0.0,velocity_derived,0.0,0.0,2.1350173732246818,2.1350173732246818,0.0,0.0,0.0,0.001927245150190513,0.0,,,40.194435119628906,43.12113571166992,-2.9287490844726562,0.0,1.3479222419846337,48.2223662281114,,['simulator_acceleration_field_stuck'],,
145,accelerator,90,complete,3,3,2.810077917409444,0.0,velocity_derived,0.0,0.0,2.810077917409444,2.810077917409444,0.0,0.0,0.0,0.002146425492422894,0.0,,,40.19400405883789,44.06848907470703,-3.872344970703125,0.0,1.3267179999966174,49.74681884180984,,['simulator_acceleration_field_stuck'],,
145,accelerator,100,complete,3,3,3.259468511810592,0.0,velocity_derived,0.0,0.0,3.259468511810592,3.259468511810592,0.0,0.0,0.0,0.0038314036178613725,0.0,,,40.19108581542969,44.7333869934082,-4.542270660400391,0.0,1.3320087119936943,49.01709839775768,,['simulator_acceleration_field_stuck'],,
150,accelerator,0,complete,3,3,-0.6782106591382955,0.0,velocity_derived,0.0,0.0,-0.6782106591382955,0.6782106591382955,0.0,0.6782106591382955,0.0007495704170126238,1.2077399098014674,1.0465879498598314,,,41.62509536743164,40.672019958496094,0.9530754089355469,0.0,1.3500011840078514,48.44846624007032,,['simulator_acceleration_field_stuck'],,
150,accelerator,10,complete,3,3,-0.14038336737294696,0.0,velocity_derived,0.0,0.0,-0.14038336737294696,0.14038336737294696,0.0,0.14038336737294696,6.236627041270038e-05,0.2539569336173867,0.2344317198834378,,,41.5860710144043,41.392276763916016,0.19380950927734375,0.0,1.3459595830063336,49.31425439661035,,['simulator_acceleration_field_stuck'],,
150,accelerator,20,complete,3,3,0.12873622543715563,0.0,velocity_derived,0.0,0.0,0.12873622543715563,0.12873622543715563,0.0,0.0,0.0,0.0,0.0,,,41.58379364013672,41.76478576660156,-0.18099212646484375,0.0,1.3458759399945848,49.48747546326737,,['simulator_acceleration_field_stuck'],,
150,accelerator,30,complete,3,3,0.3993433542996834,0.0,velocity_derived,0.0,0.0,0.3993433542996834,0.3993433542996834,0.0,0.0,0.0,0.0,0.0,,,41.584259033203125,42.13886260986328,-0.5546035766601562,0.0,1.3501541609875858,48.883306741597224,,['simulator_acceleration_field_stuck'],,
150,accelerator,40,complete,3,3,0.6737986859666979,0.0,velocity_derived,0.0,0.0,0.6737986859666979,0.6737986859666979,0.0,0.0,0.0,0.0,0.0,,,41.58547592163086,42.54186248779297,-0.9428901672363281,0.0,1.34972187699168,49.19682905381429,,['simulator_acceleration_field_stuck'],,
150,accelerator,50,complete,3,3,0.9317897785449566,0.0,velocity_derived,0.0,0.0,0.9317897785449566,0.9317897785449566,0.0,0.0,0.0,0.00024173022257613808,0.0,,,41.5836181640625,42.907142639160156,-1.3235397338867188,0.0,1.357865204976406,49.323671201949956,,['simulator_acceleration_field_stuck'],,
150,accelerator,60,complete,3,3,1.201651185050933,0.0,velocity_derived,0.0,0.0,1.201651185050933,1.201651185050933,0.0,0.0,0.0,0.00024188488054994472,0.0,,,41.58494186401367,43.30673599243164,-1.6836471557617188,0.0,1.3389168340072501,48.58628172170591,,['simulator_acceleration_field_stuck'],,
150,accelerator,70,complete,3,3,1.4929796148652386,0.0,velocity_derived,0.0,0.0,1.4929796148652386,1.4929796148652386,0.0,0.0,0.0,0.0,0.0,,,41.585205078125,43.70224380493164,-2.116790771484375,0.0,1.3558893720037304,49.41406089863183,,['simulator_acceleration_field_stuck'],,
150,accelerator,80,complete,3,3,2.134889172409279,0.0,velocity_derived,0.0,0.0,2.134889172409279,2.134889172409279,0.0,0.0,0.0,0.0009716155614433714,0.00016746893091607883,,,41.58368682861328,44.548004150390625,-2.9636878967285156,0.0,1.359917002992006,48.815094856438044,,['simulator_acceleration_field_stuck'],,
150,accelerator,90,complete,3,3,2.803043413223874,0.0,velocity_derived,0.0,0.0,2.803043413223874,2.803043413223874,0.0,0.0,0.0,0.0007212556376550462,0.0,,,41.584754943847656,45.45750427246094,-3.8719482421875,0.0,1.3436532909981906,48.88979479862092,,['simulator_acceleration_field_stuck'],,
150,accelerator,100,complete,3,3,3.2461381259463145,0.0,velocity_derived,0.0,0.0,3.2461381259463145,3.2461381259463145,0.0,0.0,0.0,0.0,0.0,,,41.58414077758789,46.103431701660156,-4.519290924072266,0.0,1.3421548469923437,49.16008827180833,,['simulator_acceleration_field_stuck'],,
155,accelerator,0,complete,3,3,-0.6904861026959428,0.0,velocity_derived,0.0,0.0,-0.6904861026959428,0.6904861026959428,0.0,0.6904861026959428,0.0012909363820343689,1.393856969923068,1.149761301116834,,,43.02436828613281,42.065120697021484,0.9590415954589844,0.0,1.3398547589895315,48.780719682373075,,['simulator_acceleration_field_stuck'],,
155,accelerator,10,complete,3,3,-0.15389209119987526,0.0,velocity_derived,0.0,0.0,-0.15389209119987526,0.15389209119987526,0.0,0.15389209119987526,0.00014489035420320318,0.2823362060082523,0.23189436823669762,,,42.974327087402344,42.75857162475586,0.21575546264648438,0.0,1.3498835169884842,48.35290497202131,,['simulator_acceleration_field_stuck'],,
155,accelerator,20,complete,3,3,0.11520857943087044,0.0,velocity_derived,0.0,0.0,0.11520857943087044,0.11520857943087044,0.0,0.0,0.0,0.0,0.0,,,42.970909118652344,43.13324737548828,-0.16172409057617188,0.0,1.3380503279913682,48.28540509865334,,['simulator_acceleration_field_stuck'],,
155,accelerator,30,complete,3,3,0.3864835281532919,0.0,velocity_derived,0.0,0.0,0.3864835281532919,0.3864835281532919,0.0,0.0,0.0,0.0,0.0,,,42.9717903137207,43.516056060791016,-0.5432357788085938,0.0,1.3441656799986959,49.10563695048428,,['simulator_acceleration_field_stuck'],,
155,accelerator,40,complete,3,3,0.6583841172272834,0.0,velocity_derived,0.0,0.0,0.6583841172272834,0.6583841172272834,0.0,0.0,0.0,0.0,0.0,,,42.97185516357422,43.89938735961914,-0.9275321960449219,0.0,1.3379171670239884,49.77677774804142,,['simulator_acceleration_field_stuck'],,
155,accelerator,50,complete,3,3,0.9187210446434335,0.0,velocity_derived,0.0,0.0,0.9187210446434335,0.9187210446434335,0.0,0.0,0.0,0.0,0.0,,,42.97465515136719,44.26148223876953,-1.2867393493652344,0.0,1.3438599700166378,49.62220618348709,,['simulator_acceleration_field_stuck'],,
155,accelerator,60,complete,3,3,1.1880238455897054,0.0,velocity_derived,0.0,0.0,1.1880238455897054,1.1880238455897054,0.0,0.0,0.0,0.00024329121576900092,0.0,,,42.97183609008789,44.63214111328125,-1.6596183776855469,0.0,1.3199708110187203,49.24351315756341,,['simulator_acceleration_field_stuck'],,
155,accelerator,70,complete,3,3,1.4835768654525068,0.0,velocity_derived,0.0,0.0,1.4835768654525068,1.4835768654525068,0.0,0.0,0.0,0.0004239290626360381,0.0,,,42.97412872314453,45.101478576660156,-2.071197509765625,0.0,1.3504039270046633,48.79969591480991,,['simulator_acceleration_field_stuck'],,
155,accelerator,80,complete,3,3,2.127000631532434,0.0,velocity_derived,0.0,0.0,2.127000631532434,2.127000631532434,0.0,0.0,0.0,0.001204235579658381,0.0,,,42.97309112548828,45.97193908691406,-2.99853515625,0.0,1.3444034720014315,49.10691464101344,,['simulator_acceleration_field_stuck'],,
155,accelerator,90,complete,3,3,2.7888754635797746,0.0,velocity_derived,0.0,0.0,2.7888754635797746,2.7888754635797746,0.0,0.0,0.0,0.002169071855751161,0.0,,,42.9713134765625,46.828102111816406,-3.857837677001953,0.0,1.322312939009862,49.24822937775384,,['simulator_acceleration_field_stuck'],,
155,accelerator,100,complete,3,3,3.23483869850917,0.0,velocity_derived,0.0,0.0,3.23483869850917,3.23483869850917,0.0,0.0,0.0,0.004301145329325718,0.00023820829348887207,,,42.971275329589844,47.47444152832031,-4.5038909912109375,0.0,1.344023504992947,49.106284045490966,,['simulator_acceleration_field_stuck'],,
160,accelerator,0,complete,3,3,-0.7055651602871483,0.0,velocity_derived,0.0,0.0,-0.7055651602871483,0.7055651602871483,0.0,0.7055651602871483,0.0009906123853631321,1.5193110529014702,1.1780777313880308,,,44.40692901611328,43.41436004638672,0.9785652160644531,0.0,1.3397962170129176,49.26122283517663,,['simulator_acceleration_field_stuck'],,
160,accelerator,10,complete,3,3,-0.1678039953547773,0.0,velocity_derived,0.0,0.0,-0.1678039953547773,0.1678039953547773,0.0,0.1678039953547773,0.0003705825973172594,0.35730601828998687,0.2781732574372588,,,44.36274337768555,44.13654327392578,0.22620010375976562,0.0,1.3320056409866083,49.3951985778587,,['simulator_acceleration_field_stuck'],,
160,accelerator,20,complete,3,3,0.10060776075949139,0.0,velocity_derived,0.0,0.0,0.10060776075949139,0.10060776075949139,0.0,0.0,0.0,0.0,0.0,,,44.36130142211914,44.50358963012695,-0.14212799072265625,0.0,1.3343036369769834,49.315852670174976,,['simulator_acceleration_field_stuck'],,
160,accelerator,30,complete,3,3,0.3719421308162408,0.0,velocity_derived,0.0,0.0,0.3719421308162408,0.3719421308162408,0.0,0.0,0.0,0.0,0.0,,,44.36347579956055,44.88712692260742,-0.523651123046875,0.0,1.3400263340154197,49.25276341564832,,['simulator_acceleration_field_stuck'],,
160,accelerator,40,complete,3,3,0.6465092376366467,0.0,velocity_derived,0.0,0.0,0.6465092376366467,0.6465092376366467,0.0,0.0,0.0,0.0,0.0,,,44.3593864440918,45.26715850830078,-0.9077835083007812,0.0,1.3416711569880135,49.63510037795874,,['simulator_acceleration_field_stuck'],,
160,accelerator,50,complete,3,3,0.9044268117468047,0.0,velocity_derived,0.0,0.0,0.9044268117468047,0.9044268117468047,0.0,0.0,0.0,0.00024083951297661238,0.0,,,44.36213302612305,45.66845703125,-1.3065338134765625,0.0,1.330290376994526,49.61322816535083,,['simulator_acceleration_field_stuck'],,
160,accelerator,60,complete,3,4,1.1775993363636206,0.0,velocity_derived,0.0,0.0,1.1775993363636206,1.1775993363636206,0.0,0.0,0.0,0.0002409096602614121,0.0,,,44.3632926940918,46.027259826660156,-1.6639671325683594,0.0,1.351917849999154,49.0480750333951,,"['simulator_acceleration_field_stuck', 'stale_sample_gap']",,
160,accelerator,70,complete,3,3,1.4653030177525377,0.0,velocity_derived,0.0,0.0,1.4653030177525377,1.4653030177525377,0.0,0.0,0.0,0.0007285760187788571,0.0,,,44.363277435302734,46.4728889465332,-2.111492156982422,0.0,1.3478769909997936,48.965892615352246,,['simulator_acceleration_field_stuck'],,
160,accelerator,80,complete,3,3,2.1217624862155096,0.0,velocity_derived,0.0,0.0,2.1217624862155096,2.1217624862155096,0.0,0.0,0.0,0.0012639561076892493,0.00018099320573997237,,,44.36083221435547,47.34511947631836,-2.9842872619628906,0.0,1.3382338759838603,49.01971771218114,,['simulator_acceleration_field_stuck'],,
160,accelerator,90,complete,3,3,2.7723711193649363,0.0,velocity_derived,0.0,0.0,2.7723711193649363,2.7723711193649363,0.0,0.0,0.0,0.0021889195714416836,0.0,,,44.360130310058594,48.135963439941406,-3.775970458984375,0.0,1.3421609700017143,48.538342462973404,,['simulator_acceleration_field_stuck'],,
160,accelerator,100,complete,3,3,3.2068905600490623,0.0,velocity_derived,0.0,0.0,3.2068905600490623,3.2068905600490623,0.0,0.0,0.0,0.004361628515016045,0.00024191798066250104,,,44.36146545410156,48.823726654052734,-4.462261199951172,0.0,1.3462462949973997,48.87900730575705,,['simulator_acceleration_field_stuck'],,
165,accelerator,0,complete,3,3,-0.717787539519388,0.0,velocity_derived,0.0,0.0,-0.717787539519388,0.717787539519388,0.0,0.717787539519388,0.0010457244888897321,1.288814612992077,1.194747083224001,,,45.750343322753906,44.752567291259766,0.9977760314941406,0.0,1.3481243049900513,49.54189478669178,,['simulator_acceleration_field_stuck'],,
165,accelerator,10,complete,3,3,-0.18091369145460864,0.0,velocity_derived,0.0,0.0,-0.18091369145460864,0.18091369145460864,0.0,0.18091369145460864,0.0005433374743223363,0.33183806339065475,0.3024946783261945,,,45.756919860839844,45.510128021240234,0.2513618469238281,0.0,1.361619092989713,49.206125519940976,,['simulator_acceleration_field_stuck'],,
165,accelerator,20,complete,3,3,0.08685191503185344,0.0,velocity_derived,0.0,0.0,0.08685191503185344,0.08685191503185344,0.0,0.0,0.0,0.0,0.0,,,45.7508544921875,45.8723030090332,-0.12093734741210938,0.0,1.337837701983517,49.77178255918648,,['simulator_acceleration_field_stuck'],,
165,accelerator,30,complete,3,3,0.359703354494507,0.0,velocity_derived,0.0,0.0,0.359703354494507,0.359703354494507,0.0,0.0,0.0,0.0,0.0,,,45.752342224121094,46.249549865722656,-0.4971809387207031,0.0,1.3402282080205623,48.89198827919448,,['simulator_acceleration_field_stuck'],,
165,accelerator,40,complete,3,3,0.632608058315502,0.0,velocity_derived,0.0,0.0,0.632608058315502,0.632608058315502,0.0,0.0,0.0,0.0,0.0,,,45.74847412109375,46.63761520385742,-0.889251708984375,0.0,1.3537971189944074,49.4155226393205,,['simulator_acceleration_field_stuck'],,
165,accelerator,50,complete,3,3,0.891974494025285,0.0,velocity_derived,0.0,0.0,0.891974494025285,0.891974494025285,0.0,0.0,0.0,0.00024294309050505532,0.0,,,45.751014709472656,47.04100036621094,-1.2782440185546875,0.0,1.3499351459904574,48.89123762428995,,['simulator_acceleration_field_stuck'],,
165,accelerator,60,complete,3,3,1.1591015822865345,0.0,velocity_derived,0.0,0.0,1.1591015822865345,1.1591015822865345,0.0,0.0,0.0,0.00047361297891504987,0.0,,,45.750450134277344,47.391258239746094,-1.6421432495117188,0.0,1.3460060810029972,48.2910151130701,,['simulator_acceleration_field_stuck'],,
165,accelerator,70,complete,3,3,1.447916729626936,0.0,velocity_derived,0.0,0.0,1.447916729626936,1.447916729626936,0.0,0.0,0.0,0.0009491891595489489,0.0,,,45.754180908203125,47.81431579589844,-2.0601348876953125,0.0,1.3387317199958488,49.30039306172909,,['simulator_acceleration_field_stuck'],,
165,accelerator,80,complete,3,3,2.069006357064231,0.0,velocity_derived,0.0,0.0,2.069006357064231,2.069006357064231,0.0,0.0,0.0,0.001202944128661923,0.0001920485473502568,,,45.75432205200195,48.66712951660156,-2.8753662109375,0.0,1.3321429359784815,49.08919714782134,,['simulator_acceleration_field_stuck'],,
165,accelerator,90,complete,3,3,2.7202682990920475,0.0,velocity_derived,0.0,0.0,2.7202682990920475,2.7202682990920475,0.0,0.0,0.0,0.0023572132319188044,0.0,,,45.75402069091797,49.525123596191406,-3.7711029052734375,0.0,1.3262502399738878,49.107007337732135,,['simulator_acceleration_field_stuck'],,
165,accelerator,100,complete,3,4,3.1422373247262243,0.0,velocity_derived,0.0,0.0,3.1422373247262243,3.1422373247262243,0.0,0.0,0.0,0.004139702712166633,0.0,,,45.75408172607422,50.15749740600586,-4.402458190917969,0.0,1.3437026419851463,49.632917313597595,,"['simulator_acceleration_field_stuck', 'stale_sample_gap']",,
170,accelerator,0,complete,3,3,-0.7348914041875015,0.0,velocity_derived,0.0,0.0,-0.7348914041875015,0.7348914041875015,0.0,0.7348914041875015,0.0008139796678200417,1.323287317048941,1.214384523400481,,,47.14244079589844,46.13597869873047,1.0026130676269531,0.0,1.3480669069977012,48.79682817853951,,['simulator_acceleration_field_stuck'],,
170,accelerator,10,complete,3,3,-0.19470433158918043,0.0,velocity_derived,0.0,0.0,-0.19470433158918043,0.19470433158918043,0.0,0.19470433158918043,0.00017214589419781157,0.3295447752147487,0.3236124667504095,,,47.14436340332031,46.878265380859375,0.2690544128417969,0.0,1.3460237790131941,49.46906416171083,,['simulator_acceleration_field_stuck'],,
170,accelerator,20,complete,3,3,0.07212876709301479,0.0,velocity_derived,0.0,0.0,0.07212876709301479,0.07212876709301479,0.0,0.0,0.0,0.0,0.0,,,47.13917922973633,47.240386962890625,-0.10059356689453125,0.0,1.3458987530029844,49.335613928749055,,['simulator_acceleration_field_stuck'],,
170,accelerator,30,complete,3,3,0.34245460670672534,0.0,velocity_derived,0.0,0.0,0.34245460670672534,0.34245460670672534,0.0,0.0,0.0,0.0,0.0,,,47.14276885986328,47.62321090698242,-0.4792976379394531,0.0,1.3427008729777299,49.11094489952034,,['simulator_acceleration_field_stuck'],,
170,accelerator,40,complete,3,3,0.611735495643633,0.0,velocity_derived,0.0,0.0,0.611735495643633,0.611735495643633,0.0,0.0,0.0,0.0,0.0,,,47.14002227783203,47.99964141845703,-0.8593673706054688,0.0,1.3398351969954092,49.25978967264445,,['simulator_acceleration_field_stuck'],,
170,accelerator,50,complete,3,3,0.8793494698545863,0.0,velocity_derived,0.0,0.0,0.8793494698545863,0.8793494698545863,0.0,0.0,0.0,0.00023905987239292904,0.0,,,47.14210510253906,48.39504623413086,-1.2529411315917969,0.0,1.3438800789881498,49.11152492839503,,['simulator_acceleration_field_stuck'],,
170,accelerator,60,complete,3,3,1.1252862481888406,0.0,velocity_derived,0.0,0.0,1.1252862481888406,1.1252862481888406,0.0,0.0,0.0,0.000235931900713523,0.0,,,47.13982391357422,48.7430305480957,-1.6031532287597656,0.0,1.3338878710055724,49.376743048255605,,['simulator_acceleration_field_stuck'],,
170,accelerator,70,complete,3,3,1.4222518532964379,0.0,velocity_derived,0.0,0.0,1.4222518532964379,1.4222518532964379,0.0,0.0,0.0,0.000238566385801852,0.0,,,47.14128875732422,49.20588684082031,-2.0649757385253906,0.0,1.3459080170141533,48.29453363700149,,['simulator_acceleration_field_stuck'],,
170,accelerator,80,complete,3,3,1.9843243942001585,0.0,velocity_derived,0.0,0.0,1.9843243942001585,1.9843243942001585,0.0,0.0,0.0,0.0009651508647800568,0.0,,,47.142574310302734,49.868255615234375,-2.7256813049316406,0.0,1.3358769589976873,48.311920941473026,,['simulator_acceleration_field_stuck'],,
170,accelerator,90,complete,3,3,2.646977456377495,0.0,velocity_derived,0.0,0.0,2.646977456377495,2.646977456377495,0.0,0.0,0.0,0.002151260857284148,0.00018348796910222677,,,47.14320755004883,50.8067741394043,-3.6639480590820312,0.0,1.3520152189885266,48.974641361335394,,['simulator_acceleration_field_stuck'],,
170,accelerator,100,complete,3,3,2.9178575083705494,0.0,velocity_derived,0.0,0.0,2.9178575083705494,2.9178575083705494,0.0,0.0,0.0,0.002383241282657069,0.0,,,47.14289474487305,50.967830657958984,-3.8249359130859375,0.0,1.3440229579864535,48.14637407973636,,['simulator_acceleration_field_stuck'],,
175,accelerator,0,complete,3,3,-0.7451634663766755,0.0,velocity_derived,0.0,0.0,-0.7451634663766755,0.7451634663766755,0.0,0.7451634663766755,0.0010789359161491596,1.6280549768983872,1.2362650917848215,,,48.533538818359375,47.496952056884766,1.0365524291992188,0.0,1.335798601998249,48.66002996467068,,['simulator_acceleration_field_stuck'],,
175,accelerator,10,complete,3,3,-0.2101834712917533,0.0,velocity_derived,0.0,0.0,-0.2101834712917533,0.2110837201630074,0.0,0.2101834712917533,0.000900248871254089,0.4821944366801118,0.3515849090249179,,,48.53129577636719,48.23738479614258,0.29203033447265625,0.0,1.355813948001014,48.96433298876931,,['simulator_acceleration_field_stuck'],,
175,accelerator,20,complete,3,3,0.05138570138091115,0.0,velocity_derived,0.0,0.0,0.05138570138091115,0.05138570138091115,0.0,0.0,0.0,0.0,0.0,,,48.52829360961914,48.60243606567383,-0.07413482666015625,0.0,1.3428656620089896,49.32055709049364,,['simulator_acceleration_field_stuck'],,
175,accelerator,30,complete,3,4,0.31776226969597565,0.0,velocity_derived,0.0,0.0,0.31776226969597565,0.31776226969597565,0.0,0.0,0.0,0.0,0.0,,,48.531410217285156,48.980533599853516,-0.45317840576171875,0.0,1.3418676059809513,48.43995019350867,,"['simulator_acceleration_field_stuck', 'stale_sample_gap']",,
175,accelerator,40,complete,3,3,0.5834812660085761,0.0,velocity_derived,0.0,0.0,0.5834812660085761,0.5834812660085761,0.0,0.0,0.0,0.0,0.0,,,48.528465270996094,49.36021041870117,-0.8324241638183594,0.0,1.3437550549861044,48.87990291618819,,['simulator_acceleration_field_stuck'],,
175,accelerator,50,complete,3,3,0.8450578766171368,0.0,velocity_derived,0.0,0.0,0.8450578766171368,0.8450578766171368,0.0,0.0,0.0,0.0,0.0,,,48.53044891357422,49.73366165161133,-1.2013931274414062,0.0,1.340363334020367,49.240380070704866,,['simulator_acceleration_field_stuck'],,
175,accelerator,60,complete,3,3,1.0957270454196173,0.0,velocity_derived,0.0,0.0,1.0957270454196173,1.0957270454196173,0.0,0.0,0.0,0.00023616460919746341,0.0,,,48.53132629394531,50.08800506591797,-1.5566787719726562,0.0,1.3315019559813663,49.56808339898799,,['simulator_acceleration_field_stuck'],,
175,accelerator,70,complete,3,3,1.3876082151946916,0.0,velocity_derived,0.0,0.0,1.3876082151946916,1.3876082151946916,0.0,0.0,0.0,0.000721826204436786,0.0,,,48.5268440246582,50.49098205566406,-1.9611778259277344,0.0,1.3542572419974022,49.47361396508487,,['simulator_acceleration_field_stuck'],,
175,accelerator,80,complete,3,3,1.812532319144773,0.0,velocity_derived,0.0,0.0,1.812532319144773,1.812532319144773,0.0,0.0,0.0,0.0002386365288398641,0.0,,,48.530517578125,50.95853042602539,-2.428253173828125,0.0,1.3499717340164352,48.804138658196386,,['simulator_acceleration_field_stuck'],,
175,accelerator,90,complete,3,3,1.927399368944083,0.0,velocity_derived,0.0,0.0,1.927399368944083,1.927399368944083,0.0,0.0,0.0,0.0014655791180260738,0.0,,,48.53164291381836,51.09614944458008,-2.56329345703125,0.0,1.3420759850123432,48.29968723707679,,['simulator_acceleration_field_stuck'],,
175,accelerator,100,complete,3,3,1.8703798193645802,0.0,velocity_derived,0.0,0.0,1.8703798193645802,1.8703798193645802,0.0,0.0,0.0,0.003653981986007082,0.0,,,48.53235626220703,51.12685775756836,-2.5928115844726562,0.0,1.3481531649886165,49.17438828498999,,['simulator_acceleration_field_stuck'],,
180,accelerator,0,complete,3,3,-0.7608082676155224,0.0,velocity_derived,0.0,0.0,-0.7608082676155224,0.7608082676155224,0.0,0.7608082676155224,0.000247908021876464,1.27194488982401,1.1628398707469172,,,49.922279357910156,48.88149642944336,1.0547332763671875,0.0,1.3542374329990707,48.13851449058207,,['simulator_acceleration_field_stuck'],,
180,accelerator,10,complete,3,3,-0.228442836538853,0.0,velocity_derived,0.0,0.0,-0.228442836538853,0.228442836538853,0.0,0.228442836538853,0.00011253297560664954,0.45966034975450853,0.34953024528775894,,,49.922401428222656,49.60700988769531,0.3154716491699219,0.0,1.3502822830050718,48.87866843154906,,['simulator_acceleration_field_stuck'],,
180,accelerator,20,complete,3,3,0.0,0.0,simulator_field,0.0,0.0,0.03080689099465931,0.03080689099465931,0.0,0.0,0.0,0.0,0.0,,,49.92087173461914,49.96430969238281,-0.04444122314453125,0.0,1.3366389489965513,47.86633799047783,,[],,
180,accelerator,30,complete,3,3,0.293321500191155,0.0,velocity_derived,0.0,0.0,0.293321500191155,0.293321500191155,0.0,0.0,0.0,0.0,0.0,,,49.920997619628906,50.33317947387695,-0.4134407043457031,0.0,1.3378073780040722,47.83947304542761,,['simulator_acceleration_field_stuck'],,
180,accelerator,40,complete,3,3,0.5564883637868481,0.0,velocity_derived,0.0,0.0,0.5564883637868481,0.5564883637868481,0.0,0.0,0.0,0.0,0.0,,,49.92336654663086,50.716121673583984,-0.7835693359375,0.0,1.3362705670006108,48.64284345190572,,['simulator_acceleration_field_stuck'],,
180,accelerator,50,complete,3,3,0.8065991118847916,0.0,velocity_derived,0.0,0.0,0.8065991118847916,0.8065991118847916,0.0,0.0,0.0,0.0002462399922310561,0.0,,,49.923179626464844,51.038822174072266,-1.1191253662109375,0.0,1.3478802739991806,48.28453557951749,,['simulator_acceleration_field_stuck'],,
180,accelerator,60,complete,3,3,0.8725246720349635,0.0,velocity_derived,0.0,0.0,0.8725246720349635,0.8725246720349635,0.0,0.0,0.0,0.0004802145070486359,0.0,,,49.96122741699219,51.13148880004883,-1.1702613830566406,0.0,1.344399837020319,48.28061000670677,,['simulator_acceleration_field_stuck'],,
180,accelerator,70,complete,3,3,0.8624659955906696,0.0,velocity_derived,0.0,0.0,0.8624659955906696,0.8624659955906696,0.0,0.0,0.0,0.00048771291239619414,0.0,,,49.922550201416016,51.1523551940918,-1.2252197265625,0.0,1.3465358460089192,48.29535051632919,,['simulator_acceleration_field_stuck'],,
180,accelerator,80,complete,3,3,0.760591787569784,0.0,velocity_derived,0.0,0.0,0.760591787569784,0.760591787569784,0.0,0.0,0.0,0.0012005312797888211,0.00017924391788731535,,,49.9234619140625,51.16521072387695,-1.2417793273925781,0.0,1.3420790249947459,49.15371655213315,,['simulator_acceleration_field_stuck'],,
180,accelerator,90,complete,3,3,0.7001328239119393,0.0,velocity_derived,0.0,0.0,0.7001328239119393,0.7001328239119393,0.0,0.0,0.0,0.001427685193933375,0.0,,,49.919471740722656,51.17209243774414,-1.2527236938476562,0.0,1.344028135004919,48.3620828367273,,['simulator_acceleration_field_stuck'],,
180,accelerator,100,complete,3,3,0.6390957764575851,0.0,velocity_derived,0.0,0.0,0.6390957764575851,0.6390957764575851,0.0,0.0,0.0,0.0031000656056012228,8.479729980548494e-05,,,49.92311096191406,51.17580795288086,-1.2536849975585938,0.0,1.350328009983059,49.61757402991335,,['simulator_acceleration_field_stuck'],,
185,accelerator,0,limiter_bound,0,0,,,,,,,,,,,,,,,,,,,,,,[],,
185,accelerator,10,limiter_bound,0,0,,,,,,,,,,,,,,,,,,,,,,[],,
185,accelerator,20,limiter_bound,0,0,,,,,,,,,,,,,,,,,,,,,,[],,
185,accelerator,30,limiter_bound,0,0,,,,,,,,,,,,,,,,,,,,,,[],,
185,accelerator,40,limiter_bound,0,0,,,,,,,,,,,,,,,,,,,,,,[],,
185,accelerator,50,limiter_bound,0,0,,,,,,,,,,,,,,,,,,,,,,[],,
185,accelerator,60,limiter_bound,0,0,,,,,,,,,,,,,,,,,,,,,,[],,
185,accelerator,70,limiter_bound,0,0,,,,,,,,,,,,,,,,,,,,,,[],,
185,accelerator,80,limiter_bound,0,0,,,,,,,,,,,,,,,,,,,,,,[],,
185,accelerator,90,limiter_bound,0,0,,,,,,,,,,,,,,,,,,,,,,[],,
185,accelerator,100,limiter_bound,0,0,,,,,,,,,,,,,,,,,,,,,,[],,
