-131.689797550614458 -428.331022937782109 28.543960281954277
-131.449671443993452 -427.892457882326312 28.544341139013788
-131.209545337372447 -427.453892826870515 28.544721996073299
-130.969419230751441 -427.015327771414718 28.545102853132811
-130.729293124130436 -426.576762715958921 28.545483710192322
-130.489167017509430 -426.138197660503124 28.545864567251833
-130.244995733689450 -425.701872438079306 28.545037261674103
-130.000824449869469 -425.265547215655488 28.544209956096374
-129.756653166049489 -424.829221993231670 28.543382650518645
-129.512481882229508 -424.392896770807852 28.542555344940915
-129.268310598409528 -423.956571548384034 28.541728039363186
-129.024139314589547 -423.520246325960215 28.540900733785456
-128.779968030769567 -423.083921103536397 28.540073428207727
-128.535796746949586 -422.647595881112579 28.539246122629997
-128.291616554343818 -422.211277995292562 28.540900224362908
-128.047436361738050 -421.774960109472545 28.542554326095818
-127.803256169132297 -421.338642223652528 28.544208427828728
-127.559075976526543 -420.902324337832511 28.545862529561639
-127.314895783920790 -420.466006452012493 28.547516631294549
-127.070715591315036 -420.029688566192476 28.549170733027459
-126.826535398709282 -419.593370680372459 28.550824834760370
-126.582355206103529 -419.157052794552442 28.552478936493280
-126.339841402832846 -418.719803526710450 28.552843621052510
-126.097327599562163 -418.282554258868458 28.553208305611740
-125.854813796291481 -417.845304991026467 28.553572990170970
-125.612299993020798 -417.408055723184475 28.553937674730200
-125.369786189750116 -416.970806455342483 28.554302359289430
-125.127272386479433 -416.533557187500492 28.554667043848660
-124.884758583208750 -416.096307919658500 28.555031728407890
-124.642244779938068 -415.659058651816508 28.555396412967120
-124.399305505079184 -415.222045542957687 28.555623165219917
-124.156366230220300 -414.785032434098866 28.555849917472713
-123.913426955361416 -414.348019325240045 28.556076669725510
-123.670487680502532 -413.911006216381224 28.556303421978306
-123.427548405643648 -413.473993107522404 28.556530174231103
-123.184609130784764 -413.036979998663583 28.556756926483899
-122.941669855925880 -412.599966889804762 28.556983678736696
-122.698730581066997 -412.162953780945941 28.557210430989493
-122.455791306208113 -411.725940672087120 28.557437183242289
-122.211934639984776 -411.289438843514063 28.557154356802570
-121.968077973761439 -410.852937014941006 28.556871530362852
-121.724221307538102 -410.416435186367949 28.556588703923133
-121.480364641314765 -409.979933357794891 28.556305877483414
-121.236507975091428 -409.543431529221834 28.556023051043695
-120.992651308868091 -409.106929700648777 28.555740224603976
-120.748794642644754 -408.670427872075720 28.555457398164258
-120.504937976421417 -408.233926043502663 28.555174571724539
-120.261081310198080 -407.797424214929606 28.554891745284820
-120.018131400263911 -407.360417801979281 28.554033664132078
-119.775181490329743 -406.923411389028956 28.553175582979335
-119.532231580395575 -406.486404976078632 28.552317501826593
-119.289281670461406 -406.049398563128307 28.551459420673851
-119.046331760527238 -405.612392150177982 28.550601339521108
-118.803381850593070 -405.175385737227657 28.549743258368366
-118.560431940658901 -404.738379324277332 28.548885177215624
-118.317482030724733 -404.301372911327007 28.548027096062881
-118.073934416745502 -403.864698556030191 28.547767960679863
-117.830386802766270 -403.428024200733375 28.547508825296845
-117.586839188787039 -402.991349845436559 28.547249689913826
-117.343291574807807 -402.554675490139743 28.546990554530808
-117.099743960828576 -402.118001134842928 28.546731419147790
-116.856196346849345 -401.681326779546112 28.546472283764771
-116.612648732870113 -401.244652424249296 28.546213148381753
-116.369913590864769 -400.807525851737978 28.546110971242989
-116.127178448859425 -400.370399279226660 28.546008794104225
-115.884443306854081 -399.933272706715343 28.545906616965461
-115.641708164848737 -399.496146134204025 28.545804439826696
-115.398973022843393 -399.059019561692708 28.545702262687932
-115.156237880838049 -398.621892989181390 28.545600085549168
-114.913502738832705 -398.184766416670072 28.545497908410404
-114.670572300109654 -397.747748411976204 28.545753867822352
-114.427641861386604 -397.310730407282335 28.546009827234300
-114.184711422663554 -396.873712402588467 28.546265786646249
-113.941780983940504 -396.436694397894598 28.546521746058197
-113.698850545217454 -395.999676393200730 28.546777705470145
-113.455920106494403 -395.562658388506861 28.547033664882093
-113.211100791137056 -395.126695846685891 28.546627515946533
-112.966281475779709 -394.690733304864921 28.546221367010972
-112.721462160422362 -394.254770763043950 28.545815218075411
-112.476642845065015 -393.818808221222980 28.545409069139851
-112.231823529707668 -393.382845679402010 28.545002920204290
-111.987004214350321 -392.946883137581040 28.544596771268729
-111.742184898992974 -392.510920595760069 28.544190622333169
-111.499939916910137 -392.073522418638106 28.543739727600315
-111.257694934827299 -391.636124241516143 28.543288832867461
-111.015449952744461 -391.198726064394180 28.542837938134607
-110.773204970661624 -390.761327887272216 28.542387043401753
-110.530959988578786 -390.323929710150253 28.541936148668899
-110.288715006495949 -389.886531533028290 28.541485253936045
-110.046470024413111 -389.449133355906326 28.541034359203191
-109.804225042330273 -389.011735178784363 28.540583464470338
-109.561980060247436 -388.574337001662400 28.540132569737484
-109.320722522939917 -388.136393365612093 28.539717436823945
-109.079464985632399 -387.698449729561787 28.539302303910407
-108.838207448324880 -387.260506093511481 28.538887170996869
-108.596949911017362 -386.822562457461174 28.538472038083331
-108.355692373709843 -386.384618821410868 28.538056905169793
-108.114434836402324 -385.946675185360561 28.537641772256254
-107.871790050008983 -385.509498439548395 28.537665377800323
-107.629145263615641 -385.072321693736228 28.537688983344392
-107.386500477222299 -384.635144947924061 28.537712588888461
-107.143855690828957 -384.197968202111895 28.537736194432529
-106.901210904435615 -383.760791456299728 28.537759799976598
-106.658566118042273 -383.323614710487561 28.537783405520667
-106.415921331648931 -382.886437964675395 28.537807011064736
-106.173276545255590 -382.449261218863228 28.537830616608804
-105.930631758862248 -382.012084473051061 28.537854222152873
-105.689390773406643 -381.574131611768905 28.538133920494410
-105.448149787951039 -381.136178750486749 28.538413618835946
-105.206908802495434 -380.698225889204593 28.538693317177483
-104.965667817039829 -380.260273027922437 28.538973015519019
-104.724426831584225 -379.822320166640282 28.539252713860556
-104.483185846128620 -379.384367305358126 28.539532412202092
-104.241944860673016 -378.946414444075970 28.539812110543629
-104.000703875217411 -378.508461582793814 28.540091808885165
-103.755915750218961 -378.072482908496738 28.538921587570385
-103.511127625220510 -377.636504234199663 28.537751366255605
-103.266339500222060 -377.200525559902587 28.536581144940826
-103.021551375223609 -376.764546885605512 28.535410923626046
-102.776763250225159 -376.328568211308436 28.534240702311266
-102.531975125226708 -375.892589537011361 28.533070480996486
-102.287187000228258 -375.456610862714285 28.531900259681706
-102.042398875229807 -375.020632188417210 28.530730038366926
-101.800321754072726 -374.583144312368745 28.528990577848262
-101.558244632915645 -374.145656436320280 28.527251117329598
-101.316167511758565 -373.708168560271815 28.525511656810934
-101.074090390601484 -373.270680684223350 28.523772196292271
-100.832013269444403 -372.833192808174886 28.522032735773607
-100.589936148287322 -372.395704932126421 28.520293275254943
-100.347859027130241 -371.958217056077956 28.518553814736279
-100.105781905973160 -371.520729180029491 28.516814354217615
-99.855502450332779 -371.087878632625859 28.517587462700742
-99.605222994692397 -370.655028085222227 28.518360571183869
-99.354943539052016 -370.222177537818595 28.519133679666997
-99.104664083411635 -369.789326990414963 28.519906788150124
-98.854384627771253 -369.356476443011331 28.520679896633251
-98.604105172130872 -368.923625895607699 28.521453005116378
-98.353825716490491 -368.490775348204068 28.522226113599505
-98.103546260850109 -368.057924800800436 28.522999222082632
-97.860840279920211 -367.620787457168262 28.525178585080056
-97.618134298990313 -367.183650113536089 28.527357948077480
-97.375428318060415 -366.746512769903916 28.529537311074904
-97.132722337130517 -366.309375426271743 28.531716674072328
-96.890016356200618 -365.872238082639569 28.533896037069752
-96.647310375270720 -365.435100739007396 28.536075400067176
-96.404604394340822 -364.997963395375223 28.538254763064600
-96.341945027583279 -364.885107712820172 28.538817408883340
-96.341945027583279 -364.885107712820172 28.538817408883340
-96.123179909239170 -364.435508131704921 28.540245574441233
-95.904414790895061 -363.985908550589670 28.541673739999126
-95.685649672550952 -363.536308969474419 28.543101905557020
-95.497579056839768 -363.073032736491768 28.545240937911572
-95.309508441128585 -362.609756503509118 28.547379970266125
-95.121437825417402 -362.146480270526467 28.549519002620677
-94.975151877986789 -361.668368310069809 28.552580840728666
-94.828865930556177 -361.190256349613151 28.555642678836655
-94.729214767195842 -360.700294594102957 28.558311719541692
-94.629563603835507 -360.210332838592763 28.560980760246728
-94.560030761855998 -359.715196315988919 28.563218587320836
-94.490497919876489 -359.220059793385076 28.565456414394944
-94.466419425463457 -358.720647256193843 28.568166359597019
-94.442340931050424 -358.221234719002609 28.570876304799093
-94.448797631084147 -357.721286613116433 28.574070431519353
-94.455254331117871 -357.221338507230257 28.577264558239612
-94.507302121266576 -356.724055771958206 28.578217837298862
-94.559349911415282 -356.226773036686154 28.579171116358111
-94.611397701563988 -355.729490301414103 28.580124395417361
-94.708586060881217 -355.239031927082578 28.577887017200840
-94.805774420198446 -354.748573552751054 28.575649638984320
-94.949668641604276 -354.269732705034073 28.573221552552415
-95.093562863010106 -353.790891857317092 28.570793466120509
-95.266421632648374 -353.321727557745703 28.568624188171192
-95.439280402286641 -352.852563258174314 28.566454910221875
-95.654205391829436 -352.401119476386043 28.564054752987293
-95.869130381372230 -351.949675694597772 28.561654595752710
-96.111213710611779 -351.512195767521462 28.559013552472226
-96.353297039851327 -351.074715840445151 28.556372509191743
-96.634279631477739 -350.661156787553466 28.552166207461596
-96.915262223104151 -350.247597734661781 28.547959905731449
-97.196244814730562 -349.834038681770096 28.543753604001303
-97.513927469308371 -349.447981468148726 28.537625081233848
-97.857551979713918 -349.084794129797160 28.533483449953874
-98.201176490119465 -348.721606791445595 28.529341818673899
-98.544801000525013 -348.358419453094029 28.525200187393924
-98.916742052437542 -348.024266466483880 28.523921343499222
-99.288683104350071 -347.690113479873730 28.522642499604519
-99.692211362679529 -347.394876634012576 28.522255749618967
-100.095739621008988 -347.099639788151421 28.521868999633416
-100.517537545478788 -346.831150631882792 28.521579380673856
-100.939335469948588 -346.562661475614163 28.521289761714296
-101.366966118239034 -346.303563373748887 28.520840036786044
-101.794596766529480 -346.044465271883610 28.520390311857792
-102.072140889009461 -345.874253265559673 28.519238107414708
-102.072140889009461 -345.874253265559673 28.519238107414708
-102.514610662364049 -345.641406268339949 28.517572108225639
-102.957209595472406 -345.408804775715566 28.515919824878559
-103.399841791387658 -345.176266562152136 28.514271076273349
-103.842620037707576 -344.944032255156060 28.510443382463741
-104.285398284027494 -344.711797948159983 28.506615688654133
-104.728279645843031 -344.479796635248420 28.501004078926833
-105.171161007658569 -344.247795322336856 28.495392469199533
-105.614151220922054 -344.016061264572727 28.487711491075402
-106.057141434185539 -343.784327206808598 28.480030512951270
-106.500215825883828 -343.552818352182783 28.470610658864324
-106.943290217582117 -343.321309497556967 28.461190804777377
-107.385944394943849 -343.088948457284118 28.453089803140404
-107.828598572305580 -342.856587417011269 28.444988801503431
-108.270974370320900 -342.623652786926641 28.438272296634803
-108.713350168336220 -342.390718156842013 28.431555791766176
-109.155382781908230 -342.157089985436414 28.426551187450301
-109.597415395480240 -341.923461814030816 28.421546583134425
-110.039112976544033 -341.689171435677736 28.418190172319136
-110.480810557607825 -341.454881057324656 28.414833761503846
-110.922274986921664 -341.220139005527585 28.412525782149075
-111.363739416235504 -340.985396953730515 28.410217802794303
-111.805171612332657 -340.750593378406109 28.408004826578065
-112.246603808429811 -340.515789803081702 28.405791850361826
-112.688004351910251 -340.280926146664683 28.403641708602546
-113.129404895390692 -340.046062490247664 28.401491566843266
-113.569510852937483 -339.808773539619324 28.400654881999976
-114.009616810484275 -339.571484588990984 28.399818197156687
-114.448590265860702 -339.332105743671775 28.400090021574609
-114.887563721237129 -339.092726898352566 28.400361845992531
-115.325214156276488 -338.850942513642735 28.401913625725559
-115.762864591315846 -338.609158128932904 28.403465405458586
-116.199422992231177 -338.365416420550446 28.406061977245805
-116.634388398634187 -338.118837725890728 28.408072592217000
-117.069353805037196 -337.872259031231010 28.410083207188194
-117.502957825473288 -337.623288508448411 28.411193273409040
-117.936561845909381 -337.374317985665812 28.412303339629887
-118.367877443723899 -337.121402007522477 28.411700777021377
-118.797260018036965 -336.865225890679767 28.409602674142938
-119.223107540141598 -336.603216692679950 28.407351434294213
-119.646933145965775 -336.337944624745319 28.405743385334848
-120.068307265958097 -336.068791019664275 28.405309942658501
-120.487420113888149 -335.796130551871556 28.406140606872249
-120.903145845431453 -335.518337069429549 28.407842736579230
-121.317627381355649 -335.238689841819394 28.409418956072102
-121.731061418486945 -334.957494298144468 28.410586499937327
-122.141344637661760 -334.671719270665051 28.411146618379568
-122.549346491686876 -334.382696381434698 28.411653188206270
-122.953897692254813 -334.088862901723417 28.412113969915517
-123.349115170900035 -333.782594852800969 28.413853735004171
-123.739257427066590 -333.469898727320640 28.417040122120685
-124.122833862919734 -333.149208989722240 28.422256448152741
-124.495539588320341 -332.815979528362789 28.429225546782583
-124.863953746373994 -332.478001691575741 28.435705514867347
-125.225036569724722 -332.132180743233050 28.440908049675297
-125.580171767910301 -331.780239165273201 28.444922612269593
-125.914982241725852 -331.408891671325762 28.446650432384882
-126.235692135918086 -331.025296887192951 28.447103591631901
-126.541587627868168 -330.629788182931520 28.446202005213401
-126.847483119818250 -330.234279478670089 28.445300418794901
-127.128556735877609 -329.820768227903727 28.442837119185800
-127.409630351936968 -329.407256977137365 28.440373819576699
-127.679605260625209 -328.986415198360930 28.437976755730830
-127.935839050804191 -328.557067996017452 28.435691015075726
-128.174111853932430 -328.117498277493269 28.433561732105350
-128.367970276087789 -327.656612984148694 28.431649001560462
-128.550480383200494 -327.191117090243665 28.429742811837212
-128.704199569875811 -326.715336087650485 28.428054848766603
-128.846153879501117 -326.235912601140910 28.426607588657500
-128.968294919534429 -325.751061493261204 28.425622942830270
-129.070626156678486 -325.261646565515491 28.424462596244066
-129.150418911319207 -324.768057138449308 28.422852069831734
-129.221386206262451 -324.273122470578983 28.421030644969168
-129.264786288150191 -323.775013562275490 28.419043596694397
-129.290870555482286 -323.275698312279872 28.417070751144816
-129.298328476539240 -322.775757536966296 28.415173228449447
-129.273903624555658 -322.276357345775807 28.413477455917185
-129.236735219441130 -321.777743324512414 28.411875126115770
-129.182951519543707 -321.280646621820097 28.410398035137682
-129.114616765883625 -320.785340152420474 28.409033186019400
-129.018286318741730 -320.294709320163577 28.407679896558811
-128.900018514734370 -319.808900183625553 28.406193494370452
-128.772239916834735 -319.325505750842012 28.404627520972667
-128.624554021184252 -318.847816888704301 28.403135135131684
-128.460343764422817 -318.375552645314315 28.401920231997380
-128.277297068947718 -317.910264859440929 28.400832301546725
-128.083198417601665 -317.449478281411814 28.399631029767107
-127.875231506089960 -316.994782995412606 28.398230813218039
-127.650003520468744 -316.548385625776859 28.396910633194420
-127.421022611561810 -316.103900894573485 28.395877635983421
-127.188516908280846 -315.661249062467220 28.395204230624625
-126.956011204999882 -315.218597230360956 28.394530825265829
-126.718774027405345 -314.778462576213769 28.394619061876099
-126.481536849810809 -314.338327922066583 28.394707298486370
-126.244680686261248 -313.897988150969525 28.394916532325936
-126.008072816289129 -313.457514953409145 28.395195992888802
-125.771464946317010 -313.017041755848766 28.395475453451667
-125.535142223241820 -312.576415562306693 28.395833396105118
-125.296531984796218 -312.137024176209650 28.396436664420580
-125.057921746350615 -311.697632790112607 28.397039932736043
-124.817492834164682 -311.259234190829659 28.397818605876513
-124.577063921978748 -310.820835591546711 28.398597279016982
-124.334435887978913 -310.383650659142972 28.399583177847013
-124.091807853979077 -309.946465726739234 28.400569076677044
-123.847032458768524 -309.510479950913464 28.401756164339865
-123.601877409529720 -309.074707257877265 28.402834049628520
-123.356722360290917 -308.638934564841065 28.403911934917176
-123.111678616798415 -308.203098974067132 28.404861455806699
-122.866634873305912 -307.767263383293198 28.405810976696223
-122.621865280204275 -307.331273417110140 28.406582780146859
-122.377095687102639 -306.895283450927082 28.407354583597495
-122.132653468128737 -306.459109566060533 28.407940880060501
-121.888231720541356 -306.022924325342615 28.408608027862297
-121.643809972953974 -305.586739084624696 28.409275175664092
-121.399321175964729 -305.150591615723897 28.410058449689743
-121.154832378975485 -304.714444146823098 28.410841723715393
-120.910229777360428 -304.278360816379916 28.411788398289456
-120.665627175745371 -303.842277485936734 28.412735072863519
-120.420900552470798 -303.406264141572990 28.413850150146324
-120.176317631332921 -302.970170999785978 28.415252424723672
-119.931734710195045 -302.534077857998966 28.416654699301020
-119.687281309645357 -302.097912696879121 28.418231780464897
-119.442827909095669 -301.661747535759275 28.419808861628773
-119.198572197236629 -301.225472566757560 28.421625079340188
-118.954316485377589 -300.789197597755845 28.423441297051603
-118.710060773518549 -300.352922628754129 28.425257514763018
-118.465958715980364 -299.916562456999543 28.427254014678979
-118.221856658442178 -299.480202285244957 28.429250514594941
-117.977754600903992 -299.043842113490371 28.431247014510902
-117.733652543365807 -298.607481941735784 28.433243514426863
-117.489550485827621 -298.171121769981198 28.435240014342824
-117.462207264034078 -298.122242653276771 28.435463653342698
-117.462207264034078 -298.122242653276771 28.435463653342698
-117.222046513301649 -297.684167524194152 28.455785933895800
-116.981885762569220 -297.246092395111532 28.476108214448903
-116.741725011836792 -296.808017266028912 28.496430495002006
-116.499177532732432 -296.370821189584944 28.501936048754224
-116.256630053628072 -295.933625113140977 28.507441602506443
-116.014082574523712 -295.496429036697009 28.512947156258662
-115.771535095419353 -295.059232960253041 28.518452710010880
-115.528987616314993 -294.622036883809074 28.523958263763099
-115.286440137210633 -294.184840807365106 28.529463817515317
-115.043892658106273 -293.747644730921138 28.534969371267536
-114.801345179001913 -293.310448654477170 28.540474925019755
-114.558797699897553 -292.873252578033203 28.545980478771973
-114.316250220793194 -292.436056501589235 28.551486032524192
-114.073702741688834 -291.998860425145267 28.556991586276411
-113.831155262584474 -291.561664348701299 28.562497140028629
-113.588456804630738 -291.124534423444857 28.566355501361397
-113.345758346677002 -290.687404498188414 28.570213862694164
-113.103059888723266 -290.250274572931971 28.574072224026931
-112.860361430769530 -289.813144647675529 28.577930585359699
-112.617662972815793 -289.376014722419086 28.581788946692466
-112.374964514862057 -288.938884797162643 28.585647308025234
-112.132266056908321 -288.501754871906201 28.589505669358001
-111.889567598954585 -288.064624946649758 28.593364030690768
-111.646857644547467 -287.627484455522961 28.593101258724591
-111.404147690140348 -287.190343964396163 28.592838486758414
-111.161437735733230 -286.753203473269366 28.592575714792236
-110.918727781326112 -286.316062982142569 28.592312942826059
-110.676017826918994 -285.878922491015771 28.592050170859881
-110.433307872511875 -285.441781999888974 28.591787398893704
-110.190597918104757 -285.004641508762177 28.591524626927526
-109.947887963697639 -284.567501017635379 28.591261854961349
-109.705180493959020 -284.130365740668140 28.588846536375097
-109.462473024220401 -283.693230463700900 28.586431217788846
-109.219765554481782 -283.256095186733660 28.584015899202594
-108.977058084743163 -282.818959909766420 28.581600580616342
-108.734350615004544 -282.381824632799180 28.579185262030091
-108.491643145265925 -281.944689355831940 28.576769943443839
-108.248935675527306 -281.507554078864700 28.574354624857587
-108.006228205788688 -281.070418801897461 28.571939306271336
-107.763536344857783 -280.633311728002980 28.565769493525909
-107.520844483926879 -280.196204654108499 28.559599680780483
-107.278152622995975 -279.759097580214018 28.553429868035057
-107.035460762065071 -279.321990506319537 28.547260055289630
-106.792768901134167 -278.884883432425056 28.541090242544204
-106.550077040203263 -278.447776358530575 28.534920429798778
-106.307385179272359 -278.010669284636094 28.528750617053351
-106.064693318341455 -277.573562210741613 28.522580804307925
-105.822001457410551 -277.136455136847133 28.516410991562498
-105.579309596479646 -276.699348062952652 28.510241178817072
-105.336617735548742 -276.262240989058171 28.504071366071646
-105.093925874617838 -275.825133915163690 28.497901553326219
-104.851234013686934 -275.388026841269209 28.491731740580793
-104.715884687902872 -275.144252091180533 28.488290834107438
-104.715884687902872 -275.144252091180533 28.488290834107438
-104.474257753803101 -274.706790121318534 28.472687961231077
-104.232630819703331 -274.269328151456534 28.457085088354717
-103.991003885603561 -273.831866181594535 28.441482215478356
-103.747945525150371 -273.394970715593104 28.434775114673450
-103.504887164697180 -272.958075249591673 28.428068013868543
-103.261828804243990 -272.521179783590242 28.421360913063637
-103.018770443790800 -272.084284317588811 28.414653812258731
-102.775712083337609 -271.647388851587380 28.407946711453825
-102.532653722884419 -271.210493385585949 28.401239610648918
-102.289595362431228 -270.773597919584518 28.394532509844012
-102.046537001978038 -270.336702453583086 28.387825409039106
-101.804885478301145 -269.898984484780158 28.385082984622901
-101.563233954624252 -269.461266515977229 28.382340560206696
-101.321582430947359 -269.023548547174300 28.379598135790491
-101.079930907270466 -268.585830578371372 28.376855711374287
-100.838279383593573 -268.148112609568443 28.374113286958082
-100.596627859916680 -267.710394640765514 28.371370862541877
-100.354976336239787 -267.272676671962586 28.368628438125672
-100.113919946808537 -266.834623772521809 28.369842689289943
-99.872863557377286 -266.396570873081032 28.371056940454213
-99.631807167946036 -265.958517973640255 28.372271191618484
-99.390750778514786 -265.520465074199478 28.373485442782755
-99.149694389083535 -265.082412174758701 28.374699693947026
-98.908637999652285 -264.644359275317925 28.375913945111296
-98.667581610221035 -264.206306375877148 28.377128196275567
-98.426525220789784 -263.768253476436371 28.378342447439838
-98.185468831358534 -263.330200576995594 28.379556698604109
-97.944412441927284 -262.892147677554817 28.380770949768380
-97.703356052496034 -262.454094778114040 28.381985200932650
-97.459487269617910 -262.017604707335806 28.384091109182059
-97.215618486739785 -261.581114636557572 28.386197017431467
-96.971749703861661 -261.144624565779338 28.388302925680875
-96.727880920983537 -260.708134495001104 28.390408833930284
-96.484012138105413 -260.271644424222870 28.392514742179692
-96.240143355227289 -259.835154353444636 28.394620650429101
-95.996274572349165 -259.398664282666402 28.396726558678509
-95.752405789471041 -258.962174211888168 28.398832466927917
-95.508537006592917 -258.525684141109934 28.400938375177326
-95.265804545766514 -258.088567593324740 28.404112664624275
-95.023072084940111 -257.651451045539545 28.407286954071225
-94.780339624113708 -257.214334497754351 28.410461243518174
-94.537607163287305 -256.777217949969156 28.413635532965124
-94.294874702460902 -256.340101402183961 28.416809822412073
-94.052142241634499 -255.902984854398738 28.419984111859023
-93.967441887361929 -255.750455084256828 28.421091765280419
-93.967441887361929 -255.750455084256828 28.421091765280419
-93.725810490573807 -255.312802257798182 28.429709861297937
-93.484179093785684 -254.875149431339537 28.438327957315455
-93.242547696997562 -254.437496604880891 28.446946053332972
-93.000916300209440 -253.999843778422246 28.455564149350490
-92.759284903421317 -253.562190951963601 28.464182245368008
-92.517653506633195 -253.124538125504955 28.472800341385526
-92.276022109845073 -252.686885299046310 28.481418437403043
-92.034390713056951 -252.249232472587664 28.490036533420561
-91.792759316268828 -251.811579646129019 28.498654629438079
-91.551127919480706 -251.373926819670373 28.507272725455596
-91.309469928063194 -250.936210243572560 28.504903296567193
-91.067811936645683 -250.498493667474747 28.502533867678789
-90.826153945228171 -250.060777091376934 28.500164438790385
-90.584495953810659 -249.623060515279121 28.497795009901981
-90.342837962393148 -249.185343939181308 28.495425581013578
-90.101179970975636 -248.747627363083495 28.493056152125174
-89.859521979558124 -248.309910786985682 28.490686723236770
-89.617863988140613 -247.872194210887869 28.488317294348366
-89.376205996723101 -247.434477634790056 28.485947865459963
-89.134548005305589 -246.996761058692243 28.483578436571559
-88.892890013888078 -246.559044482594430 28.481209007683155
-88.651232022470566 -246.121327906496617 28.478839578794751
-88.409574031053054 -245.683611330398804 28.476470149906348
-88.167916039635543 -245.245894754300991 28.474100721017944
-87.926259497716018 -244.808180172665345 28.471261571319022
-87.684602955796493 -244.370465591029699 28.468422421620101
-87.442946413876967 -243.932751009394053 28.465583271921179
-87.201289871957442 -243.495036427758407 28.462744122222258
-86.959633330037917 -243.057321846122761 28.459904972523336
-86.717976788118392 -242.619607264487115 28.457065822824415
-86.476320246198867 -242.181892682851469 28.454226673125493
-86.234663704279342 -241.744178101215823 28.451387523426572
-85.993007162359817 -241.306463519580177 28.448548373727650
-85.751350620440292 -240.868748937944531 28.445709224028729
-85.509694078520766 -240.431034356308885 28.442870074329807
-85.268037536601241 -239.993319774673239 28.440030924630886
-85.026377176931902 -239.555598276099829 28.440431238428946
-84.784716817262563 -239.117876777526419 28.440831552227007
-84.543056457593224 -238.680155278953009 28.441231866025067
-84.301396097923885 -238.242433780379599 28.441632179823127
-84.059735738254545 -237.804712281806189 28.442032493621188
-83.818075378585206 -237.366990783232779 28.442432807419248
-83.576415018915867 -236.929269284659370 28.442833121217308
-83.334754659246528 -236.491547786085960 28.443233435015369
-83.093094299577189 -236.053826287512550 28.443633748813429
-82.851439109835610 -235.616114150018774 28.440339213703293
-82.609783920094031 -235.178402012524998 28.437044678593157
-82.368128730352453 -234.740689875031222 28.433750143483021
-82.126473540610874 -234.302977737537447 28.430455608372885
-81.884818350869296 -233.865265600043671 28.427161073262749
-81.643163161127717 -233.427553462549895 28.423866538152613
-81.401507971386138 -232.989841325056119 28.420572003042476
-81.159852781644560 -232.552129187562343 28.417277467932340
-80.918197591902981 -232.114417050068568 28.413982932822204
-80.676542402161402 -231.676704912574792 28.410688397712068
-80.434887212419824 -231.238992775081016 28.407393862601932
-80.193232022678245 -230.801280637587240 28.404099327491796
-79.968536742962897 -230.394288131967187 28.401036010337744
-79.968536742962897 -230.394288131967187 28.401036010337744
-79.726882483531227 -229.956577688939888 28.397460123962979
-79.485228224099558 -229.518867245912588 28.393884237588214
-79.243573964667888 -229.081156802885289 28.390308351213449
-79.001919705236219 -228.643446359857990 28.386732464838683
-78.760265445804549 -228.205735916830690 28.383156578463918
-78.523975446586135 -227.765094477393120 28.384625632496430
-78.287685447367721 -227.324453037955550 28.386094686528942
-78.051395448149307 -226.883811598517980 28.387563740561454
-77.815105448930893 -226.443170159080410 28.389032794593966
-77.578815449712479 -226.002528719642839 28.390501848626478
-77.342525450494065 -225.561887280205269 28.391970902658990
-77.106235451275651 -225.121245840767699 28.393439956691502
-76.869945452057237 -224.680604401330129 28.394909010724014
-76.642239499200855 -224.235464026424978 28.395122699927160
-76.414533546344472 -223.790323651519827 28.395336389130307
-76.186827593488090 -223.345183276614677 28.395550078333454
-75.959121640631707 -222.900042901709526 28.395763767536600
-75.735066280813697 -222.453054735500643 28.396644111810332
-75.511010920995687 -222.006066569291761 28.397524456084064
-75.286955561177678 -221.559078403082879 28.398404800357795
-75.062900201359668 -221.112090236873996 28.399285144631527
-74.848130357213520 -220.660566640760408 28.399881967953586
-74.633360513067373 -220.209043044646819 28.400478791275646
-74.418590668921226 -219.757519448533230 28.401075614597705
-74.207252223890322 -219.304379507871118 28.401581409662576
-73.995913778859418 -218.851239567209007 28.402087204727447
-73.784575333828514 -218.398099626546895 28.402592999792319
-73.573236888797609 -217.944959685884783 28.403098794857190
-73.368694589052495 -217.488712224439752 28.403936374674728
-73.164152289307381 -217.032464762994721 28.404773954492267
-72.959609989562267 -216.576217301549690 28.405611534309806
-72.755067689817153 -216.119969840104659 28.406449114127344
-72.561011213421608 -215.659164616733023 28.407242891402458
-72.366954737026063 -215.198359393361386 28.408036668677571
-72.172898260630518 -214.737554169989750 28.408830445952685
-71.978841784234973 -214.276748946618113 28.409624223227798
-71.784785307839428 -213.815943723246477 28.410418000502911
-71.598279623040028 -213.352030347585099 28.410515057014610
-71.411773938240628 -212.888116971923722 28.410612113526309
-71.225268253441229 -212.424203596262345 28.410709170038007
-71.038762568641829 -211.960290220600967 28.410806226549706
-70.852256883842429 -211.496376844939590 28.410903283061405
-70.670420268394494 -211.030613617309285 28.410656159940906
-70.488583652946559 -210.564850389678980 28.410409036820408
-70.306747037498624 -210.099087162048676 28.410161913699909
-70.124910422050689 -209.633323934418371 28.409914790579410
-69.943073806602754 -209.167560706788066 28.409667667458912
-69.773628282621743 -208.697147997425901 28.409979554225071
-69.604182758640732 -208.226735288063736 28.410291440991230
-69.434737234659721 -207.756322578701571 28.410603327757389
-69.265291710678710 -207.285909869339406 28.410915214523548
-69.095846186697699 -206.815497159977241 28.411227101289708
-68.926400662716688 -206.345084450615076 28.411538988055867
-68.756955138735677 -205.874671741252911 28.411850874822026
-68.595554960855210 -205.401438761470075 28.412578491490624
-68.434154782974744 -204.928205781687240 28.413306108159222
-68.272754605094278 -204.454972801904404 28.414033724827821
-68.111354427213811 -203.981739822121568 28.414761341496419
-67.949954249333345 -203.508506842338733 28.415488958165017
-67.788554071452879 -203.035273862555897 28.416216574833616
-67.633962721486270 -202.559772658032102 28.416561555868839
-67.479371371519662 -202.084271453508308 28.416906536904062
-67.324780021553053 -201.608770248984513 28.417251517939285
-67.170188671586445 -201.133269044460718 28.417596498974508
-67.015597321619836 -200.657767839936923 28.417941480009731
-66.869377506469931 -200.179625847188589 28.417962172855201
-66.723157691320026 -199.701483854440255 28.417982865700672
-66.576937876170120 -199.223341861691921 28.418003558546143
-66.430718061020215 -198.745199868943587 28.418024251391614
-66.284498245870310 -198.267057876195253 28.418044944237085
-66.138278430720405 -197.788915883446919 28.418065637082556
-66.002779391139015 -197.307625993571264 28.418294057728126
-65.867280351557625 -196.826336103695610 28.418522478373696
-65.731781311976235 -196.345046213819955 28.418750899019265
-65.596282272394845 -195.863756323944301 28.418979319664835
-65.460783232813455 -195.382466434068647 28.419207740310405
-65.332006034430123 -194.899336143210917 28.417960650793351
-65.203228836046790 -194.416205852353187 28.416713561276296
-65.074451637663458 -193.933075561495457 28.415466471759242
-64.945674439280126 -193.449945270637727 28.414219382242187
-64.816897240896793 -192.966814979779997 28.412972292725133
-64.694940863060339 -192.481919299754338 28.411292591128177
-64.572984485223884 -191.997023619728679 28.409612889531221
-64.451028107387430 -191.512127939703021 28.407933187934265
-64.329071729550975 -191.027232259677362 28.406253486337310
-64.209186935341563 -190.541818373008653 28.405256116522477
-64.089302141132151 -190.056404486339943 28.404258746707644
-63.969417346922739 -189.570990599671234 28.403261376892811
-63.849532552713328 -189.085576713002524 28.402264007077978
-63.740663394724727 -188.597573745998943 28.401482575976690
-63.631794236736127 -188.109570778995362 28.400701144875402
-63.522925078747527 -187.621567811991781 28.399919713774114
-63.414055920758926 -187.133564844988200 28.399138282672826
-63.312612060190922 -186.643965497893248 28.397864517676449
-63.211168199622918 -186.154366150798296 28.396590752680073
-63.109724339054914 -185.664766803703344 28.395316987683696
-63.008280478486910 -185.175167456608392 28.394043222687319
-62.906836617918906 -184.685568109513440 28.392769457690942
-62.805392757350901 -184.195968762418488 28.391495692694566
-62.716130031768536 -183.704004621429902 28.389638328171991
-62.626867306186170 -183.212040480441317 28.387780963649416
-62.537604580603805 -182.720076339452731 28.385923599126841
-62.448341855021440 -182.228112198464146 28.384066234604266
-62.359079129439074 -181.736148057475560 28.382208870081691
-62.276532766592496 -181.243009060900306 28.382041425947808
-62.193986403745917 -180.749870064325052 28.381873981813925
-62.111440040899339 -180.256731067749797 28.381706537680042
-62.028893678052761 -179.763592071174543 28.381539093546159
-61.946347315206182 -179.270453074599288 28.381371649412277
-61.874020528378956 -178.775712205743019 28.381927158722995
-61.801693741551730 -178.280971336886751 28.382482668033713
-61.729366954724505 -177.786230468030482 28.383038177344432
-61.657040167897279 -177.291489599174213 28.383593686655150
-61.592381500993412 -176.795689398114064 28.382403130928353
-61.527722834089545 -176.299889197053915 28.381212575201555
-61.463064167185678 -175.804088995993766 28.380022019474758
-61.398405500281811 -175.308288794933617 28.378831463747961
-61.335294622487460 -174.812287792312077 28.378681455533584
-61.272183744693109 -174.316286789690537 28.378531447319208
-61.209072866898758 -173.820285787068997 28.378381439104832
-61.150973325860136 -173.323674698492937 28.379748931113649
-61.092873784821514 -172.827063609916877 28.381116423122467
-61.034774243782891 -172.330452521340817 28.382483915131285
-60.982266454815431 -171.833219255064961 28.383902014703949
-60.929758665847970 -171.335985988789105 28.385320114276613
-60.877250876880510 -170.838752722513249 28.386738213849277
-60.824743087913049 -170.341519456237393 28.388156313421941
-60.772235298945589 -169.844286189961537 28.389574412994605
-60.730323903975354 -169.346046678235808 28.390482117214010
-60.688412509005119 -168.847807166510080 28.391389821433414
-60.646501114034884 -168.349567654784352 28.392297525652818
-60.604589719064649 -167.851328143058623 28.393205229872223
-60.562678324094414 -167.353088631332895 28.394112934091627
-60.518237136900680 -166.855068393871335 28.395020656263277
-60.473795949706947 -166.357048156409775 28.395928378434927
-60.429354762513213 -165.859027918948215 28.396836100606578
-60.392525663369263 -165.360386161874516 28.396711366103986
-60.355696564225312 -164.861744404800817 28.396586631601394
-60.318867465081361 -164.363102647727118 28.396461897098803
-60.282038365937410 -163.864460890653419 28.396337162596211
-60.248303839472911 -163.365602316475560 28.397787918760397
-60.214569313008411 -162.866743742297700 28.399238674924582
-60.180834786543912 -162.367885168119841 28.400689431088768
-60.147100260079412 -161.869026593941982 28.402140187252954
-60.121562125917599 -161.369681862616744 28.403765918247771
-60.096023991755786 -160.870337131291507 28.405391649242588
-60.070485857593972 -160.370992399966269 28.407017380237406
-60.044947723432159 -159.871647668641032 28.408643111232223
-60.019409589270346 -159.372302937315794 28.410268842227040
-59.993871455108533 -158.872958205990557 28.411894573221858
-59.969767901239599 -158.373539525247622 28.411890588694412
-59.945664347370666 -157.874120844504688 28.411886604166966
-59.921560793501733 -157.374702163761754 28.411882619639520
-59.897457239632800 -156.875283483018819 28.411878635112075
-59.873353685763867 -156.375864802275885 28.411874650584629
-59.849250131894934 -155.876446121532950 28.411870666057183
-59.832937013357878 -155.393209683708847 28.411429980014447
-59.832937013357878 -155.393209683708847 28.411429980014447
-59.833775794551983 -154.893212821339603 28.409869830333250
-59.834614575746087 -154.393215958970359 28.408309680652053
-59.835453356940192 -153.893219096601115 28.406749530970856
-59.836292138134297 -153.393222234231871 28.405189381289659
-59.837130919328402 -152.893225371862627 28.403629231608463
-59.837969700522507 -152.393228509493383 28.402069081927266
-59.838808481716612 -151.893231647124139 28.400508932246069
-59.839647262910717 -151.393234784754895 28.398948782564872
-59.840486044104821 -150.893237922385651 28.397388632883676
-59.841324825298926 -150.393241060016408 28.395828483202479
-59.842163598525140 -149.893247690613919 28.393393937448174
-59.843002371751354 -149.393254321211430 28.390959391693869
-59.843841144977567 -148.893260951808941 28.388524845939564
-59.844679918203781 -148.393267582406452 28.386090300185259
-59.845518691429994 -147.893274213003963 28.383655754430954
-59.846357464656208 -147.393280843601474 28.381221208676649
-59.847196237882422 -146.893287474198985 28.378786662922344
-59.848035011108635 -146.393294104796496 28.376352117168040
-59.848873784334849 -145.893300735394007 28.373917571413735
-59.849712557561062 -145.393307365991518 28.371483025659430
-59.850551340535084 -144.893308305190772 28.370997596468445
-59.851390123509105 -144.393309244390025 28.370512167277461
-59.852228906483127 -143.893310183589278 28.370026738086477
-59.853067689457149 -143.393311122788532 28.369541308895492
-59.853906472431170 -142.893312061987785 28.369055879704508
-59.854745255405192 -142.393313001187039 28.368570450513523
-59.855584038379213 -141.893313940386292 28.368085021322539
-59.856422821353235 -141.393314879585546 28.367599592131555
-59.857261604327256 -140.893315818784799 28.367114162940570
-59.858100387301278 -140.393316757984053 28.366628733749586
-59.858939170275299 -139.893317697183306 28.366143304558602
-59.859777943217999 -139.393324536719518 28.368620389413600
-59.860616716160699 -138.893331376255730 28.371097474268598
-59.861455489103399 -138.393338215791943 28.373574559123597
-59.862294262046099 -137.893345055328155 28.376051643978595
-59.863133034988799 -137.393351894864367 28.378528728833594
-59.863971807931499 -136.893358734400579 28.381005813688592
-59.864810580874199 -136.393365573936791 28.383482898543591
-59.865649353816899 -135.893372413473003 28.385959983398589
-59.866488126759599 -135.393379253009215 28.388437068253587
-59.867326899702299 -134.893386092545427 28.390914153108586
-59.868165672644999 -134.393392932081639 28.393391237963584
-59.869004445587699 -133.893399771617851 28.395868322818583
-59.869843227644544 -133.393401116940453 28.395067220163817
-59.870682009701390 -132.893402462263055 28.394266117509051
-59.871520791758236 -132.393403807585656 28.393465014854286
-59.872359573815082 -131.893405152908258 28.392663912199520
-59.873198355871928 -131.393406498230860 28.391862809544754
-59.874037137928774 -130.893407843553462 28.391061706889989
-59.874875919985620 -130.393409188876063 28.390260604235223
-59.875714702042465 -129.893410534198665 28.389459501580458
-59.876553484099311 -129.393411879521267 28.388658398925692
-59.877392266156157 -128.893413224843869 28.387857296270926
-59.878231048213003 -128.393414570166470 28.387056193616161
-59.879069830269849 -127.893415915489086 28.386255090961395
-59.879908612326695 -127.393417260811702 28.385453988306629
-59.880747394383540 -126.893418606134318 28.384652885651864
-59.881586176440386 -126.393419951456934 28.383851782997098
-59.882424958497232 -125.893421296779550 28.383050680342333
-59.883263740554078 -125.393422642102166 28.382249577687567
-59.884102522610924 -124.893423987424782 28.381448475032801
-59.884666011726949 -124.557527674827725 28.380910298729233
-59.884666011726949 -124.557527674827725 28.380910298729233
-59.909090803797120 -124.058126430754641 28.382261946088864
-59.933515595867291 -123.558725186681556 28.383613593448494
-59.957940387937462 -123.059323942608472 28.384965240808125
-59.982365180007633 -122.559922698535388 28.386316888167755
-60.006789972077804 -122.060521454462304 28.387668535527386
-60.031214764147975 -121.561120210389220 28.389020182887016
-60.033371214278901 -121.061125105612788 28.388525286495305
-60.035527664409827 -120.561130000836357 28.388030390103594
-60.037684114540752 -120.061134896059926 28.387535493711884
-60.039840564671678 -119.561139791283495 28.387040597320173
-60.041997014802604 -119.061144686507063 28.386545700928462
-60.044153464933530 -118.561149581730632 28.386050804536751
-60.046309915064455 -118.061154476954201 28.385555908145040
-60.048466365195381 -117.561159372177769 28.385061011753329
-60.048755367948118 -117.061160408819234 28.384084734230871
-60.049044370700855 -116.561161445460698 28.383108456708413
-60.049333373453592 -116.061162482102162 28.382132179185955
-60.049622376206329 -115.561163518743626 28.381155901663497
-60.049911378959067 -115.061164555385091 28.380179624141039
-60.050200381711804 -114.561165592026555 28.379203346618581
-60.050489384464541 -114.061166628668019 28.378227069096123
-60.050778387217278 -113.561167665309483 28.377250791573665
-60.051067389970015 -113.061168701950947 28.376274514051207
-60.044057692189270 -112.561218387564381 28.375534729084197
-60.037047994408525 -112.061268073177814 28.374794944117188
-60.030038296627779 -111.561317758791247 28.374055159150178
-60.023028598847034 -111.061367444404681 28.373315374183168
-60.016018901066289 -110.561417130018114 28.372575589216158
-60.009009203285544 -110.061466815631547 28.371835804249148
-60.001999505504799 -109.561516501244981 28.371096019282138
-59.994989807724053 -109.061566186858414 28.370356234315128
-59.982742656247062 -108.561717178983855 28.369367999765338
-59.970495504770071 -108.061868171109296 28.368379765215547
-59.958248353293079 -107.562019163234737 28.367391530665756
-59.946001201816088 -107.062170155360178 28.366403296115966
-59.933754050339097 -106.562321147485619 28.365415061566175
-59.921506898862106 -106.062472139611060 28.364426827016384
-59.908324074703600 -105.562646501170278 28.363689057088422
-59.907428978476673 -105.528709005098790 28.363638963491564
-59.907428978476673 -105.528709005098790 28.363638963491564
-59.891206423997524 -105.028972251451464 28.363714991089761
-59.874983869518374 -104.529235497804137 28.363791018687959
-59.858761315039224 -104.029498744156811 28.363867046286156
-59.842538760560075 -103.529761990509485 28.363943073884354
-59.826316206080925 -103.030025236862159 28.364019101482551
-59.810093651601775 -102.530288483214832 28.364095129080749
-59.793871097122626 -102.030551729567506 28.364171156678946
-59.777648542643476 -101.530814975920180 28.364247184277144
-59.780601212575228 -101.030823717942695 28.364401088019243
-59.783553882506979 -100.530832459965211 28.364554991761342
-59.786506552438730 -100.030841201987727 28.364708895503441
-59.789459222370482 -99.530849944010242 28.364862799245540
-59.792411892302233 -99.030858686032758 28.365016702987639
-59.795364562233985 -98.530867428055274 28.365170606729738
-59.798317232165736 -98.030876170077789 28.365324510471837
-59.801269902097488 -97.530884912100305 28.365478414213936
-59.804222572029239 -97.030893654122821 28.365632317956035
-59.806423890817541 -96.530899254686460 28.366501068708406
-59.808625209605843 -96.030904855250100 28.367369819460777
-59.810826528394145 -95.530910455813739 28.368238570213148
-59.813027847182447 -95.030916056377379 28.369107320965519
-59.815229165970749 -94.530921656941018 28.369976071717890
-59.817430484759051 -94.030927257504658 28.370844822470261
-59.819631803547352 -93.530932858068297 28.371713573222632
-59.821833122335654 -93.030938458631937 28.372582323975003
-59.825267041075080 -92.530950570186761 28.373147664784387
-59.828700959814505 -92.030962681741585 28.373713005593771
-59.832134878553930 -91.530974793296409 28.374278346403155
-59.835568797293355 -91.030986904851233 28.374843687212540
-59.839002716032780 -90.530999016406057 28.375409028021924
-59.842436634772206 -90.031011127960880 28.375974368831308
-59.845870553511631 -89.531023239515704 28.376539709640692
-59.849304472251056 -89.031035351070528 28.377105050450076
-59.850448018725828 -88.531036841137279 28.377532093757189
-59.851591565200600 -88.031038331204030 28.377959137064302
-59.852735111675372 -87.531039821270781 28.378386180371415
-59.853878658150144 -87.031041311337532 28.378813223678527
-59.855022204624916 -86.531042801404283 28.379240266985640
-59.856165751099688 -86.031044291471034 28.379667310292753
-59.857309297574460 -85.531045781537784 28.380094353599866
-59.858452844049232 -85.031047271604535 28.380521396906978
-59.859596390524004 -84.531048761671286 28.380948440214091
-59.863728477668296 -84.031066256370039 28.381596705989836
-59.867860564812588 -83.531083751068792 28.382244971765580
-59.871992651956880 -83.031101245767545 28.382893237541325
-59.876124739101172 -82.531118740466297 28.383541503317069
-59.880256826245464 -82.031136235165050 28.384189769092814
-59.884388913389756 -81.531153729863803 28.384838034868558
-59.888521000534048 -81.031171224562556 28.385486300644303
-59.892653087678340 -80.531188719261309 28.386134566420047
-59.896343208399514 -80.031203634317635 28.384995337328281
-59.900033329120689 -79.531218549373961 28.383856108236515
-59.903723449841863 -79.031233464430287 28.382716879144748
-59.907413570563037 -78.531248379486613 28.381577650052982
-59.911103691284211 -78.031263294542939 28.380438420961216
-59.914793812005385 -77.531278209599265 28.379299191869450
-59.918483932726559 -77.031293124655591 28.378159962777683
-59.920339093062843 -76.531296584064322 28.378293292788999
-59.922194253399127 -76.031300043473053 28.378426622800315
-59.924049413735410 -75.531303502881784 28.378559952811631
-59.925904574071694 -75.031306962290515 28.378693282822947
-59.927759734407978 -74.531310421699246 28.378826612834263
-59.929614894744262 -74.031313881107977 28.378959942845579
-59.931470055080545 -73.531317340516708 28.379093272856895
-59.935991152349693 -73.031337890859476 28.379424331669412
-59.940512249618841 -72.531358441202244 28.379755390481929
-59.945033346887989 -72.031378991545012 28.380086449294446
-59.949554444157137 -71.531399541887779 28.380417508106962
-59.954075541426285 -71.031420092230547 28.380748566919479
-59.958596638695433 -70.531440642573315 28.381079625731996
-59.963117735964580 -70.031461192916083 28.381410684544512
-59.966257712478736 -69.531471229485263 28.381831417164658
-59.969397688992892 -69.031481266054442 28.382252149784804
-59.972537665507048 -68.531491302623621 28.382672882404950
-59.975677642021203 -68.031501339192801 28.383093615025096
-59.978817618535359 -67.531511375761980 28.383514347645242
-59.981957595049515 -67.031521412331159 28.383935080265388
-59.985097571563671 -66.531531448900338 28.384355812885534
-59.987875617996352 -66.031539168123473 28.384396081488070
-59.990653664429033 -65.531546887346607 28.384436350090606
-59.993431710861714 -65.031554606569742 28.384476618693142
-59.996209757294395 -64.531562325792876 28.384516887295678
-59.998987803727076 -64.031570045016011 28.384557155898214
-60.001765850159757 -63.531577764239138 28.384597424500750
-60.004543896592438 -63.031585483462266 28.384637693103286
-60.006265922675702 -62.531588575908280 28.384994151541811
-60.007987948758966 -62.031591668354295 28.385350609980335
-60.009709974842231 -61.531594760800310 28.385707068418860
-60.011432000925495 -61.031597853246325 28.386063526857384
-60.013154027008760 -60.531600945692340 28.386419985295909
-60.014876053092024 -60.031604038138354 28.386776443734433
-60.016598079175289 -59.531607130584369 28.387132902172958
-60.021243999896228 -59.031629023878004 28.386577713039891
-60.025889920617168 -58.531650917171639 28.386022523906824
-60.030535841338107 -58.031672810465274 28.385467334773757
-60.035181762059047 -57.531694703758909 28.384912145640691
-60.039827682779986 -57.031716597052544 28.384356956507624
-60.044473603500926 -56.531738490346179 28.383801767374557
-60.049119524221865 -56.031760383639813 28.383246578241490
-60.051330377609915 -55.531765419204682 28.383630852636127
-60.053541230997965 -55.031770454769550 28.384015127030764
-60.055752084386015 -54.531775490334418 28.384399401425402
-60.057962937774064 -54.031780525899286 28.384783675820039
-60.060173791162114 -53.531785561464154 28.385167950214676
-60.062384644550164 -53.031790597029023 28.385552224609313
-60.064595497938214 -52.531795632593891 28.385936499003950
-60.066806351326264 -52.031800668158759 28.386320773398587
-60.068345212551755 -51.531803150262554 28.386658417826933
-60.069884073777246 -51.031805632366350 28.386996062255278
-60.071422935002737 -50.531808114470145 28.387333706683624
-60.072961796228228 -50.031810596573941 28.387671351111969
-60.074500657453719 -49.531813078677736 28.388008995540314
-60.076039518679210 -49.031815560781531 28.388346639968660
-60.077578379904701 -48.531818042885327 28.388684284397005
-60.080350986971538 -48.031825883959200 28.389076282416422
-60.083123594038376 -47.531833725033074 28.389468280435839
-60.085896201105214 -47.031841566106948 28.389860278455256
-60.088668808172052 -46.531849407180822 28.390252276474673
-60.091441415238890 -46.031857248254695 28.390644274494090
-60.094214022305728 -45.531865089328569 28.391036272513507
-60.096986629372566 -45.031872930402443 28.391428270532924
-60.099786951573655 -44.531881147275740 28.392040644069326
-60.102587273774745 -44.031889364149038 28.392653017605728
-60.105387595975834 -43.531897581022335 28.393265391142130
-60.105814003502019 -43.455763392150402 28.393358637799484
-60.105814003502019 -43.455763392150402 28.393358637799484
-60.108621524199172 -42.955771722779133 28.394028254755561
-60.111429044896326 -42.455780053407864 28.394697871711639
-60.114236565593480 -41.955788384036595 28.395367488667716
-60.117044086290633 -41.455796714665325 28.396037105623794
-60.119851606987787 -40.955805045294056 28.396706722579871
-60.122659127684940 -40.455813375922787 28.397376339535949
-60.125466648382094 -39.955821706551518 28.398045956492027
-60.128274169079248 -39.455830037180249 28.398715573448104
-60.131081689776401 -38.955838367808980 28.399385190404182
-60.133889195958794 -38.455849253169383 28.401118150573321
-60.136696702141187 -37.955860138529786 28.402851110742461
-60.139504208323579 -37.455871023890190 28.404584070911600
-60.142311714505972 -36.955881909250593 28.406317031080739
-60.145119220688365 -36.455892794610996 28.408049991249879
-60.147926726870757 -35.955903679971399 28.409782951419018
-60.150734233053150 -35.455914565331803 28.411515911588157
-60.153541739235543 -34.955925450692206 28.413248871757297
-60.156044650939293 -34.510181603487581 28.414793818057571
-60.156044650939293 -34.510181603487581 28.414793818057571
-60.158852154841441 -34.010192928226026 28.416649224222304
-60.161659658743588 -33.510204252964471 28.418504630387037
-60.164467162645735 -33.010215577702915 28.420360036551770
-60.167274681147227 -32.510224300992107 28.421277125949100
-60.170082199648718 -32.010233024281298 28.422194215346430
-60.172889718150209 -31.510241747570493 28.423111304743760
-60.175697236651700 -31.010250470859688 28.424028394141089
-60.178504755153192 -30.510259194148883 28.424945483538419
-60.181312273654683 -30.010267917438078 28.425862572935749
-60.184119792156174 -29.510276640727273 28.426779662333079
-60.186927310657666 -29.010285364016468 28.427696751730409
-60.189734829159157 -28.510294087305663 28.428613841127738
-60.192542347660648 -28.010302810594858 28.429530930525068
-60.195349866162140 -27.510311533884053 28.430448019922398
-60.198157384663631 -27.010320257173248 28.431365109319728
-60.200964907189210 -26.510328268413019 28.431724265081414
-60.203772429714789 -26.010336279652790 28.432083420843099
-60.206579952240368 -25.510344290892562 28.432442576604785
-60.209387474765947 -25.010352302132333 28.432801732366471
-60.212194997291526 -24.510360313372104 28.433160888128157
-60.215002519817105 -24.010368324611875 28.433520043889843
-60.217810042342684 -23.510376335851646 28.433879199651528
-60.220617564868263 -23.010384347091417 28.434238355413214
-60.223425087393842 -22.510392358331188 28.434597511174900
-60.226232609919421 -22.010400369570959 28.434956666936586
-60.229040132445000 -21.510408380810730 28.435315822698271
-60.231847654970579 -21.010416392050502 28.435674978459957
-60.234655176821349 -20.510424536102892 28.435163307548571
-60.237462698672118 -20.010432680155283 28.434651636637184
-60.240270220522888 -19.510440824207674 28.434139965725798
-60.243077742373657 -19.010448968260064 28.433628294814412
-60.245885264224427 -18.510457112312455 28.433116623903025
-60.248692786075196 -18.010465256364846 28.432604952991639
-60.251500307925966 -17.510473400417236 28.432093282080253
-60.254307829776735 -17.010481544469627 28.431581611168866
-60.257115350934278 -16.510489813063010 28.430960040605978
-60.259922872091821 -16.010498081656394 28.430338470043090
-60.262730393249363 -15.510506350249779 28.429716899480201
-60.265537914406906 -15.010514618843164 28.429095328917313
-60.268345417425721 -14.510525840255571 28.427267977477001
-60.271152920444536 -14.010537061667979 28.425440626036689
-60.273960423463350 -13.510548283080386 28.423613274596377
-60.276767926482165 -13.010559504492793 28.421785923156065
-60.279575429500980 -12.510570725905200 28.419958571715753
-60.282382932519795 -12.010581947317608 28.418131220275441
-60.285190435538610 -11.510593168730015 28.416303868835129
-60.287997938557425 -11.010604390142422 28.414476517394817
-60.290805441576239 -10.510615611554829 28.412649165954505
-60.293612944595054 -10.010626832967237 28.410821814514193
-60.296420447613869 -9.510638054379644 28.408994463073881
-60.299227950632684 -9.010649275792051 28.407167111633569
-60.302035453651499 -8.510660497204459 28.405339760193257
-60.302844666177407 -8.366547675337642 28.404813058827386
-60.302844666177407 -8.366547675337642 28.404813058827386
-60.305652180407066 -7.866557341980539 28.403477239489593
-60.308459694636724 -7.366567008623436 28.402141420151800
-60.311267208866383 -6.866576675266333 28.400805600814007
-60.314074723096041 -6.366586341909230 28.399469781476213
-60.316882237325700 -5.866596008552126 28.398133962138420
-60.319689751555359 -5.366605675195023 28.396798142800627
-60.322497265785017 -4.866615341837920 28.395462323462834
-60.325304780014676 -4.366625008480817 28.394126504125040
-60.328112294244335 -3.866634675123714 28.392790684787247
-60.330919808473993 -3.366644341766611 28.391454865449454
-60.333727322703652 -2.866654008409507 28.390119046111661
-60.336534836933311 -2.366663675052404 28.388783226773867
-60.339342351162969 -1.866673341695301 28.387447407436074
-60.342149865392628 -1.366683008338198 28.386111588098281
-60.344957379622286 -0.866692674981095 28.384775768760488
-60.347764893851945 -0.366702341623992 28.383439949422694
-60.348607237450778 -0.216689332854003 28.383039161118077
-60.348607237450778 -0.216689332854003 28.383039161118077
-60.351414751146955 0.283301086292387 28.381735846626860
-60.354222264843131 0.783291505438777 28.380432532135643
-60.357029778539307 1.283281924585167 28.379129217644426
-60.359837292235483 1.783272343731557 28.377825903153209
-60.363242815131976 2.283260584964952 28.378227203711422
-60.366648338028469 2.783248826198347 28.378628504269635
-60.370053860924962 3.283237067431742 28.379029804827848
-60.373459383821455 3.783225308665136 28.379431105386061
-60.376864906717948 4.283213549898531 28.379832405944274
-60.380270429614441 4.783201791131926 28.380233706502487
-60.383675952510934 5.283190032365321 28.380635007060700
-60.387081475407427 5.783178273598717 28.381036307618913
-60.390486998303921 6.283166514832112 28.381437608177126
-60.394736668282810 6.783148412256956 28.381643890804316
-60.398986338261700 7.283130309681801 28.381850173431506
-60.399180550686339 7.783130185357694 28.381555885092936
-60.399374763110977 8.283130061033585 28.381261596754367
-60.399568975535615 8.783129936709477 28.380967308415798
-60.399763187960254 9.283129812385368 28.380673020077229
-60.401776502213472 9.783125604367942 28.381066168186262
-60.403789816466691 10.283121396350516 28.381459316295295
-60.405803130719910 10.783117188333090 28.381852464404329
-60.407816444973129 11.283112980315664 28.382245612513362
-60.408766329637729 11.510706165805459 28.382414866604904
-60.408766329637729 11.510706165805459 28.382414866604904
-60.412507903538121 12.010692154503849 28.382306561291255
-60.416249477438512 12.510678143202238 28.382198255977606
-60.419991051338904 13.010664131900628 28.382089950663957
-60.421448442769616 13.510660726761442 28.383221824247133
-60.422905834200328 14.010657321622256 28.384353697830310
-60.424363225631041 14.510653916483070 28.385485571413486
-60.425820617061753 15.010650511343885 28.386617444996663
-60.427609562218066 15.510646950343764 28.387217996966079
-60.429398507374380 16.010643389343642 28.387818548935495
-60.431187452530693 16.510639828343521 28.388419100904912
-60.432976397687007 17.010636267343401 28.389019652874328
-60.434765342843320 17.510632706343280 28.389620204843744
-60.436554287999634 18.010629145343160 28.390220756813161
-60.438343233155948 18.510625584343039 28.390821308782577
-60.440132178312261 19.010622023342918 28.391421860751993
-60.441921123468575 19.510618462342798 28.392022412721410
-60.443710068624888 20.010614901342677 28.392622964690826
-60.445499013781202 20.510611340342557 28.393223516660242
-60.447287958937515 21.010607779342436 28.393824068629659
-60.449076904093829 21.510604218342316 28.394424620599075
-60.450865849250143 22.010600657342195 28.395025172568491
-60.452654794406456 22.510597096342075 28.395625724537908
-60.457180588584187 23.010576612008837 28.395592547857369
-60.461706382761918 23.510556127675599 28.395559371176830
-60.466232176939648 24.010535643342362 28.395526194496291
-60.470757971117379 24.510515159009124 28.395493017815753
-60.475283765295110 25.010494674675886 28.395459841135214
-60.479809559472841 25.510474190342649 28.395426664454675
-60.484335353650572 26.010453706009411 28.395393487774136
-60.488861147828302 26.510433221676173 28.395360311093597
-60.493386942006033 27.010412737342936 28.395327134413058
-60.497912736183764 27.510392253009698 28.395293957732520
-60.502438530361495 28.010371768676460 28.395260781051981
-60.506964324539226 28.510351284343223 28.395227604371442
-60.511490118716956 29.010330800009985 28.395194427690903
-60.516015912894687 29.510310315676747 28.395161251010364
-60.520541707072418 30.010289831343510 28.395128074329826
-60.525067501250149 30.510269347010272 28.395094897649287
-60.529593295427880 31.010248862677035 28.395061720968748
-60.534119089605610 31.510228378343797 28.395028544288209
-60.538644883783341 32.010207894010556 28.394995367607670
-60.539040866455778 32.510207577742406 28.394596035952109
-60.539436849128215 33.010207261474257 28.394196704296547
-60.539832831800652 33.510206945206107 28.393797372640986
-60.540228814473089 34.010206628937958 28.393398040985424
-60.540624797145526 34.510206312669808 28.392998709329863
-60.541020779817963 35.010205996401659 28.392599377674301
-60.541416762490400 35.510205680133510 28.392200046018740
-60.541812745162837 36.010205363865360 28.391800714363178
-60.543869506631601 36.510200953483881 28.391376339189666
-60.545926268100366 37.010196543102403 28.390951964016153
-60.547983029569131 37.510192132720924 28.390527588842641
-60.550039791037896 38.010187722339445 28.390103213669128
-60.552096552506661 38.510183311957967 28.389678838495616
-60.554153313975426 39.010178901576488 28.389254463322104
-60.560558428749886 39.510136912303501 28.388273639887004
-60.566963543524345 40.010094923030515 28.387292816451904
-60.573368658298804 40.510052933757528 28.386311993016804
-60.579773773073263 41.010010944484542 28.385331169581704
-60.586178887847723 41.509968955211555 28.384350346146604
-60.592584002622182 42.009926965938568 28.383369522711504
-60.598989117396641 42.509884976665582 28.382388699276405
-60.605394232171101 43.009842987392595 28.381407875841305
-60.610643293937144 43.509812549753342 28.379709622803372
-60.615892355703188 44.009782112114088 28.378011369765439
-60.621141417469232 44.509751674474835 28.376313116727506
-60.626390479235276 45.009721236835581 28.374614863689573
-60.631639541001320 45.509690799196328 28.372916610651640
-60.636888602767364 46.009660361557074 28.371218357613706
-60.642137664533408 46.509629923917821 28.369520104575773
-60.647386726299452 47.009599486278567 28.367821851537840
-60.648728774445701 47.509597520377987 28.367415891581054
-60.650070822591950 48.009595554477407 28.367009931624267
-60.651412870738199 48.509593588576827 28.366603971667480
-60.652754918884447 49.009591622676247 28.366198011710694
-60.654096967030696 49.509589656775667 28.365792051753907
-60.655439015176945 50.009587690875087 28.365386091797120
-60.663218450830520 50.509527103258144 28.365639719475165
-60.670997886484095 51.009466515641201 28.365893347153211
-60.678777322137670 51.509405928024258 28.366146974831256
-60.686556757791244 52.009345340407314 28.366400602509302
-60.694336193444819 52.509284752790371 28.366654230187347
-60.702115629098394 53.009224165173428 28.366907857865392
-60.709895064751969 53.509163577556485 28.367161485543438
-60.717674500405543 54.009102989939542 28.367415113221483
-60.726055433427810 54.509032676632110 28.367153722422760
-60.734436366450076 55.008962363324677 28.366892331624037
-60.742817299472343 55.508892050017245 28.366630940825313
-60.751198232494609 56.008821736709812 28.366369550026590
-60.759579165516875 56.508751423402380 28.366108159227867
-60.767960098539142 57.008681110094948 28.365846768429144
-60.776341031561408 57.508610796787515 28.365585377630421
-60.784721964583674 58.008540483480083 28.365323986831697
-60.789812151747270 58.508514570931972 28.365280728404770
-60.794902338910866 59.008488658383861 28.365237469977842
-60.799992526074462 59.508462745835750 28.365194211550914
-60.805082713238058 60.008436833287639 28.365150953123987
-60.810172900401653 60.508410920739529 28.365107694697059
-60.815263087565249 61.008385008191418 28.365064436270131
-60.820353274728845 61.508359095643307 28.365021177843204
-60.825443461892441 62.008333183095196 28.364977919416276
-60.833563711387470 62.508267082930189 28.365374585409917
-60.841683960882499 63.008200982765182 28.365771251403558
-60.849804210377528 63.508134882600174 28.366167917397199
-60.857924459872557 64.008068782435174 28.366564583390840
-60.866044709367586 64.508002682270174 28.366961249384481
-60.874164958862615 65.007936582105174 28.367357915378122
-60.882285208357644 65.507870481940174 28.367754581371763
-60.890405457852673 66.007804381775173 28.368151247365404
-60.899131845816903 66.507728155805353 28.368416412442052
-60.907858233781134 67.007651929835532 28.368681577518700
-60.916584621745365 67.507575703865712 28.368946742595348
-60.925311009709596 68.007499477895891 28.369211907671996
-60.934037397673826 68.507423251926070 28.369477072748644
-60.942763785638057 69.007347025956250 28.369742237825292
-60.951490173602288 69.507270799986429 28.370007402901940
-60.960216561566519 70.007194574016609 28.370272567978589
-60.955713133838309 70.507174267111125 28.370112468597295
-60.951209706110099 71.007153960205642 28.369952369216001
-60.946706278381889 71.507133653300158 28.369792269834708
-60.942202850653679 72.007113346394675 28.369632170453414
-60.937699422925469 72.507093039489192 28.369472071072121
-60.933195995197259 73.007072732583708 28.369311971690827
-60.928692567469049 73.507052425678225 28.369151872309534
-60.924189139740839 74.007032118772742 28.368991772928240
-60.919685712012630 74.507011811867258 28.368831673546946
-60.915182284284420 75.006991504961775 28.368671574165653
-60.910678856556210 75.506971198056291 28.368511474784359
-60.906175428828000 76.006950891150808 28.368351375403066
-60.901672001099790 76.506930584245325 28.368191276021772
-60.897168573371580 77.006910277339841 28.368031176640478
-60.892665145643370 77.506889970434358 28.367871077259185
-60.888161717915160 78.006869663528875 28.367710977877891
-60.883658290186951 78.506849356623391 28.367550878496598
-60.879154862458741 79.006829049717908 28.367390779115304
-60.876456424419302 79.306415121536702 28.367294848129728
-60.876456424419302 79.306415121536702 28.367294848129728
-60.863333622316233 79.806242801552429 28.367007872410319
-60.850210820213164 80.306070481568156 28.366720896690911
-60.837088018110094 80.805898161583883 28.366433920971502
-60.794342847726938 81.304067516664517 28.366054358770427
-60.751597677343781 81.802236871745151 28.365674796569351
-60.708852506960625 82.300406226825785 28.365295234368276
-60.626002618164996 82.793494091608352 28.364791716023014
-60.519679197153842 83.282058337658739 28.364237075865006
-60.413355776142687 83.770622583709127 28.363682435706998
-60.307032355131533 84.259186829759514 28.363127795548991
-60.173784409892953 84.741104472973021 28.362519314455064
-60.040536464654373 85.223022116186527 28.361910833361136
-59.870444727184335 85.693200639653099 28.360932612929492
-59.700352989714297 86.163379163119671 28.359954392497848
-59.504923475977307 86.623602658810356 28.358674089887796
-59.309493962240317 87.083826154501040 28.357393787277744
-59.081691747130833 87.528917321037312 28.357328498711698
-58.853889532021348 87.974008487573585 28.357263210145653
-58.608346499591732 88.409563020519371 28.358194905185051
-58.362803467162117 88.845117553465158 28.359126600224450
-58.093085436222367 89.266129771889865 28.360073026708729
-57.823367405282617 89.687141990314572 28.361019453193009
-57.553649374342868 90.108154208739279 28.361965879677289
-57.261876989010915 90.514194285036240 28.362541725541913
-56.970104603678962 90.920234361333200 28.363117571406537
-56.657983981552832 91.310848959022152 28.364093950381228
-56.345863359426701 91.701463556711104 28.365070329355920
-56.020704669187793 92.081292485181748 28.366416159567240
-55.695545978948886 92.461121413652393 28.367761989778561
-55.346389737525683 92.819016521250745 28.368767490839918
-54.997233496102481 93.176911628849098 28.369772991901275
-54.648077254679279 93.534806736447450 28.370778492962632
-54.272403837798279 93.864760325116265 28.371114905684799
-53.875884321839180 94.169345665259712 28.371324746723740
-53.479364805880081 94.473931005403159 28.371534587762682
-53.082845289920982 94.778516345546606 28.371744428801623
-52.668128456360932 95.057818937927181 28.371843683081057
-52.253411622800883 95.337121530307755 28.371942937360490
-51.829529270387248 95.602307605826738 28.372253844302016
-51.405646917973613 95.867493681345721 28.372564751243541
-50.972944855896586 96.118030095354470 28.373221051421051
-50.540242793819559 96.368566509363220 28.373877351598562
-50.094273539886203 96.594643423331547 28.374685755387695
-49.637901872817494 96.798910164375599 28.374685338546549
-49.181530205748786 97.003176905419650 28.374684921705402
-48.723381887436744 97.203426603248005 28.374264270423577
-48.263549130914662 97.399777123578332 28.373708217090321
-47.803716374392579 97.596127643908659 28.373152163757066
-47.334875485502792 97.769870084620294 28.371816049765094
-46.866034596613005 97.943612525331929 28.370479935773123
-46.391033478470412 98.099721549141663 28.368502450386526
-45.912497306572078 98.244615779964704 28.365536972501587
-45.430567364824206 98.377760569435608 28.361537437073114
-44.938937585530773 98.468810689846933 28.358369522148109
-44.443138619858075 98.533451653010147 28.356148819732947
-43.944873410617454 98.575066135988408 28.356022064649302
-43.446608201376833 98.616680618966669 28.355895309565657
-42.947708348819482 98.649820757619864 28.356712823052092
-42.448808496262131 98.682960896273059 28.357530336538527
-41.949908643704781 98.716101034926254 28.358347850024963
-41.700694334809668 98.732655453030020 28.358756220677893
-41.700694334809668 98.732655453030020 28.358756220677893
-41.200711574960742 98.736641429832218 28.359918908417558
-40.700728815111816 98.740627406634417 28.361081596157224
-40.200746055262890 98.744613383436615 28.362244283896889
-39.700763295413964 98.748599360238813 28.363406971636554
-39.200780535565038 98.752585337041012 28.364569659376219
-38.700797775716111 98.756571313843210 28.365732347115884
-38.200815015867185 98.760557290645409 28.366895034855549
-37.700863523219169 98.767419901693629 28.368082287407624
-37.200912030571153 98.774282512741848 28.369269539959699
-36.700960537923137 98.781145123790068 28.370456792511774
-36.201009045275121 98.788007734838288 28.371644045063849
-35.701057552627105 98.794870345886508 28.372831297615924
-35.201106059979089 98.801732956934728 28.374018550168000
-34.701154567331074 98.808595567982948 28.375205802720075
-34.201203074683058 98.815458179031168 28.376393055272150
-33.701251582035042 98.822320790079388 28.377580307824225
-33.201300089387026 98.829183401127608 28.378767560376300
-32.701301195468254 98.829837562079717 28.377944059644388
-32.201302301549482 98.830491723031827 28.377120558912477
-31.701303407630711 98.831145883983936 28.376297058180565
-31.201304513711939 98.831800044936045 28.375473557448654
-30.701305619793168 98.832454205888155 28.374650056716742
-30.201306725874396 98.833108366840264 28.373826555984831
-29.701307831955624 98.833762527792373 28.373003055252919
-29.201308938036853 98.834416688744483 28.372179554521008
-28.701310044118081 98.835070849696592 28.371356053789096
-28.201311150199309 98.835725010648702 28.370532553057185
-27.701315047749027 98.837689419370633 28.370336000522229
-27.201318945298745 98.839653828092565 28.370139447987274
-26.701322842848462 98.841618236814497 28.369942895452319
-26.201326740398180 98.843582645536429 28.369746342917363
-25.701330637947898 98.845547054258361 28.369549790382408
-25.201334535497615 98.847511462980293 28.369353237847452
-24.701338433047333 98.849475871702225 28.369156685312497
-24.201342330597051 98.851440280424157 28.368960132777541
-23.701346228146768 98.853404689146089 28.368763580242586
-23.201350125696486 98.855369097868021 28.368567027707631
-22.701366589697557 98.859414255252688 28.368883937379739
-22.201383053698628 98.863459412637354 28.369200847051847
-21.701399517699699 98.867504570022021 28.369517756723955
-21.201415981700769 98.871549727406688 28.369834666396063
-20.701432445701840 98.875594884791354 28.370151576068171
-20.201448909702911 98.879640042176021 28.370468485740279
-19.701465373703982 98.883685199560688 28.370785395412387
-19.201492259689520 98.888861947935197 28.371079570440038
-18.701519145675057 98.894038696309707 28.371373745467690
-18.201546031660595 98.899215444684216 28.371667920495341
-17.701572917646132 98.904392193058726 28.371962095522992
-17.201599803631670 98.909568941433236 28.372256270550643
-16.701626689617207 98.914745689807745 28.372550445578295
-16.201632031613752 98.916978001583601 28.373149404793693
-15.701637373610295 98.919210313359457 28.373748364009092
-15.201642715606837 98.921442625135313 28.374347323224491
-14.701648057603380 98.923674936911169 28.374946282439890
-14.201653399599923 98.925907248687025 28.375545241655288
-13.701658741596466 98.928139560462881 28.376144200870687
-13.201664083593009 98.930371872238737 28.376743160086086
-12.701669325899218 98.932581093744105 28.377344507794369
-12.693221560504753 98.932618420105428 28.377354667989614
-12.693221560504753 98.932618420105428 28.377354667989614
-12.193510802139633 98.949609718755681 28.378028273463048
-11.693800043774512 98.966601017405935 28.378701878936482
-11.194089285409392 98.983592316056189 28.379375484409916
-10.696459084371018 99.032209566011673 28.380114416933157
-10.198828883332643 99.080826815967157 28.380853349456398
-9.701198682294269 99.129444065922641 28.381592281979639
-9.208543204001243 99.214825100063777 28.382403895718294
-8.715887725708217 99.300206134204913 28.383215509456949
-8.232830643216470 99.429249939928312 28.385099987895352
-7.749773560724724 99.558293745651710 28.386984466333754
-7.266716478232977 99.687337551375109 28.388868944772156
-6.795650571459413 99.854930428075320 28.391957497013589
-6.324584664685849 100.022523304775532 28.395046049255022
-5.870310360796399 100.231381379738622 28.398673906538050
-5.416036056906949 100.440239454701711 28.402301763821079
-4.961761753017498 100.649097529664800 28.405929621104107
-4.526406467525072 100.894963637343395 28.409883415330615
-4.091051182032645 101.140829745021989 28.413837209557123
-3.678613603999834 101.423475401260561 28.416421244365793
-3.266176025967022 101.706121057499132 28.419005279174463
-2.870241465577052 102.011462454642725 28.420572148410912
-2.474306905187082 102.316803851786318 28.422139017647361
-2.105345437827237 102.654245794768983 28.422747885248750
-1.736383970467392 102.991687737751647 28.423356752850140
-1.367422503107548 103.329129680734312 28.423965620451529
-1.025709224773268 103.694139291395771 28.423825853464461
-0.683995946438988 104.059148902057231 28.423686086477392
-0.376658995103760 104.453539466345603 28.423401228140705
-0.069322043768532 104.847930030633975 28.423116369804017
0.238014907566696 105.242320594922347 28.422831511467329
0.512456493192723 105.660270072229522 28.422606794471758
0.786898078818750 106.078219549536698 28.422382077476186
1.023027712020677 106.518949104990355 28.421876831451240
1.259157345222605 106.959678660444013 28.421371585426293
1.495286978424532 107.400408215897670 28.420866339401346
1.693991678838163 107.859228168989901 28.420034066622534
1.892696379251794 108.318048122082132 28.419201793843722
2.050923466260783 108.792352006465251 28.419320939721011
2.209150553269772 109.266655890848369 28.419440085598300
2.340518855149582 109.749088980804402 28.420266509638839
2.471887157029392 110.231522070760434 28.421092933679379
2.545591276023350 110.726058897868853 28.422107565072771
2.619295395017307 111.220595724977272 28.423122196466164
2.692999514011265 111.715132552085691 28.424136827859556
2.766703633005223 112.209669379194111 28.425151459252948
2.791573895401558 112.709049521608733 28.426122752354335
2.816444157797894 113.208429664023356 28.427094045455721
2.841314420194230 113.707809806437979 28.428065338557108
2.866184682590565 114.207189948852601 28.429036631658494
2.891054944986901 114.706570091267224 28.430007924759881
2.902789047453552 114.942183920647949 28.430466193056173
2.902789047453552 114.942183920647949 28.430466193056173
2.890213051251172 115.442025556031936 28.430894977600037
2.877637055048791 115.941867191415923 28.431323762143901
2.865061058846411 116.441708826799911 28.431752546687765
2.852485062644030 116.941550462183898 28.432181331231629
2.839909066441650 117.441392097567885 28.432610115775493
2.804910281480324 117.940161370463073 28.434683149022405
2.769911496518999 118.438930643358262 28.436756182269317
2.734912711557674 118.937699916253450 28.438829215516229
2.699913926596349 119.436469189148639 28.440902248763141
2.664915141635024 119.935238462043827 28.442975282010053
2.629916356673699 120.434007734939016 28.445048315256965
2.586688026424948 120.932130541487126 28.447280144222869
2.543459696176197 121.430253348035237 28.449511973188773
2.500231365927447 121.928376154583347 28.451743802154677
2.457003035678696 122.426498961131458 28.453975631120581
2.413774705429946 122.924621767679568 28.456207460086485
2.356044458918434 123.421277691474600 28.456542119640044
2.298314212406923 123.917933615269632 28.456876779193603
2.240583965895411 124.414589539064664 28.457211438747162
2.182853719383900 124.911245462859696 28.457546098300721
2.119823955782612 125.407255007279971 28.456211652965820
2.056794192181325 125.903264551700246 28.454877207630918
1.993764428580038 126.399274096120521 28.453542762296017
1.930734664978750 126.895283640540796 28.452208316961116
1.853696875227889 127.389311396265711 28.450883355183578
1.776659085477028 127.883339151990626 28.449558393406040
1.699621295726166 128.377366907715526 28.448233431628502
1.622583505975305 128.871394663440441 28.446908469850964
1.545545716224443 129.365422419165355 28.445583508073426
1.444287562375652 129.855061728490625 28.445218758028709
1.343029408526860 130.344701037815895 28.444854007983992
1.241771254678068 130.834340347141165 28.444489257939274
1.140513100829276 131.323979656466435 28.444124507894557
1.025789593095599 131.810640162863763 28.444385824542319
0.911066085361922 132.297300669261091 28.444647141190082
0.796342577628244 132.783961175658419 28.444908457837844
0.681619069894567 133.270621682055747 28.445169774485606
0.558697962798588 133.755276041507329 28.445913612413772
0.435776855702610 134.239930400958912 28.446657450341938
0.312855748606631 134.724584760410494 28.447401288270104
0.189934641510653 135.209239119862076 28.448145126198270
0.067013534414674 135.693893479313658 28.448888964126436
-0.055907572681305 136.178547838765240 28.449632802054602
-0.201319804822349 136.656934422488575 28.450881504291644
-0.346732036963393 137.135321006211910 28.452130206528686
-0.492144269104437 137.613707589935245 28.453378908765728
-0.637556501245482 138.092094173658580 28.454627611002770
-0.782968733386526 138.570480757381915 28.455876313239813
-0.928380965527570 139.048867341105250 28.457125015476855
-1.099455303043602 139.518687391650587 28.455484543276889
-1.270529640559633 139.988507442195925 28.453844071076922
-1.441603978075664 140.458327492741262 28.452203598876956
-1.612678315591695 140.928147543286599 28.450563126676990
-1.799452912674125 141.391946457883932 28.452974910879078
-1.986227509756555 141.855745372481266 28.455386695081167
-2.173002106838986 142.319544287078600 28.457798479283255
-2.359776703921415 142.783343201675933 28.460210263485344
-2.546551301003845 143.247142116273267 28.462622047687432
-2.733325898086275 143.710941030870600 28.465033831889521
-2.938620611707339 144.166851181294277 28.465157524694739
-3.143915325328402 144.622761331717953 28.465281217499957
-3.349210038949466 145.078671482141630 28.465404910305175
-3.558891176641432 145.532580812478074 28.465030304206639
-3.768572314333399 145.986490142814517 28.464655698108103
-3.978253452025365 146.440399473150961 28.464281092009568
-4.187934589717331 146.894308803487405 28.463906485911032
-4.397615727409297 147.348218133823849 28.463531879812496
-4.625292450458729 147.793372801064180 28.462736885713532
-4.852969173508161 148.238527468304511 28.461941891614568
-5.080645896557592 148.683682135544842 28.461146897515604
-5.308322619607024 149.128836802785173 28.460351903416640
-5.549243768664708 149.566965626803352 28.459986525277440
-5.790164917722393 150.005094450821531 28.459621147138240
-6.031086066780078 150.443223274839710 28.459255768999039
-6.272007215837762 150.881352098857889 28.458890390859839
-6.512928364895447 151.319480922876068 28.458525012720639
-6.762421235137912 151.752785784079066 28.458072292013490
-7.011914105380376 152.186090645282064 28.457619571306342
-7.261406975622841 152.619395506485063 28.457166850599194
-7.510899845865306 153.052700367688061 28.456714129892045
-7.760392716107771 153.486005228891059 28.456261409184897
-8.009885586350237 153.919310090094058 28.455808688477749
-8.274131154931643 154.343779224467085 28.455325522137723
-8.538376723513050 154.768248358840111 28.454842355797698
-8.802622292094457 155.192717493213138 28.454359189457673
-9.066867860675863 155.617186627586165 28.453876023117648
-9.331113429257270 156.041655761959191 28.453392856777622
-9.595358997838677 156.466124896332218 28.452909690437597
-9.875681202495411 156.880153187090940 28.452719880549072
-10.156003407152145 157.294181477849662 28.452530070660547
-10.436325611808879 157.708209768608384 28.452340260772022
-10.716647816465613 158.122238059367106 28.452150450883497
-10.996970021122348 158.536266350125828 28.451960640994972
-11.277292225779082 158.950294640884550 28.451770831106447
-11.557614430435816 159.364322931643272 28.451581021217923
-11.848377149187817 159.771087040780998 28.451611043383110
-12.139139867939818 160.177851149918723 28.451641065548298
-12.429902586691819 160.584615259056449 28.451671087713486
-12.720665305443820 160.991379368194174 28.451701109878673
-13.011428024195821 161.398143477331899 28.451731132043861
-13.302190742947822 161.804907586469625 28.451761154209048
-13.592953461699823 162.211671695607350 28.451791176374236
-13.902611478895313 162.604240581773865 28.450533400346433
-14.212269496090803 162.996809467940381 28.449275624318631
-14.521927513286293 163.389378354106896 28.448017848290828
-14.831585530481783 163.781947240273411 28.446760072263025
-15.141243547677274 164.174516126439926 28.445502296235222
-15.466475871102487 164.554282793410522 28.444400271965389
-15.791708194527700 164.934049460381118 28.443298247695555
-16.116940517952916 165.313816127351714 28.442196223425722
-16.442172841378131 165.693582794322310 28.441094199155888
-16.767405164803346 166.073349461292906 28.439992174886054
-17.100616861366124 166.446135989301951 28.439580096351850
-17.433828557928901 166.818922517310995 28.439168017817646
-17.767040254491679 167.191709045320039 28.438755939283443
-18.100251951054457 167.564495573329083 28.438343860749239
-18.433463647617234 167.937282101338127 28.437931782215035
-18.781240078429320 168.296519557963478 28.437869100790468
-19.129016509241406 168.655757014588829 28.437806419365902
-19.476792940053492 169.014994471214180 28.437743737941336
-19.824569370865579 169.374231927839531 28.437681056516769
-20.172345801677665 169.733469384464883 28.437618375092203
-20.520122232489751 170.092706841090234 28.437555693667637
-20.884447102822190 170.435148007114407 28.438754305056154
-21.248771973154629 170.777589173138580 28.439952916444671
-21.613096843487067 171.120030339162753 28.441151527833188
-21.977421713819506 171.462471505186926 28.442350139221706
-22.341746584151945 171.804912671211099 28.443548750610223
-22.706071454484384 172.147353837235272 28.444747361998740
-23.070396324816823 172.489795003259445 28.445945973387257
-23.434721195149262 172.832236169283618 28.447144584775774
-23.799046065481701 173.174677335307791 28.448343196164291
-24.175449697509507 173.503795933605716 28.449463040211356
-24.551853329537312 173.832914531903640 28.450582884258420
-24.928256961565118 174.162033130201564 28.451702728305484
-25.304660593592924 174.491151728499489 28.452822572352549
-25.681064225620730 174.820270326797413 28.453942416399613
-26.057467857648536 175.149388925095337 28.455062260446677
-26.447747876962353 175.461926933078132 28.456287042282614
-26.838027896276170 175.774464941060927 28.457511824118551
-27.228307915589987 176.087002949043722 28.458736605954488
-27.618587934903804 176.399540957026517 28.459961387790425
-28.008867954217621 176.712078965009312 28.461186169626362
-28.399147973531438 177.024616972992106 28.462410951462299
-28.799595264290893 177.324019554348041 28.462659146586986
-29.200042555050349 177.623422135703976 28.462907341711674
-29.600489845809804 177.922824717059910 28.463155536836361
-30.000937136569259 178.222227298415845 28.463403731961048
-30.401384427328715 178.521629879771780 28.463651927085735
-30.801831718088170 178.821032461127714 28.463900122210422
-31.214807607475183 179.102902517014996 28.464331838684799
-31.627783496862197 179.384772572902278 28.464763555159177
-32.040759386249206 179.666642628789560 28.465195271633554
-32.453735275636220 179.948512684676842 28.465626988107932
-32.866711165023233 180.230382740564124 28.466058704582309
-33.279687054410246 180.512252796451406 28.466490421056687
-33.692662943797259 180.794122852338688 28.466922137531064
-34.105638833184273 181.075992908225970 28.467353854005442
-34.531745603062241 181.337589843321553 28.467607256391052
-34.957852372940209 181.599186778417135 28.467860658776662
-35.383959142818178 181.860783713512717 28.468114061162272
-35.810065912696146 182.122380648608299 28.468367463547882
-36.236172682574114 182.383977583703881 28.468620865933492
-36.662279452452083 182.645574518799464 28.468874268319102
-37.093555227361371 182.898558963655972 28.469151102269496
-37.524831002270659 183.151543408512481 28.469427936219891
-37.956106777179947 183.404527853368990 28.469704770170285
-38.387382552089235 183.657512298225498 28.469981604120679
-38.818658326998523 183.910496743082007 28.470258438071074
-39.249934101907812 184.163481187938515 28.470535272021468
-39.681209876817100 184.416465632795024 28.470812105971863
-40.125567226907748 184.645695961930500 28.470852415455834
-40.569924576998396 184.874926291065975 28.470892724939805
-41.014281927089044 185.104156620201451 28.470933034423776
-41.458639277179692 185.333386949336926 28.470973343907747
-41.902996627270340 185.562617278472402 28.471013653391719
-42.347353977360989 185.791847607607878 28.471053962875690
-42.791711327451637 186.021077936743353 28.471094272359661
-43.246924150102103 186.227914281958277 28.470982949734257
-43.702136972752569 186.434750627173202 28.470871627108853
-44.157349795403036 186.641586972388126 28.470760304483449
-44.612562618053502 186.848423317603050 28.470648981858044
-45.067775440703969 187.055259662817974 28.470537659232640
-45.522988263354435 187.262096008032898 28.470426336607236
-45.987226100043493 187.447791495191268 28.471072119293190
-46.451463936732551 187.633486982349638 28.471717901979144
-46.915701773421610 187.819182469508007 28.472363684665098
-47.379939610110668 188.004877956666377 28.473009467351051
-47.844177446799726 188.190573443824746 28.473655250037005
-48.308415283488785 188.376268930983116 28.474301032722959
-48.772653120177843 188.561964418141486 28.474946815408913
-49.243015291987838 188.731550272529120 28.474691234105105
-49.713377463797833 188.901136126916754 28.474435652801297
-50.183739635607829 189.070721981304388 28.474180071497489
-50.654101807417824 189.240307835692022 28.473924490193681
-51.124463979227819 189.409893690079656 28.473668908889874
-51.594826151037815 189.579479544467290 28.473413327586066
-52.065188322847810 189.749065398854924 28.473157746282258
-52.537756943919987 189.912399943596228 28.472306352078427
-53.010325564992165 190.075734488337531 28.471454957874595
-53.482894186064343 190.239069033078835 28.470603563670764
-53.955462807136520 190.402403577820138 28.469752169466933
-54.428031428208698 190.565738122561442 28.468900775263101
-54.900600049280875 190.729072667302745 28.468049381059270
-55.373851240426504 190.890417143209703 28.466922361294433
-55.847102431572132 191.051761619116661 28.465795341529596
-56.320353622717761 191.213106095023619 28.464668321764758
-56.793604813863389 191.374450570930577 28.463541301999921
-57.266856005009018 191.535795046837535 28.462414282235084
-57.740107196154646 191.697139522744493 28.461287262470247
-58.212199956892711 191.861840287055031 28.459843831060773
-58.684292717630775 192.026541051365570 28.458400399651300
-59.156385478368840 192.191241815676108 28.456956968241826
-59.628478239106904 192.355942579986646 28.455513536832353
-60.100570999844969 192.520643344297184 28.454070105422879
-60.572663760583033 192.685344108607723 28.452626674013406
-61.044756521321098 192.850044872918261 28.451183242603932
-61.516849282059162 193.014745637228799 28.449739811194458
-61.988942042797227 193.179446401539337 28.448296379784985
-62.457861662164937 193.352976949623752 28.447055632605185
-62.926781281532648 193.526507497708167 28.445814885425385
-63.395700900900358 193.700038045792581 28.444574138245585
-63.864620520268069 193.873568593876996 28.443333391065785
-64.333540139635787 194.047099141961411 28.442092643885985
-64.802459759003497 194.220629690045826 28.440851896706185
-65.262690401741480 194.416042068512667 28.439526066058722
-65.722921044479463 194.611454446979508 28.438200235411259
-66.183151687217446 194.806866825446349 28.436874404763795
-66.635332385190068 195.020247033683745 28.435648389446762
-67.087513083162690 195.233627241921141 28.434422374129728
-67.539693781135313 195.447007450158537 28.433196358812694
-67.991874479107935 195.660387658395933 28.431970343495660
-68.435241180414764 195.891526370184636 28.431040781791193
-68.878607881721592 196.122665081973338 28.430111220086726
-69.321974583028421 196.353803793762040 28.429181658382259
-69.765341284335250 196.584942505550742 28.428252096677792
-70.208707985642079 196.816081217339445 28.427322534973325
-70.635423470892420 197.076684103455193 28.427148191346951
-71.062138956142761 197.337286989570941 28.426973847720578
-71.488854441393102 197.597889875686690 28.426799504094205
-71.915569926643442 197.858492761802438 28.426625160467832
-72.342285411893783 198.119095647918186 28.426450816841459
-72.760788271244763 198.392692408699475 28.426039471444977
-73.179291130595743 198.666289169480763 28.425628126048494
-73.597793989946723 198.939885930262051 28.425216780652011
-74.016296849297703 199.213482691043339 28.424805435255529
-74.418455996663184 199.510581945544857 28.424574860098502
-74.820615144028665 199.807681200046375 28.424344284941476
-75.222774291394146 200.104780454547893 28.424113709784450
-75.624933438759626 200.401879709049410 28.423883134627424
-76.027092586125107 200.698978963550928 28.423652559470398
-76.423084973131125 201.004246643169097 28.422359031803865
-76.819077360137143 201.309514322787265 28.421065504137331
-77.215069747143161 201.614782002405434 28.419771976470798
-77.611062134149179 201.920049682023603 28.418478448804265
-78.007054521155197 202.225317361641771 28.417184921137732
-78.387227873085379 202.550075312129053 28.416480593457624
-78.767401225015561 202.874833262616335 28.415776265777517
-79.147574576945743 203.199591213103616 28.415071938097409
-79.527747928875925 203.524349163590898 28.414367610417301
-79.907921280806107 203.849107114078180 28.413663282737193
-80.270541792616029 204.193353032118296 28.412608613386574
-80.633162304425952 204.537598950158412 28.411553944035955
-80.995782816235874 204.881844868198527 28.410499274685336
-81.358403328045796 205.226090786238643 28.409444605334716
-81.712781024842684 205.578817918400830 28.409579696273592
-82.067158721639572 205.931545050563017 28.409714787212469
-82.421536418436460 206.284272182725203 28.409849878151345
-82.775914115233348 206.636999314887390 28.409984969090221
-83.123402992588652 206.996514776284869 28.409648620293030
-83.470891869943955 207.356030237682347 28.409312271495839
-83.818380747299258 207.715545699079826 28.408975922698648
-84.165869624654562 208.075061160477304 28.408639573901457
-84.492994482382102 208.453200447322899 28.408724430540524
-84.820119340109642 208.831339734168495 28.408809287179590
-85.147244197837182 209.209479021014090 28.408894143818657
-85.474369055564722 209.587618307859685 28.408979000457723
-85.790550784379533 209.974953578204634 28.409688021258543
-86.106732513194345 210.362288848549582 28.410397042059362
-86.422914242009156 210.749624118894531 28.411106062860181
-86.739095970823968 211.136959389239479 28.411815083661001
-87.041880884882133 211.534855219160022 28.411363032078011
-87.344665798940298 211.932751049080565 28.410910980495022
-87.647450712998463 212.330646879001108 28.410458928912032
-87.950235627056628 212.728542708921651 28.410006877329042
-88.253020541114793 213.126438538842194 28.409554825746053
-88.543782497023528 213.533202848647505 28.410085169725193
-88.834544452932263 213.939967158452816 28.410615513704332
-89.125306408840999 214.346731468258128 28.411145857683472
-89.401574828636328 214.763475235505439 28.410519212402257
-89.677843248431657 215.180219002752750 28.409892567121041
-89.954111668226986 215.596962770000061 28.409265921839825
-90.230380088022315 216.013706537247373 28.408639276558610
-90.483944595520015 216.444639020680341 28.407144198051942
-90.737509103017715 216.875571504113310 28.405649119545274
-90.991073610515414 217.306503987546279 28.404154041038606
-91.244638118013114 217.737436470979247 28.402658962531937
-91.498202625510814 218.168368954412216 28.401163884025269
-91.751767133008514 218.599301437845185 28.399668805518601
-92.005331640506213 219.030233921278153 28.398173727011933
-92.231757459533171 219.476020992011257 28.395885486382152
-92.458183278560128 219.921808062744361 28.393597245752371
-92.684609097587085 220.367595133477465 28.391309005122590
-92.913002050943945 220.812378263931976 28.389158256411836
-93.141395004300804 221.257161394386486 28.387007507701082
-93.369787957657664 221.701944524840997 28.384856758990328
-93.589376388595312 222.151141830713840 28.383213166910792
-93.808964819532960 222.600339136586683 28.381569574831257
-94.028553250470608 223.049536442459527 28.379925982751722
-94.227217584789273 223.508371296883553 28.378177087267897
-94.425881919107937 223.967206151307579 28.376428191784072
-94.617661366009671 224.428959435347451 28.374295488228615
-94.809440812911404 224.890712719387324 28.372162784673158
-95.001220259813138 225.352466003427196 28.370030081117701
-95.181283787733378 225.818912468711886 28.367834418044783
-95.361347315653617 226.285358933996577 28.365638754971865
-95.541410843573857 226.751805399281267 28.363443091898947
-95.692039803335362 227.228576708774654 28.363629974531062
-95.842668763096867 227.705348018268040 28.363816857163176
-95.993297722858372 228.182119327761427 28.364003739795290
-96.145293581010250 228.658456423962150 28.363524273699007
-96.297289439162128 229.134793520162873 28.363044807602723
-96.449285297314006 229.611130616363596 28.362565341506439
-96.601281155465884 230.087467712564319 28.362085875410155
-96.745435517951321 230.566236318725970 28.361709670078415
-96.889589880436759 231.045004924887621 28.361333464746675
-97.033744242922197 231.523773531049272 28.360957259414935
-97.177898605407634 232.002542137210924 28.360581054083195
-97.297971926449620 232.487910387469753 28.360824394628864
-97.418045247491605 232.973278637728583 28.361067735174533
-97.538118568533591 233.458646887987413 28.361311075720202
-97.658191889575576 233.944015138246243 28.361554416265871
-97.778265210617562 234.429383388505073 28.361797756811541
-97.884782891220553 234.917904954797166 28.362611996620469
-97.991300571823544 235.406426521089259 28.363426236429397
-98.097818252426535 235.894948087381351 28.364240476238326
-98.204335933029526 236.383469653673444 28.365054716047254
-98.291941352619787 236.875734815966808 28.365602849879824
-98.379546772210048 237.367999978260173 28.366150983712394
-98.467152191800309 237.860265140553537 28.366699117544965
-98.554757611390571 238.352530302846901 28.367247251377535
-98.642363030980832 238.844795465140265 28.367795385210105
-98.704927018125716 239.340865713405663 28.367558112275042
-98.767491005270600 239.836935961671060 28.367320839339978
-98.830054992415484 240.333006209936457 28.367083566404915
-98.892618979560368 240.829076458201854 28.366846293469852
-98.955182966705252 241.325146706467251 28.366609020534788
-98.991998565012693 241.823787247665990 28.365118250836385
-99.028814163320135 242.322427788864729 28.363627481137982
-99.065629761627576 242.821068330063468 28.362136711439579
-99.102445359935018 243.319708871262208 28.360645941741176
-99.139260958242460 243.818349412460947 28.359155172042772
-99.158456085407920 244.317980534332065 28.358617444488470
-99.177651212573380 244.817611656203184 28.358079716934167
-99.196846339738840 245.317242778074302 28.357541989379865
-99.216041466904301 245.816873899945421 28.357004261825562
-99.235236594069761 246.316505021816539 28.356466534271259
-99.242429896938475 246.816453203204105 28.356197608440084
-99.249623199807189 247.316401384591671 28.355928682608909
-99.256816502675903 247.816349565979237 28.355659756777733
-99.264009805544617 248.316297747366804 28.355390830946558
-99.271203108413332 248.816245928754370 28.355121905115382
-99.271368538220202 249.316245368863974 28.355851646882851
-99.271533968027072 249.816244808973579 28.356581388650319
-99.271699397833942 250.316244249083184 28.357311130417788
-99.271864827640812 250.816243689192788 28.358040872185256
-99.272030257447682 251.316243129302393 28.358770613952725
-99.273790597646013 251.816239906097650 28.359123313157035
-99.275550937844343 252.316236682892907 28.359476012361345
-99.277311278042674 252.816233459688164 28.359828711565655
-99.279071618241005 253.316230236483420 28.360181410769965
-99.280831958439336 253.816227013278677 28.360534109974274
-99.284063387247784 254.316216391045998 28.360958359549812
-99.287294816056232 254.816205768813319 28.361382609125350
-99.290526244864679 255.316195146580640 28.361806858700888
-99.293757673673127 255.816184524347960 28.362231108276426
-99.296989102481575 256.316173902115281 28.362655357851963
-99.295459905019015 256.816171527904828 28.362466254943783
-99.293930707556456 257.316169153694375 28.362277152035603
-99.292401510093896 257.816166779483922 28.362088049127422
-99.290872312631336 258.316164405273469 28.361898946219242
-99.289343115168776 258.816162031063016 28.361709843311061
-99.294079302931081 259.316139470607482 28.362068273237657
-99.298815490693386 259.816116910151948 28.362426703164253
-99.303551678455690 260.316094349696414 28.362785133090849
-99.308287866217995 260.816071789240880 28.363143563017445
-99.313024053980300 261.316049228785346 28.363501992944041
-99.314352697319364 261.816047328153502 28.363869872115387
-99.315681340658429 262.316045427521658 28.364237751286733
-99.317009983997494 262.816043526889814 28.364605630458080
-99.318338627336558 263.316041626257970 28.364973509629426
-99.319667270675623 263.816039725626126 28.365341388800772
-99.320995914014688 264.316037824994282 28.365709267972118
-99.323615879264722 264.816030954627934 28.365787378328641
-99.326235844514756 265.316024084261585 28.365865488685163
-99.328855809764789 265.816017213895236 28.365943599041685
-99.331475775014823 266.316010343528887 28.366021709398208
-99.334095740264857 266.816003473162539 28.366099819754730
-99.336715705514891 267.315996602796190 28.366177930111252
-99.337581010787304 267.815995837401601 28.366048930955674
-99.338446316059716 268.315995072007013 28.365919931800097
-99.339311621332129 268.815994306612424 28.365790932644519
-99.340176926604542 269.315993541217836 28.365661933488941
-99.341042231876955 269.815992775823247 28.365532934333363
-99.341907537149368 270.315992010428658 28.365403935177785
-99.342772842421780 270.815991245034070 28.365274936022207
-99.347244638471054 271.315971246614708 28.365307486122280
-99.351716434520327 271.815951248195347 28.365340036222353
-99.356188230569600 272.315931249775986 28.365372586322426
-99.360660026618874 272.815911251356624 28.365405136422499
-99.365131822668147 273.315891252937263 28.365437686522572
-99.369603618717420 273.815871254517901 28.365470236622645
-99.371062129290223 274.315869123044877 28.365405310386087
-99.372520639863026 274.815866991571852 28.365340384149530
-99.373979150435829 275.315864860098827 28.365275457912972
-99.375437661008633 275.815862728625802 28.365210531676414
-99.376896171581436 276.315860597152778 28.365145605439857
-99.378354682154239 276.815858465679753 28.365080679203299
-99.379813192727042 277.315856334206728 28.365015752966741
-99.382806042131151 277.815847376515421 28.365037282099173
-99.385798891535259 278.315838418824114 28.365058811231606
-99.388791740939368 278.815829461132807 28.365080340364038
-99.391784590343477 279.315820503441500 28.365101869496470
-99.394777439747585 279.815811545750194 28.365123398628903
-99.397770289151694 280.315802588058887 28.365144927761335
-99.400763138555803 280.815793630367580 28.365166456893768
-99.404318755320887 281.315780802967993 28.365596369063287
-99.407874372085971 281.815767975568406 28.366026281232806
-99.411429988851054 282.315755148168819 28.366456193402325
-99.414985605616138 282.815742320769232 28.366886105571844
-99.418541222381222 283.315729493369645 28.367316017741363
-99.422096839146306 283.815716665970058 28.367745929910882
-99.422105928247845 284.315715939126846 28.368598432164212
-99.422115017349384 284.815715212283635 28.369450934417543
-99.422124106450923 285.315714485440424 28.370303436670874
-99.422133195552462 285.815713758597212 28.371155938924204
-99.422142284654001 286.315713031754001 28.372008441177535
-99.422151373755540 286.815712304910789 28.372860943430865
-99.422160462857079 287.315711578067578 28.373713445684196
-99.424774107610460 287.815704616069695 28.374075123072988
-99.427387752363842 288.315697654071812 28.374436800461780
-99.430001397117223 288.815690692073929 28.374798477850572
-99.432615041870605 289.315683730076046 28.375160155239364
-99.435228686623987 289.815676768078163 28.375521832628156
-99.437842331377368 290.315669806080280 28.375883510016948
-99.440002463608835 290.815660391272047 28.378062626426164
-99.441688143415377 291.205832817126065 28.379763120717023
-99.441688143415377 291.205832817126065 28.379763120717023
-99.443748130990556 291.705827859573219 28.378918147653373
-99.445808118565736 292.205822902020373 28.378073174589723
-99.447868106140916 292.705817944467526 28.377228201526073
-99.443000759509289 293.205794250513236 28.377179935108121
-99.438133412877661 293.705770556558946 28.377131668690168
-99.433266066246034 294.205746862604656 28.377083402272216
-99.428398719614407 294.705723168650366 28.377035135854264
-99.423531372982779 295.205699474696075 28.376986869436312
-99.419589411979786 295.705683884162397 28.376760519998292
-99.415647450976792 296.205668293628719 28.376534170560273
-99.411705489973798 296.705652703095041 28.376307821122253
-99.407763528970804 297.205637112561362 28.376081471684234
-99.403821567967810 297.705621522027684 28.375855122246215
-99.399879606964817 298.205605931494006 28.375628772808195
-99.413418657811917 298.705412475317587 28.374596174753396
-99.414741927605817 299.205366542231445 28.373810595407871
-99.416570796906797 299.705315013904453 28.373013665566951
-99.418914391391326 300.205257884991340 28.372204825677148
-99.421768056666608 300.705195314737864 28.371383704549206
-99.425111927384037 301.205127636441318 28.370550137453975
-99.428902486665848 301.705055183326124 28.369704170481498
-99.433084584820079 302.204978548839904 28.368846057007158
-99.437586786520683 302.704898440310899 28.367976236952256
-99.442322744972898 303.204815640545519 28.367095305915122
-99.447193283728012 303.704730960597658 28.366203975323355
-99.452089058412582 304.204645186442974 28.365303026998426
-99.456893628427011 304.704559022966521 28.364393266077659
-99.461486743797920 305.204473039036031 28.363475476358932
-99.465747647247014 305.704387617500970 28.362550381800006
-99.469515185898516 306.204297116405257 28.361620934495356
-99.472647045793067 306.704197443018415 28.360689256875812
-99.475000625338211 307.204082331668815 28.359757248447639
-99.476434337789243 307.703944326277224 28.358827336187474
-99.476803842403314 308.203773827056068 28.357902580363742
-99.475945974180959 308.703554615788335 28.356986505913103
-99.473685375990925 309.203266035862441 28.356083561091221
-99.469834534623047 309.702883995857746 28.355199418479593
-99.464175364724497 310.202375130362725 28.354340787013001
-99.456451629561144 310.701693976342881 28.353515008955629
-99.446372006376933 311.200785304872454 28.352731053175088
-99.433602215207699 311.699581323885809 28.351999310814765
-99.417755190173537 312.197996465949984 28.351331209732667
-99.398395028548350 312.695930286831867 28.350739030015873
-99.375033469959462 313.193264479455195 28.350235493135433
-99.347129104276789 313.689860326588644 28.349833263076135
-99.314082751301925 314.185550604082096 28.349544677002743
-99.275243516081872 314.680144620910710 28.349381140516261
-99.229929376826036 315.173425473772852 28.349352131395442
-99.177423850948315 315.665145819942779 28.349464267643949
-99.116993150199434 316.155034279982942 28.349721050104574
-99.047894226160054 316.642790632502056 28.350121921542112
-98.969388681758076 317.128087271332902 28.350662210841026
-98.880757227042153 317.610571589982726 28.351333142242595
-98.781315987144367 318.089866831380277 28.352121470727976
-98.670421568854678 318.565576915647966 28.353010174079966
-98.547489053602590 319.037291025435479 28.353978751279200
-98.412003075231979 319.504589386977727 28.355003999003362
-98.263527076171627 319.967049622807110 28.356060799419637
-98.101713038268002 320.424256486452293 28.357123217601441
-97.926311033438807 320.875813924228112 28.358165665997205
-97.737174722805051 321.321351179279191 28.359163595826114
-97.534260445518044 321.760536289459594 28.360094356251935
-97.317632400423520 322.193084506035234 28.360937930879068
-97.087462672473706 322.618767929761702 28.361677490894515
-96.844031435564077 323.037426082373997 28.362299775392582
-96.587723005609320 323.448972967002078 28.362795249958985
-96.319022131491977 323.853404232284390 28.363158082187468
-96.038520771753625 324.250812587548978 28.363386482084092
-95.746894934400245 324.641376866350697 28.363481683547690
-95.444903442151912 325.025364694776158 28.363447865778994
-95.133371961487853 325.403134799543238 28.363291896287766
-94.813184631642727 325.775128896916328 28.363022903381900
-94.485270602527777 326.141863764130107 28.362651924332560
-94.150594189372228 326.503924134852525 28.362191649373749
-93.810137507223089 326.861948569715707 28.361656271658287
-93.464888798044868 327.216617934336284 28.361060966735206
-93.115827336429035 327.568640211357263 28.360421988306324
-92.763909640457271 327.918735262400105 28.359756500207272
-92.410089677269696 328.267626319897374 28.359080251405871
-92.055238281382884 328.616011238569797 28.358411874147031
-91.700158947735247 328.964549516613090 28.357770983715834
-91.345587039894070 329.313855429243802 28.357175956135432
-90.992178065244218 329.664481456432895 28.356641984726707
-90.640508249834014 330.016909003541969 28.356182074077207
-90.291057993323932 330.371540068299964 28.355809735239973
-89.944197858409140 330.728680874156169 28.355536603714160
-89.600199367956037 331.088543731388484 28.355373005052137
-89.259231908975522 331.451247601985358 28.355327474540985
-88.921342445953812 331.816796333901266 28.355407384791210
-88.586455580476596 332.185071227386345 28.355616283782080
-88.254389195262974 332.555850575388320 28.355953151006322
-87.924845897652261 332.928799509871453 28.356413764768185
-87.597422053647875 333.303476715361342 28.356991226338174
-87.271613240199272 333.679330857087336 28.357675618558719
-86.946829766617356 334.055717157564629 28.358453746420690
-86.622397723061667 334.431893827124668 28.359309343571518
-86.297574281580509 334.807029877727928 28.360223442916379
-85.971564335851909 335.180211741409892 28.361175258934857
-85.643533305107340 335.550458621414805 28.362141951080329
-85.312629267060103 335.916731758831077 28.363099957432116
-84.978001174447868 336.277950715915836 28.364025313470528
-84.638817568810126 336.633009096230580 28.364894460219162
-84.294286449436072 336.980789458033428 28.365685668012329
-83.943672594102893 337.320185277088171 28.366379528940300
-83.586314049392641 337.650117042330010 28.366960019084718
-83.221636771609340 337.969552886496103 28.367415077683262
-82.849166814977025 338.277528125616357 28.367739610853384
-82.468537859339577 338.573162669278020 28.367936756213737
-82.079495271678780 338.855676676111329 28.368011854254128
-81.681901980728085 339.124411054831228 28.367976215156869
-81.275734268854578 339.378837872743475 28.367846816811788
-80.861079483289842 339.618573222745397 28.367646117946386
-80.438128432505508 339.843384153482475 28.367401701217737
-80.007163770062249 340.053190536239754 28.367145886018154
-79.568548834345506 340.248065386912856 28.366915382991685
-79.122712981985899 340.428230432188570 28.366748372214222
-78.670128216382722 340.594040817236703 28.366682690669016
-78.211311414363564 340.745985590433975 28.366762464421807
-77.746804096501492 340.884669353323773 28.367033460436129
-77.277152730595176 341.010790880852028 28.367542121255752
-76.802901942218710 341.125132055657389 28.368331322895415
-76.324583205087023 341.228534269912814 28.369443337138467
-75.842702583968915 341.321877754451805 28.370917161523696
-75.357737377194312 341.406066140920700 28.372785982282139
-74.870128346971924 341.482007148102923 28.375075353009674
-74.380277760673650 341.550597745698951 28.377800730410371
-73.888547634330521 341.612710285457695 28.380965473019568
-73.395256600761613 341.669178745221529 28.384559459944146
-72.900687660207225 341.720794476406923 28.388556609206610
-72.405311283146190 341.768281146271647 28.392918171711962
-71.909432772542388 341.812309907241513 28.397588326130208
-71.413362341944506 341.853489315539775 28.402497941192362
-70.917428342717201 341.892363163525545 28.407564257018443
-70.421988932182828 341.929405368944344 28.412690841994788
-69.927454926273498 341.965027719409477 28.417773890724366
-69.434303363466157 341.999576360542676 28.422705770970431
-68.943093077069676 342.033330313364104 28.427379891759500
-68.454489149148458 342.066517217894216 28.431693790768193
-67.969276507099053 342.099316290208890 28.435556275072624
-67.488359533314394 342.131842657463778 28.438890934317140
-67.012773476985487 342.164160156814489 28.441637163975038
-66.543682968599057 342.196284249180394 28.443752240349436
-66.082375413043010 342.228193796501500 28.445213279303086
-65.630240962600666 342.259828276978396 28.446017684084751
-65.188746734678347 342.291097157515878 28.446182514759052
-64.759401372921417 342.321888238264080 28.445742673052180
-64.343712165900087 342.352077488723694 28.444748241209396
-63.943134101092191 342.381525842062388 28.443261613065555
-63.559018657086561 342.410096530014869 28.441353624307428
-63.192560426717705 342.437657508142195 28.439100013977082
-62.844747482147525 342.464087803355653 28.436577839572386
-62.516318669920345 342.489286300266372 28.433862086566354
-62.207730013917349 342.513171409760162 28.431023007456531
-60.843761110778061 342.620199966648840 28.416344334022099
-60.345485018741755 342.660997348459091 28.408827037802332
-59.847208926705449 342.701794730269341 28.401309741582565
-59.348932834669142 342.742592112079592 28.393792445362799
-58.850656742632836 342.783389493889842 28.386275149143032
-58.352380650596530 342.824186875700093 28.378757852923265
-57.854104558560223 342.864984257510343 28.371240556703498
-57.355828466523917 342.905781639320594 28.363723260483731
-56.857552374487611 342.946579021130844 28.356205964263964
-56.359276282451304 342.987376402941095 28.348688668044197
-55.861000190414998 343.028173784751345 28.341171371824430
-55.362724098378692 343.068971166561596 28.333654075604663
-54.864448006342386 343.109768548371846 28.326136779384896
-54.366171914306079 343.150565930182097 28.318619483165129
-53.867895822269773 343.191363311992347 28.311102186945362
-53.369619730233467 343.232160693802598 28.303584890725595
-52.871021871917279 343.269574387666466 28.304210345736085
-52.372424013601091 343.306988081530335 28.304835800746574
-51.873826155284902 343.344401775394203 28.305461255757063
-51.375228296968714 343.381815469258072 28.306086710767552
-50.876630438652526 343.419229163121940 28.306712165778041
-50.378032580336338 343.456642856985809 28.307337620788530
-49.879434722020150 343.494056550849677 28.307963075799019
-49.380836863703962 343.531470244713546 28.308588530809509
-48.882239005387774 343.568883938577414 28.309213985819998
-48.383641147071586 343.606297632441283 28.309839440830487
-47.885043288755398 343.643711326305151 28.310464895840976
-47.386445430439210 343.681125020169020 28.311090350851465
-46.887847572123022 343.718538714032888 28.311715805861954
-46.389249713806834 343.755952407896757 28.312341260872444
-45.890651855490646 343.793366101760625 28.312966715882933
-45.392053997174457 343.830779795624494 28.313592170893422
-44.893456138858269 343.868193489488363 28.314217625903911
-44.394858280542081 343.905607183352231 28.314843080914400
-43.896260422225893 343.943020877216100 28.315468535924889
-43.397662563909705 343.980434571079968 28.316093990935379
-42.899064705593517 344.017848264943837 28.316719445945868
-42.400466847277329 344.055261958807705 28.317344900956357
-41.901868988961141 344.092675652671574 28.317970355966846
-41.403271130644953 344.130089346535442 28.318595810977335
-40.904673272328765 344.167503040399311 28.319221265987824
-40.406075414012577 344.204916734263179 28.319846720998314
-39.907477555696389 344.242330428127048 28.320472176008803
-39.408879697380200 344.279744121990916 28.321097631019292
-38.910281839064012 344.317157815854785 28.321723086029781
-38.411683980747824 344.354571509718653 28.322348541040270
-37.913086122431636 344.391985203582522 28.322973996050759
-37.414488264115448 344.429398897446390 28.323599451061249
-36.915890405799260 344.466812591310259 28.324224906071738
-36.417292547483072 344.504226285174127 28.324850361082227
-35.918173109994882 344.533882951841122 28.325369248036957
-35.419053672506692 344.563539618508116 28.325888134991686
-34.919934235018502 344.593196285175111 28.326407021946416
-34.420814797530312 344.622852951842106 28.326925908901146
-33.921695360042122 344.652509618509100 28.327444795855875
-33.422575922553932 344.682166285176095 28.327963682810605
-32.923456485065742 344.711822951843089 28.328482569765335
-32.424337047577552 344.741479618510084 28.329001456720064
-31.925217610089359 344.771136285177079 28.329520343674794
-31.426098172601165 344.800792951844073 28.330039230629524
-30.926978735112971 344.830449618511068 28.330558117584253
-30.427859297624778 344.860106285178063 28.331077004538983
-29.928739860136584 344.889762951845057 28.331595891493713
-29.429620422648391 344.919419618512052 28.332114778448442
-28.930500985160197 344.949076285179046 28.332633665403172
-28.431381547672004 344.978732951846041 28.333152552357902
-27.932262110183810 345.008389618513036 28.333671439312631
-27.433142672695617 345.038046285180030 28.334190326267361
-26.934023235207423 345.067702951847025 28.334709213222091
-26.434903797719230 345.097359618514020 28.335228100176820
-25.935784360231036 345.127016285181014 28.335746987131550
-25.436664922742843 345.156672951848009 28.336265874086280
-24.937545485254649 345.186329618515003 28.336784761041010
-24.438426047766455 345.215986285181998 28.337303647995739
-23.939306610278262 345.245642951848993 28.337822534950469
-23.440187172790068 345.275299618515987 28.338341421905199
-22.941067735301875 345.304956285182982 28.338860308859928
-22.441948297813681 345.334612951849977 28.339379195814658
-21.942828860325488 345.364269618516971 28.339898082769388
-21.443709422837294 345.393926285183966 28.340416969724117
-20.944589985349101 345.423582951850960 28.340935856678847
-20.445470547860907 345.453239618517955 28.341454743633577
-19.946351110372714 345.482896285184950 28.341973630588306
-19.446567527813951 345.497605824541097 28.341966103463090
-18.946783945255188 345.512315363897244 28.341958576337873
-18.447000362696425 345.527024903253391 28.341951049212657
-17.947216780137662 345.541734442609538 28.341943522087440
-17.447433197578899 345.556443981965685 28.341935994962224
-16.947649615020136 345.571153521321833 28.341928467837008
-16.447866032461373 345.585863060677980 28.341920940711791
-15.948082449902611 345.600572600034127 28.341913413586575
-15.448298867343848 345.615282139390274 28.341905886461358
-14.948515284785085 345.629991678746421 28.341898359336142
-14.448731702226322 345.644701218102568 28.341890832210925
-13.948948119667559 345.659410757458716 28.341883305085709
-13.449164537108796 345.674120296814863 28.341875777960492
-12.949380954550033 345.688829836171010 28.341868250835276
-12.449597371991270 345.703539375527157 28.341860723710059
-11.949813789432508 345.718248914883304 28.341853196584843
-11.450030206873745 345.732958454239451 28.341845669459627
-11.338825026643462 345.736231424845755 28.341843994624071
-11.338825026643462 345.736231424845755 28.341843994624071
-10.839067602598030 345.751803059276767 28.341640739558088
-10.339152228122039 345.760983046278056 28.342229128193146
-9.839236853646048 345.770163033279346 28.342817516828205
-9.339261528242981 345.775095083422457 28.343408168571823
-8.839286202839913 345.780027133565568 28.343998820315441
-8.339310877436846 345.784959183708679 28.344589472059059
-7.839335552033778 345.789891233851790 28.345180123802677
-7.339335640158799 345.790040504410172 28.345436723322980
-6.839335728283820 345.790189774968553 28.345693322843282
-6.339335816408841 345.790339045526935 28.345949922363584
-5.839335904533862 345.790488316085316 28.346206521883886
-5.339350686734056 345.786890615419509 28.344850597255054
-4.839365468934250 345.783292914753702 28.343494672626221
-4.339380251134443 345.779695214087894 28.342138747997389
-3.839395033334636 345.776097513422087 28.340782823368556
-3.339415506323678 345.771624855879452 28.340098787986417
-2.839435979312719 345.767152198336817 28.339414752604277
-2.339456452301760 345.762679540794181 28.338730717222138
-1.839476925290801 345.758206883251546 28.338046681839998
-1.339497398279842 345.753734225708911 28.337362646457859
-0.839517871268883 345.749261568166276 28.336678611075719
-0.339538344257925 345.744788910623640 28.335994575693579
0.160374635371652 345.735469166764460 28.335600656567987
0.660287615001229 345.726149422905280 28.335206737442395
1.160200594630806 345.716829679046100 28.334812818316802
1.660113574260383 345.707509935186920 28.334418899191210
2.160026553889959 345.698190191327740 28.334024980065617
2.659939533519536 345.688870447468560 28.333631060940025
3.159429487824567 345.666293637592958 28.333901623686231
3.658919442129597 345.643716827717355 28.334172186432436
4.158409396434628 345.621140017841753 28.334442749178642
4.657899350739659 345.598563207966151 28.334713311924848
5.156824237418550 345.565794527000605 28.334299790179717
5.655749124097441 345.533025846035059 28.333886268434586
6.154674010776332 345.500257165069513 28.333472746689456
6.653598897455223 345.467488484103967 28.333059224944325
7.151333977491239 345.419951665240092 28.332856854388158
7.649069057527256 345.372414846376216 28.332654483831991
8.146804137563272 345.324878027512341 28.332452113275824
8.643313732891142 345.265901586089342 28.332418880291556
9.139823328219013 345.206925144666343 28.332385647307287
9.636332923546883 345.147948703243344 28.332352414323019
10.131098653479928 345.075790227387131 28.332188567040067
10.625864383412972 345.003631751530918 28.332024719757115
11.120630113346017 344.931473275674705 28.331860872474163
11.613000001168182 344.844459451030559 28.332559361402691
12.105369888990346 344.757445626386414 28.333257850331218
12.597739776812510 344.670431801742268 28.333956339259746
13.087333122429163 344.568951001044354 28.334011272010006
13.576926468045816 344.467470200346440 28.334066204760266
14.066519813662469 344.365989399648527 28.334121137510525
14.551995349727656 344.246350345638859 28.334095881002725
15.037470885792844 344.126711291629192 28.334070624494924
15.522946421858032 344.007072237619525 28.334045367987123
16.004698623378733 343.873226933203114 28.334546182959748
16.486450824899435 343.739381628786703 28.335046997932373
16.968203026420138 343.605536324370291 28.335547812904998
17.449955227940841 343.471691019953880 28.336048627877624
17.925590944095504 343.317518555511981 28.337280182159997
18.401226660250167 343.163346091070082 28.338511736442371
18.876862376404830 343.009173626628183 28.339743290724744
19.347806527785657 342.841214502640753 28.340900420610151
19.818750679166484 342.673255378653323 28.342057550495557
20.289694830547312 342.505296254665893 28.343214680380964
20.760638981928139 342.337337130678463 28.344371810266370
21.224865848816702 342.151617268446785 28.345616330847818
21.689092715705264 341.965897406215106 28.346860851429266
22.153319582593827 341.780177543983427 28.348105372010714
22.617546449482390 341.594457681751749 28.349349892592162
23.073276744172968 341.388772155954655 28.351183735229530
23.529007038863547 341.183086630157561 28.353017577866897
23.984737333554126 340.977401104360467 28.354851420504264
24.431710198641479 340.753317701604544 28.356224914202265
24.878683063728833 340.529234298848621 28.357598407900266
25.325655928816186 340.305150896092698 28.358971901598267
25.772628793903539 340.081067493336775 28.360345395296267
26.211706189032885 339.841885280683471 28.362051336885933
26.650783584162230 339.602703068030166 28.363757278475600
27.089860979291576 339.363520855376862 28.365463220065266
27.528938374420921 339.124338642723558 28.367169161654932
27.959924811032511 338.870862112155862 28.367752178132847
28.390911247644102 338.617385581588167 28.368335194610761
28.821897684255692 338.363909051020471 28.368918211088676
29.252884120867282 338.110432520452775 28.369501227566591
29.678333042020537 337.847769594783074 28.370685697137873
30.103781963173791 337.585106669113372 28.371870166709154
30.529230884327045 337.322443743443671 28.373054636280436
30.945903383416073 337.046068797955172 28.374012764214314
31.362575882505102 336.769693852466673 28.374970892148191
31.779248381594130 336.493318906978175 28.375929020082069
32.195920880683161 336.216943961489676 28.376887148015946
32.602078811850298 335.925335341649884 28.376502719656866
33.008236743017434 335.633726721810092 28.376118291297786
33.414394674184571 335.342118101970300 28.375733862938706
33.810916754680775 335.037536615960846 28.375135482428334
34.207438835176980 334.732955129951392 28.374537101917962
34.603960915673184 334.428373643941939 28.373938721407590
34.990701463829453 334.111464813515681 28.373202780064361
35.377442011985721 333.794555983089424 28.372466838721131
35.764182560141990 333.477647152663167 28.371730897377901
36.150923108298258 333.160738322236909 28.370994956034671
36.527532467538293 332.831858483716019 28.369139599660024
36.904141826778329 332.502978645195128 28.367284243285376
37.280751186018364 332.174098806674237 28.365428886910728
37.657360545258399 331.845218968153347 28.363573530536080
38.021825363013605 331.502932032120043 28.361326301221730
38.386290180768810 331.160645096086739 28.359079071907381
38.750754998524016 330.818358160053435 28.356831842593031
39.115219816279222 330.476071224020131 28.354584613278682
39.466516319210349 330.120279788789560 28.352789719151684
39.817812822141477 329.764488353558988 28.350994825024685
40.169109325072604 329.408696918328417 28.349199930897687
40.504216978717785 329.037618549252841 28.347275230237120
40.839324632362967 328.666540180177265 28.345350529576553
41.174432286008148 328.295461811101688 28.343425828915986
41.509539939653330 327.924383442026112 28.341501128255420
41.834558789145163 327.544433002800247 28.340859873955797
42.159577638636996 327.164482563574381 28.340218619656174
42.484596488128830 326.784532124348516 28.339577365356551
42.809615337620663 326.404581685122650 28.338936111056928
43.134634187112496 326.024631245896785 28.338294856757305
43.459653036604330 325.644680806670920 28.337653602457682
43.766678507020657 325.250048127664911 28.337013933655054
44.073703977436985 324.855415448658903 28.336374264852427
44.380729447853312 324.460782769652894 28.335734596049800
44.676904138191006 324.057942531006233 28.335191521049698
44.973078828528699 323.655102292359572 28.334648446049595
45.269253518866392 323.252262053712911 28.334105371049493
45.565428209204086 322.849421815066250 28.333562296049390
45.861602899541779 322.446581576419590 28.333019221049287
46.144470763691530 322.034289455710962 28.332029962263658
46.427338627841280 321.621997335002334 28.331040703478028
46.710206491991030 321.209705214293706 28.330051444692398
46.993074356140781 320.797413093585078 28.329062185906768
47.261940487342606 320.375855296153077 28.328898122420448
47.530806618544432 319.954297498721075 28.328734058934128
47.799672749746257 319.532739701289074 28.328569995447808
48.068538880948083 319.111181903857073 28.328405931961488
48.326224607537036 318.682698939678005 28.327761167937410
48.583910334125989 318.254215975498937 28.327116403913333
48.841596060714942 317.825733011319869 28.326471639889256
49.091084744259263 317.392425673024661 28.326855518555472
49.340573427803584 316.959118334729453 28.327239397221689
49.590062111347905 316.525810996434245 28.327623275887905
49.839550794892226 316.092503658139037 28.328007154554122
50.078365070431403 315.653223320593781 28.327281313783402
50.317179345970580 315.213942983048526 28.326555473012682
50.555993621509757 314.774662645503270 28.325829632241962
50.794807897048933 314.335382307958014 28.325103791471243
51.033622172588110 313.896101970412758 28.324377950700523
51.272436448127287 313.456821632867502 28.323652109929803
51.490597358087285 313.006926293802508 28.323687507916805
51.708758268047283 312.557030954737513 28.323722905903807
51.926919178007282 312.107135615672519 28.323758303890809
52.145080087967280 311.657240276607524 28.323793701877811
52.363240997927278 311.207344937542530 28.323829099864813
52.581401907887276 310.757449598477535 28.323864497851815
52.799562817847274 310.307554259412541 28.323899895838817
53.017723727807272 309.857658920347546 28.323935293825819
53.235884637767271 309.407763581282552 28.323970691812821
53.433115203407965 308.948310912471584 28.322140637299480
53.630345769048660 308.488858243660616 28.320310582786139
53.827576334689354 308.029405574849648 28.318480528272797
54.024806900330049 307.569952906038679 28.316650473759456
54.222037465970743 307.110500237227711 28.314820419246114
54.419268031611438 306.651047568416743 28.312990364732773
54.616498597252132 306.191594899605775 28.311160310219432
54.785174455767105 305.720911692279515 28.308757583576334
54.953850314282079 305.250228484953254 28.306354856933236
55.122526172797052 304.779545277626994 28.303952130290138
55.291202031312025 304.308862070300734 28.301549403647041
55.459877889826998 303.838178862974473 28.299146677003943
55.628553748341972 303.367495655648213 28.296743950360845
55.797229606856945 302.896812448321953 28.294341223717748
55.936291459162767 302.416540895105186 28.293323184416117
56.075353311468589 301.936269341888419 28.292305145114486
56.214415163774412 301.455997788671652 28.291287105812856
56.353477016080234 300.975726235454886 28.290269066511225
56.492538868386056 300.495454682238119 28.289251027209595
56.631600720691878 300.015183129021352 28.288232987907964
56.770662572997701 299.534911575804585 28.287214948606334
56.909724425303523 299.054640022587819 28.286196909304703
57.048786277609345 298.574368469371052 28.285178870003072
57.187848129915167 298.094096916154285 28.284160830701442
57.319612430146186 297.611771237161122 28.283831333479071
57.451376730377206 297.129445558167959 28.283501836256701
57.583141030608225 296.647119879174795 28.283172339034330
57.714905330839244 296.164794200181632 28.282842841811959
57.846669631070263 295.682468521188468 28.282513344589589
57.978433931301282 295.200142842195305 28.282183847367218
58.094459788788775 294.713795763288488 28.280057998569458
58.210485646276268 294.227448684381670 28.277932149771697
58.326511503763761 293.741101605474853 28.275806300973937
58.442537361251254 293.254754526568036 28.273680452176176
58.558563218738747 292.768407447661218 28.271554603378416
58.674589076226241 292.282060368754401 28.269428754580655
58.790614933713734 291.795713289847583 28.267302905782895
58.906640791201227 291.309366210940766 28.265177056985134
59.009307994822336 290.820020740117457 28.264502160440017
59.111975198443446 290.330675269294147 28.263827263894900
59.214642402064555 289.841329798470838 28.263152367349782
59.317309605685665 289.351984327647529 28.262477470804665
59.419976809306775 288.862638856824219 28.261802574259548
59.522644012927884 288.373293386000910 28.261127677714430
59.625311216548994 287.883947915177600 28.260452781169313
59.727978420170103 287.394602444354291 28.259777884624196
59.830645623791213 286.905256973530982 28.259102988079079
59.908029326331693 286.411282460497375 28.260074097916785
59.985413028872173 285.917307947463769 28.261045207754492
60.062796731412654 285.423333434430162 28.262016317592199
60.140180433953134 284.929358921396556 28.262987427429906
60.217564136493614 284.435384408362950 28.263958537267612
60.294947839034094 283.941409895329343 28.264929647105319
60.372331541574574 283.447435382295737 28.265900756943026
60.449715244115055 282.953460869262130 28.266871866780733
60.515315597179686 282.457783251481374 28.266330656101168
60.580915950244318 281.962105633700617 28.265789445421603
60.646516303308950 281.466428015919860 28.265248234742039
60.712116656373581 280.970750398139103 28.264707024062474
60.777717009438213 280.475072780358346 28.264165813382910
60.843317362502845 279.979395162577589 28.263624602703345
60.908917715567476 279.483717544796832 28.263083392023781
60.959555131061087 278.986291921934821 28.261185532058072
61.010192546554698 278.488866299072811 28.259287672092363
61.060829962048309 277.991440676210800 28.257389812126654
61.107191332959154 277.493594738173726 28.257177051144698
61.153552703869998 276.995748800136653 28.256964290162742
61.199914074780843 276.497902862099579 28.256751529180786
61.246275445691687 276.000056924062505 28.256538768198830
61.292636816602531 275.502210986025432 28.256326007216874
61.338998187513376 275.004365047988358 28.256113246234918
61.381617643554407 274.506184896629065 28.255768632834048
61.424237099595437 274.008004745269773 28.255424019433178
61.466856555636468 273.509824593910480 28.255079406032308
61.509476011677499 273.011644442551187 28.254734792631439
61.552095467718530 272.513464291191895 28.254390179230569
61.594714923759561 272.015284139832602 28.254045565829699
61.626745496307123 271.516312233371480 28.255084307769902
61.658776068854685 271.017340326910357 28.256123049710105
61.690806641402247 270.518368420449235 28.257161791650308
61.722837213949809 270.019396513988113 28.258200533590511
61.754867786497371 269.520424607526991 28.259239275530714
61.778681082322699 269.020992018983293 28.259367503728971
61.802494378148026 268.521559430439595 28.259495731927228
61.826307673973353 268.022126841895897 28.259623960125484
61.850120969798681 267.522694253352199 28.259752188323741
61.873934265624008 267.023261664808501 28.259880416521998
61.884871929882195 266.523381446790495 28.260248023422484
61.895809594140381 266.023501228772489 28.260615630322970
61.906747258398568 265.523621010754482 28.260983237223456
61.917684922656754 265.023740792736476 28.261350844123942
61.928622586914940 264.523860574718469 28.261718451024429
61.939560251173127 264.023980356700463 28.262086057924915
61.950497915431313 263.524100138682456 28.262453664825401
61.961435579689500 263.024219920664450 28.262821271725887
61.970047643924339 262.524294302661872 28.263278233791191
61.978659708159178 262.024368684659294 28.263735195856494
61.987271772394017 261.524443066656715 28.264192157921798
61.995883836628856 261.024517448654137 28.264649119987101
62.004495900863695 260.524591830651559 28.265106082052405
62.013107965098534 260.024666212648981 28.265563044117709
62.021720029333373 259.524740594646403 28.266020006183012
62.030332093568212 259.024814976643825 28.266476968248316
62.038944157803051 258.524889358641246 28.266933930313620
62.047556222037890 258.024963740638668 28.267390892378923
62.056168286272730 257.525038122636090 28.267847854444227
62.064780350507569 257.025112504633512 28.268304816509531
62.073392414742408 256.525186886630934 28.268761778574834
62.073913682601415 256.494927572552115 28.268789437406806
62.073913682601415 256.494927572552115 28.268789437406806
62.081494407204126 255.994986488521675 28.269991565918932
62.089075131806837 255.495045404491236 28.271193694431059
62.096655856409548 254.995104320460797 28.272395822943185
62.104236581012259 254.495163236430358 28.273597951455312
62.111817305614970 253.995222152399919 28.274800079967438
62.121561646014918 253.495321451830250 28.272717437385158
62.131305986414866 252.995420751260582 28.270634794802877
62.141050326814813 252.495520050690914 28.268552152220597
62.150794667214761 251.995619350121245 28.266469509638316
62.157415228418849 251.495663533802912 28.267061032098912
62.164035789622936 250.995707717484578 28.267652554559508
62.170656350827024 250.495751901166244 28.268244077020103
62.177276912031111 249.995796084847910 28.268835599480699
62.183897473235199 249.495840268529577 28.269427121941295
62.190518034439286 248.995884452211243 28.270018644401890
62.199752606008325 248.495969746683755 28.269919219480830
62.208987177577363 247.996055041156268 28.269819794559769
62.218221749146402 247.496140335628780 28.269720369638708
62.227456320715440 246.996225630101293 28.269620944717648
62.236690892284479 246.496310924573805 28.269521519796587
62.245925463853517 245.996396219046318 28.269422094875527
62.255160035422556 245.496481513518830 28.269322669954466
62.264394606991594 244.996566807991343 28.269223245033405
62.273629178560633 244.496652102463855 28.269123820112345
62.282863750129671 243.996737396936368 28.269024395191284
62.287272044352513 243.496757183705853 28.268429987903826
62.291680338575354 242.996776970475338 28.267835580616367
62.296088632798195 242.496796757244823 28.267241173328909
62.300496927021037 241.996816544014308 28.266646766041450
62.304905221243878 241.496836330783793 28.266052358753992
62.306698344486122 240.996841883422888 28.267581187486584
62.308491467728366 240.496847436061984 28.269110016219177
62.310284590970610 239.996852988701079 28.270638844951769
62.312077714212855 239.496858541340174 28.272167673684361
62.313870837455099 238.996864093979269 28.273696502416954
62.313838802635509 238.496864101601801 28.273615284817815
62.313806767815919 237.996864109224333 28.273534067218677
62.313774732996329 237.496864116846865 28.273452849619538
62.313742698176739 236.996864124469397 28.273371632020400
62.313710663357149 236.496864132091929 28.273290414421261
62.319003384963523 235.996892418838968 28.272767877431448
62.324296106569896 235.496920705586007 28.272245340441636
62.329588828176270 234.996948992333046 28.271722803451823
62.334881549782644 234.496977279080085 28.271200266462010
62.340174271389017 233.997005565827124 28.270677729472197
62.339493980333245 233.497006075360360 28.270893916999825
62.338813689277472 232.997006584893597 28.271110104527452
62.338133398221700 232.497007094426834 28.271326292055079
62.337453107165928 231.997007603960071 28.271542479582706
62.336772816110155 231.497008113493308 28.271758667110333
62.343787410031346 230.997057402741490 28.271471803249501
62.350802003952538 230.497106691989671 28.271184939388668
62.357816597873729 229.997155981237853 28.270898075527835
62.364831191794920 229.497205270486035 28.270611211667003
62.371845785716111 228.997254559734216 28.270324347806170
62.374983873439938 228.497266760620278 28.268790352162959
62.378121961163764 227.997278961506339 28.267256356519749
62.381260048887590 227.497291162392401 28.265722360876538
62.384398136611416 226.997303363278462 28.264188365233327
62.385467483471864 226.497304825233130 28.264752678810577
62.386536830332311 225.997306287187797 28.265316992387827
62.387606177192758 225.497307749142465 28.265881305965078
62.388675524053205 224.997309211097132 28.266445619542328
62.389744870913653 224.497310673051800 28.267009933119578
62.390814217774100 223.997312135006467 28.267574246696828
62.391758781628681 223.497313172659460 28.267955627145049
62.392703345483262 222.997314210312453 28.268337007593271
62.393647909337844 222.497315247965446 28.268718388041492
62.394592473192425 221.997316285618439 28.269099768489713
62.395537037047006 221.497317323271432 28.269481148937935
62.396650282422890 220.997318677342861 28.269142394872350
62.397763527798773 220.497320031414290 28.268803640806766
62.398876773174656 219.997321385485719 28.268464886741182
62.399990018550540 219.497322739557148 28.268126132675597
62.401103263926423 218.997324093628578 28.267787378610013
62.407404385660634 218.497363802547710 28.267730746265645
62.413705507394845 217.997403511466842 28.267674113921277
62.420006629129055 217.497443220385975 28.267617481576909
62.426307750863266 216.997482929305107 28.267560849232542
62.432608872597477 216.497522638224240 28.267504216888174
62.432992551783997 215.997523300169775 28.266786766268744
62.433376230970516 215.497523962115309 28.266069315649315
62.433759910157036 214.997524624060844 28.265351865029885
62.434143589343556 214.497525286006379 28.264634414410455
62.434527268530076 213.997525947951914 28.263916963791026
62.439715015711428 213.497553518487706 28.263106374589576
62.444902762892781 212.997581089023498 28.262295785388126
62.450090510074133 212.497608659559290 28.261485196186676
62.455278257255486 211.997636230095083 28.260674606985226
62.460466004436839 211.497663800630875 28.259864017783777
62.460243372084356 210.997663920020017 28.260128260021805
62.460020739731874 210.497664039409159 28.260392502259833
62.459798107379392 209.997664158798301 28.260656744497862
62.459575475026909 209.497664278187443 28.260920986735890
62.459352842674427 208.997664397576585 28.261185228973918
62.459910736277550 208.497664727908244 28.261047075868618
62.460468629880673 207.997665058239903 28.260908922763317
62.461026523483795 207.497665388571562 28.260770769658016
62.461584417086918 206.997665718903221 28.260632616552716
62.465806899464127 206.497684742251749 28.261725149944908
62.470029381841336 205.997703765600278 28.262817683337101
62.474251864218544 205.497722788948806 28.263910216729293
62.478474346595753 204.997741812297335 28.265002750121486
62.482696828972962 204.497760835645863 28.266095283513678
62.486919311350171 203.997779858994392 28.267187816905871
62.489536853299036 203.497787218179894 28.267900281279026
62.492154395247901 202.997794577365397 28.268612745652181
62.494771937196766 202.497801936550900 28.269325210025336
62.497389479145632 201.997809295736403 28.270037674398491
62.500007021094497 201.497816654921905 28.270750138771646
62.500398745314662 200.997817832971634 28.269737913259728
62.500790469534827 200.497819011021363 28.268725687747811
62.501182193754993 199.997820189071092 28.267713462235893
62.501573917975158 199.497821367120821 28.266701236723975
62.501965642195323 198.997822545170550 28.265689011212057
62.506966271423678 198.497847642697906 28.265990017508152
62.511966900652034 197.997872740225262 28.266291023804246
62.516967529880390 197.497897837752618 28.266592030100341
62.521968159108745 196.997922935279973 28.266893036396436
62.526968788337101 196.497948032807329 28.267194042692530
62.529043341556694 195.997952405356926 28.267456262850711
62.531117894776287 195.497956777906523 28.267718483008892
62.533192447995880 194.997961150456121 28.267980703167073
62.535267001215473 194.497965523005718 28.268242923325253
62.537341554435066 193.997969895555315 28.268505143483434
62.539416107654660 193.497974268104912 28.268767363641615
62.541490660874253 192.997978640654509 28.269029583799796
62.543565214093846 192.497983013204106 28.269291803957977
62.545639767313439 191.997987385753703 28.269554024116157
62.547714320533032 191.497991758303300 28.269816244274338
62.549788873752625 190.997996130852897 28.270078464432519
62.551863426972218 190.498000503402494 28.270340684590700
62.553937980191812 189.998004875952091 28.270602904748880
62.556012533411405 189.498009248501688 28.270865124907061
62.558087086630998 188.998013621051285 28.271127345065242
62.560161639850591 188.498017993600882 28.271389565223423
62.562236193070184 187.998022366150479 28.271651785381604
62.564310746289777 187.498026738700077 28.271914005539784
62.566385299509371 186.998031111249674 28.272176225697965
62.568459852728964 186.498035483799271 28.272438445856146
62.571617695289753 185.998046040272186 28.271673990597069
62.574775537850542 185.498056596745101 28.270909535337992
62.577933380411331 184.998067153218017 28.270145080078915
62.581091222972120 184.498077709690932 28.269380624819838
62.584249065532909 183.998088266163847 28.268616169560762
62.587406908093698 183.498098822636763 28.267851714301685
62.590564750654487 182.998109379109678 28.267087259042608
62.593722593215276 182.498119935582594 28.266322803783531
62.596880435776065 181.998130492055509 28.265558348524454
62.600038278336854 181.498141048528424 28.264793893265377
62.603196120897643 180.998151605001340 28.264029438006300
62.606353963458432 180.498162161474255 28.263264982747224
62.609511806019221 179.998172717947170 28.262500527488147
62.612669648580010 179.498183274420086 28.261736072229070
62.615827491140799 178.998193830893001 28.260971616969993
62.618985333701588 178.498204387365917 28.260207161710916
62.622143176262377 177.998214943838832 28.259442706451839
62.625301018823166 177.498225500311747 28.258678251192762
62.628458861383955 176.998236056784663 28.257913795933685
62.631616703944744 176.498246613257578 28.257149340674609
62.639973742815258 175.998316732598369 28.257673101491768
62.648330781685772 175.498386851939159 28.258196862308928
62.656687820556286 174.998456971279950 28.258720623126088
62.665044859426800 174.498527090620740 28.259244383943248
62.673401898297314 173.998597209961531 28.259768144760407
62.681758937167828 173.498667329302322 28.260291905577567
62.690115976038342 172.998737448643112 28.260815666394727
62.698473014908856 172.498807567983903 28.261339427211887
62.706830053779370 171.998877687324693 28.261863188029047
62.715187092649884 171.498947806665484 28.262386948846206
62.723544131520399 170.999017926006275 28.262910709663366
62.731901170390913 170.499088045347065 28.263434470480526
62.740258209261427 169.999158164687856 28.263958231297686
62.748615248131941 169.499228284028646 28.264481992114845
62.756972287002455 168.999298403369437 28.265005752932005
62.769671369103420 168.499459799900535 28.264683578986407
62.782370451204386 167.999621196431633 28.264361405040809
62.795069533305352 167.499782592962731 28.264039231095211
62.807768615406317 166.999943989493829 28.263717057149613
62.820467697507283 166.500105386024927 28.263394883204015
62.833166779608248 166.000266782556025 28.263072709258417
62.845865861709214 165.500428179087123 28.262750535312819
62.858564943810180 165.000589575618221 28.262428361367220
62.871264025911145 164.500750972149319 28.262106187421622
62.883963108012111 164.000912368680417 28.261784013476024
62.896662190113076 163.501073765211515 28.261461839530426
62.909361272214042 163.001235161742613 28.261139665584828
62.922060354315008 162.501396558273711 28.260817491639230
62.934759436415973 162.001557954804809 28.260495317693632
62.954364287045742 161.501942574064145 28.260843396909188
62.973969137675510 161.002327193323481 28.261191476124743
62.993573988305279 160.502711812582817 28.261539555340299
63.013178838935048 160.003096431842152 28.261887634555855
63.032783689564816 159.503481051101488 28.262235713771410
63.052388540194585 159.003865670360824 28.262583792986966
63.071993390824353 158.504250289620160 28.262931872202522
63.091598241454122 158.004634908879495 28.263279951418077
63.111203092083890 157.505019528138831 28.263628030633633
63.130807942713659 157.005404147398167 28.263976109849189
63.150412793343428 156.505788766657503 28.264324189064745
63.174462167850329 156.006368659734420 28.265412484406298
63.198511542357231 155.506948552811338 28.266500779747851
63.222560916864133 155.007528445888255 28.267589075089404
63.246610291371034 154.508108338965172 28.268677370430957
63.270659665877936 154.008688232042090 28.269765665772510
63.294709040384838 153.509268125119007 28.270853961114064
63.318758414891740 153.009848018195925 28.271942256455617
63.342807789398641 152.510427911272842 28.273030551797170
63.366857163905543 152.011007804349759 28.274118847138723
63.390906538412445 151.511587697426677 28.275207142480276
63.417366277842746 151.012288394426349 28.275504148677083
63.443826017273047 150.512989091426022 28.275801154873889
63.470285756703348 150.013689788425694 28.276098161070696
63.496745496133649 149.514390485425366 28.276395167267502
63.523205235563950 149.015091182425039 28.276692173464308
63.549664974994251 148.515791879424711 28.276989179661115
63.576124714424552 148.016492576424383 28.277286185857921
63.602584453854853 147.517193273424056 28.277583192054728
63.629044193285154 147.017893970423728 28.277880198251534
63.659203804257558 146.518804416133776 28.278001295949878
63.689363415229963 146.019714861843823 28.278122393648221
63.719523026202367 145.520625307553871 28.278243491346565
63.749682637174772 145.021535753263919 28.278364589044909
63.779842248147176 144.522446198973967 28.278485686743252
63.810001859119581 144.023356644684014 28.278606784441596
63.840161470091985 143.524267090394062 28.278727882139940
63.870321081064390 143.025177536104110 28.278848979838283
63.900480692036794 142.526087981814158 28.278970077536627
63.930640303009199 142.026998427524205 28.279091175234971
63.960799913981603 141.527908873234253 28.279212272933314
63.993302984863398 141.028967366380698 28.278251480580902
64.025806055745193 140.530025859527143 28.277290688228490
64.058309126626995 140.031084352673588 28.276329895876078
64.090812197508797 139.532142845820033 28.275369103523666
64.123315268390598 139.033201338966478 28.274408311171253
64.155818339272400 138.534259832112923 28.273447518818841
64.188321410154202 138.035318325259368 28.272486726466429
64.220824481036004 137.536376818405813 28.271525934114017
64.253327551917806 137.037435311552258 28.270565141761605
64.279948401182239 136.538145891941070 28.271750826697847
64.306569250446671 136.038856472329883 28.272936511634089
64.333190099711103 135.539567052718695 28.274122196570332
64.359810948975536 135.040277633107507 28.275307881506574
64.386431798239968 134.540988213496320 28.276493566442817
64.413052647504401 134.041698793885132 28.277679251379059
64.439673496768833 133.542409374273944 28.278864936315301
64.466294346033266 133.043119954662757 28.280050621251544
64.492915195297698 132.543830535051569 28.281236306187786
64.519536044562130 132.044541115440381 28.282421991124028
64.548337941074436 131.545371487081951 28.282786520673529
64.577139837586742 131.046201858723521 28.283151050223029
64.605941734099048 130.547032230365090 28.283515579772530
64.634743630611354 130.047862602006660 28.283880109322030
64.663545527123659 129.548692973648230 28.284244638871531
64.692347423635965 129.049523345289799 28.284609168421031
64.721149320148271 128.550353716931369 28.284973697970532
64.749951216660577 128.051184088572938 28.285338227520032
64.778753113172883 127.552014460214494 28.285702757069533
64.807555009685188 127.052844831856049 28.286067286619033
64.836356906197494 126.553675203497605 28.286431816168534
64.865981923462115 126.054553626642729 28.286332468422120
64.895606940726736 125.555432049787854 28.286233120675707
64.925231957991357 125.056310472932978 28.286133772929293
64.954856975255979 124.557188896078102 28.286034425182880
64.984481992520600 124.058067319223227 28.285935077436466
65.014107009785221 123.558945742368351 28.285835729690053
65.043732027049842 123.059824165513476 28.285736381943639
65.073357044314463 122.560702588658600 28.285637034197226
65.102982061579084 122.061581011803725 28.285537686450812
65.132607078843705 121.562459434948849 28.285438338704399
65.161139200420621 121.063274196195493 28.285314044378051
65.189671321997537 120.564088957442138 28.285189750051703
65.218203443574453 120.064903718688782 28.285065455725356
65.246735565151369 119.565718479935427 28.284941161399008
65.275267686728284 119.066533241182071 28.284816867072660
65.303799808305200 118.567348002428716 28.284692572746312
65.332331929882116 118.068162763675360 28.284568278419965
65.360864051459032 117.568977524922005 28.284443984093617
65.389396173035948 117.069792286168649 28.284319689767269
65.420547357241048 116.570764670837946 28.283298484610704
65.451698541446149 116.071737055507242 28.282277279454139
65.482849725651249 115.572709440176538 28.281256074297573
65.514000909856350 115.073681824845835 28.280234869141008
65.545152094061450 114.574654209515131 28.279213663984443
65.576303278266550 114.075626594184428 28.278192458827878
65.607454462471651 113.576598978853724 28.277171253671312
65.638605646676751 113.077571363523020 28.276150048514747
65.669756830881852 112.578543748192317 28.275128843358182
65.698638108353833 112.079379790819786 28.274026358992138
65.727519385825815 111.580215833447255 28.272923874626095
65.756400663297796 111.081051876074724 28.271821390260051
65.785281940769778 110.581887918702193 28.270718905894007
65.814163218241760 110.082723961329663 28.269616421527964
65.843044495713741 109.583560003957132 28.268513937161920
65.871925773185723 109.084396046584601 28.267411452795876
65.900807050657704 108.585232089212070 28.266308968429833
65.929688328129686 108.086068131839539 28.265206484063789
65.958569605601667 107.586904174467008 28.264103999697745
65.987450883073649 107.087740217094478 28.263001515331702
66.018749369028185 106.588722162924270 28.264178965596905
66.050047854982722 106.089704108754063 28.265356415862108
66.081346340937259 105.590686054583855 28.266533866127311
66.112644826891795 105.091668000413648 28.267711316392514
66.143943312846332 104.592649946243441 28.268888766657717
66.175241798800869 104.093631892073233 28.270066216922920
66.206540284755405 103.594613837903026 28.271243667188124
66.237838770709942 103.095595783732819 28.272421117453327
66.269137256664479 102.596577729562611 28.273598567718530
66.300435742619015 102.097559675392404 28.274776017983733
66.326557066963602 101.598243643161894 28.275860624851600
66.352678391308189 101.098927610931383 28.276945231719466
66.378799715652775 100.599611578700873 28.278029838587333
66.404921039997362 100.100295546470363 28.279114445455200
66.431042364341948 99.600979514239853 28.280199052323066
66.457163688686535 99.101663482009343 28.281283659190933
66.483285013031121 98.602347449778833 28.282368266058800
66.509406337375708 98.103031417548323 28.283452872926667
66.535527661720295 97.603715385317813 28.284537479794533
66.556294912277750 97.104147626493656 28.285418188424735
66.577062162835205 96.604579867669500 28.286298897054937
66.597829413392660 96.105012108845344 28.287179605685139
66.618596663950115 95.605444350021187 28.288060314315342
66.639363914507570 95.105876591197031 28.288941022945544
66.660131165065025 94.606308832372875 28.289821731575746
66.680898415622480 94.106741073548719 28.290702440205948
66.701665666179935 93.607173314724562 28.291583148836150
66.722432916737390 93.107605555900406 28.292463857466352
66.743200167294845 92.608037797076250 28.293344566096554
66.763967417852299 92.108470038252094 28.294225274726756
66.784734668409754 91.608902279427937 28.295105983356958
66.805501918967209 91.109334520603781 28.295986691987160
66.826269169524664 90.609766761779625 28.296867400617362
66.847036420082119 90.110199002955468 28.297748109247564
66.867803670639574 89.610631244131312 28.298628817877766
66.884961067466065 89.197900523897260 28.299356437906930
66.884961067466065 89.197900523897260 28.299356437906930
66.890021537655855 88.697926712024682 28.298595462831731
66.895082007845645 88.197952900152103 28.297834487756532
66.900142478035434 87.697979088279524 28.297073512681333
66.905202948225224 87.198005276406946 28.296312537606134
66.910263418415013 86.698031464534367 28.295551562530935
66.915323888604803 86.198057652661788 28.294790587455736
66.920384358794593 85.698083840789209 28.294029612380537
66.925444828984382 85.198110028916631 28.293268637305339
66.930505299174172 84.698136217044052 28.292507662230140
66.935565769363961 84.198162405171473 28.291746687154941
66.940626239553751 83.698188593298894 28.290985712079742
66.945686709743541 83.198214781426316 28.290224737004543
66.950747179933330 82.698240969553737 28.289463761929344
66.955807650123120 82.198267157681158 28.288702786854145
66.960868120312909 81.698293345808580 28.287941811778946
66.965928590502699 81.198319533936001 28.287180836703747
66.970989060692489 80.698345722063422 28.286419861628548
66.976049530882278 80.198371910190843 28.285658886553350
66.981110001072068 79.698398098318265 28.284897911478151
66.986170471261858 79.198424286445686 28.284136936402952
66.987755685160593 78.698427702973390 28.285087521974098
66.989340899059329 78.198431119501095 28.286038107545245
66.990926112958064 77.698434536028799 28.286988693116392
66.992511326856800 77.198437952556503 28.287939278687539
66.994096540755535 76.698441369084208 28.288889864258685
66.995681754654271 76.198444785611912 28.289840449829832
66.997266968553006 75.698448202139616 28.290791035400979
66.998852182451742 75.198451618667320 28.291741620972125
67.000437396350478 74.698455035195025 28.292692206543272
67.004845059040264 74.198488428861907 28.296429192141868
67.009252721730050 73.698521822528789 28.300166177740465
67.013660384419836 73.198555216195672 28.303903163339061
67.018068047109622 72.698588609862554 28.307640148937658
67.022475709799409 72.198622003529437 28.311377134536254
67.026883372489195 71.698655397196319 28.315114120134851
67.031291035178981 71.198688790863201 28.318851105733447
67.034508721031486 70.698699919954123 28.319731710534992
67.037726406883991 70.198711049045045 28.320612315336536
67.040944092736495 69.698722178135966 28.321492920138081
67.044161778589000 69.198733307226888 28.322373524939625
67.047379464441505 68.698744436317810 28.323254129741169
67.050597150294010 68.198755565408732 28.324134734542714
67.053814836146515 67.698766694499653 28.325015339344258
67.057032521999020 67.198777823590575 28.325895944145802
67.060250207851524 66.698788952681497 28.326776548947347
67.063467893704029 66.198800081772418 28.327657153748891
67.066685579556534 65.698811210863340 28.328537758550436
67.069903265409039 65.198822339954262 28.329418363351980
67.073120951261544 64.698833469045184 28.330298968153524
67.076338637114048 64.198844598136105 28.331179572955069
67.079556322966553 63.698855727227027 28.332060177756613
67.082774008819058 63.198866856317949 28.332940782558158
67.085991694671563 62.698877985408870 28.333821387359702
67.089209380524068 62.198889114499792 28.334701992161246
67.092427066376572 61.698900243590714 28.335582596962791
67.095644752229077 61.198911372681636 28.336463201764335
67.098862438081582 60.698922501772557 28.337343806565880
67.102080123934087 60.198933630863479 28.338224411367424
67.105297809786592 59.698944759954401 28.339105016168968
67.108515495639097 59.198955889045322 28.339985620970513
67.111733181491601 58.698967018136244 28.340866225772057
67.113616112447161 58.198970572642587 28.340771016930777
67.115499043402721 57.698974127148929 28.340675808089497
67.117381974358281 57.198977681655272 28.340580599248216
67.119264905313841 56.698981236161615 28.340485390406936
67.121147836269401 56.198984790667957 28.340390181565656
67.123030767224961 55.698988345174300 28.340294972724376
67.124913698180521 55.198991899680642 28.340199763883096
67.126796629136081 54.698995454186985 28.340104555041815
67.128679560091641 54.198999008693328 28.340009346200535
67.130562491047201 53.699002563199670 28.339914137359255
67.132445422002760 53.199006117706013 28.339818928517975
67.134328352958320 52.699009672212355 28.339723719676694
67.136211283913880 52.199013226718698 28.339628510835414
67.138094214869440 51.699016781225041 28.339533301994134
67.139977145825000 51.199020335731383 28.339438093152854
67.141860076780560 50.699023890237726 28.339342884311574
67.144988753117460 50.199035164384739 28.340561655940508
67.148117429454359 49.699046438531752 28.341780427569443
67.151246105791259 49.199057712678766 28.342999199198378
67.154374782128158 48.699068986825779 28.344217970827312
67.157503458465058 48.199080260972792 28.345436742456247
67.160632134801958 47.699091535119805 28.346655514085182
67.163760811138857 47.199102809266819 28.347874285714116
67.166889487475757 46.699114083413832 28.349093057343051
67.170018163812657 46.199125357560845 28.350311828971986
67.173146840149556 45.699136631707859 28.351530600600920
67.176275516486456 45.199147905854872 28.352749372229855
67.179404192823355 44.699159180001885 28.353968143858790
67.182532869160255 44.199170454148899 28.355186915487725
67.185661545497155 43.699181728295912 28.356405687116659
67.188790221834054 43.199193002442925 28.357624458745594
67.191918898170954 42.699204276589938 28.358843230374529
67.195047574507853 42.199215550736952 28.360062002003463
67.198176250844753 41.699226824883965 28.361280773632398
67.201304927181653 41.199238099030978 28.362499545261333
67.204433603518552 40.699249373177992 28.363718316890267
67.207562279855452 40.199260647325005 28.364937088519202
67.210690956192352 39.699271921472018 28.366155860148137
67.213819632529251 39.199283195619032 28.367374631777071
67.215490667878612 38.699286005766382 28.367241288918397
67.217161703227973 38.199288815913732 28.367107946059722
67.218832738577333 37.699291626061083 28.366974603201047
67.220503773926694 37.199294436208433 28.366841260342373
67.222174809276055 36.699297246355783 28.366707917483698
67.223845844625416 36.199300056503134 28.366574574625023
67.225516879974776 35.699302866650484 28.366441231766348
67.227187915324137 35.199305676797835 28.366307888907674
67.228858950673498 34.699308486945185 28.366174546048999
67.230529986022859 34.199311297092535 28.366041203190324
67.232201021372219 33.699314107239886 28.365907860331649
67.233872056721580 33.199316917387236 28.365774517472975
67.235543092070941 32.699319727534586 28.365641174614300
67.237214127420302 32.199322537681937 28.365507831755625
67.238885162769662 31.699325347829291 28.365374488896951
67.240556198119023 31.199328157976645 28.365241146038276
67.242227233468384 30.699330968123999 28.365107803179601
67.245224105309248 30.199342677912060 28.363456013207234
67.248220977150112 29.699354387700122 28.361804223234866
67.251217848990976 29.199366097488184 28.360152433262499
67.254214720831840 28.699377807276246 28.358500643290132
67.257211592672704 28.199389517064308 28.356848853317764
67.260208464513568 27.699401226852370 28.355197063345397
67.263205336354432 27.199412936640432 28.353545273373030
67.266202208195295 26.699424646428493 28.351893483400662
67.269199080036159 26.199436356216555 28.350241693428295
67.272195951877023 25.699448066004617 28.348589903455927
67.275192823717887 25.199459775792679 28.346938113483560
67.278189695558751 24.699471485580741 28.345286323511193
67.281186567399615 24.199483195368803 28.343634533538825
67.284183439240479 23.699494905156865 28.341982743566458
67.287180311081343 23.199506614944926 28.340330953594091
67.290177182922207 22.699518324732988 28.338679163621723
67.293174054763071 22.199530034521050 28.337027373649356
67.296170926603935 21.699541744309112 28.335375583676988
67.299167798444799 21.199553454097174 28.333723793704621
67.302164670285663 20.699565163885236 28.332072003732254
67.305161542126527 20.199576873673298 28.330420213759886
67.308158413967391 19.699588583461360 28.328768423787519
67.311155285808255 19.199600293249421 28.327116633815152
67.314161085326035 18.699610604529049 28.328246387135099
67.317166884843815 18.199620915808676 28.329376140455047
67.320172684361594 17.699631227088304 28.330505893774994
67.323178483879374 17.199641538367931 28.331635647094942
67.326184283397154 16.699651849647559 28.332765400414889
67.329190082914934 16.199662160927186 28.333895153734836
67.332195882432714 15.699672472206814 28.335024907054784
67.335201681950494 15.199682783486441 28.336154660374731
67.338207481468274 14.699693094766069 28.337284413694679
67.341213280986054 14.199703406045696 28.338414167014626
67.344219080503834 13.699713717325324 28.339543920334574
67.347224880021614 13.199724028604951 28.340673673654521
67.350230679539393 12.699734339884579 28.341803426974469
67.353236479057173 12.199744651164206 28.342933180294416
67.356242278574953 11.699754962443834 28.344062933614364
67.359248078092733 11.199765273723461 28.345192686934311
67.362253877610513 10.699775585003088 28.346322440254259
67.359657843267044 10.199782569945510 28.345826961375248
67.357061808923575 9.699789554887932 28.345331482496238
67.354465774580106 9.199796539830354 28.344836003617228
67.351869740236637 8.699803524772776 28.344340524738218
67.349273705893168 8.199810509715197 28.343845045859208
67.346677671549699 7.699817494657619 28.343349566980198
67.344081637206230 7.199824479600041 28.342854088101188
67.341485602862761 6.699831464542463 28.342358609222178
67.341101088095456 6.625774394255131 28.342285220768602
67.341101088095456 6.625774394255131 28.342285220768602
67.338461698918024 6.125781618804804 28.341777163440714
67.335822309740593 5.625788843354476 28.341269106112826
67.333182920563161 5.125796067904148 28.340761048784938
67.330543531385729 4.625803292453821 28.340252991457049
67.327904142208297 4.125810517003493 28.339744934129161
67.325264753030865 3.625817741553165 28.339236876801273
67.322625363853433 3.125824966102837 28.338728819473385
67.319985974676001 2.625832190652510 28.338220762145497
67.317346585498569 2.125839415202182 28.337712704817609
67.314707196321137 1.625846639751855 28.337204647489720
67.312067807143706 1.125853864301527 28.336696590161832
67.309428417966274 0.625861088851200 28.336188532833944
67.306789028788842 0.125868313400872 28.335680475506056
67.304149639611410 -0.374124462049456 28.335172418178168
67.301510250433978 -0.874117237499783 28.334664360850280
67.301667190760924 -1.374116927924727 28.335198162961532
67.301824131087869 -1.874116618349671 28.335731965072785
67.301981071414815 -2.374116308774615 28.336265767184038
67.302138011741761 -2.874115999199559 28.336799569295291
67.302294952068706 -3.374115689624503 28.337333371406544
67.302451892395652 -3.874115380049447 28.337867173517797
67.302608832722598 -4.374115070474391 28.338400975629050
67.302765773049543 -4.874114760899334 28.338934777740302
67.302922713376489 -5.374114451324278 28.339468579851555
67.303079653703435 -5.874114141749222 28.340002381962808
67.303236594030381 -6.374113832174165 28.340536184074061
67.303393534357326 -6.874113522599109 28.341069986185314
67.303550474684272 -7.374113213024053 28.341603788296567
67.303707415011218 -7.874112903448997 28.342137590407820
67.303864355338163 -8.374112593873940 28.342671392519073
67.304021295665109 -8.874112284298885 28.343205194630325
67.306948325848822 -9.374103584837304 28.342842041488112
67.309875356032535 -9.874094885375722 28.342478888345898
67.312802386216248 -10.374086185914141 28.342115735203684
67.315729416399961 -10.874077486452560 28.341752582061471
67.318656446583674 -11.374068786990978 28.341389428919257
67.321583476767387 -11.874060087529397 28.341026275777043
67.324510506951100 -12.374051388067816 28.340663122634830
67.327437537134813 -12.874042688606234 28.340299969492616
67.330364567318526 -13.374033989144653 28.339936816350402
67.333291597502239 -13.874025289683072 28.339573663208188
67.336218627685952 -14.374016590221490 28.339210510065975
67.339145657869665 -14.874007890759909 28.338847356923761
67.342072688053378 -15.373999191298328 28.338484203781547
67.344999718237091 -15.873990491836746 28.338121050639334
67.347926748420804 -16.373981792375165 28.337757897497120
67.350853778604517 -16.873973092913584 28.337394744354906
67.353780808788230 -17.373964393452002 28.337031591212693
67.356707838971943 -17.873955693990421 28.336668438070479
67.359634869155656 -18.373946994528840 28.336305284928265
67.362561899339369 -18.873938295067259 28.335942131786052
67.365488929523082 -19.373929595605677 28.335578978643838
67.368415959706795 -19.873920896144096 28.335215825501624
67.371342989890508 -20.373912196682515 28.334852672359411
67.374270020074221 -20.873903497220933 28.334489519217197
67.375593197716526 -21.373901460256963 28.335024459164604
67.376916375358832 -21.873899423292993 28.335559399112011
67.378239553001137 -22.373897386329023 28.336094339059418
67.379562730643443 -22.873895349365053 28.336629279006825
67.380885908285748 -23.373893312401083 28.337164218954232
67.382209085928054 -23.873891275437114 28.337699158901639
67.383532263570359 -24.373889238473144 28.338234098849046
67.384855441212665 -24.873887201509174 28.338769038796453
67.386178618854970 -25.373885164545204 28.339303978743860
67.387501796497276 -25.873883127581234 28.339838918691267
67.388824974139581 -26.373881090617264 28.340373858638674
67.390148151781887 -26.873879053653294 28.340908798586081
67.391471329424192 -27.373877016689324 28.341443738533489
67.392794507066498 -27.873874979725354 28.341978678480896
67.394117684708803 -28.373872942761384 28.342513618428303
67.395440862351109 -28.873870905797414 28.343048558375710
67.397836068939171 -29.373864792430847 28.342435113517681
67.400231275527233 -29.873858679064281 28.341821668659652
67.402626482115295 -30.373852565697714 28.341208223801623
67.405021688703357 -30.873846452331147 28.340594778943593
67.407416895291419 -31.373840338964580 28.339981334085564
67.409812101879481 -31.873834225598014 28.339367889227535
67.412207308467543 -32.373828112231450 28.338754444369506
67.414602515055606 -32.873821998864884 28.338140999511477
67.416997721643668 -33.373815885498317 28.337527554653448
67.419392928231730 -33.873809772131750 28.336914109795419
67.421788134819792 -34.373803658765183 28.336300664937390
67.424183341407854 -34.873797545398617 28.335687220079361
67.426578547995916 -35.373791432032050 28.335073775221332
67.428973754583978 -35.873785318665483 28.334460330363303
67.431368961172041 -36.373779205298916 28.333846885505274
67.433764167760103 -36.873773091932350 28.333233440647245
67.436159374348165 -37.373766978565783 28.332619995789216
67.438554580936227 -37.873760865199216 28.332006550931187
67.440949787524289 -38.373754751832649 28.331393106073158
67.443344994112351 -38.873748638466083 28.330779661215129
67.445740200700413 -39.373742525099516 28.330166216357100
67.448135407288476 -39.873736411732949 28.329552771499070
67.450530613876538 -40.373730298366382 28.328939326641041
67.452925820464600 -40.873724184999816 28.328325881783012
67.454293965386839 -41.373720559183603 28.329650261840037
67.455662110309078 -41.873716933367390 28.330974641897061
67.457030255231317 -42.373713307551178 28.332299021954086
67.458398400153555 -42.873709681734965 28.333623402011110
67.459766545075794 -43.373706055918753 28.334947782068134
67.461134689998033 -43.873702430102540 28.336272162125159
67.462502834920272 -44.373698804286327 28.337596542182183
67.463870979842511 -44.873695178470115 28.338920922239208
67.465239124764750 -45.373691552653902 28.340245302296232
67.466607269686989 -45.873687926837690 28.341569682353256
67.467975414609228 -46.373684301021477 28.342894062410281
67.469343559531467 -46.873680675205264 28.344218442467305
67.470711704453706 -47.373677049389052 28.345542822524330
67.472079849375945 -47.873673423572839 28.346867202581354
67.473447994298184 -48.373669797756627 28.348191582638378
67.474816139220422 -48.873666171940414 28.349515962695403
67.476184284142661 -49.373662546124201 28.350840342752427
67.477934073341473 -49.873657221867973 28.352344492226990
67.479683862540284 -50.373651897611744 28.353848641701553
67.481433651739096 -50.873646573355515 28.355352791176117
67.483183440937907 -51.373641249099286 28.356856940650680
67.484933230136718 -51.873635924843057 28.358361090125243
67.486683019335530 -52.373630600586829 28.359865239599806
67.488432808534341 -52.873625276330600 28.361369389074369
67.490182597733153 -53.373619952074371 28.362873538548932
67.491932386931964 -53.873614627818142 28.364377688023495
67.493682176130775 -54.373609303561913 28.365881837498058
67.495431965329587 -54.873603979305685 28.367385986972621
67.497181754528398 -55.373598655049456 28.368890136447185
67.498931543727210 -55.873593330793227 28.370394285921748
67.500681332926021 -56.373588006536998 28.371898435396311
67.502431122124833 -56.873582682280770 28.373402584870874
67.504180911323644 -57.373577358024541 28.374906734345437
67.505930700522455 -57.873572033768312 28.376410883820000
67.507680489721267 -58.373566709512083 28.377915033294563
67.509430278920078 -58.873561385255854 28.379419182769126
67.511180068118890 -59.373556060999626 28.380923332243690
67.512929857317701 -59.873550736743397 28.382427481718253
67.514679646516512 -60.373545412487168 28.383931631192816
67.516429435715324 -60.873540088230939 28.385435780667379
67.520155902067330 -61.373510628398179 28.381489590934507
67.523882368419336 -61.873481168565419 28.377543401201635
67.527608834771343 -62.373451708732659 28.373597211468763
67.531335301123349 -62.873422248899900 28.369651021735891
67.535061767475355 -63.373392789067140 28.365704832003019
67.538788233827361 -63.873363329234380 28.361758642270146
67.542514700179368 -64.373333869401620 28.357812452537274
67.546241166531374 -64.873304409568860 28.353866262804402
67.552335162808248 -65.373266576716020 28.353032817612387
67.558429159085122 -65.873228743863180 28.352199372420372
67.564523155361996 -66.373190911010340 28.351365927228358
67.570617151638871 -66.873153078157500 28.350532482036343
67.576711147915745 -67.373115245304660 28.349699036844328
67.582805144192619 -67.873077412451821 28.348865591652313
67.588899140469493 -68.373039579598981 28.348032146460298
67.594993136746368 -68.873001746746141 28.347198701268283
67.601087133023242 -69.372963913893301 28.346365256076268
67.603265271817548 -69.872959105676429 28.346618050760036
67.605443410611855 -70.372954297459557 28.346870845443803
67.607621549406161 -70.872949489242686 28.347123640127570
67.609799688200468 -71.372944681025814 28.347376434811338
67.611977826994774 -71.872939872808942 28.347629229495105
67.614155965789081 -72.372935064592070 28.347882024178872
67.616334104583387 -72.872930256375199 28.348134818862640
67.618512243377694 -73.372925448158327 28.348387613546407
67.620690382172000 -73.872920639941455 28.348640408230175
67.622868520966307 -74.372915831724583 28.348893202913942
67.625046659760613 -74.872911023507712 28.349145997597709
67.627224798554920 -75.372906215290840 28.349398792281477
67.629402937349226 -75.872901407073968 28.349651586965244
67.631581076143533 -76.372896598857096 28.349904381649011
67.633759214937839 -76.872891790640224 28.350157176332779
67.635937353732146 -77.372886982423353 28.350409971016546
67.638115492526452 -77.872882174206481 28.350662765700314
67.640293631320759 -78.372877365989609 28.350915560384081
67.642471770115066 -78.872872557772737 28.351168355067848
67.644649908909372 -79.372867749555866 28.351421149751616
67.646828047703679 -79.872862941338994 28.351673944435383
67.649006186497985 -80.372858133122122 28.351926739119151
67.651184325292292 -80.872853324905250 28.352179533802918
67.653362464086598 -81.372848516688379 28.352432328486685
67.657161752153499 -81.872834041043347 28.352230225377699
67.660961040220400 -82.372819565398316 28.352028122268713
67.664760328287301 -82.872805089753285 28.351826019159727
67.668559616354202 -83.372790614108254 28.351623916050741
67.672358904421102 -83.872776138463223 28.351421812941755
67.676158192488003 -84.372761662818192 28.351219709832769
67.679957480554904 -84.872747187173161 28.351017606723783
67.683756768621805 -85.372732711528130 28.350815503614797
67.687556056688706 -85.872718235883099 28.350613400505811
67.686761277280993 -86.372717557872136 28.350828658931253
67.685966497873281 -86.872716879861173 28.351043917356694
67.685171718465568 -87.372716201850210 28.351259175782136
67.684376939057856 -87.872715523839247 28.351474434207578
67.683582159650143 -88.372714845828284 28.351689692633020
67.682787380242431 -88.872714167817321 28.351904951058462
67.681992600834718 -89.372713489806358 28.352120209483903
67.684580023290138 -89.872706653283956 28.351743751380901
67.687167445745558 -90.372699816761553 28.351367293277900
67.689754868200978 -90.872692980239151 28.350990835174898
67.692342290656399 -91.372686143716749 28.350614377071896
67.694929713111819 -91.872679307194346 28.350237918968894
67.697517135567239 -92.372672470671944 28.349861460865892
67.700104558022659 -92.872665634149541 28.349485002762890
67.702691980478079 -93.372658797627139 28.349108544659888
67.705279402933499 -93.872651961104737 28.348732086556886
67.707866825388919 -94.372645124582334 28.348355628453884
67.710454247844339 -94.872638288059932 28.347979170350882
67.713041670299759 -95.372631451537529 28.347602712247880
67.715629092755179 -95.872624615015127 28.347226254144879
67.718216515210599 -96.372617778492724 28.346849796041877
67.720803937666020 -96.872610941970322 28.346473337938875
67.723391360121440 -97.372604105447920 28.346096879835873
67.725978782576860 -97.872597268925517 28.345720421732871
67.728566205032280 -98.372590432403115 28.345343963629869
67.731153627487700 -98.872583595880712 28.344967505526867
67.733741049943120 -99.372576759358310 28.344591047423865
67.736328472398540 -99.872569922835908 28.344214589320863
67.738915894853960 -100.372563086313505 28.343838131217861
67.741503317309380 -100.872556249791103 28.343461673114859
67.744090739764800 -101.372549413268700 28.343085215011858
67.746880379462596 -101.872541346133474 28.342551379353090
67.749670019160391 -102.372533278998247 28.342017543694322
67.752459658858186 -102.872525211863021 28.341483708035554
67.755249298555981 -103.372517144727794 28.340949872376786
67.758038938253776 -103.872509077592568 28.340416036718018
67.760828577951571 -104.372501010457341 28.339882201059250
67.763618217649366 -104.872492943322115 28.339348365400483
67.766407857347161 -105.372484876186888 28.338814529741715
67.769197497044956 -105.872476809051662 28.338280694082947
67.769928819209412 -106.372474491007893 28.336945326608134
67.770660141373867 -106.872472172964123 28.335609959133322
67.771391463538322 -107.372469854920354 28.334274591658509
67.772122785702777 -107.872467536876584 28.332939224183697
67.772854107867232 -108.372465218832815 28.331603856708885
67.773585430031687 -108.872462900789046 28.330268489234072
67.774316752196142 -109.372460582745276 28.328933121759260
67.776650809735685 -109.872455066363017 28.328671344706866
67.778984867275227 -110.372449549980757 28.328409567654472
67.781318924814769 -110.872444033598498 28.328147790602078
67.783652982354312 -111.372438517216239 28.327886013549683
67.785987039893854 -111.872433000833979 28.327624236497289
67.788321097433396 -112.372427484451720 28.327362459444895
67.790655154972939 -112.872421968069460 28.327100682392501
67.792989212512481 -113.372416451687201 28.326838905340107
67.795323270052023 -113.872410935304941 28.326577128287713
67.797657327591565 -114.372405418922682 28.326315351235319
67.799991385131108 -114.872399902540423 28.326053574182925
67.802325442670650 -115.372394386158163 28.325791797130531
67.804659500210192 -115.872388869775904 28.325530020078137
67.806993557749735 -116.372383353393644 28.325268243025743
67.809327615289277 -116.872377837011385 28.325006465973349
67.811661672828819 -117.372372320629125 28.324744688920955
67.813995730368362 -117.872366804246866 28.324482911868561
67.816329787907904 -118.372361287864607 28.324221134816167
67.818663845447446 -118.872355771482347 28.323959357763773
67.820997902986988 -119.372350255100088 28.323697580711379
67.823331960526531 -119.872344738717828 28.323435803658985
67.825666018066073 -120.372339222335569 28.323174026606591
67.828000075605615 -120.872333705953309 28.322912249554197
67.831307528116298 -121.372322747418210 28.322773783290010
67.834614980626981 -121.872311788883110 28.322635317025824
67.837922433137663 -122.372300830348010 28.322496850761638
67.841229885648346 -122.872289871812910 28.322358384497452
67.844537338159029 -123.372278913277810 28.322219918233266
67.847844790669711 -123.872267954742711 28.322081451969080
67.851152243180394 -124.372256996207611 28.321942985704894
67.854459695691077 -124.872246037672511 28.321804519440708
67.857767148201759 -125.372235079137411 28.321666053176521
67.861074600712442 -125.872224120602311 28.321527586912335
67.867685870321097 -126.372179032262324 28.320353951029801
67.874297139929752 -126.872133943922336 28.319180315147268
67.880908409538407 -127.372088855582348 28.318006679264734
67.887519679147061 -127.872043767242360 28.316833043382200
67.894130948755716 -128.371998678902372 28.315659407499666
67.900742218364371 -128.871953590562384 28.314485771617132
67.907353487973026 -129.371908502222396 28.313312135734598
67.909404795253423 -129.871903693259952 28.314087427780578
67.911456102533819 -130.371898884297508 28.314862719826557
67.913507409814216 -130.871894075335064 28.315638011872537
67.915558717094612 -131.371889266372619 28.316413303918516
67.917610024375008 -131.871884457410175 28.317188595964495
67.919661331655405 -132.371879648447731 28.317963888010475
67.921712638935801 -132.871874839485287 28.318739180056454
67.923763946216198 -133.371870030522842 28.319514472102433
67.925815253496594 -133.871865221560398 28.320289764148413
67.927866560776991 -134.371860412597954 28.321065056194392
67.929917868057387 -134.871855603635510 28.321840348240372
67.931969175337784 -135.371850794673065 28.322615640286351
67.934020482618180 -135.871845985710621 28.323390932332330
67.936071789898577 -136.371841176748177 28.324166224378310
67.938123097178973 -136.871836367785733 28.324941516424289
67.940174404459370 -137.371831558823288 28.325716808470268
67.942225711739766 -137.871826749860844 28.326492100516248
67.944277019020163 -138.371821940898400 28.327267392562227
67.946328326300559 -138.871817131935956 28.328042684608207
67.958782078861006 -139.371661970147471 28.328247038411398
67.971235831421453 -139.871506808358987 28.328451392214589
67.983689583981899 -140.371351646570503 28.328655746017780
67.996143336542346 -140.871196484782018 28.328860099820972
68.008597089102793 -141.371041322993534 28.329064453624163
68.021050841663239 -141.870886161205050 28.329268807427354
68.033504594223686 -142.370730999416566 28.329473161230545
68.045958346784133 -142.870575837628081 28.329677515033737
68.046424655942246 -142.889291660394520 28.329685166707357
68.046424655942246 -142.889291660394520 28.329685166707357
68.060062599828399 -143.389090182130218 28.333615072223623
68.073700543714551 -143.888888703865916 28.337544977739888
68.087338487600704 -144.388687225601615 28.341474883256154
68.100976431486856 -144.888485747337313 28.345404788772420
68.124137630049177 -145.387948584207720 28.344746407035366
68.147298828611497 -145.887411421078127 28.344088025298312
68.170460027173817 -146.386874257948534 28.343429643561258
68.193621225736138 -146.886337094818941 28.342771261824204
68.216782424298458 -147.385799931689348 28.342112880087150
68.239943622860778 -147.885262768559755 28.341454498350096
68.276572954887556 -148.383918903050983 28.342047431335804
68.313202286914333 -148.882575037542210 28.342640364321511
68.349831618941110 -149.381231172033438 28.343233297307219
68.386460950967887 -149.879887306524665 28.343826230292926
68.423090282994664 -150.378543441015893 28.344419163278634
68.469507893303344 -150.876382355523987 28.345768479633488
68.515925503612024 -151.374221270032081 28.347117795988343
68.562343113920704 -151.872060184540175 28.348467112343197
68.608760724229384 -152.369899099048268 28.349816428698052
68.655178334538064 -152.867738013556362 28.351165745052906
68.701595944846744 -153.365576928064456 28.352515061407761
68.748013555155424 -153.863415842572550 28.353864377762616
68.794431165464104 -154.361254757080644 28.355213694117470
68.842062291842382 -154.858980060611799 28.354320371799783
68.889693418220659 -155.356705364142954 28.353427049482097
68.937324544598937 -155.854430667674109 28.352533727164410
68.984955670977214 -156.352155971205264 28.351640404846723
69.032586797355492 -156.849881274736418 28.350747082529036
69.080217923733770 -157.347606578267573 28.349853760211349
69.127849050112047 -157.845331881798728 28.348960437893663
69.175480176490325 -158.343057185329883 28.348067115575976
69.223111302868602 -158.840782488861038 28.347173793258289
69.270742429246880 -159.338507792392193 28.346280470940602
69.318373555625158 -159.836233095923347 28.345387148622915
69.366004682003435 -160.333958399454502 28.344493826305229
69.413635808381713 -160.831683702985657 28.343600503987542
69.461266934759990 -161.329409006516812 28.342707181669855
69.508898061138268 -161.827134310047967 28.341813859352168
69.560675298413869 -162.324445195402461 28.340813355455037
69.612452535689471 -162.821756080756955 28.339812851557905
69.664229772965072 -163.319066966111450 28.338812347660774
69.716007010240673 -163.816377851465944 28.337811843763642
69.767784247516275 -164.313688736820438 28.336811339866511
69.819561484791876 -164.810999622174933 28.335810835969379
69.871338722067478 -165.308310507529427 28.334810332072248
69.923115959343079 -165.805621392883921 28.333809828175117
69.974893196618680 -166.302932278238416 28.332809324277985
70.026670433894282 -166.800243163592910 28.331808820380854
70.078447671169883 -167.297554048947404 28.330808316483722
70.130224908445484 -167.794864934301899 28.329807812586591
70.182002145721086 -168.292175819656393 28.328807308689459
70.233779382996687 -168.789486705010887 28.327806804792328
70.285556620272288 -169.286797590365381 28.326806300895196
70.337333857547890 -169.784108475719876 28.325805796998065
70.389111094823491 -170.281419361074370 28.324805293100933
70.440888332099092 -170.778730246428864 28.323804789203802
70.488264470999539 -171.276472933386714 28.326583105756491
70.535640609899986 -171.774215620344563 28.329361422309180
70.583016748800432 -172.271958307302413 28.332139738861869
70.630392887700879 -172.769700994260262 28.334918055414558
70.677769026601325 -173.267443681218111 28.337696371967247
70.725145165501772 -173.765186368175961 28.340474688519937
70.772521304402218 -174.262929055133810 28.343253005072626
70.819897443302665 -174.760671742091660 28.346031321625315
70.867273582203111 -175.258414429049509 28.348809638178004
70.914649721103558 -175.756157116007358 28.351587954730693
70.962025860004005 -176.253899802965208 28.354366271283382
71.009401998904451 -176.751642489923057 28.357144587836071
71.056778137804898 -177.249385176880907 28.359922904388760
71.104154276705344 -177.747127863838756 28.362701220941450
71.151303975061907 -178.244899772753911 28.362520555939035
71.198453673418470 -178.742671681669066 28.362339890936621
71.245603371775033 -179.240443590584221 28.362159225934207
71.292753070131596 -179.738215499499375 28.361978560931792
71.339902768488159 -180.235987408414530 28.361797895929378
71.387052466844722 -180.733759317329685 28.361617230926964
71.434202165201285 -181.231531226244840 28.361436565924549
71.481351863557848 -181.729303135159995 28.361255900922135
71.528501561914410 -182.227075044075150 28.361075235919721
71.575651260270973 -182.724846952990305 28.360894570917306
71.622800958627536 -183.222618861905460 28.360713905914892
71.669950656984099 -183.720390770820615 28.360533240912478
71.717100355340662 -184.218162679735769 28.360352575910063
71.764250053697225 -184.715934588650924 28.360171910907649
71.811399752053788 -185.213706497566079 28.359991245905235
71.868760744711253 -185.710401408618964 28.361961488410607
71.926121737368717 -186.207096319671848 28.363931730915979
71.983482730026182 -186.703791230724732 28.365901973421352
72.040843722683647 -187.200486141777617 28.367872215926724
72.098204715341112 -187.697181052830501 28.369842458432096
72.155565707998576 -188.193875963883386 28.371812700937468
72.212926700656041 -188.690570874936270 28.373782943442841
72.266386895431239 -189.187704630293155 28.373590955533153
72.319847090206437 -189.684838385650039 28.373398967623466
72.373307284981635 -190.181972141006923 28.373206979713778
72.426767479756833 -190.679105896363808 28.373014991804091
72.480227674532031 -191.176239651720692 28.372823003894403
72.533687869307229 -191.673373407077577 28.372631015984716
72.587148064082427 -192.170507162434461 28.372439028075028
72.640608258857625 -192.667640917791346 28.372247040165341
72.694068453632823 -193.164774673148230 28.372055052255654
72.747528648408021 -193.661908428505114 28.371863064345966
72.800988843183220 -194.159042183861999 28.371671076436279
72.854449037958418 -194.656175939218883 28.371479088526591
72.907909232733616 -195.153309694575768 28.371287100616904
72.961369427508814 -195.650443449932652 28.371095112707216
73.014829622284012 -196.147577205289537 28.370903124797529
73.068289817059210 -196.644710960646421 28.370711136887842
73.121750011834408 -197.141844716003305 28.370519148978154
73.175210206609606 -197.638978471360190 28.370327161068467
73.228670401384804 -198.136112226717074 28.370135173158779
73.282130596160002 -198.633245982073959 28.369943185249092
73.335590790935200 -199.130379737430843 28.369751197339404
73.389050985710398 -199.627513492787728 28.369559209429717
73.443501885391541 -200.124539705555890 28.369351014188517
73.497952785072684 -200.621565918324052 28.369142818947317
73.552403684753827 -201.118592131092214 28.368934623706117
73.606854584434970 -201.615618343860376 28.368726428464917
73.661305484116113 -202.112644556628538 28.368518233223718
73.715756383797256 -202.609670769396701 28.368310037982518
73.770207283478399 -203.106696982164863 28.368101842741318
73.824658183159542 -203.603723194933025 28.367893647500118
73.879109082840685 -204.100749407701187 28.367685452258918
73.933559982521828 -204.597775620469349 28.367477257017718
73.988010882202971 -205.094801833237511 28.367269061776518
74.042461781884114 -205.591828046005674 28.367060866535319
74.096912681565257 -206.088854258773836 28.366852671294119
74.151363581246400 -206.585880471541998 28.366644476052919
74.205814480927543 -207.082906684310160 28.366436280811719
74.260265380608686 -207.579932897078322 28.366228085570519
74.314716280289829 -208.076959109846484 28.366019890329319
74.369167179970972 -208.573985322614647 28.365811695088119
74.423618079652115 -209.071011535382809 28.365603499846920
74.478068979333258 -209.568037748150971 28.365395304605720
74.532519879014401 -210.065063960919133 28.365187109364520
74.586970778695544 -210.562090173687295 28.364978914123320
74.641421678376688 -211.059116386455457 28.364770718882120
74.695872578057831 -211.556142599223620 28.364562523640920
74.750323477738974 -212.053168811991782 28.364354328399720
74.804774377420117 -212.550195024759944 28.364146133158521
74.861839388358689 -213.046925032081987 28.365844471297262
74.918904399297261 -213.543655039404030 28.367542809436003
74.975969410235834 -214.040385046726072 28.369241147574744
75.033034421174406 -214.537115054048115 28.370939485713485
75.090099432112979 -215.033845061370158 28.372637823852227
75.147164443051551 -215.530575068692201 28.374336161990968
75.204229453990123 -216.027305076014244 28.376034500129709
75.261294464928696 -216.524035083336287 28.377732838268450
75.318359475867268 -217.020765090658330 28.379431176407191
75.375424486805841 -217.517495097980373 28.381129514545933
75.414203702763189 -217.855053961277008 28.382283640697267
75.414203702763189 -217.855053961277008 28.382283640697267
75.374001883584071 -218.353435056262867 28.381970758299303
75.333800064404954 -218.851816151248727 28.381657875901340
75.293598245225837 -219.350197246234586 28.381344993503376
75.253396426046720 -219.848578341220446 28.381032111105412
75.209979880819446 -220.346689721201955 28.381270298968584
75.166563335592173 -220.844801101183464 28.381508486831756
75.123146790364899 -221.342912481164973 28.381746674694927
75.079730245137625 -221.841023861146482 28.381984862558099
75.036313699910352 -222.339135241127991 28.382223050421270
74.992897154683078 -222.837246621109500 28.382461238284442
74.949480609455804 -223.335358001091009 28.382699426147614
74.906064064228531 -223.833469381072518 28.382937614010785
74.862647519001257 -224.331580761054028 28.383175801873957
74.819230973773983 -224.829692141035537 28.383413989737129
74.775814428546710 -225.327803521017046 28.383652177600300
74.732397883319436 -225.825914900998555 28.383890365463472
74.688981338092162 -226.324026280980064 28.384128553326644
74.645564792864889 -226.822137660961573 28.384366741189815
74.602148247637615 -227.320249040943082 28.384604929052987
74.558731702410341 -227.818360420924591 28.384843116916159
74.515315157183068 -228.316471800906100 28.385081304779330
74.471898611955794 -228.814583180887610 28.385319492642502
74.428482066728520 -229.312694560869119 28.385557680505674
74.385065521501247 -229.810805940850628 28.385795868368845
74.341648976273973 -230.308917320832137 28.386034056232017
74.298232431046699 -230.807028700813646 28.386272244095188
74.254815885819426 -231.305140080795155 28.386510431958360
74.211399340592152 -231.803251460776664 28.386748619821532
74.167982795364878 -232.301362840758173 28.386986807684703
74.124566250137605 -232.799474220739683 28.387224995547875
74.081149704910331 -233.297585600721192 28.387463183411047
74.037733159683057 -233.795696980702701 28.387701371274218
73.994316614455784 -234.293808360684210 28.387939559137390
73.950900069228510 -234.791919740665719 28.388177747000562
73.901096985078766 -235.289433196841031 28.388060556274425
73.851293900929022 -235.786946653016344 28.387943365548288
73.801490816779278 -236.284460109191656 28.387826174822152
73.751687732629534 -236.781973565366968 28.387708984096015
73.701884648479790 -237.279487021542280 28.387591793369879
73.652081564330047 -237.777000477717593 28.387474602643742
73.602278480180303 -238.274513933892905 28.387357411917606
73.552475396030559 -238.772027390068217 28.387240221191469
73.502672311880815 -239.269540846243530 28.387123030465332
73.452869227731071 -239.767054302418842 28.387005839739196
73.403066143581327 -240.264567758594154 28.386888649013059
73.353263059431583 -240.762081214769466 28.386771458286923
73.303459975281839 -241.259594670944779 28.386654267560786
73.253656891132096 -241.757108127120091 28.386537076834649
73.203853806982352 -242.254621583295403 28.386419886108513
73.154050722832608 -242.752135039470716 28.386302695382376
73.104247638682864 -243.249648495646028 28.386185504656240
73.054444554533120 -243.747161951821340 28.386068313930103
73.002698106817022 -244.244476781120142 28.385552844945995
72.950951659100923 -244.741791610418943 28.385037375961886
72.899205211384825 -245.239106439717744 28.384521906977778
72.847458763668726 -245.736421269016546 28.384006437993669
72.795712315952628 -246.233736098315347 28.383490969009561
72.743965868236529 -246.731050927614149 28.382975500025452
72.692219420520431 -247.228365756912950 28.382460031041344
72.640472972804332 -247.725680586211752 28.381944562057235
72.588726525088234 -248.222995415510553 28.381429093073127
72.536980077372135 -248.720310244809355 28.380913624089018
72.485233629656037 -249.217625074108156 28.380398155104910
72.433487181939938 -249.714939903406957 28.379882686120801
72.381740734223840 -250.212254732705759 28.379367217136693
72.329994286507741 -250.709569562004560 28.378851748152584
72.278247838791643 -251.206884391303362 28.378336279168476
72.227463495197682 -251.704298605913891 28.378558875494047
72.176679151603722 -252.201712820524421 28.378781471819618
72.125894808009761 -252.699127035134950 28.379004068145189
72.075110464415800 -253.196541249745479 28.379226664470760
72.024326120821840 -253.693955464356009 28.379449260796331
71.973541777227879 -254.191369678966538 28.379671857121902
71.922757433633919 -254.688783893577067 28.379894453447474
71.871973090039958 -255.186198108187597 28.380117049773045
71.821188746445998 -255.683612322798126 28.380339646098616
71.770404402852037 -256.181026537408627 28.380562242424187
71.719620059258077 -256.678440752019128 28.380784838749758
71.671152760026686 -257.176083941803199 28.379309519545096
71.622685460795296 -257.673727131587270 28.377834200340434
71.574218161563905 -258.171370321371342 28.376358881135772
71.525750862332515 -258.669013511155413 28.374883561931110
71.477283563101125 -259.166656700939484 28.373408242726448
71.428816263869734 -259.664299890723555 28.371932923521786
71.380348964638344 -260.161943080507626 28.370457604317124
71.331881665406954 -260.659586270291697 28.368982285112462
71.283414366175563 -261.157229460075769 28.367506965907801
71.234947066944173 -261.654872649859840 28.366031646703139
71.186976562360812 -262.152564776007580 28.364857653286581
71.139006057777451 -262.650256902155320 28.363683659870023
71.091035553194089 -263.147949028303060 28.362509666453466
71.043065048610728 -263.645641154450800 28.361335673036908
70.995094544027367 -264.143333280598540 28.360161679620351
70.947124039444006 -264.641025406746280 28.358987686203793
70.899153534860645 -265.138717532894020 28.357813692787236
70.858089606888370 -265.637027175271896 28.356693812105213
70.817025678916096 -266.135336817649772 28.355573931423191
70.775961750943821 -266.633646460027649 28.354454050741168
70.734897822971547 -267.131956102405525 28.353334170059146
70.693833894999273 -267.630265744783401 28.352214289377123
70.652769967026998 -268.128575387161277 28.351094408695101
70.611706039054724 -268.626885029539153 28.349974528013078
70.579030062488158 -269.125814914874809 28.348856460765255
70.546354085921593 -269.624744800210465 28.347738393517432
70.513678109355027 -270.123674685546121 28.346620326269608
70.481002132788461 -270.622604570881776 28.345502259021785
70.448326156221896 -271.121534456217432 28.344384191773962
70.415650179655330 -271.620464341553088 28.343266124526139
70.382974203088764 -272.119394226888744 28.342148057278315
70.365099016652252 -272.619073369065916 28.341037839750459
70.347223830215739 -273.118752511243088 28.339927622222604
70.329348643779227 -273.618431653420259 28.338817404694748
70.311473457342714 -274.118110795597431 28.337707187166892
70.293598270906202 -274.617789937774603 28.336596969639036
70.292789167568330 -275.117777612727480 28.340013143963198
70.291980064230458 -275.617765287680356 28.343429318287360
70.291170960892586 -276.117752962633233 28.346845492611521
70.290361857554714 -276.617740637586110 28.350261666935683
70.289552754216842 -277.117728312538986 28.353677841259845
70.288631240833638 -277.617726550427278 28.352722371890462
70.287709727450434 -278.117724788315570 28.351766902521078
70.286788214067229 -278.617723026203862 28.350811433151694
70.285866700684025 -279.117721264092154 28.349855963782311
70.284945187300821 -279.617719501980446 28.348900494412927
70.284023673917616 -280.117717739868738 28.347945025043543
70.287465385798441 -280.617705645027741 28.347445711467845
70.290907097679266 -281.117693550186743 28.346946397892147
70.294348809560091 -281.617681455345746 28.346447084316448
70.297790521440916 -282.117669360504749 28.345947770740750
70.301232233321741 -282.617657265663752 28.345448457165052
70.300297345637489 -283.117653478078637 28.347155371273882
70.299362457953237 -283.617649690493522 28.348862285382712
70.298427570268984 -284.117645902908407 28.350569199491542
70.297492682584732 -284.617642115323292 28.352276113600372
70.296557794900480 -285.117638327738177 28.353983027709202
70.295622907216227 -285.617634540153063 28.355689941818031
70.296423094875436 -286.117630299874179 28.357587298041363
70.297223282534645 -286.617626059595295 28.359484654264694
70.298023470193854 -287.117621819316412 28.361382010488025
70.298823657853063 -287.617617579037528 28.363279366711357
70.299623845512272 -288.117613338758645 28.365176722934688
70.301975174265905 -288.617606515171872 28.364038833093353
70.304326503019539 -289.117599691585099 28.362900943252018
70.306677831773172 -289.617592867998326 28.361763053410684
70.309029160526805 -290.117586044411553 28.360625163569349
70.311380489280438 -290.617579220824780 28.359487273728014
70.313731818034071 -291.117572397238007 28.358349383886679
70.311611247303432 -291.617567868033575 28.358529282991299
70.309490676572793 -292.117563338829143 28.358709182095918
70.307370105842153 -292.617558809624711 28.358889081200537
70.305249535111514 -293.117554280420279 28.359068980305157
70.303128964380875 -293.617549751215847 28.359248879409776
70.301008393650235 -294.117545222011415 28.359428778514395
70.304273809381726 -294.617533648200606 28.360383103903217
70.307539225113217 -295.117522074389797 28.361337429292039
70.310804640844708 -295.617510500578987 28.362291754680861
70.314070056576199 -296.117498926768178 28.363246080069683
70.317335472307690 -296.617487352957369 28.364200405458504
70.318666749808614 -297.117484619199445 28.365180941351799
70.319998027309538 -297.617481885441521 28.366161477245093
70.321329304810462 -298.117479151683597 28.367142013138388
70.322660582311386 -298.617476417925673 28.368122549031682
70.323991859812310 -299.117473684167749 28.369103084924976
70.325323137313234 -299.617470950409825 28.370083620818271
70.327170925101044 -300.117466537520443 28.369084345988867
70.329018712888853 -300.617462124631061 28.368085071159463
70.330866500676663 -301.117457711741679 28.367085796330059
70.332714288464473 -301.617453298852297 28.366086521500655
70.334562076252283 -302.117448885962915 28.365087246671251
70.336409864040093 -302.617444473073533 28.364087971841847
70.338257651827902 -303.117440060184151 28.363088697012444
70.338798858578855 -303.617438741023307 28.362075654891061
70.339340065329807 -304.117437421862462 28.361062612769679
70.339881272080760 -304.617436102701618 28.360049570648297
70.340422478831712 -305.117434783540773 28.359036528526914
70.340963685582665 -305.617433464379928 28.358023486405532
70.341504892333617 -306.117432145219084 28.357010444284150
70.344352459594703 -306.617423537379693 28.357716932766078
70.347200026855788 -307.117414929540303 28.358423421248006
70.350047594116873 -307.617406321700912 28.359129909729933
70.352895161377958 -308.117397713861521 28.359836398211861
70.355742728639044 -308.617389106022131 28.360542886693789
70.358590295900129 -309.117380498182740 28.361249375175717
70.361437863161214 -309.617371890343350 28.361955863657645
70.363563599218466 -310.117366915203377 28.361280318378434
70.365689335275718 -310.617361940063404 28.360604773099222
70.367815071332970 -311.117356964923431 28.359929227820011
70.369940807390222 -311.617351989783458 28.359253682540800
70.372066543447474 -312.117347014643485 28.358578137261588
70.374192279504726 -312.617342039503512 28.357902591982377
70.373937980108749 -313.117341897711981 28.357624881121009
70.373683680712773 -313.617341755920449 28.357347170259640
70.373429381316797 -314.117341614128918 28.357069459398272
70.373175081920820 -314.617341472337387 28.356791748536903
70.372920782524844 -315.117341330545855 28.356514037675534
70.372666483128867 -315.617341188754324 28.356236326814166
70.372412183732891 -316.117341046962792 28.355958615952797
70.372157884336914 -316.617340905171261 28.355680905091429
70.374423038313992 -317.117335503496918 28.356201215197043
70.376688192291070 -317.617330101822574 28.356721525302657
70.378953346268148 -318.117324700148231 28.357241835408271
70.381218500245225 -318.617319298473888 28.357762145513885
70.383483654222303 -319.117313896799544 28.358282455619499
70.385748808199381 -319.617308495125201 28.358802765725112
70.388013962176458 -320.117303093450857 28.359323075830726
70.390332833981020 -320.617295054216868 28.357691511261997
70.392651705785582 -321.117287014982878 28.356059946693268
70.394970577590144 -321.617278975748889 28.354428382124539
70.397289449394705 -322.117270936514899 28.352796817555809
70.399608321199267 -322.617262897280909 28.351165252987080
70.401516516322573 -323.117259192362724 28.350912872710452
70.403424711445879 -323.617255487444538 28.350660492433825
70.405332906569186 -324.117251782526353 28.350408112157197
70.407241101692492 -324.617248077608167 28.350155731880569
70.409149296815798 -325.117244372689981 28.349903351603942
70.411057491939104 -325.617240667771796 28.349650971327314
70.411819550931781 -326.117240086744857 28.349668078972080
70.412581609924459 -326.617239505717919 28.349685186616846
70.413343668917136 -327.117238924690980 28.349702294261611
70.414105727909813 -327.617238343664042 28.349719401906377
70.414867786902491 -328.117237762637103 28.349736509551143
70.415629845895168 -328.617237181610164 28.349753617195908
70.416848852125455 -329.117235511308763 28.350182945067250
70.418067858355741 -329.617233841007362 28.350612272938591
70.419286864586027 -330.117232170705961 28.351041600809932
70.420505870816314 -330.617230500404560 28.351470928681273
70.421724877046600 -331.117228830103159 28.351900256552614
70.422943883276886 -331.617227159801757 28.352329584423956
70.424162889507173 -332.117225489500356 28.352758912295297
70.425344327189052 -332.617223229257092 28.351829157939950
70.426525764870931 -333.117220969013829 28.350899403584602
70.427707202552810 -333.617218708770565 28.349969649229255
70.428888640234689 -334.117216448527302 28.349039894873908
70.430070077916568 -334.617214188284038 28.348110140518560
70.431251515598447 -335.117211928040774 28.347180386163213
70.433278972467505 -335.617206590972785 28.346072930462647
70.435306429336563 -336.117201253904796 28.344965474762081
70.437333886205622 -336.617195916836806 28.343858019061514
70.439361343074680 -337.117190579768817 28.342750563360948
70.441388799943738 -337.617185242700828 28.341643107660381
70.443416256812796 -338.117179905632838 28.340535651959815
70.445443713681854 -338.617174568564849 28.339428196259249
70.430870546411441 -339.116958113133478 28.341436024475311
70.416297379141028 -339.616741657702107 28.343443852691372
70.401724211870615 -340.116525202270736 28.345451680907434
70.387151044600202 -340.616308746839366 28.347459509123496
70.372577877329789 -341.116092291407995 28.349467337339558
70.358004710059376 -341.615875835976624 28.351475165555620
70.346458847556477 -342.115741660082165 28.352397635267781
70.334912985053577 -342.615607484187706 28.353320104979943
70.323367122550678 -343.115473308293247 28.354242574692105
70.311821260047779 -343.615339132398788 28.355165044404266
70.300275397544880 -344.115204956504328 28.356087514116428
70.288729535041981 -344.615070780609869 28.357009983828590
70.277183672539081 -345.114936604715410 28.357932453540752
70.265637810036182 -345.614802428820951 28.358854923252913
70.254091947533283 -346.114668252926492 28.359777392965075
70.242546085030384 -346.614534077032033 28.360699862677237
70.231000222527484 -347.114399901137574 28.361622332389398
70.219454360024585 -347.614265725243115 28.362544802101560
70.207908497521686 -348.114131549348656 28.363467271813722
70.196362635018787 -348.613997373454197 28.364389741525883
70.192020049337401 -349.113977991589707 28.365113231971854
70.187677463656016 -349.613958609725216 28.365836722417825
70.183334877974630 -350.113939227860726 28.366560212863796
70.178992292293245 -350.613919845996236 28.367283703309766
70.174649706611859 -351.113900464131746 28.368007193755737
70.170307120930474 -351.613881082267255 28.368730684201708
70.165964535249088 -352.113861700402765 28.369454174647679
70.161621949567703 -352.613842318538275 28.370177665093649
70.164950492158169 -353.113827343107573 28.368203833632503
70.168279034748636 -353.613812367676871 28.366230002171356
70.171607577339103 -354.113797392246170 28.364256170710210
70.174936119929569 -354.613782416815468 28.362282339249063
70.178264662520036 -355.113767441384766 28.360308507787916
70.181593205110502 -355.613752465954065 28.358334676326770
70.184921747700969 -356.113737490523363 28.356360844865623
70.188250290291435 -356.613722515092661 28.354387013404477
70.186877524932669 -357.113718062975408 28.352784636203967
70.185504759573902 -357.613713610858156 28.351182259003458
70.184131994215136 -358.113709158740903 28.349579881802949
70.182759228856369 -358.613704706623651 28.347977504602440
70.181386463497603 -359.113700254506398 28.346375127401931
70.180013698138836 -359.613695802389145 28.344772750201422
70.183933662127899 -360.113668107395142 28.341261609461210
70.187853626116961 -360.613640412401139 28.337750468720998
70.191773590106024 -361.113612717407136 28.334239327980786
70.195693554095087 -361.613585022413133 28.330728187240574
70.199613518084149 -362.113557327419130 28.327217046500362
70.203533482073212 -362.613529632425127 28.323705905760150
70.207453446062274 -363.113501937431124 28.320194765019938
70.211373410051337 -363.613474242437121 28.316683624279726
70.215293374040399 -364.113446547443118 28.313172483539514
70.214943377236523 -364.613433869655239 28.309629161738197
70.214593380432646 -365.113421191867360 28.306085839936880
70.214243383628769 -365.613408514079481 28.302542518135564
70.214148834464140 -365.748476557899266 28.301585314776467
70.214148834464140 -365.748476557899266 28.301585314776467
70.213716949466871 -366.248463811726651 28.298041378334673
70.213285064469602 -366.748451065554036 28.294497441892879
70.215198543433843 -367.248427197071976 28.290002276644660
70.217112022398084 -367.748403328589916 28.285507111396441
70.219025501362324 -368.248379460107856 28.281011946148222
70.220938980326565 -368.748355591625796 28.276516780900003
70.222852459290806 -369.248331723143735 28.272021615651784
70.224765938255047 -369.748307854661675 28.267526450403565
70.227458769211324 -370.248259562010219 28.261120283005145
70.230151600167602 -370.748211269358762 28.254714115606724
70.232844431123880 -371.248162976707306 28.248307948208303
70.235537262080157 -371.748114684055849 28.241901780809883
70.238230093036435 -372.248066391404393 28.235495613411462
70.240922923992713 -372.748018098752937 28.229089446013042
70.242893477318390 -373.247993699612437 28.224560045969110
70.244864030644067 -373.747969300471937 28.220030645925178
70.246834583969743 -374.247944901331437 28.215501245881246
70.248805137295420 -374.747920502190937 28.210971845837314
70.250775690621097 -375.247896103050437 28.206442445793382
70.252746243946774 -375.747871703909937 28.201913045749450
70.254716797272451 -376.247847304769437 28.197383645705518
70.270107993333497 -376.747594154928890 28.193359115980620
70.285499189394542 -377.247341005088344 28.189334586255722
70.300890385455588 -377.747087855247798 28.185310056530824
70.316281581516634 -378.246834705407252 28.181285526805926
70.331672777577680 -378.746581555566706 28.177260997081028
70.347063973638726 -379.246328405726160 28.173236467356130
70.362455169699771 -379.746075255885614 28.169211937631232
70.377846365760817 -380.245822106045068 28.165187407906334
70.393237561821863 -380.745568956204522 28.161162878181436
70.408628757882909 -381.245315806363976 28.157138348456538
70.424019953943954 -381.745062656523430 28.153113818731640
70.439535343788961 -382.244821869838631 28.153076609503817
70.455050733633968 -382.744581083153832 28.153039400275993
70.470566123478974 -383.244340296469034 28.153002191048170
70.486081513323981 -383.744099509784235 28.152964981820347
70.501596903168988 -384.243858723099436 28.152927772592523
70.517112293013994 -384.743617936414637 28.152890563364700
70.532627682859001 -385.243377149729838 28.152853354136877
70.548143072704008 -385.743136363045039 28.152816144909053
70.563658462549014 -386.242895576360240 28.152778935681230
70.579173852394021 -386.742654789675441 28.152741726453407
70.594689242239028 -387.242414002990643 28.152704517225583
70.610204632084034 -387.742173216305844 28.152667307997760
70.625720021929041 -388.241932429621045 28.152630098769936
70.629830870561634 -388.741915426603555 28.152308148594599
70.633941719194226 -389.241898423586065 28.151986198419262
70.638052567826819 -389.741881420568575 28.151664248243925
70.642163416459411 -390.241864417551085 28.151342298068588
70.646274265092003 -390.741847414533595 28.151020347893251
70.650385113724596 -391.241830411516105 28.150698397717914
70.654495962357188 -391.741813408498615 28.150376447542577
70.658606810989781 -392.241796405481125 28.150054497367240
70.662717659622373 -392.741779402463635 28.149732547191903
70.666679034732098 -393.241761238714389 28.148160629075054
70.670640409841823 -393.741743074965143 28.146588710958206
70.674601784951548 -394.241724911215897 28.145016792841357
70.678563160061273 -394.741706747466651 28.143444874724509
70.682524535170998 -395.241688583717405 28.141872956607660
70.686485910280723 -395.741670419968159 28.140301038490811
70.690447285390448 -396.241652256218913 28.138729120373963
70.694408660500173 -396.741634092469667 28.137157202257114
70.698370035609898 -397.241615928720421 28.135585284140266
70.702331410719623 -397.741597764971175 28.134013366023417
70.706292785829348 -398.241579601221929 28.132441447906569
70.709470553282713 -398.741568106678926 28.131259836756403
70.712648320736079 -399.241556612135923 28.130078225606237
70.715826088189445 -399.741545117592921 28.128896614456071
70.719003855642811 -400.241533623049918 28.127715003305905
70.722181623096176 -400.741522128506915 28.126533392155739
70.725359390549542 -401.241510633963912 28.125351781005573
70.728537158002908 -401.741499139420910 28.124170169855407
70.731714925456274 -402.241487644877907 28.122988558705242
70.735467970154218 -402.741471309215854 28.124488575609082
70.739221014852163 -403.241454973553800 28.125988592512922
70.742974059550107 -403.741438637891747 28.127488609416762
70.746727104248052 -404.241422302229694 28.128988626320602
70.750480148945996 -404.741405966567640 28.130488643224442
70.754233193643941 -405.241389630905587 28.131988660128282
70.756763567624148 -405.578488108702004 28.132999999999999
70.756763567624148 -405.578488108702004 28.132999999999999
70.762049874675469 -406.078449503745276 28.129735275796239
70.767336181726790 -406.578410898788547 28.126470551592480
70.772622488778111 -407.078372293831819 28.123205827388720
70.777908795829433 -407.578333688875091 28.119941103184960
70.783195102880754 -408.078295083918363 28.116676378981200
70.788481409932075 -408.578256478961634 28.113411654777440
70.793767716983396 -409.078217874004906 28.110146930573681
70.772038590941989 -409.577745304001951 28.110584836951983
70.750309464900582 -410.077272733998996 28.111022743330285
70.728580338859175 -410.576800163996040 28.111460649708587
70.706851212817767 -411.076327593993085 28.111898556086889
70.685122086776360 -411.575855023990130 28.112336462465191
70.663392960734953 -412.075382453987174 28.112774368843493
70.641663834693546 -412.574909883984219 28.113212275221795
70.619934708652139 -413.074437313981264 28.113650181600097
70.598205582610731 -413.573964743978308 28.114088087978399
70.561209871586499 -414.072593989015559 28.113648361499699
70.524214160562266 -414.571223234052809 28.113208635021000
70.487218449538034 -415.069852479090059 28.112768908542300
70.450222738513801 -415.568481724127309 28.112329182063601
70.413227027489569 -416.067110969164560 28.111889455584901
70.376231316465336 -416.565740214201810 28.111449729106202
70.339235605441104 -417.064369459239060 28.111010002627502
70.302239894416871 -417.562998704276310 28.110570276148803
70.265244183392639 -418.061627949313561 28.110130549670103
70.212224114061797 -418.558808628250574 28.110625261591771
70.159204044730956 -419.055989307187588 28.111119973513439
70.106183975400114 -419.553169986124601 28.111614685435107
70.053163906069273 -420.050350665061615 28.112109397356775
70.000143836738431 -420.547531343998628 28.112604109278443
69.929986032214742 -421.042583812697558 28.111636793652394
69.859828227691054 -421.537636281396487 28.110669478026345
69.789670423167365 -422.032688750095417 28.109702162400296
69.719512618643677 -422.527741218794347 28.108734846774247
69.649354814119988 -423.022793687493277 28.107767531148198
69.579197009596299 -423.517846156192206 28.106800215522149
69.496500672025263 -424.010960045404772 28.106710672344196
69.413804334454227 -424.504073934617338 28.106621129166243
69.331107996883190 -424.997187823829904 28.106531585988289
69.248411659312154 -425.490301713042470 28.106442042810336
69.165715321741118 -425.983415602255036 28.106352499632383
69.083018984170081 -426.476529491467602 28.106262956454430
68.982169698433921 -426.966252927010885 28.106877973693081
68.881320412697761 -427.455976362554168 28.107492990931732
68.780471126961601 -427.945699798097451 28.108108008170383
68.679621841225440 -428.435423233640734 28.108723025409034
68.578772555489280 -428.925146669184016 28.109338042647686
68.477923269753120 -429.414870104727299 28.109953059886337
68.367238088008648 -429.902459619320439 28.112245613265362
68.256552906264176 -430.390049133913578 28.114538166644387
68.145867724519704 -430.877638648506718 28.116830720023412
68.035182542775232 -431.365228163099857 28.119123273402437
67.924497361030760 -431.852817677692997 28.121415826781462
67.804148269263081 -432.338117532949525 28.121798708869104
67.683799177495402 -432.823417388206053 28.122181590956746
67.563450085727723 -433.308717243462581 28.122564473044388
67.443100993960044 -433.794017098719110 28.122947355132030
67.322751902192365 -434.279316953975638 28.123330237219673
67.202402810424687 -434.764616809232166 28.123713119307315
67.061575415189324 -435.244347833271718 28.128791438436391
66.920748019953962 -435.724078857311270 28.133869757565467
66.779920624718599 -436.203809881350821 28.138948076694543
66.639093229483237 -436.683540905390373 28.144026395823619
66.498265834247874 -437.163271929429925 28.149104714952696
66.357438439012512 -437.643002953469477 28.154183034081772
66.219442364450131 -438.123579890812152 28.155883239864401
66.081446289887751 -438.604156828154828 28.157583445647031
65.943450215325370 -439.084733765497504 28.159283651429661
65.805454140762990 -439.565310702840179 28.160983857212290
65.667458066200609 -440.045887640182855 28.162684062994920
65.514146555830493 -440.521791090175839 28.166073321441591
65.360835045460377 -440.997694540168823 28.169462579888261
65.207523535090260 -441.473597990161807 28.172851838334932
65.054212024720144 -441.949501440154791 28.176241096781602
64.897681622559048 -442.424357920914645 28.179332355368945
64.741151220397953 -442.899214401674499 28.182423613956288
64.584620818236857 -443.374070882434353 28.185514872543632
64.416756653769781 -443.845050255704848 28.185286308486102
64.248892489302705 -444.316029628975343 28.185057744428573
64.081028324835628 -444.787009002245838 28.184829180371043
63.913164160368552 -445.257988375516334 28.184600616313514
63.742325288382517 -445.727895156248962 28.185903397956256
63.571486416396482 -446.197801936981591 28.187206179598999
63.400647544410447 -446.667708717714220 28.188508961241741
63.229808672424411 -447.137615498446849 28.189811742884483
63.051445746169449 -447.604706900081283 28.193317318004635
62.873082819914487 -448.071798301715717 28.196822893124786
62.694719893659524 -448.538889703350151 28.200328468244937
62.511342826988326 -449.004048062066317 28.201071930095114
62.327965760317127 -449.469206420782484 28.201815391945292
62.144588693645929 -449.934364779498651 28.202558853795470
61.961211626974730 -450.399523138214818 28.203302315645647
61.767269455000736 -450.860368040206879 28.206202356669007
61.573327283026742 -451.321212942198940 28.209102397692366
61.379385111052748 -451.782057844191002 28.212002438715725
61.185442939078754 -452.242902746183063 28.214902479739084
60.991500767104760 -452.703747648175124 28.217802520762444
60.791186577040776 -453.161862439772676 28.220052627104295
60.590872386976791 -453.619977231370228 28.222302733446146
60.390558196912806 -454.078092022967780 28.224552839787997
60.190244006848822 -454.536206814565332 28.226802946129848
59.989929816784837 -454.994321606162885 28.229053052471698
59.777018478405644 -455.446718248821924 28.231510632667888
59.564107140026451 -455.899114891480963 28.233968212864077
59.351195801647258 -456.351511534140002 28.236425793060267
59.138284463268064 -456.803908176799041 28.238883373256456
58.925373124888871 -457.256304819458080 28.241340953452646
58.712461786509678 -457.708701462117119 28.243798533648835
58.483825770941841 -458.153356731092686 28.246493743754034
58.255189755374005 -458.598012000068252 28.249188953859232
58.026553739806168 -459.042667269043818 28.251884163964430
57.797917724238332 -459.487322538019384 28.254579374069628
57.569281708670495 -459.931977806994951 28.257274584174827
57.340645693102658 -460.376633075970517 28.259969794280025
57.084547478333583 -460.806057939850461 28.262796572263316
56.828449263564508 -461.235482803730406 28.265623350246607
56.572351048795433 -461.664907667610350 28.268450128229897
56.316252834026358 -462.094332531490295 28.271276906213188
56.060154619257283 -462.523757395370239 28.274103684196479
55.777883840864661 -462.936457873777670 28.275337697116946
55.495613062472039 -463.349158352185100 28.276571710037413
55.213342284079417 -463.761858830592530 28.277805722957879
54.931071505686795 -464.174559308999960 28.279039735878346
54.626630136804252 -464.571189208066301 28.278620117538313
54.322188767921709 -464.967819107132641 28.278200499198281
54.017747399039166 -465.364449006198981 28.277780880858248
53.713306030156623 -465.761078905265322 28.277361262518216
53.392610129164659 -466.144685571516675 28.277106911401027
53.071914228172695 -466.528292237768028 28.276852560283839
52.751218327180730 -466.911898904019381 28.276598209166650
52.430522426188766 -467.295505570270734 28.276343858049461
52.109826525196802 -467.679112236522087 28.276089506932273
51.789130624204837 -468.062718902773440 28.275835155815084
51.454199267641414 -468.433960610544602 28.276597259313647
51.119267911077991 -468.805202318315764 28.277359362812209
50.784336554514567 -469.176444026086926 28.278121466310772
50.449405197951144 -469.547685733858088 28.278883569809334
50.114473841387721 -469.918927441629251 28.279645673307897
49.779542484824297 -470.290169149400413 28.280407776806459
49.435885931425112 -470.653348205099405 28.281478667743553
49.092229378025927 -471.016527260798398 28.282549558680646
48.748572824626741 -471.379706316497391 28.283620449617739
48.404916271227556 -471.742885372196383 28.284691340554833
48.061259717828371 -472.106064427895376 28.285762231491926
47.717603164429185 -472.469243483594369 28.286833122429019
47.366613261966791 -472.825341693984114 28.287224180802674
47.015623359504396 -473.181439904373860 28.287615239176329
46.664633457042001 -473.537538114763606 28.288006297549984
46.313643554579606 -473.893636325153352 28.288397355923639
45.962653652117211 -474.249734535543098 28.288788414297294
45.611663749654817 -474.605832745932844 28.289179472670948
45.253781691104777 -474.955002351146447 28.290188909629212
44.895899632554737 -475.304171956360051 28.291198346587475
44.538017574004698 -475.653341561573654 28.292207783545738
44.180135515454658 -476.002511166787258 28.293217220504001
43.822253456904619 -476.351680772000861 28.294226657462264
43.761510782991536 -476.410944696981460 28.294397987369784
43.761510782991536 -476.410944696981460 28.294397987369784
43.393456290921186 -476.749370359262457 28.296388458801477
43.025401798850837 -477.087796021543454 28.298378930233170
42.657347306780487 -477.426221683824451 28.300369401664863
42.289292814710137 -477.764647346105448 28.302359873096556
41.921238322639788 -478.103073008386446 28.304350344528249
41.542700542248518 -478.429735705869689 28.305144630013253
41.164162761857249 -478.756398403352932 28.305938915498256
40.785624981465979 -479.083061100836176 28.306733200983260
40.407087201074710 -479.409723798319419 28.307527486468263
40.028549420683440 -479.736386495802662 28.308321771953267
39.650011640292171 -480.063049193285906 28.309116057438271
39.259443505702393 -480.375229475010769 28.309053246254265
38.868875371112615 -480.687409756735633 28.308990435070260
38.478307236522838 -480.999590038460497 28.308927623886255
38.087739101933060 -481.311770320185360 28.308864812702250
37.697170967343283 -481.623950601910224 28.308802001518245
37.306602832753505 -481.936130883635087 28.308739190334240
36.916034698163728 -482.248311165359951 28.308676379150235
36.516557772588634 -482.549005314413989 28.309778494277197
36.117080847013540 -482.849699463468028 28.310880609404158
35.717603921438446 -483.150393612522066 28.311982724531120
35.318126995863352 -483.451087761576105 28.313084839658082
34.918650070288258 -483.751781910630143 28.314186954785043
34.519173144713164 -484.052476059684182 28.315289069912005
34.119696219138071 -484.353170208738220 28.316391185038967
33.717381825681443 -484.650047421056456 28.313736072277422
33.315067432224815 -484.946924633374692 28.311080959515877
32.912753038768187 -485.243801845692929 28.308425846754332
32.510438645311559 -485.540679058011165 28.305770733992787
32.108124251854932 -485.837556270329401 28.303115621231242
31.705809858398304 -486.134433482647637 28.300460508469698
31.299314667410620 -486.425572000606564 28.300612378715424
30.892819476422936 -486.716710518565492 28.300764248961151
30.486324285435252 -487.007849036524419 28.300916119206878
30.079829094447568 -487.298987554483347 28.301067989452605
29.673333903459884 -487.590126072442274 28.301219859698332
29.589355843083467 -487.650272535625845 28.301251234654160
29.589355843083467 -487.650272535625845 28.301251234654160
29.175123170503078 -487.930292700162113 28.301230740792043
28.760890497922688 -488.210312864698381 28.301210246929926
28.346657825342298 -488.490333029234648 28.301189753067810
27.932425152761908 -488.770353193770916 28.301169259205693
27.513974427092307 -489.044029991311845 28.301143291114915
27.095523701422707 -489.317706788852774 28.301117323024137
26.677072975753106 -489.591383586393704 28.301091354933359
26.258622250083505 -489.865060383934633 28.301065386842581
25.840171524413904 -490.138737181475562 28.301039418751802
25.418013240961152 -490.406659402916034 28.301298205567587
24.995854957508399 -490.674581624356506 28.301556992383372
24.573696674055647 -490.942503845796978 28.301815779199156
24.151538390602894 -491.210426067237449 28.302074566014941
23.722620168518755 -491.467386980361255 28.302572452316170
23.293701946434616 -491.724347893485060 28.303070338617399
22.864783724350477 -491.981308806608865 28.303568224918628
22.435865502266338 -492.238269719732671 28.304066111219857
22.006947280182199 -492.495230632856476 28.304563997521086
21.578029058098060 -492.752191545980281 28.305061883822315
21.144514476511578 -493.001315924433527 28.306528721295024
20.710999894925095 -493.250440302886773 28.307995558767733
20.277485313338612 -493.499564681340019 28.309462396240441
19.843970731752130 -493.748689059793264 28.310929233713150
19.410456150165647 -493.997813438246510 28.312396071185859
18.976941568579164 -494.246937816699756 28.313862908658567
18.543426986992682 -494.496062195153002 28.315329746131276
18.104905927771206 -494.736263625094864 28.316927767771343
17.666384868549731 -494.976465055036726 28.318525789411410
17.227863809328255 -495.216666484978589 28.320123811051477
16.789342750106780 -495.456867914920451 28.321721832691544
16.350821690885304 -495.697069344862314 28.323319854331611
15.912300631663831 -495.937270774804176 28.324917875971678
15.473779572442357 -496.177472204746039 28.326515897611745
15.033180942583831 -496.413845062270184 28.327364185681358
14.592582312725305 -496.650217919794329 28.328212473750970
14.151983682866780 -496.886590777318474 28.329060761820582
13.711385053008254 -497.122963634842620 28.329909049890194
13.270786423149728 -497.359336492366765 28.330757337959806
12.830187793291202 -497.595709349890910 28.331605626029418
12.389589163432676 -497.832082207415056 28.332453914099030
11.949404110338762 -498.069223557038413 28.333502404214766
11.509219057244847 -498.306364906661770 28.334550894330501
11.069034004150932 -498.543506256285127 28.335599384446237
10.628848951057018 -498.780647605908484 28.336647874561972
10.188663897963103 -499.017788955531842 28.337696364677708
9.748478844869188 -499.254930305155199 28.338744854793443
9.308293791775274 -499.492071654778556 28.339793344909179
8.867895365164621 -499.728816504683437 28.340843050761389
8.427496938553968 -499.965561354588317 28.341892756613600
7.987098511943316 -500.202306204493198 28.342942462465810
7.546700085332663 -500.439051054398078 28.343992168318021
7.106301658722010 -500.675795904302959 28.345041874170231
6.665903232111358 -500.912540754207839 28.346091580022442
6.225504805500705 -501.149285604112720 28.347141285874653
5.784399601341603 -501.384702728594675 28.349372062512753
5.343294397182500 -501.620119853076631 28.351602839150853
4.902189193023398 -501.855536977558586 28.353833615788954
4.461083988864296 -502.090954102040541 28.356064392427054
4.019978784705193 -502.326371226522497 28.358295169065155
3.578873580546091 -502.561788351004452 28.360525945703255
3.137768376386989 -502.797205475486408 28.362756722341356
2.698263724912028 -503.035589663428709 28.365696156122681
2.258759073437067 -503.273973851371011 28.368635589904006
1.819254421962106 -503.512358039313312 28.371575023685331
1.379749770487145 -503.750742227255614 28.374514457466656
0.940245119012184 -503.989126415197916 28.377453891247981
0.500740467537223 -504.227510603140217 28.380393325029306
0.062008489863876 -504.467317832940864 28.382990304459788
-0.376723487809471 -504.707125062741511 28.385587283890271
-0.815455465482817 -504.946932292542158 28.388184263320753
-1.254187443156164 -505.186739522342805 28.390781242751235
-1.692919420829511 -505.426546752143452 28.393378222181717
-2.131651398502857 -505.666353981944098 28.395975201612199
-2.570383376176204 -505.906161211744745 28.398572181042681
-3.009983361084317 -506.144375353291480 28.400996234662639
-3.449583345992430 -506.382589494838214 28.403420288282597
-3.889183330900543 -506.620803636384949 28.405844341902554
-4.328783315808656 -506.859017777931683 28.408268395522512
-4.768383300716770 -507.097231919478418 28.410692449142470
-5.207983285624883 -507.335446061025152 28.413116502762428
-5.647994484733660 -507.572896159505547 28.415872476368008
-6.088005683842437 -507.810346257985941 28.418628449973589
-6.528016882951214 -508.047796356466336 28.421384423579170
-6.968028082059990 -508.285246454946730 28.424140397184750
-7.408039281168767 -508.522696553427124 28.426896370790331
-7.848050480277544 -508.760146651907519 28.429652344395912
-8.287561114674437 -508.998532184957412 28.431307604064354
-8.727071749071330 -509.236917718007305 28.432962863732797
-9.166582383468223 -509.475303251057198 28.434618123401240
-9.606093017865115 -509.713688784107092 28.436273383069683
-10.045603652262008 -509.952074317156985 28.437928642738125
-10.485114286658900 -510.190459850206878 28.439583902406568
-10.925098899163691 -510.427970813841569 28.441027132227731
-11.365083511668482 -510.665481777476259 28.442470362048894
-11.805068124173273 -510.902992741110950 28.443913591870057
-12.245052736678064 -511.140503704745640 28.445356821691220
-12.685037349182855 -511.378014668380331 28.446800051512383
-13.125021961687645 -511.615525632015022 28.448243281333546
-13.563862375641763 -511.855148398595247 28.448387562407810
-14.002702789595881 -512.094771165175416 28.448531843482073
-14.441543203549999 -512.334393931755585 28.448676124556336
-14.880383617504117 -512.574016698335754 28.448820405630599
-15.319224031458235 -512.813639464915923 28.448964686704862
-15.758064445412353 -513.053262231496092 28.449108967779125
-16.197678732452793 -513.291462223180361 28.448902590571130
-16.637293019493235 -513.529662214864629 28.448696213363135
-17.076907306533677 -513.767862206548898 28.448489836155140
-17.516521593574119 -514.006062198233167 28.448283458947145
-17.956135880614561 -514.244262189917436 28.448077081739150
-18.396492904503262 -514.481086176247686 28.448378761241582
-18.836849928391963 -514.717910162577937 28.448680440744013
-19.277206952280665 -514.954734148908187 28.448982120246445
-19.717563976169366 -515.191558135238438 28.449283799748876
-20.157921000058067 -515.428382121568688 28.449585479251308
-20.598278023946769 -515.665206107898939 28.449887158753739
-21.038988727175312 -515.901370613472864 28.449252834847012
-21.479699430403855 -516.137535119046788 28.448618510940285
-21.920410133632398 -516.373699624620713 28.447984187033558
-22.361120836860941 -516.609864130194637 28.447349863126831
-22.804098941793246 -516.841747172555529 28.446541645300137
-23.247077046725551 -517.073630214916420 28.445733427473442
-23.690055151657855 -517.305513257277312 28.444925209646748
-24.133033256590160 -517.537396299638203 28.444116991820053
-24.572918750583138 -517.775093232831864 28.443157760423482
-25.012804244576117 -518.012790166025525 28.442198529026911
-25.452689738569095 -518.250487099219185 28.441239297630339
-25.892575232562073 -518.488184032412846 28.440280066233768
-26.332460726555052 -518.725880965606507 28.439320834837197
-26.771687619222718 -518.964793374527972 28.438547775421039
-27.210914511890380 -519.203705783449436 28.437774716004881
-27.650141404558042 -519.442618192370901 28.437001656588723
-28.089368297225704 -519.681530601292366 28.436228597172565
-28.528595189893366 -519.920443010213830 28.435455537756408
-28.970429633828854 -520.154499233539127 28.435363478574807
-29.412264077764341 -520.388555456864424 28.435271419393207
-29.854098521699829 -520.622611680189721 28.435179360211606
-30.295932965635316 -520.856667903515017 28.435087301030006
-30.737767409570804 -521.090724126840314 28.434995241848405
-31.179284477624961 -521.325378394761628 28.434764670460208
-31.620801545679118 -521.560032662682943 28.434534099072010
-32.062318613733275 -521.794686930604257 28.434303527683813
-32.503835681787429 -522.029341198525572 28.434072956295616
-32.945352749841582 -522.263995466446886 28.433842384907418
-33.387269670847679 -522.497895793376756 28.433574074264854
-33.829186591853777 -522.731796120306626 28.433305763622290
-34.271103512859874 -522.965696447236496 28.433037452979725
-34.713020433865971 -523.199596774166366 28.432769142337161
-35.154937354872068 -523.433497101096236 28.432500831694597
-35.592820329328646 -523.674864840287114 28.432161480928787
-36.030703303785224 -523.916232579477992 28.431822130162978
-36.468586278241801 -524.157600318668869 28.431482779397168
-36.906469252698379 -524.398968057859747 28.431143428631358
-37.344352227154957 -524.640335797050625 28.430804077865549
-37.784638425572680 -524.877290398296623 28.430042217495643
-38.224924623990404 -525.114244999542620 28.429280357125737
-38.665210822408127 -525.351199600788618 28.428518496755832
-39.105497020825851 -525.588154202034616 28.427756636385926
-39.545783219243575 -525.825108803280614 28.426994776016020
-39.986069417661298 -526.062063404526612 28.426232915646114
-40.427490230705921 -526.296894587517386 28.424825326873638
-40.868911043750543 -526.531725770508160 28.423417738101161
-41.310331856795166 -526.766556953498934 28.422010149328685
-41.751752669839789 -527.001388136489709 28.420602560556208
-42.191422397882199 -527.239485674730872 28.420298378718019
-42.631092125924610 -527.477583212972036 28.419994196879831
-43.070761853967021 -527.715680751213199 28.419690015041642
-43.510431582009431 -527.953778289454362 28.419385833203453
-43.950101310051842 -528.191875827695526 28.419081651365264
-44.389771038094253 -528.429973365936689 28.418777469527075
-44.829440766136663 -528.668070904177853 28.418473287688887
-45.271679824996845 -528.901360015514570 28.419370700746477
-45.713918883857026 -529.134649126851286 28.420268113804067
-46.156157942717208 -529.367938238188003 28.421165526861657
-46.598397001577389 -529.601227349524720 28.422062939919247
-47.040636060437571 -529.834516460861437 28.422960352976837
-47.482683575662413 -530.068169841522035 28.423263650510954
-47.924731090887256 -530.301823222182634 28.423566948045071
-48.366778606112099 -530.535476602843232 28.423870245579188
-48.808826121336942 -530.769129983503831 28.424173543113305
-49.250873636561785 -531.002783364164429 28.424476840647422
-49.691123185478759 -531.239807275328985 28.424491491682755
-50.131372734395732 -531.476831186493541 28.424506142718087
-50.571622283312706 -531.713855097658097 28.424520793753420
-51.011871832229680 -531.950879008822653 28.424535444788752
-51.452121381146654 -532.187902919987209 28.424550095824085
-51.892443734243052 -532.424790258270946 28.425333884390611
-52.332766087339451 -532.661677596554682 28.426117672957137
-52.773088440435849 -532.898564934838419 28.426901461523663
-53.213410793532248 -533.135452273122155 28.427685250090189
-53.653277435539515 -533.373183614504342 28.428756031982147
-54.093144077546782 -533.610914955886528 28.429826813874104
-54.533010719554049 -533.848646297268715 28.430897595766062
-54.972877361561316 -534.086377638650902 28.431968377658020
-55.412744003568584 -534.324108980033088 28.433039159549978
-55.854949542355314 -534.557461979208938 28.433838685636061
-56.297155081142044 -534.790814978384788 28.434638211722145
-56.739360619928775 -535.024167977560637 28.435437737808229
-57.181566158715505 -535.257520976736487 28.436237263894313
-57.623771697502235 -535.490873975912336 28.437036789980397
-58.065290677924800 -535.725524756637469 28.437004670197094
-58.506809658347365 -535.960175537362602 28.436972550413792
-58.948328638769929 -536.194826318087735 28.436940430630489
-59.389847619192494 -536.429477098812868 28.436908310847187
-59.831366599615059 -536.664127879538000 28.436876191063885
-60.274634998444995 -536.895456817108652 28.436654287583874
-60.717903397274931 -537.126785754679304 28.436432384103863
-61.161171796104867 -537.358114692249956 28.436210480623853
-61.601412527914484 -537.595154960550758 28.436114253607613
-62.041653259724100 -537.832195228851560 28.436018026591373
-62.481893991533717 -538.069235497152363 28.435921799575134
-62.922134723343333 -538.306275765453165 28.435825572558894
-63.362375455152950 -538.543316033753968 28.435729345542654
-63.802616186962567 -538.780356302054770 28.435633118526415
-64.243991966028375 -539.015276328126561 28.435687931635183
-64.685367745094183 -539.250196354198351 28.435742744743951
-65.126743524159991 -539.485116380270142 28.435797557852720
-65.568119303225799 -539.720036406341933 28.435852370961488
-66.009495082291608 -539.954956432413724 28.435907184070256
-66.450870861357416 -540.189876458485514 28.435961997179025
-66.892272457024646 -540.424747834867844 28.436222570964553
-67.333674052691876 -540.659619211250174 28.436483144750081
-67.775075648359106 -540.894490587632504 28.436743718535610
-68.216477244026336 -541.129361964014834 28.437004292321138
-68.657878839693566 -541.364233340397163 28.437264866106666
-69.100669500851183 -541.596475417433339 28.437484058941155
-69.543460162008799 -541.828717494469515 28.437703251775645
-69.986250823166415 -542.060959571505691 28.437922444610134
-70.429041484324031 -542.293201648541867 28.438141637444623
-70.871174930083185 -542.526689507172705 28.436943299788563
-71.313308375842354 -542.760177365803543 28.435744962132503
-71.755441821601522 -542.993665224434380 28.434546624476443
-72.197575267360691 -543.227153083065218 28.433348286820383
-72.641230181569156 -543.457733795909576 28.431659511275548
-73.084885095777622 -543.688314508753933 28.429970735730713
-73.528540009986088 -543.918895221598291 28.428281960185878
-73.976686776986369 -544.140625667633230 28.428572697776492
-74.424833543986651 -544.362356113668170 28.428863435367106
-74.860744595527649 -544.578032671008259 28.429146234972457
-74.860744595527649 -544.578032671008259 28.429146234972457
-75.316371499642912 -544.783948822062825 28.430778099304415
-75.773569753834408 -544.986350689314577 28.432578237428707
-76.233472148714057 -545.182535985642176 28.433634972409799
-76.693374543593706 -545.378721281969774 28.434691707390890
-77.154392517356214 -545.572272041979431 28.435420519848044
-77.615410491118723 -545.765822801989088 28.436149332305199
-78.076428464881232 -545.959373561998746 28.436878144762353
-78.541148897446860 -546.143857021137251 28.437757269494135
-79.005869330012487 -546.328340480275756 28.438636394225917
-79.473974076347560 -546.504057973873046 28.439780466970092
-79.942078822682632 -546.679775467470336 28.440924539714267
-80.414001168390399 -546.844968894629915 28.441581232137711
-80.885923514098167 -547.010162321789494 28.442237924561155
-81.359382930770622 -547.170898542460804 28.442457306570869
-81.832842347443076 -547.331634763132115 28.442676688580583
-82.309042715144130 -547.484059104300513 28.442849953558738
-82.785243082845184 -547.636483445468912 28.443023218536894
-83.261443450546238 -547.788907786637310 28.443196483515049
-83.740617050726541 -547.931710386987788 28.443476167951580
-84.221213252168994 -548.069649616210540 28.443721525924044
-84.701809453611446 -548.207588845433293 28.443966883896508
-85.182405655053898 -548.345528074656045 28.444212241868971
-85.664003715102837 -548.479927718524323 28.444422682350375
-86.145601775151775 -548.614327362392601 28.444633122831778
-86.627199835200713 -548.748727006260879 28.444843563313182
-87.112381261246924 -548.869553207537933 28.444957162244563
-87.597562687293134 -548.990379408814988 28.445070761175945
-88.082744113339345 -549.111205610092043 28.445184360107326
-88.567925539385556 -549.232031811369097 28.445297959038708
-89.055685683081450 -549.341986532439250 28.445337152722669
-89.543445826777344 -549.451941253509403 28.445376346406629
-90.031205970473238 -549.561895974579556 28.445415540090590
-90.521668959824709 -549.659085824893737 28.444980715622641
-91.012656332367854 -549.753590374473902 28.444442095311029
-91.503800045344448 -549.847278836091505 28.443871689056632
-91.996094798410198 -549.934717071834484 28.443215157194778
-92.488389551475947 -550.022155307577464 28.442558625332925
-92.981859082289716 -550.102698919530098 28.441817860819647
-93.476263295077828 -550.177289926210619 28.441007860968746
-93.970667507865940 -550.251880932891140 28.440197861117845
-94.467933152556029 -550.304091866562089 28.439250751750244
-94.965198797246117 -550.356302800233038 28.438303642382643
-95.463624752164861 -550.395934441307190 28.437354701337455
-95.962721555231894 -550.425959173608703 28.436407801930869
-96.461818358298927 -550.455983905910216 28.435460902524284
-96.961536701009535 -550.472737722739907 28.434518787777808
-97.461444003669740 -550.482320705581060 28.433594024636886
-97.961393342370144 -550.489379173252701 28.432679274858621
-98.461386816654240 -550.491771803456686 28.431784292165059
-98.961380290938337 -550.494164433660671 28.430889309471496
-99.461361238106548 -550.489886340035355 28.430023062557503
-99.961342185274759 -550.485608246410038 28.429156815643509
-100.461229286974017 -550.475009574042701 28.428412706268787
-100.961116388673275 -550.464410901675365 28.427668596894065
-101.460776306014850 -550.445981328580388 28.427104825883326
-101.960436223356425 -550.427551755485410 28.426541054872587
-102.459533036247961 -550.397512459822906 28.426650953020996
-102.958629849139498 -550.367473164160401 28.426760851169405
-103.457726662031035 -550.337433868497897 28.426870749317814
-103.955873311866114 -550.294433553742920 28.427813187147276
-104.454019961701192 -550.251433238987943 28.428755624976738
-104.949345977589616 -550.183226664064819 28.428722138450532
-105.444671993478039 -550.115020089141694 28.428688651924325
-105.939998009366462 -550.046813514218570 28.428655165398119
-106.435324025254886 -549.978606939295446 28.428621678871913
-106.929397682348068 -549.901854194414113 28.428134318895591
-107.423471339441249 -549.825101449532781 28.427646958919269
-107.917544996534431 -549.748348704651448 28.427159598942946
-108.411618653627613 -549.671595959770116 28.426672238966624
-108.905692310720795 -549.594843214888783 28.426184878990302
-109.398405114935983 -549.509791135251703 28.425698759852082
-109.891117919151171 -549.424739055614623 28.425212640713863
-110.383830723366358 -549.339686975977543 28.424726521575643
-110.876543527581546 -549.254634896340463 28.424240402437423
-111.367175201607523 -549.158299883983659 28.423885667754163
-111.857806875633500 -549.061964871626856 28.423530933070904
-112.345225778755591 -548.950507457183676 28.423290839553513
-112.832644681877682 -548.839050042740496 28.423050746036122
-113.320063584999772 -548.727592628297316 28.422810652518731
-113.804334643797986 -548.603167883778951 28.422653929875715
-114.288605702596200 -548.478743139260587 28.422497207232698
-114.768121300884687 -548.337092940346110 28.422607413922560
-115.247636899173173 -548.195442741431634 28.422717620612421
-115.727152497461660 -548.053792542517158 28.422827827302282
-116.206668095750146 -547.912142343602682 28.422938033992143
-116.683669154378549 -547.762242628240415 28.423193771529796
-117.160670213006952 -547.612342912878148 28.423449509067449
-117.637671271635355 -547.462443197515881 28.423705246605103
-118.114672330263758 -547.312543482153615 28.423960984142756
-118.588195334351127 -547.151996730254609 28.424800659525459
-119.061718338438496 -546.991449978355604 28.425640334908163
-119.535241342525865 -546.830903226456599 28.426480010290867
-120.008764346613233 -546.670356474557593 28.427319685673570
-120.482287350700602 -546.509809722658588 28.428159361056274
-120.947941051973913 -546.327705747640607 28.430344028791112
-121.413594753247224 -546.145601772622626 28.432528696525949
-121.875437572725218 -545.954035200945555 28.434388457944387
-122.337280392203212 -545.762468629268483 28.436248219362824
-122.796658915199089 -545.565063186800899 28.437817899043630
-123.256037438194966 -545.367657744333314 28.439387578724435
-123.711827899962003 -545.162100395009702 28.440497128749950
-124.167618361729041 -544.956543045686089 28.441606678775464
-124.623408823496078 -544.750985696362477 28.442716228800979
-125.074020017573133 -544.534307722731000 28.443171767402745
-125.519434454151110 -544.307138276208207 28.443320946721773
-125.964848890729087 -544.079968829685413 28.443470126040800
-126.410263327307064 -543.852799383162619 28.443619305359828
-126.850381663223231 -543.615531948690659 28.443497119148418
-127.290499999139399 -543.378264514218699 28.443374932937008
-127.727393855400578 -543.135110739491665 28.443360889880530
-128.164287711661757 -542.891956964764631 28.443346846824053
-128.601181567922936 -542.648803190037597 28.443332803767575
-129.035151854133233 -542.400469184465123 28.443443992163530
-129.469122140343529 -542.152135178892649 28.443555180559486
-129.897650216687708 -541.894523694070472 28.443658488207838
-130.326178293031887 -541.636912209248294 28.443761795856190
-130.754706369376066 -541.379300724426116 28.443865103504542
-131.178364238962331 -541.113755999289083 28.443957241994557
-131.602022108548596 -540.848211274152050 28.444049380484572
-132.016466978973227 -540.568505403696577 28.444323991952285
-132.430911849397859 -540.288799533241104 28.444598603419998
-132.845356719822490 -540.009093662785631 28.444873214887711
-133.259801590247122 -539.729387792330158 28.445147826355424
-133.666089615352405 -539.437960530081909 28.445585404356166
-134.072377640457688 -539.146533267833661 28.446022982356908
-134.478665665562971 -538.855106005585412 28.446460560357650
-134.877466117247565 -538.553513234990533 28.446482032205349
-135.276266568932158 -538.251920464395653 28.446503504053048
-135.675067020616751 -537.950327693800773 28.446524975900747
-136.067210079545362 -537.640128281077182 28.446143295322386
-136.459353138473972 -537.329928868353591 28.445761614744026
-136.851496197402582 -537.019729455629999 28.445379934165665
-137.231143556349622 -536.694356359835638 28.445860951557137
-137.610790915296661 -536.368983264041276 28.446341968948609
-137.990438274243701 -536.043610168246914 28.446822986340081
-138.362963146505251 -535.710107821768815 28.448008077114601
-138.735488018766802 -535.376605475290717 28.449193167889121
-139.108012891028352 -535.043103128812618 28.450378258663640
-139.475138852117283 -534.703668035230749 28.451909904698397
-139.842264813206214 -534.364232941648879 28.453441550733153
-140.209390774295144 -534.024797848067010 28.454973196767909
-140.576516735384075 -533.685362754485141 28.456504842802666
-140.939200470102776 -533.341186206464613 28.458240458880031
-141.301884204821476 -532.997009658444085 28.459976074957396
-141.655092184113755 -532.643114423988209 28.461488157519689
-142.008300163406034 -532.289219189532332 28.463000240081982
-142.361508142698312 -531.935323955076456 28.464512322644275
-142.714716121990591 -531.581428720620579 28.466024405206568
-143.053600264273513 -531.213792647299215 28.467144986315319
-143.392484406556434 -530.846156573977851 28.468265567424069
-143.722292855532658 -530.470356467439387 28.469082212717822
-144.052101304508881 -530.094556360900924 28.469898858011575
-144.381909753485104 -529.718756254362461 28.470715503305328
-144.706227358197708 -529.338207053520364 28.471345592160361
-145.030544962910312 -528.957657852678267 28.471975681015394
-145.354862567622916 -528.577108651836170 28.472605769870427
-145.666624606582587 -528.186206860862967 28.473075746146264
-145.978386645542258 -527.795305069889764 28.473545722422102
-146.290148684501929 -527.404403278916561 28.474015698697940
-146.601910723461600 -527.013501487943358 28.474485674973778
-146.896379219226873 -526.609412121126411 28.474783378139360
-147.190847714992145 -526.205322754309464 28.475081081304943
-147.479823704645639 -525.797287498152286 28.475408398411115
-147.768799694299133 -525.389252241995109 28.475735715517288
-148.057775683952627 -524.981216985837932 28.476063032623461
-148.342849006848496 -524.570445675607743 28.476425337564102
-148.627922329744365 -524.159674365377555 28.476787642504743
-148.907828237238505 -523.745364514503535 28.476962051915706
-149.187734144732644 -523.331054663629516 28.477136461326669
-149.467640052226784 -522.916744812755496 28.477310870737632
-149.719688048783979 -522.484921200119743 28.476892538715038
-149.971736045341174 -522.053097587483990 28.476474206692444
-150.223784041898369 -521.621273974848236 28.476055874669850
-150.473516986067011 -521.188107293828011 28.475767689271255
-150.723249930235653 -520.754940612807786 28.475479503872659
-150.972982874404295 -520.321773931787561 28.475191318474064
-151.222715818572937 -519.888607250767336 28.474903133075468
-151.448238551479278 -519.442357163854012 28.475500520963926
-151.673761284385620 -518.996107076940689 28.476097908852385
-151.899284017291961 -518.549856990027365 28.476695296740843
-152.124806750198303 -518.103606903114041 28.477292684629301
-152.350329483104645 -517.657356816200718 28.477890072517759
-152.552707049539322 -517.200146437589069 28.479300850233496
-152.755084615973999 -516.742936058977421 28.480711627949233
-152.957462182408676 -516.285725680365772 28.482122405664970
-153.148413265905731 -515.823624337819069 28.482303865940487
-153.339364349402786 -515.361522995272367 28.482485326216004
-153.530315432899840 -514.899421652725664 28.482666786491521
-153.721266516396895 -514.437320310178961 28.482848246767038
-153.912217599893950 -513.975218967632259 28.483029707042554
-154.089151879100456 -513.507574788506872 28.481245730627013
-154.266086158306962 -513.039930609381486 28.479461754211471
-154.443020437513468 -512.572286430256099 28.477677777795929
-154.610736035693918 -512.101263223760839 28.474742293183628
-154.778451633874369 -511.630240017265578 28.471806808571326
-154.946167232054819 -511.159216810770317 28.468871323959025
-155.113882830235269 -510.688193604275057 28.465935839346724
-155.274959105403809 -510.214864333725814 28.462216266904264
-155.436035380572349 -509.741535063176570 28.458496694461804
-155.589348510214649 -509.265622467633818 28.460008542027325
-155.742661639856948 -508.789709872091066 28.461520389592845
-155.895974769499247 -508.313797276548314 28.463032237158366
-156.049287899141547 -507.837884681005562 28.464544084723887
-156.195281453719275 -507.359719259428232 28.471155561828898
-156.341275008297004 -506.881553837850902 28.477767038933909
-156.487268562874732 -506.403388416273572 28.484378516038920
-156.622962740862192 -505.922157736087968 28.486408912163476
-156.758656918849653 -505.440927055902364 28.488439308288033
-156.894351096837113 -504.959696375716760 28.490469704412590
-157.030045274824573 -504.478465695531156 28.492500100537146
-157.165739452812034 -503.997235015345552 28.494530496661703
-157.293638863099090 -503.513880793417854 28.491299863151337
-157.421538273386147 -503.030526571490157 28.488069229640971
-157.549437683673204 -502.547172349562459 28.484838596130604
-157.677337093960261 -502.063818127634761 28.481607962620238
-157.791071072768062 -501.576931084872569 28.479243717533194
-157.904805051575863 -501.090044042110378 28.476879472446150
-158.018539030383664 -500.603156999348187 28.474515227359106
-158.132273009191465 -500.116269956585995 28.472150982272062
-158.246006987999266 -499.629382913823804 28.469786737185018
-158.344421273640336 -499.139163993790532 28.469589701220421
-158.442835559281406 -498.648945073757261 28.469392665255825
-158.541249844922476 -498.158726153723990 28.469195629291228
-158.639664130563546 -497.668507233690718 28.468998593326631
-158.738078416204615 -497.178288313657447 28.468801557362035
-158.836492701845685 -496.688069393624176 28.468604521397438
-158.859551108442247 -496.573211402166635 28.468558355992123
-158.859551108442247 -496.573211402166635 28.468558355992123
-158.914463366358888 -496.076236652805676 28.467696713316357
-158.969375624275528 -495.579261903444717 28.466835070640592
-159.024287882192169 -495.082287154083758 28.465973427964826
-159.079200140108810 -494.585312404722799 28.465111785289061
-159.114628739662635 -494.086579306420390 28.461932006789208
-159.150057339216460 -493.587846208117980 28.458752228289356
-159.185485938770285 -493.089113109815571 28.455572449789504
-159.220914538324109 -492.590380011513162 28.452392671289651
-159.225223014798445 -492.090443724713225 28.445673581235980
-159.229531491272780 -491.590507437913288 28.438954491182308
-159.233839967747116 -491.090571151113352 28.432235401128636
-159.238148444221451 -490.590634864313415 28.425516311074965
-159.242456920695787 -490.090698577513479 28.418797221021293
-159.220307234199254 -489.591189488509372 28.419044991891322
-159.198157547702721 -489.091680399505265 28.419292762761351
-159.176007861206187 -488.592171310501158 28.419540533631380
-159.153858174709654 -488.092662221497051 28.419788304501409
-159.131708488213121 -487.593153132492944 28.420036075371438
-159.091754508573501 -487.094752183506728 28.420452681390053
-159.051800528933882 -486.596351234520512 28.420869287408667
-159.011846549294262 -486.097950285534296 28.421285893427282
-158.971892569654642 -485.599549336548080 28.421702499445896
-158.961110189033207 -485.465045870747417 28.421814928913555
-158.961110189033207 -485.465045870747417 28.421814928913555
-158.874128029011104 -484.972767966481342 28.411987985884842
-158.787145868989001 -484.480490062215267 28.402161042856129
-158.692433577108972 -483.989548117072729 28.399797091397371
-158.597721285228943 -483.498606171930192 28.397433139938613
-158.503008993348914 -483.007664226787654 28.395069188479855
-158.408296701468885 -482.516722281645116 28.392705237021097
-158.295824554943920 -482.029541487984659 28.394916694556059
-158.183352408418955 -481.542360694324202 28.397128152091021
-158.070880261893990 -481.055179900663745 28.399339609625983
-157.958408115369025 -480.567999107003288 28.401551067160945
-157.845935968844060 -480.080818313342832 28.403762524695907
-157.715696307449434 -479.598079562202713 28.404726240158642
-157.585456646054809 -479.115340811062595 28.405689955621376
-157.455216984660183 -478.632602059922476 28.406653671084111
-157.316460393066023 -478.152248820446800 28.409369111083318
-157.177703801471864 -477.671895580971125 28.412084551082526
-157.038947209877705 -477.191542341495449 28.414799991081733
-156.900190618283546 -476.711189102019773 28.417515431080940
-156.747067529073973 -476.235221068691089 28.420299456963185
-156.593944439864401 -475.759253035362406 28.423083482845431
-156.440821350654829 -475.283285002033722 28.425867508727677
-156.287698261445257 -474.807316968705038 28.428651534609923
-156.211411414959002 -474.570186824072152 28.430038553094136
-156.211411414959002 -474.570186824072152 28.430038553094136
-156.034168067136420 -474.102672649000795 28.433949021096801
-155.856924719313838 -473.635158473929437 28.437859489099466
-155.679681371491256 -473.167644298858079 28.441769957102132
-155.490874757075630 -472.704663504625614 28.442690024918097
-155.302068142660005 -472.241682710393150 28.443610092734062
-155.113261528244379 -471.778701916160685 28.444530160550027
-154.920887923205385 -471.317197643602640 28.447020641419055
-154.728514318166390 -470.855693371044595 28.449511122288083
-154.536140713127395 -470.394189098486549 28.452001603157111
-154.337119402406188 -469.935524759969496 28.456189974143857
-154.138098091684981 -469.476860421452443 28.460378345130604
-153.939076780963774 -469.018196082935390 28.464566716117350
-153.727838647714663 -468.565009421471984 28.465115289776357
-153.516600514465551 -468.111822760008579 28.465663863435363
-153.305362381216440 -467.658636098545173 28.466212437094370
-153.094124247967329 -467.205449437081768 28.466761010753377
-152.882886114718218 -466.752262775618362 28.467309584412384
-152.656385218377523 -466.306518464053681 28.470367797058898
-152.429884322036827 -465.860774152489000 28.473426009705413
-152.203383425696131 -465.415029840924319 28.476484222351928
-151.976882529355436 -464.969285529359638 28.479542434998443
-151.740495365569075 -464.528694629495362 28.480418650628163
-151.504108201782714 -464.088103729631086 28.481294866257883
-151.267721037996353 -463.647512829766811 28.482171081887603
-151.031333874209992 -463.206921929902535 28.483047297517324
-150.794946710423631 -462.766331030038259 28.483923513147044
-150.557317937679272 -462.326407900115157 28.484377520490895
-150.319689164934914 -461.886484770192055 28.484831527834746
-150.082060392190556 -461.446561640268953 28.485285535178598
-149.844431619446198 -461.006638510345852 28.485739542522449
-149.606802846701839 -460.566715380422750 28.486193549866300
-149.366299247118917 -460.128357063150531 28.486258863944688
-149.125795647535995 -459.689998745878313 28.486324178023075
-148.885292047953072 -459.251640428606095 28.486389492101463
-148.644788448370150 -458.813282111333876 28.486454806179850
-148.404284848787228 -458.374923794061658 28.486520120258238
-148.163483673953635 -457.936729760257379 28.485635282914227
-147.922682499120043 -457.498535726453099 28.484750445570217
-147.681881324286451 -457.060341692648819 28.483865608226207
-147.441080149452858 -456.622147658844540 28.482980770882197
-147.200278974619266 -456.183953625040260 28.482095933538186
-146.959477799785674 -455.745759591235981 28.481211096194176
-146.716151379156003 -455.308962184862253 28.481739119605560
-146.472824958526331 -454.872164778488525 28.482267143016944
-146.229498537896660 -454.435367372114797 28.482795166428328
-145.986172117266989 -453.998569965741069 28.483323189839712
-145.742357780550151 -453.562046434039814 28.484655662126748
-145.498543443833313 -453.125522902338560 28.485988134413784
-145.254729107116475 -452.688999370637305 28.487320606700820
-145.010914770399637 -452.252475838936050 28.488653078987856
-144.767100433682799 -451.815952307234795 28.489985551274891
-144.527966208628300 -451.376848845681366 28.491709633462303
-144.288831983573800 -450.937745384127936 28.493433715649715
-144.049697758519301 -450.498641922574507 28.495157797837127
-143.810563533464801 -450.059538461021077 28.496881880024539
-143.571429308410302 -449.620434999467648 28.498605962211951
-143.329979728608720 -449.182602505193984 28.500798534155404
-143.088530148807138 -448.744770010920320 28.502991106098857
-142.847080569005556 -448.306937516646656 28.505183678042311
-142.605630989203974 -447.869105022372992 28.507376249985764
-142.357945988707115 -447.434767644710860 28.509160316817702
-142.110260988210257 -447.000430267048728 28.510944383649640
-141.862575987713399 -446.566092889386596 28.512728450481578
-141.614890987216540 -446.131755511724464 28.514512517313516
-141.367205986719682 -445.697418134062332 28.516296584145454
-141.119520986222824 -445.263080756400200 28.518080650977392
-140.871835985725966 -444.828743378738068 28.519864717809330
-140.860648079484235 -444.809124403633177 28.519945303926391
-140.860648079484235 -444.809124403633177 28.519945303926391
-140.620429972539881 -444.370611176518310 28.521133050274628
-140.380211865595527 -443.932097949403442 28.522320796622864
-140.139993758651173 -443.493584722288574 28.523508542971101
-139.899775651706818 -443.055071495173706 28.524696289319337
-139.659557544762464 -442.616558268058839 28.525884035667573
-139.416764622936398 -442.179467372213935 28.527657698734508
-139.173971701110332 -441.742376476369031 28.529431361801443
-138.931178779284267 -441.305285580524128 28.531205024868378
-138.688385857458201 -440.868194684679224 28.532978687935312
-138.445592935632135 -440.431103788834321 28.534752351002247
-138.202800013806069 -439.994012892989417 28.536526014069182
-137.960007091980003 -439.556921997144514 28.538299677136116
-137.717731866746220 -439.119543504193530 28.539963751005764
-137.475456641512437 -438.682165011242546 28.541627824875413
-137.233181416278654 -438.244786518291562 28.543291898745061
-136.990906191044871 -437.807408025340578 28.544955972614709
-136.748630965811088 -437.370029532389594 28.546620046484357
-136.502449971440257 -436.934834739411770 28.547260496000874
-136.256268977069425 -436.499639946433945 28.547900945517391
-136.010087982698593 -436.064445153456120 28.548541395033908
-135.763906988327761 -435.629250360478295 28.549181844550425
-135.517725993956930 -435.194055567500470 28.549822294066942
-135.273807205764598 -434.757590767487557 28.548372081508351
-135.029888417572266 -434.321125967474643 28.546921868949759
-134.785969629379935 -433.884661167461729 28.545471656391168
-134.542050841187603 -433.448196367448816 28.544021443832577
-134.298132052995271 -433.011731567435902 28.542571231273985
-134.053743952690354 -432.575526966712516 28.542623548728002
-133.809355852385437 -432.139322365989131 28.542675866182019
-133.564967752080520 -431.703117765265745 28.542728183636036
-133.320579651775603 -431.266913164542359 28.542780501090053
-133.076191551470686 -430.830708563818973 28.542832818544071
-132.831803451165769 -430.394503963095588 28.542885135998088
-132.587415350860852 -429.958299362372202 28.542937453452105
-132.343027250555934 -429.522094761648816 28.542989770906122
-132.102593665893380 -429.083698178902353 28.543346985910713
-131.862160081230826 -428.645301596155889 28.543704200915304
-131.689797550614458 -428.331022937782109 28.543960281954277
