-131.68987442198068 -428.33098081361334 28.543966192775127
-131.44965909339913 -427.89243532526598 28.544341158602709
-131.20952063618381 -427.45384771274973 28.544722035251141
-130.96938217896846 -427.01526010023355 28.545102911899569
-130.72924346166275 -426.57667263169105 28.545483710872475
-130.48809307209783 -426.13864517650143 28.545562375752315
-130.24492011828565 -425.70173731609702 28.545037005472619
-130.00073601239504 -425.26538918109839 28.544209656450917
-129.75655190650446 -424.82904104609969 28.543382307429212
-129.51236780061384 -424.39269291110105 28.542554958407514
-129.26818369472326 -423.95634477610241 28.541727609385813
-129.02399958883268 -423.51999664110377 28.540900260364111
-128.77981548126402 -423.08364850704424 28.540073331489271
-128.53562889420627 -422.64730176056469 28.539867208862145
-128.29143735320451 -422.21095778642797 28.54090143828985
-128.04724333606981 -421.77461519799317 28.542555633671544
-127.80304931893512 -421.33827260955832 28.544209829053237
-127.55885530180041 -420.90193002112346 28.545864024434923
-127.31466128466572 -420.46558743268861 28.547518219816617
-127.070467267531 -420.02924484425375 28.549172415198306
-126.82627372159202 -419.59290199329985 28.550826246254125
-126.58249758342619 -419.15632659026494 28.55215733996554
-126.33955484721956 -418.71928687062564 28.552844051965746
-126.09702857639468 -418.28201512394378 28.553208755273285
-125.85450230556981 -417.84474337726198 28.553573458580829
-125.61197603474494 -417.40747163058023 28.553938161888372
-125.36944976392007 -416.97019988389832 28.554302865195915
-125.12692349309521 -416.53292813721652 28.554667568503454
-124.88439705832236 -416.09565648157036 28.555032218656251
-124.64176409614595 -415.65844397756717 28.555362330795674
-124.39891857100631 -415.22134950374289 28.555623526372607
-124.15596684635905 -414.78431399949034 28.555850290245662
-123.91301512171181 -414.34727849523773 28.55607705411872
-123.67006339706455 -413.91024299098513 28.556303817991775
-123.42711167241728 -413.47320748673258 28.556530581864834
-123.18415994777003 -413.03617198247997 28.556757345737893
-122.94120822312277 -412.59913647822736 28.556984109610944
-122.69825603915561 -412.16210122994647 28.557210618351789
-122.45507403278995 -411.72519405802228 28.55730947075471
-122.21143375958707 -411.28854227089676 28.557153775878447
-121.9675645826255 -410.8520180481845 28.556870934928696
-121.72369540566393 -410.41549382547231 28.556588093978952
-121.47982622870236 -409.97896960276012 28.556305253029205
-121.2359570517408 -409.54244538004787 28.556022412079454
-120.99208787477924 -409.10592115733573 28.555739571129703
-120.74821869781768 -408.66939693462353 28.555456730179955
-120.50435007931772 -408.23287240068044 28.555173534811587
-120.26070864025181 -407.79622125952625 28.554746163686566
-120.01751988466926 -407.35931783764278 28.554031504304124
-119.77455719159758 -406.92228843101009 28.553173378002288
-119.53159449852589 -406.48525902437734 28.552315251700449
-119.28863180545423 -406.04822961774465 28.551457125398606
-119.04566911238255 -405.61120021111191 28.550598999096767
-118.80270641931088 -405.17417080447922 28.549740872794928
-118.55974329532674 -404.73714163779437 28.548883178536634
-118.31663038804615 -404.30019587594734 28.548175660729605
-118.07321920691015 -403.86341620393216 28.547767199694476
-117.82965910430266 -403.42671945685908 28.54750805102352
-117.58609900169519 -402.99002270978599 28.547248902352568
-117.34253889908773 -402.55332596271285 28.546989753681608
-117.09897879648025 -402.11662921563976 28.546730605010659
-116.85541935287087 -401.67993210182476 28.546471583644632
-116.6120637035518 -401.24312157356263 28.54625193115962
-116.36911366581896 -400.80608531663188 28.546110634521852
-116.1263661043802 -400.36893637873783 28.546008452155242
-115.88361854294143 -399.93178744084366 28.545906269788631
-115.64087098150267 -399.49463850294967 28.54580408742202
-115.39812342006391 -399.05748956505556 28.545701905055409
-115.15537568271429 -398.62034072489564 28.54560004523124
-114.91257893608629 -398.18321911377808 28.545588046675206
-114.66968469863406 -397.74615166754239 28.545754803028139
-114.42674180372514 -397.30911125488052 28.546010775564326
-114.1837989088162 -396.87207084221865 28.546266748100521
-113.94085601390728 -396.43503042955683 28.546522720636709
-113.69791127252643 -395.99799104855163 28.546778045945292
-113.45449242912893 -395.56121655677339 28.546867188431847
-113.2101309211139 -395.12496874847909 28.546625906957157
-112.96529900402605 -394.68898376609843 28.546219737115649
-112.72046708693819 -394.25299878371777 28.545813567274145
-112.47563516985034 -393.81701380133705 28.545407397432637
-112.23080325276248 -393.38102881895645 28.545001227591129
-111.98597408402352 -392.94504230384985 28.544595009978792
-111.74179127543442 -392.50869532033039 28.544177557561838
-111.49889294209844 -392.07163199816296 28.543737778848172
-111.25663547221455 -391.63421127303457 28.543286860871561
-111.01437800233069 -391.19679054790618 28.542835942894946
-110.77212053244681 -390.75936982277778 28.542385024918335
-110.52986306256291 -390.32194909764939 28.541934106941724
-110.28760559267903 -389.884528372521 28.54148318896511
-110.04534812279513 -389.44710764739267 28.541032270988502
-109.80309182166101 -389.00968627669539 28.540581395339331
-109.56108356693242 -388.57212789544946 28.540139502939756
-109.31956789876556 -388.13429742981322 28.539715450057013
-109.07829793950468 -387.69633124476621 28.539300295768964
-108.83702798024382 -387.25836505971915 28.538885141480918
-108.59575802098294 -386.82039887467215 28.538469987192865
-108.35448631274913 -386.38243365672872 28.538055386077136
-108.11286604625573 -385.94466117587052 28.537751028393572
-107.87055391016202 -385.50727126787206 28.537665498057407
-107.62789671375458 -385.07007216275167 28.537689104808774
-107.38523951734717 -384.63287305763129 28.53771271156014
-107.14258232093975 -384.1956739525109 28.537736318311509
-106.89992512453233 -383.75847484739046 28.537759925062879
-106.65726792812492 -383.32127574227007 28.537783531814245
-106.41461073171749 -382.88407663714969 28.537807138565618
-106.17195546674839 -382.44687646407829 28.537831097675156
-105.92965309203174 -382.00948116725522 28.537919435627551
-105.68805070350508 -381.57169882678176 28.53813547419113
-105.44679734235427 -381.13372349845849 28.538415186881231
-105.20554398120348 -380.69574817013529 28.538694899571333
-104.96429062005265 -380.25777284181208 28.538974612261431
-104.72303725890184 -379.81979751348888 28.539254324951532
-104.48178389775103 -379.38182218516567 28.539534037641634
-104.24052529121765 -378.9438497740145 28.53981160662018
-103.99837445088147 -378.5063735706201 28.539724532622298
-103.75445487908735 -378.06988103122313 28.538914603806216
-103.5096535642555 -377.63387886523884 28.537744319436808
-103.26485224942368 -377.19787669925455 28.5365740350674
-103.02005093459186 -376.76187453327026 28.535403750697995
-102.77524961976005 -376.32587236728591 28.534233466328587
-102.53044830492821 -375.88987020130168 28.533063181959179
-102.28565128920766 -375.45386563901741 28.531891994613716
-102.04153615958805 -375.01748099733544 28.530577585382566
-101.79877190483656 -374.58034338575783 28.528979441308206
-101.55668093796348 -374.14283048738247 28.527239881300272
-101.31458997109044 -373.705317589007 28.525500321292334
-101.07249900421738 -373.26780469063164 28.5237607612844
-100.83040803734434 -372.83029179225616 28.522021201276466
-100.58831707047128 -372.39277889388075 28.520281641268532
-100.34621215623439 -371.95527388562687 28.51854635429471
-100.1020428975901 -371.51893669148319 28.517443517593712
-99.853786792222536 -371.08491145519508 28.517592762336044
-99.603494237175283 -370.65203825277393 28.518365911282995
-99.353201682128017 -370.21916505035284 28.519139060229939
-99.102909127080778 -369.78629184793175 28.519912209176884
-98.852616572033497 -369.35341864551066 28.520685358123831
-98.602324016986245 -368.92054544308951 28.521458507070779
-98.352045130966331 -368.48766449500795 28.522234194812171
-98.10367287786616 -368.05370313857492 28.523364007901705
-97.859072883523282 -367.61760420242058 28.525194455304163
-97.616352184045397 -367.18044034923577 28.527373950465858
-97.373631484567511 -366.74327649605095 28.529553445627549
-97.13091078508964 -366.3061126428662 28.531732940789244
-96.88819008561174 -365.86894878968144 28.533912435950938
-96.645469386133868 -365.43178493649668 28.53609193111263
-96.407235047632341 -364.99228631384005 28.538130662311083
-96.179472945162487 -364.5473377826458 28.539840816862316
-95.959196231826866 -364.09849374279156 28.541316110008832
-95.746171757976086 -363.64630555227836 28.54287759037669
-95.546573820479779 -363.18813364148627 28.544750035912152
-95.356570779474765 -362.7256856333305 28.546844703956587
-95.176321963828201 -362.25959934169509 28.54915686988031
-95.01435273384655 -361.78702062180008 28.551872763096569
-94.874187711466675 -361.30758190960807 28.554803442399674
-94.757040073912364 -360.82203140375083 28.557619975874132
-94.660115652324379 -360.33180812158434 28.560232874322537
-94.579284969920366 -359.83858091491305 28.56263253413869
-94.516391966084782 -359.34293479673636 28.564985996767547
-94.475270748291223 -358.8450933671719 28.567519114950173
-94.454080725275389 -358.34581410834755 28.570290593097639
-94.449091953665487 -357.84603205699051 28.573303449208012
-94.462197824405834 -357.34658364880022 28.576047108375718
-94.497162373267329 -356.84827220075073 28.577840256257929
-94.546369094111867 -356.35079629139625 28.578933366757752
-94.606891592051767 -355.85476723395897 28.579287883043285
-94.68717198034436 -355.36172336685831 28.578245874920292
-94.79031941331948 -354.87299038096342 28.576171459469609
-94.916725195528343 -354.38976744671879 28.573814666789332
-95.063156072091999 -353.9119895448033 28.571446899956094
-95.225176289320643 -353.43917189740728 28.569180547503123
-95.404140610555132 -352.9727037012745 28.566951667264313
-95.603324851052491 -352.51459554754319 28.56463782717352
-95.82074533988127 -352.06464274760197 28.562206651053369
-96.052674929246564 -351.62190605867943 28.559655636597576
-96.300392100941593 -351.18802047017016 28.556735381866801
-96.566833652153292 -350.76547345659878 28.55311475112098
-96.845421358041875 -350.35039172570976 28.549005421575853
-97.133326703253147 -349.9419616931674 28.54443751820148
-97.44218239364919 -349.54986969325375 28.539401172463624
-97.773853292841025 -349.17638022840333 28.53463502981009
-98.115897331004106 -348.81174096371234 28.530369669779471
-98.464872512929929 -348.45398296478845 28.526765892839073
-98.826245856665651 -348.10894714200924 28.524416092083193
-99.202390409866808 -347.7802917336536 28.523127350857767
-99.594126249854753 -347.47048472254266 28.522406937134733
-99.999152660436948 -347.17784987889092 28.521983128333218
-100.41414034775816 -346.8993446939669 28.521657172568005
-100.8359247794569 -346.63095044649515 28.521331408467312
-101.26139659898114 -346.36832772999566 28.520941523443337
-101.68883541241163 -346.10892456836439 28.520256072694842
-102.12049674989059 -345.8569621246001 28.5190113457097
-102.55946814739268 -345.61790452443643 28.517407931897143
-103.0020770896903 -345.38526128942073 28.515698299628639
-103.44477395588135 -345.15278542158552 28.513393400876176
-103.88755563342112 -344.92047111689544 28.510009654660053
-104.33040500489618 -344.68828586095867 28.505644994637318
-104.77331379084141 -344.45621396331063 28.500380836985304
-105.21628579143699 -344.2242627576403 28.494145736997126
-105.65932384545093 -343.99243774042566 28.486883880582877
-106.10242228133221 -343.760728144974 28.478677841908237
-106.5455618698046 -343.52909730126123 28.469680189792498
-106.98860477722528 -343.29728193366566 28.460655739042412
-107.43143096610535 -343.06505281259388 28.452292858477737
-107.87407648408494 -342.83247931376667 28.444607922201911
-108.31657202571053 -342.59962060831293 28.43762404297583
-108.758901493702 -342.36644666431431 28.431423050413684
-109.20105081019565 -342.13293129055126 28.426076664294726
-109.64302340885101 -341.89908159842474 28.42156891197158
-110.08482519159892 -341.66490933151726 28.417869913149609
-110.52648336572379 -341.43046621416477 28.414829688636942
-110.96802766112394 -341.19580867171612 28.412289045460408
-111.40950952742294 -340.9610336023436 28.410009602317423
-111.85097510414235 -340.72622790384401 28.407776832534022
-112.29242457074365 -340.49139191862929 28.405582693248796
-112.73382518585545 -340.25646453584943 28.40345247460839
-113.17486039425555 -340.02085484980853 28.401698852446899
-113.61525080176408 -339.78404199507565 28.400596704600694
-114.05503765989171 -339.54610944016054 28.400094787160938
-114.49425304011027 -339.3071237234675 28.400151645979317
-114.93284995902613 -339.0670055732856 28.400810146316914
-115.37079238457622 -338.82569561720823 28.402102567374321
-115.80809689007906 -338.58323170609566 28.403954836956494
-116.24444513469493 -338.33905617642 28.406140524191194
-116.67975794320388 -338.09303545774281 28.408258961123348
-117.11433691258381 -337.8457196790194 28.40999751287573
-117.54820970645464 -337.59716791690829 28.411264510126969
-117.98109451649009 -337.34690619594846 28.411817814176501
-118.41226915474954 -337.09372143154349 28.411142497146507
-118.84098778533108 -336.83641111991705 28.409349604908446
-119.2669762990011 -336.5746037977234 28.407357767094485
-119.69047760757732 -336.30878150885883 28.405993997165201
-120.11165005826766 -336.03928721402974 28.405702789308641
-120.53023435475993 -335.76579582238782 28.406510863911329
-120.94633737645164 -335.48853423138632 28.407969248023278
-121.36072073223737 -335.20869763303961 28.409434147991377
-121.77339818274802 -334.92636261777545 28.410508023913927
-122.18362683700691 -334.64048817160176 28.41118667725965
-122.5908706131746 -334.35039427116044 28.411725039328388
-122.99325738619183 -334.05368915396377 28.412621205767088
-123.38887813836538 -333.74802812766018 28.414566239530451
-123.77791275351588 -333.4339947715747 28.418089944579172
-124.15959569552702 -333.11113569647443 28.423370546827996
-124.53328932197843 -332.7790209963706 28.429766655246773
-124.90033258932127 -332.43952409425356 28.435938486749791
-125.26075253989423 -332.09305266398394 28.441006767632039
-125.61071451064353 -331.73624732151171 28.444560654585178
-125.94542379852042 -331.36518836446567 28.446377631773526
-126.26481338194095 -330.98070049502462 28.446705206518743
-126.57337754834739 -330.58735610468472 28.446064931090035
-126.87176711318705 -330.18636903673399 28.444689968345603
-127.15811023366666 -329.77666109019259 28.442577291092277
-127.4354718262465 -329.36067548359381 28.440136874107278
-127.7032999669963 -328.93859494567073 28.437762771611109
-127.95599198437709 -328.50745507532412 28.435505218497475
-128.18452177351026 -328.06355651307348 28.433406692479728
-128.38410546028643 -327.60573390057823 28.431453267687093
-128.56011556741331 -327.13802452390189 28.429618108686778
-128.71617773648134 -326.66326441062984 28.427966650563793
-128.85422880576982 -326.18285991446766 28.426601192662623
-128.97419020274427 -325.69769893823025 28.425447850153475
-129.0738772399213 -325.20797412159845 28.424184461593683
-129.15529316658294 -324.71479616489262 28.422605959334685
-129.21940680032276 -324.21913776104208 28.420781643561966
-129.26321148566231 -323.72132554361536 28.418837786396324
-129.28665665617817 -323.22207492433921 28.416889915970589
-129.28825433722631 -322.72242994698405 28.415039209761119
-129.26663200017771 -322.22315991942367 28.413330023069534
-129.22687172057036 -321.72485105266776 28.411747775867035
-129.17162480436167 -321.22805705937174 28.410277037501096
-129.09744429049556 -320.73387294961287 28.40888699829404
-129.00043947459744 -320.24370066191727 28.407488493223838
-128.88363766028243 -319.75767511272664 28.406009526175513
-128.75148356301685 -319.27559367858191 28.404491032747856
-128.60270567192748 -318.79844068336894 28.403069848839714
-128.43615387574889 -318.3271809159628 28.401828487915338
-128.25356898769763 -317.86184302781038 28.400672377430503
-128.05724683021143 -317.40210153799234 28.399438033925009
-127.84701609556281 -316.94859555463404 28.398114184192526
-127.62439094927186 -316.50095351704954 28.396873048548766
-127.39516371657223 -316.05657556454054 28.395885226497331
-127.1633043925607 -315.61355967282975 28.395152130631043
-126.92934836084557 -315.17165010050576 28.394710216872223
-126.6931645401696 -314.73092590021923 28.394631858985719
-126.45603777129533 -314.29070275036372 28.394758785230437
-126.21916000148731 -313.85034558980419 28.394962400322438
-125.98249234280041 -313.40987541579187 28.395228338308215
-125.74589713595175 -312.96936649173557 28.395538319573181
-125.50880294111074 -312.52912726022817 28.395953394717715
-125.27064108617417 -312.08946471421842 28.396506750135273
-125.03146521427195 -311.65035246657851 28.397163406111723
-124.79136953517428 -311.21174254392173 28.397908636642839
-124.55025891644135 -310.77369014247631 28.398750397468401
-124.30804993592047 -310.33624408311016 28.399695618591821
-124.06474521892241 -309.89940651489155 28.400739825497986
-123.82031975007914 -309.46319494982117 28.4018489046734
-123.57523920423105 -309.0273497181783 28.402947695356147
-123.33010496474556 -308.59153464999315 28.403986567137743
-123.08503087904347 -308.15568575523139 28.404959906869074
-122.84005766597998 -307.71978017324739 28.405855375659122
-122.59522306618041 -307.28379672297035 28.406661764007783
-122.35054093601349 -306.84772769465764 28.407379327430021
-122.10601930624892 -306.41156864185763 28.408031601258106
-121.86157846028647 -305.97536428025467 28.408683939871636
-121.61712354894601 -305.53916780210125 28.40938648968211
-121.37263379032787 -305.1029908554197 28.410148399343001
-121.12809748102585 -304.66684000731289 28.410981488132009
-120.88350391421739 -304.23072126678176 28.411896422761352
-120.63885444655229 -303.79463388295517 28.412902305601563
-120.39418603139536 -303.35855713162277 28.414067448317176
-120.14956125692416 -302.92245589722529 28.415410631993193
-119.90500425832975 -302.48631665080137 28.416866255999285
-119.66051376344861 -302.05014012137042 28.418411056163755
-119.41610677984869 -301.61391679781121 28.420061116251151
-119.17179304320919 -301.17764124070874 28.421824201700407
-118.92752743442242 -300.74133872636048 28.42364547090579
-118.68330436426373 -300.30501240587762 28.425516760574055
-118.43915375117251 -299.86864553583388 28.4274732512988
-118.19503726325027 -299.43225956812768 28.429469869240233
-117.95092077532802 -298.99587360042148 28.431466487181666
-117.70680428740577 -298.55948763271527 28.433463105123099
-117.46362216353876 -298.12258421575905 28.440036573326815
-117.22231061067538 -297.68464487971164 28.455772769207165
-116.98193674206466 -297.24618625485215 28.476101407872118
-116.741013618357 -296.8080305368328 28.492728122290785
-116.49898939543603 -296.37048206881514 28.501940319258303
-116.25641480570287 -295.9332371249883 28.507446488391164
-116.01384021596972 -295.4959921811614 28.512952657524028
-115.77126562623658 -295.0587472373345 28.518458826656893
-115.52869103650343 -294.62150229350766 28.523964995789754
-115.28611644677028 -294.18425734968071 28.529471164922619
-115.04354185703713 -293.74701240585387 28.534977334055483
-114.80096726730397 -293.30976746202697 28.540483503188348
-114.55839267757082 -292.87252251820013 28.545989672321209
-114.31581808783767 -292.43527757437323 28.55149584145407
-114.07324342617254 -291.99803267046809 28.557001184793087
-113.83063281570492 -291.56080771794302 28.562093828443281
-113.58795052342816 -291.1236225484123 28.566363550097396
-113.34523242621282 -290.6864572504179 28.570222223650394
-113.10251432899747 -290.2492919524235 28.57408089720338
-112.85979623178213 -289.81212665442911 28.577939570756378
-112.6170781345668 -289.37496135643471 28.581798244309375
-112.37436003735144 -288.93779605844031 28.585656917862366
-112.13164193728238 -288.50063076203031 28.589512858600909
-111.88892275841265 -288.06346606458709 28.592335701776349
-111.64620143050269 -287.62630256032412 28.593100548268957
-111.40347902949944 -287.18913965185914 28.592837762827369
-111.1607566284962 -286.7519767433941 28.59257497738578
-110.91803422749297 -286.31481383492905 28.592312191944188
-110.67531182648972 -285.87765092646396 28.592049406502596
-110.43258942548647 -285.44048801799897 28.591786621061011
-110.18986702424306 -285.00332510966723 28.591522187463728
-109.94714454434066 -284.56616224500874 28.590717934496841
-109.7044219078407 -284.12899946729675 28.58883898725783
-109.46169919316205 -283.69183673299131 28.5864235169606
-109.21897647848341 -283.25467399868592 28.584008046663374
-108.97625376380478 -282.81751126438047 28.581592576366148
-108.73353104912613 -282.38034853007497 28.579177106068926
-108.49080833444748 -281.94318579576952 28.576761635771696
-108.24808561973467 -281.50602306148312 28.574342818739169
-108.00536289539721 -281.06886033254045 28.570981873021303
-107.76264015191312 -280.63169761422847 28.565746710138651
-107.51991739887281 -280.19453490122231 28.559576112041256
-107.27719464583248 -279.75737218821615 28.553405513943865
-107.03447189279214 -279.32020947520999 28.547234915846467
-106.79174913975183 -278.88304676220383 28.541064317749072
-106.54902638671152 -278.44588404919773 28.534893719651681
-106.30630363367119 -278.00872133619157 28.52872312155429
-106.06358088063087 -277.57155862318535 28.522552523456895
-105.82085812759055 -277.13439591017919 28.516381925359504
-105.57813537455024 -276.69723319717303 28.510211327262109
-105.3354126215099 -276.26007048416687 28.504040729164714
-105.09268986846958 -275.82290777116071 28.497870131067323
-104.85007517727183 -275.38568521570556 28.490643144485286
-104.6078099782309 -274.94826911860741 28.479999600484483
-104.36591957797603 -274.51064546557006 28.465692107100061
-104.12401255321707 -274.07303110180396 28.45108067583925
-103.88162162755874 -273.63568498014638 28.439694893764127
-103.6387128790292 -273.19862590465675 28.43176088234112
-103.39562021555194 -272.76166877924294 28.425052834957619
-103.15252755207469 -272.32471165382913 28.418344787574124
-102.90943488859742 -271.88775452841526 28.411636740190627
-102.66634222512019 -271.45079740300145 28.404928692807133
-102.42324956164293 -271.01384027758763 28.398220645423635
-102.18031734587655 -270.57679423220134 28.391959040811656
-101.93790186425053 -270.13946181323399 28.387135239335116
-101.69603850777267 -269.70182340702183 28.383847715814888
-101.45437099001344 -269.26407646717365 28.381105109887052
-101.21270347225422 -268.82632952732547 28.378362503959217
-100.97103595449498 -268.38858258747723 28.375619898031381
-100.72936843673574 -267.95083564762899 28.372877292103549
-100.48776832311751 -267.51305155592553 28.370580628171425
-100.24638513587811 -267.07514789860909 28.369719136928559
-100.00523358897338 -266.63711656563265 28.370390165077051
-99.764164160165492 -266.1990399707538 28.371604481923374
-99.523094731357617 -265.76096337587501 28.3728187987697
-99.282025302549727 -265.32288678099621 28.374033115616022
-99.040955873741865 -264.88481018611742 28.375247432462345
-98.799886444933975 -264.44673359123857 28.376461749308667
-98.558817016126085 -264.00865699635972 28.377676066154983
-98.317747587318209 -263.57058040148092 28.378890383001313
-98.076678158510333 -263.13250380660213 28.380104699847635
-97.835291176779663 -262.69460329158954 28.381419645207284
-97.592883144727281 -262.25726893859667 28.383058148526995
-97.349385670799848 -261.82053867004424 28.385041882226844
-97.105502252396263 -261.384022403779 28.387147916860094
-96.861618833992679 -260.94750613751376 28.389253951493341
-96.617735415589095 -260.51098987124846 28.391359986126592
-96.373851997185525 -260.07447360498315 28.393466020759845
-96.129968578781956 -259.63795733871791 28.395572055393096
-95.886085160378371 -259.20144107245261 28.397678090026339
-95.642329825261299 -258.76485346345243 28.399904844821762
-95.398985986268656 -258.32803665000461 28.402519440062527
-95.156080889665432 -257.89097545586617 28.405547555707471
-94.91333112261367 -257.45382774274998 28.408722071473427
-94.670581355561936 -257.01668002963379 28.411896587239376
-94.427831588510173 -256.57953231651766 28.415071103005328
-94.185109494274798 -256.14236928083761 28.418386433130529
-93.942682600311272 -255.70504279142889 28.423203902995624
-93.700763088442514 -255.26743536225433 28.430603209262756
-93.459083431212946 -254.82969512447875 28.439223026551282
-93.217403773983392 -254.39195488670319 28.447842843839808
-92.975724116753838 -253.95421464892763 28.456462661128334
-92.734044459524256 -253.51647441115205 28.465082478416861
-92.492364802294716 -253.07873417337649 28.473702295705387
-92.250685145065162 -252.64099393560096 28.482322112993913
-92.009005487835594 -252.2032536978254 28.490941930282442
-91.767326004388963 -251.76551336410472 28.499272078024447
-91.525648342955961 -251.32777202445456 28.50456520772871
-91.283973804201494 -250.89002896078094 28.50465330999706
-91.042300739894827 -250.45228508306818 28.502283733320706
-90.800627675588146 -250.01454120535539 28.499914156644351
-90.558954611281479 -249.57679732764262 28.497544579968
-90.317281546974812 -249.13905344992983 28.495175003291646
-90.075608482668144 -248.70130957221707 28.492805426615291
-89.833935418361477 -248.26356569450431 28.49043584993894
-89.592262354054782 -247.82582181679149 28.488066273262586
-89.3505892897481 -247.38807793907867 28.485696696586228
-89.108916225441433 -246.95033406136588 28.48332711990988
-88.867243161134752 -246.51259018365312 28.480957543233522
-88.625570096828085 -246.07484630594035 28.478587966557171
-88.383897039617992 -245.63710242430963 28.476205904821381
-88.14222405625857 -245.19935850190691 28.473693917025649
-87.900551199310755 -244.76161450971392 28.470959532288347
-87.658878402020434 -244.3238704845848 28.468120191609987
-87.417205604730128 -243.88612645945562 28.465280850931627
-87.175532807439822 -243.4483824343265 28.462441510253264
-86.933860010149516 -243.01063840919738 28.459602169574904
-86.692187212859238 -242.57289438406823 28.456762828896544
-86.450514415568932 -242.13515035893911 28.45392348821818
-86.208841618278626 -241.69740633380997 28.451084147539817
-85.96716882098832 -241.25966230868082 28.44824480686146
-85.725496023698014 -240.8219182835517 28.445405466183097
-85.483823226428285 -240.38417425841124 28.442652881045596
-85.242150429371051 -239.94643023315339 28.440796970218521
-85.00047763267716 -239.50868620769498 28.440474141389707
-84.758804836154667 -239.07094218214195 28.440874475789592
-84.517132039632187 -238.63319815658889 28.441274810189473
-84.275459243109694 -238.19545413103583 28.441675144589357
-84.0337864465872 -237.75771010548283 28.442075478989238
-83.792113650064721 -237.31996607992977 28.442475813389123
-83.550440853542227 -236.88222205437674 28.442876147789008
-83.308768057056781 -236.44447802880327 28.443177102678238
-83.067095260952755 -236.0067340030192 28.44245490067479
-82.825422465500395 -235.56898997687534 28.439984523417927
-82.583749670355331 -235.13124595056186 28.436689748289687
-82.342076875210296 -234.69350192424838 28.433394973161448
-82.10040408006526 -234.25575789793487 28.430100198033212
-81.858731284920225 -233.81801387162136 28.426805422904973
-81.617058489775161 -233.38026984530782 28.423510647776737
-81.375385694630111 -232.94252581899434 28.420215872648498
-81.133712899485076 -232.50478179268083 28.416921097520259
-80.892040104340026 -232.06703776636726 28.41362632239202
-80.650367309194962 -231.62929374005378 28.410331547263787
-80.408694514049927 -231.19154971374027 28.407036772135552
-80.167021718727426 -230.75380568752476 28.403729425846901
-79.925348922234321 -230.31606166195547 28.400339162000805
-79.683676123932372 -229.87831763738484 28.396820776521075
-79.442003324814721 -229.44057361326458 28.393244615804733
-79.200330525697083 -229.00282958914426 28.38966845508839
-78.958898137574508 -228.56495474834918 28.386318181435584
-78.719048584251908 -228.12621862753949 28.384455118902018
-78.481643467544075 -227.68615239672511 28.384888817416325
-78.245340363646122 -227.24548651924584 28.386357952922797
-78.009037259748169 -226.80482064176658 28.387827088429272
-77.772734155850216 -226.36415476428732 28.389296223935744
-77.536431051952263 -225.92348888680806 28.39076535944222
-77.300127948054296 -225.48282300932877 28.392234494948692
-77.064210184123596 -225.04195528056852 28.393647283091543
-76.830824131292161 -224.59976137447953 28.394689865032035
-76.601345480757502 -224.15552066757596 28.395161076658663
-76.37362786138759 -223.7103574859056 28.395374776810176
-76.146074271338762 -223.26511124210077 28.395618434006717
-75.919597323919135 -222.81931980165504 28.396058720876006
-75.694781573794728 -222.37268715433095 28.396802395955696
-75.470714407657368 -221.92567543463497 28.397682786618077
-75.247064995881431 -221.47845968739864 28.398550421927663
-75.026154884683166 -221.02990608995452 28.399334417786591
-74.809470111555996 -220.57928887471593 28.399989400802632
-74.59484364080889 -220.12766908788382 28.400582156259944
-74.381229585457049 -219.67557244023556 28.401148054633801
-74.169176829320151 -219.22274040035478 28.40167253528179
-73.957827467528148 -218.76957705259096 28.402178356473677
-73.746784464501758 -218.31627360093944 28.402699134397494
-73.537746898740863 -217.86205302339158 28.403317819712676
-73.331801131214149 -217.40641850571433 28.404087449614842
-73.127248083421705 -216.95014706991628 28.404925073444534
-72.923168284209879 -216.49366993567955 28.405760720367965
-72.722183334099014 -216.03584761911341 28.406583439145734
-72.52596833644823 -215.57595203320454 28.407386232350994
-72.331901690737183 -215.11512266184371 28.40818005122313
-72.137835045026137 -214.65429329048285 28.408973870095267
-71.944109687497985 -214.1933234641009 28.409736198849973
-71.752613472856083 -213.73143624788 28.410292848138557
-71.564551679438011 -213.26813561704455 28.410532608847177
-71.378036452540428 -212.80419850641238 28.410629670324532
-71.19152122564283 -212.3402613957802 28.410726731801887
-71.005217327001205 -211.87624055588606 28.410808215189917
-70.820292078977559 -211.41167348804805 28.410788071171915
-70.637490147422028 -210.94626515210817 28.410611406609831
-70.455644209972547 -210.48047804674835 28.410364270820367
-70.273798272523067 -210.01469094138844 28.410117135030895
-70.092513968073916 -209.5486930939727 28.409895336696508
-69.914889225234205 -209.08132206596252 28.409838635459032
-69.742898706612493 -208.61183690293112 28.410036116050147
-69.573444483599602 -208.14140004341701 28.410348018828017
-69.403990260586738 -207.67096318390293 28.410659921605887
-69.234536037573861 -207.20052632438882 28.410971824383761
-69.065081814560983 -206.73008946487471 28.411283727161628
-68.895992968123124 -206.25952450297072 28.411614510523329
-68.72928090316725 -205.7881262326149 28.412068112437407
-68.56622627145029 -205.31544565252506 28.412710709704747
-68.404817668065277 -204.84218796876314 28.413438364356811
-68.243409064680264 -204.36893028500123 28.414166019008874
-68.082000461295266 -203.89567260123928 28.414893673660934
-67.920901623004283 -203.42231174511579 28.41560392075867
-67.76181487737027 -202.94828072842506 28.41620109632931
-67.605823021768188 -202.47321890768467 28.416624351508709
-67.451223728635057 -201.99769327110016 28.416969350269643
-67.296624435501911 -201.5221676345156 28.41731434903058
-67.142406534081346 -201.04652169414641 28.417644573879649
-66.990663024283549 -200.57009524736577 28.41787894860256
-66.842724122593552 -200.09246869911621 28.41796594480877
-66.696496829101179 -199.61430225202449 28.417986638712563
-66.550269535608805 -199.13613580493279 28.418007332616362
-66.404042242116446 -198.65796935784113 28.418028026520158
-66.258304187104244 -198.17965925521059 28.418058200015903
-66.115735698035508 -197.70041847005655 28.418149787715556
-65.978038625413177 -197.21974728647186 28.418335765047207
-65.842532641774 -196.73843273144121 28.418564197398879
-65.707026658134794 -196.25711817641053 28.418792629750559
-65.571827836483322 -195.77571945100181 28.418953632974436
-65.438616626454262 -195.29377606828393 28.418678309688339
-65.308459153706821 -194.81099588208195 28.41773262076569
-65.179674968606349 -194.32783937932703 28.416485463588664
-65.050890783505864 -193.84468287657208 28.415238306411638
-64.922418750691804 -193.36144552158945 28.413971349814364
-64.795964090602155 -192.87768563614333 28.412576433845643
-64.672607719102103 -192.39312324645351 28.41098499739477
-64.550644415753681 -191.90820003075569 28.409305200412941
-64.428776059891874 -191.42325315022697 28.407656670495882
-64.307520686333817 -190.93815348921834 28.406210001186963
-64.187206434923311 -190.45281926174263 28.405073251900014
-64.067315270843267 -189.96737958344889 28.404075829091664
-63.947929470146988 -189.48182114424284 28.403088312837205
-63.831803109123996 -188.99549673337833 28.402164690833477
-63.720679537296313 -188.50799666193382 28.401339137669581
-63.611804678374391 -188.01996814065552 28.400557665648655
-63.503270845724536 -187.53186625389824 28.399753581157874
-63.39693440958272 -187.04329163802745 28.398803793633743
-63.293969687640818 -186.55399166036653 28.397630437452463
-63.192520309662861 -186.06436568455004 28.396356603177537
-63.091070931684889 -185.57473970873352 28.395082768902611
-62.989621553706911 -185.08511373291702 28.393808934627678
-62.888732621689215 -184.59537886885826 28.392508248293275
-62.791449503446081 -184.10494343641011 28.391034800385409
-62.699696674871262 -183.61343353190981 28.389296385509041
-62.61042876815047 -183.12144083550461 28.387438913178165
-62.521160861429671 -182.62944813909942 28.38558144084729
-62.432202492855595 -182.13740145700262 28.383801845666127
-62.345232991808665 -181.64500790202425 28.382522632540656
-62.261312611375836 -181.15208255835756 28.382010552077421
-62.178762022176699 -180.65891831319249 28.381843099370442
-62.096211432977569 -180.16575406802738 28.38167564666346
-62.014132444451228 -179.67251588848751 28.381541556087274
-61.935080071266157 -179.17880321659459 28.381621575334719
-61.860666126745244 -178.68436336311987 28.382029727837043
-61.788335596220008 -178.18959688604173 28.382585265901408
-61.716359316735712 -177.69478141832809 28.383060137796562
-61.646654381650521 -177.19965183832483 28.383017804008563
-61.580429382240723 -176.70404100564889 28.382183057361889
-61.515767225148153 -176.20821404195439 28.38099243737048
-61.451176665849829 -175.71237785461938 28.379849945681741
-61.3870447165298 -175.21648258650401 28.379015733320248
-61.323615193783624 -174.72049682774923 28.378653694705246
-61.260733055820083 -174.22444210899511 28.378573925812706
-61.199335732895818 -173.72820607566658 28.378943799659545
-61.140212128871546 -173.23169239268893 28.38000221798346
-61.08236847794322 -172.73502521462902 28.38137212983618
-61.026181916898132 -172.23817361504942 28.382757039164744
-60.972532299092357 -171.74103967295343 28.384164909073384
-60.920021613485055 -171.2437789763531 28.3855830868768
-60.86751092787776 -170.74651827975273 28.387001264680215
-60.815491934535544 -170.24921094683077 28.388395759318357
-60.766613902975195 -169.75160569808966 28.389638964375003
-60.722542718183355 -169.25354452667523 28.390650639764509
-60.680629110643224 -168.75527871208487 28.391558391903079
-60.638715503103086 -168.25701289749458 28.392466144041649
-60.596684342969496 -167.758757271984 28.39337389701441
-60.553903148797886 -167.26056665700492 28.394281655309683
-60.509974544330639 -166.76247549584994 28.395189421747386
-60.465885028289009 -166.26440009961982 28.396049175504238
-60.424052666887391 -165.76614064939858 28.396602785181713
-60.385672562935653 -165.26759969353711 28.396688155705313
-60.348841579070509 -164.7689324185792 28.396563414819461
-60.312154665711603 -164.27025495200934 28.396512025886821
-60.276385470379793 -163.77151256565617 28.39692788324594
-60.242019499583492 -163.27267091457244 28.398058177328931
-60.20828310580184 -162.77378472692936 28.399509013797246
-60.174928773541048 -162.27487585272431 28.400968006542179
-60.144005707426984 -161.77582261153347 28.402478902130351
-60.116798989043787 -161.27654869605698 28.404069134575135
-60.091259413765584 -160.77717578671871 28.405694957309919
-60.065719838487375 -160.27780287738037 28.407320780044707
-60.040180263209166 -159.77842996804208 28.408946602779491
-60.014707686238559 -159.27905372867653 28.410496320688086
-59.989660804741632 -158.77965633090326 28.411562481903992
-59.965264319269338 -158.28022660639613 28.411889844213075
-59.941159532655554 -157.78078238353569 28.411885859481846
-59.917054746041771 -157.28133816067523 28.41188187475062
-59.892949959428002 -156.7818939378148 28.41187789001939
-59.869183547505685 -156.28243583872245 28.4118527757823
-59.84853864874573 -155.78287406785171 28.411632814597187
-59.836574417462643 -155.2830912163227 28.410871202391473
-59.833960480412074 -154.78312171388467 28.40952631096518
-59.834799308588067 -154.28309684564942 28.407966073896752
-59.835638136764054 -153.78307197741418 28.40640583682832
-59.836476964940047 -153.28304710917894 28.404845599759888
-59.837315793116026 -152.78302224094369 28.403285362691459
-59.838154621292013 -152.28299737270842 28.401725125623027
-59.838993449468006 -151.78297250447318 28.400164888554595
-59.839832277643993 -151.28294763623794 28.398604651486163
-59.84067110570367 -150.78292276800249 28.396996171363639
-59.841509933119951 -150.28289789976594 28.395120832672365
-59.84234875959838 -149.78287303152786 28.39285650600587
-59.843187585666058 -149.28284816328906 28.390421806878813
-59.844026411733736 -148.78282329505026 28.387987107751758
-59.844865237801407 -148.28279842681144 28.385552408624704
-59.845704063869086 -147.78277355857267 28.383117709497647
-59.846542889936757 -147.28274869033385 28.380683010370593
-59.847381716004435 -146.78272382209505 28.378248311243539
-59.848220542072113 -146.28269895385625 28.375813612116485
-59.849059368150861 -145.78267408561746 28.373486757540462
-59.849898194290702 -145.28264921737878 28.371755058735641
-59.850737020519531 -144.78262434914029 28.370890137820112
-59.851575846787313 -144.28259948090184 28.37040468357371
-59.852414673055094 -143.78257461266338 28.369919229327316
-59.853253499322875 -143.28254974442493 28.369433775080918
-59.854092325590656 -142.78252487618647 28.368948320834519
-59.854931151858437 -142.28250000794799 28.368462866588125
-59.855769978126219 -141.78247513970956 28.367977412341723
-59.856608804394 -141.28245027147111 28.367491958095325
-59.857447630661781 -140.78242540323265 28.367006503848927
-59.858286456922187 -140.28240053499417 28.36668538519444
-59.859125283141921 -139.78237566675568 28.367269276179179
-59.859964109302489 -139.28235079851706 28.369170179666632
-59.860802935437157 -138.7823259302784 28.371647421609474
-59.861641761571832 -138.28230106203972 28.374124663552323
-59.862480587706507 -137.78227619380107 28.376601905495164
-59.863319413841189 -137.28225132556241 28.379079147438013
-59.864158239975865 -136.78222645732376 28.381556389380858
-59.864997066110533 -136.2822015890851 28.3840336313237
-59.865835892245215 -135.78217672084645 28.386510873266545
-59.866674718379883 -135.2821518526078 28.388988115209386
-59.867513544514559 -134.78212698436914 28.391465357152235
-59.868352370643514 -134.28210211613049 28.39376012903562
-59.869191196741049 -133.78207724789178 28.39505283421024
-59.870030022792918 -133.28205237965301 28.394888816145702
-59.870868848824813 -132.78202751141419 28.394087671491317
-59.871707674856708 -132.28200264317536 28.393286526836931
-59.87254650088861 -131.78197777493656 28.392485382182542
-59.873385326920499 -131.28195290669774 28.39168423752816
-59.874224152952394 -130.78192803845889 28.390883092873775
-59.875062978984289 -130.28190317022009 28.39008194821939
-59.875901805016184 -129.78187830198127 28.389280803565004
-59.876740631048072 -129.28185343374247 28.388479658910619
-59.877579457079968 -128.78182856550364 28.38767851425623
-59.878418283111856 -128.28180369726482 28.386877369601844
-59.879257109143751 -127.78177882902595 28.386076224947459
-59.880095935175646 -127.28175396078709 28.38527508029307
-59.880934761207541 -126.78172909254823 28.384473935638688
-59.881773587239437 -126.28170422430937 28.383672790984299
-59.882612413271332 -125.7816793560705 28.382871646329914
-59.883451239303227 -125.28165448783164 28.382070501675521
-59.887544042495811 -124.78171187613927 28.381566354801002
-59.900787648964737 -124.28200058551582 28.381897422226675
-59.922570930504207 -123.78250516739078 28.383007924913116
-59.946997060998584 -123.28307655724169 28.384359646340009
-59.971423191492974 -122.7836479470926 28.385711367766909
-59.99584932198735 -122.28421933694352 28.387063089193802
-60.017201432603713 -121.7847089660642 28.388159905892724
-60.029912131087499 -121.28496875666906 28.38854015702071
-60.034562064940133 -120.78501415243308 28.388251991190742
-60.036718626416203 -120.28499323114181 28.387757069245779
-60.038875187892266 -119.78497230985053 28.387262147300817
-60.041031749368344 -119.28495138855922 28.386767225355854
-60.043188310844407 -118.78493046726794 28.386272303410898
-60.04534487232047 -118.28490954597667 28.385777381465935
-60.047243451251084 -117.78488799379782 28.385215957880895
-60.048417161788308 -117.28486466897792 28.384467680813529
-60.048915083175118 -116.78483969153856 28.383545201701729
-60.049204101259456 -116.28481420323325 28.382568872387743
-60.049493119343794 -115.78478871492796 28.381592543073758
-60.049782137428124 -115.28476322662266 28.380616213759772
-60.050071155512455 -114.78473773831736 28.37963988444579
-60.050360173596786 -114.28471225001203 28.378663555131808
-60.050649191681124 -113.78468676170672 28.377687225817823
-60.049929042985966 -113.28466805604464 28.376743595642743
-60.046374957001383 -112.78466839736851 28.375891791032039
-60.040180496776465 -112.28468648473473 28.375125540133368
-60.033170432821123 -111.78471005380054 28.374385716521253
-60.026160368865774 -111.28473362286633 28.373645892909146
-60.019150304910433 -110.78475719193213 28.372906069297038
-60.012140240955091 -110.28478076099793 28.37216624568493
-60.005130176999742 -109.78480433006374 28.371426422072823
-59.99739539931069 -109.28484185763543 28.37065222009889
-59.987626473435824 -108.78491856435907 28.369781523910639
-59.975963392390426 -108.28503175386882 28.36882097437924
-59.963715590626606 -107.78515620551869 28.367832687357176
-59.951467788862786 -107.28528065716856 28.366844400335111
-59.93921998709898 -106.78540510881842 28.365856113313043
-59.926842642212932 -106.28553285581884 28.364902503425022
-59.913732534349805 -105.7856807128105 28.364145057866104
-59.89915485410809 -105.28587039673144 28.363780501995567
-59.883322145551574 -104.78609658593922 28.363751941050666
-59.867098761203977 -104.28633426814534 28.363827972538068
-59.850875376856393 -103.78657195035147 28.363904004025478
-59.834651992508803 -103.28680963255763 28.363980035512885
-59.818428608161213 -102.78704731476378 28.364056067000291
-59.80220522381363 -102.28728499696993 28.364132098487694
-59.788313380407118 -101.78749173148037 28.364217599039236
-59.781547129299092 -101.28760388448103 28.364332038688204
-59.782037439964775 -100.78761971754935 28.364475949339631
-59.784990261046772 -100.28760286449932 28.364629860960221
-59.787943082128763 -99.787586011449292 28.364783772580815
-59.79089590321076 -99.287569158399265 28.364937684201404
-59.793848724292758 -98.787552305349266 28.365091595821994
-59.796801545374763 -98.287535452299238 28.365245507442587
-59.799754366456753 -97.787518599249211 28.365399419063181
-59.802615743606211 -97.287501274891468 28.365640332372031
-59.805197830226312 -96.787482511053014 28.366146968587703
-59.807495667585357 -96.287462282176222 28.36692404555227
-59.80969710228014 -95.787441556434118 28.367792842047152
-59.811898536974923 -95.287420830692 28.368661638542029
-59.814099971669705 -94.787400104949882 28.369530435036907
-59.816301406364488 -94.287379379207763 28.370399231531785
-59.818502841059271 -93.78735865346566 28.371268028026666
-59.820854420846359 -93.287338773841725 28.37209986549184
-59.823664311191493 -92.78732147695213 28.37281888732468
-59.826940387375821 -92.287306807176776 28.373423154981978
-59.830374483933582 -91.787293027899437 28.373988525066359
-59.833808580491343 -91.287279248622099 28.37455389515074
-59.837242677049105 -90.78726546934476 28.375119265235121
-59.840676773606859 -90.287251690067421 28.375684635319505
-59.84411087016462 -89.787237910790083 28.376250005403886
-59.847265734912874 -89.287222853321396 28.376798514871396
-59.84956874505643 -88.787203896464575 28.377295587526795
-59.851005741419144 -88.28718097540559 28.377740368408599
-59.852149346796182 -87.787156711341183 28.378167433712036
-59.85329295217322 -87.287132447276775 28.37859449901547
-59.854436557550258 -86.787108183212368 28.379021564318908
-59.855580162927296 -86.28708391914796 28.379448629622345
-59.856723768304334 -85.787059655083596 28.379875694925779
-59.857867373681373 -85.287035391019202 28.380302760229217
-59.859375674840344 -84.78701305099294 28.380756821638617
-59.861995845923886 -84.286996576897195 28.381293187696954
-59.865745669510758 -83.78698606254811 28.381913174735274
-59.869877971458322 -83.286977566053309 28.382561474210597
-59.874010273405887 -82.786969069558523 28.383209773685923
-59.878142575353444 -82.286960573063737 28.38385807316125
-59.882274877301001 -81.786952076568937 28.384506372636572
-59.886407179248565 -81.286943580074123 28.385154672111902
-59.890485502268035 -80.786934661331273 28.385584655050454
-59.894399350629122 -80.286924455991823 28.385349424005071
-59.898146186457716 -79.786912944203308 28.384438714602112
-59.901836505484113 -79.286900990314322 28.383299424288751
-59.905526824510503 -78.78688903642535 28.38216013397539
-59.909217143536893 -78.28687708253635 28.381020843662029
-59.91290746256329 -77.786865128647378 28.379881553348667
-59.916373494538938 -77.286851931000299 28.378897807381204
-59.919156473527721 -76.786834945561225 28.378387762546744
-59.921246207695035 -76.286814115812504 28.378358486940584
-59.92310146297698 -75.786791985788057 28.378491823775626
-59.924956718258926 -75.28676985576358 28.378625160610667
-59.926811973540865 -74.78674772573909 28.378758497445709
-59.92866722882281 -74.286725595714628 28.378891834280751
-59.930848578542722 -73.786705545002306 28.37904935708255
-59.934022541251544 -73.286691823598275 28.379280500596519
-59.938203446624271 -72.786684522874481 28.379586327634527
-59.942724776109984 -72.286679392834714 28.379917403451174
-59.947246105595688 -71.786674262794946 28.38024847926782
-59.951767435081393 -71.286669132755165 28.380579555084473
-59.956288764567105 -70.786664002715384 28.380910630901123
-59.960641032830821 -70.28665757744551 28.381252683583973
-59.964478942055067 -69.786647211512573 28.381628132750592
-59.967795316866329 -69.286632849943885 28.382037444286141
-59.970935455082099 -68.78661713817236 28.382458198573062
-59.974075593297883 -68.286601426400821 28.382878952859976
-59.977215731513652 -67.786585714629311 28.38329970714689
-59.980355869729422 -67.286570002857786 28.383720461433803
-59.983451671791229 -66.786554028699214 28.384094609297723
-59.986412650275412 -66.286537256637445 28.384327029832463
-59.98923699006626 -65.786519675930407 28.384415814977814
-59.99201517858743 -65.286501822094237 28.384456085639968
-59.994793367108606 -64.786483968258054 28.384496356302115
-59.997571555629762 -64.286466114421884 28.384536626964266
-60.000349744150938 -63.786448260585701 28.384576897626417
-60.002998476924574 -63.286429824182974 28.38465592949229
-60.005253735468301 -62.786409617098599 28.38485277408628
-60.007110412794788 -62.286387616350495 28.38516896052532
-60.008832527386403 -61.786365010053785 28.385525437285025
-60.010554641978018 -61.286342403757089 28.385881914044731
-60.012276756569648 -60.786319797460408 28.386238390804436
-60.01399887116127 -60.286297191163698 28.386594867564142
-60.016079684484581 -59.786276869098685 28.386839504893199
-60.0192502081903 -59.286263486425412 28.386744379134242
-60.023524056465817 -58.786257129840436 28.386305245491208
-60.028170217660389 -58.286253144183746 28.385750027621459
-60.03281637885496 -57.786249158527077 28.385194809751713
-60.037462540049532 -57.286245172870402 28.384639591881964
-60.042108701244103 -56.786241187213719 28.384084374012211
-60.04645591166873 -56.286235151663831 28.3836444930871
-60.049895372802823 -55.786222891714175 28.383554827114395
-60.052416187665642 -55.286204332644559 28.383819580212595
-60.054627154777805 -54.786183648961561 28.384203874373927
-60.056838121889967 -54.286162965278578 28.384588168535259
-60.059049089002144 -53.786142281595602 28.384972462696595
-60.061260056114307 -53.286121597912597 28.385356756857931
-60.063471023226477 -52.786100914229579 28.385741051019259
-60.065599421440588 -52.286079920934448 28.386119615669994
-60.06747724404844 -51.786057988045215 28.386480792713229
-60.069101622137964 -51.286035104804228 28.386824383073247
-60.070640562417353 -50.786011901193419 28.38716204484696
-60.072179502696734 -50.285988697582582 28.387499706620666
-60.073718442976116 -49.785965493971766 28.387837368394376
-60.075257383255504 -49.285942290360964 28.388175030168085
-60.076948027035968 -48.785919740821747 28.388519375355045
-60.079098826677701 -48.285899175250421 28.388883993058862
-60.081714827538811 -47.785880615400146 28.389269105556622
-60.084487577259068 -47.285862731374607 28.38966112374473
-60.087260326979333 -46.78584484734904 28.390053141932839
-60.090033076699598 -46.285826963323487 28.390445160120951
-60.092805826419848 -45.785809079297934 28.390837178309063
-60.095581986688117 -45.285791214279413 28.39125631412119
-60.098368486954399 -44.785773406885923 28.391757664338996
-60.101165435572618 -44.28575565772131 28.392342090496093
-60.103966515165524 -43.785737931600067 28.392959362826115
-60.106770006651587 -43.285720219004538 28.393595813793549
-60.109576485705773 -42.78570252316311 28.394256020989971
-60.112384152507666 -42.285684833982486 28.394925672793242
-60.115191819309558 -41.785667144801849 28.39559532459651
-60.117999486111458 -41.285649455621225 28.396264976399777
-60.120807152913351 -40.785631766440602 28.396934628203049
-60.123614819715243 -40.285614077259964 28.397604280006316
-60.126422486517136 -39.785596388079341 28.398273931809587
-60.129230153304597 -39.285578698898632 28.399034117511672
-60.132037820035215 -38.785561009717597 28.400150688963855
-60.134845486695461 -38.285543320536185 28.401708430219777
-60.137653153327754 -37.785525631354631 28.403441489428161
-60.140460819960055 -37.285507942173069 28.405174548636545
-60.143268486592348 -36.78549025299148 28.406907607844921
-60.146076153224634 -36.285472563809904 28.408640667053302
-60.14888381985692 -35.7854548746283 28.410373726261682
-60.151691486489213 -35.28543718544671 28.412106785470066
-60.15449915314251 -34.785419496265263 28.413853606854289
-60.157306819863543 -34.285401807084199 28.415644804070354
-60.160114486657037 -33.785384117903504 28.417483466422571
-60.162922153475336 -33.285366428722966 28.419233479166579
-60.165729820290693 -32.785348739542421 28.420643396824961
-60.168537487102881 -32.285331050361847 28.421689627577209
-60.171345153913954 -31.785313361181252 28.422606765420575
-60.17415282072502 -31.285295672000672 28.423523903263941
-60.176960487536107 -30.785277982820098 28.424441041107311
-60.179768154347173 -30.285260293639507 28.425358178950678
-60.182575821158252 -29.785242604458936 28.426275316794047
-60.185383487969318 -29.285224915278356 28.427192454637414
-60.188191154780398 -28.785207226097764 28.42810959248078
-60.190998821591471 -28.285189536917187 28.429026730324146
-60.193806488402544 -27.785171847736613 28.429943868167513
-60.19661415521653 -27.28515415855604 28.430798186052591
-60.199421822039874 -26.78513646937553 28.431450193074262
-60.202229488873243 -26.285118780195095 28.431886038243981
-60.205037155710144 -25.785101091014667 28.432245212466871
-60.207844822547045 -25.285083401834221 28.432604386689761
-60.210652489383961 -24.785065712653793 28.432963560912647
-60.213460156220876 -24.285048023473365 28.43332273513554
-60.216267823057777 -23.785030334292919 28.433681909358427
-60.219075489894685 -23.285012645112491 28.43404108358132
-60.221883156731593 -22.784994955932063 28.434400257804207
-60.224690823568508 -22.284977266751618 28.434759432027096
-60.227498490405416 -21.78495957757119 28.435118606249986
-60.230306157250318 -21.284941888390819 28.435379596576354
-60.233113824120963 -20.784924199210579 28.435324685113468
-60.235921491019084 -20.284906510030488 28.434932521761638
-60.238729157926947 -19.784888820850465 28.434420824413593
-60.241536824834817 -19.284871131670428 28.433909127065551
-60.24434449174268 -18.784853442490363 28.433397429717505
-60.247152158650536 -18.284835753310325 28.432885732369463
-60.249959825558392 -17.784818064130302 28.432374035021418
-60.252767492466944 -17.284800374950272 28.431849935340935
-60.255575159377699 -16.784782685770271 28.431285956956874
-60.258382826290813 -16.284764996590287 28.430679428162975
-60.261190493204765 -15.784747307410299 28.430057825330373
-60.263998159942787 -15.284729618229335 28.4293000847453
-60.266805826115302 -14.784711929045198 28.428104742840326
-60.269613491684609 -14.284694239857647 28.42644261155295
-60.272421157040263 -13.78467655066888 28.424615154450606
-60.275228822395931 -13.284658861480123 28.422787697348269
-60.278036487751578 -12.784641172291368 28.420960240245925
-60.280844153107239 -12.2846234831026 28.419132783143585
-60.2836518184629 -11.784605793913844 28.417305326041244
-60.286459483818561 -11.284588104725092 28.415477868938908
-60.289267149174222 -10.784570415536322 28.413650411836564
-60.292074814529876 -10.284552726347567 28.41182295473422
-60.29488247988553 -9.7845350371588253 28.409995497631883
-60.297690145241191 -9.2845173479700716 28.408168040529539
-60.300497810698637 -8.7844996587818791 28.406360753014752
-60.303305476878037 -8.2844819695977634 28.404696526257091
-60.30611314419599 -7.7844642804200443 28.403257912251014
-60.308920812032312 -7.2844465912452208 28.401922019826948
-60.311728479868627 -6.7844289020704114 28.400586127402882
-60.314536147704956 -6.2844112128956029 28.399250234978815
-60.317343815541271 -5.7843935237207802 28.397914342554749
-60.3201514833776 -5.2843758345459708 28.396578450130683
-60.322959151213929 -4.7843581453711757 28.395242557706617
-60.325766819050244 -4.2843404561963663 28.393906665282547
-60.328574486886573 -3.7843227670215427 28.39257077285848
-60.331382154722895 -3.2843050778467333 28.391234880434414
-60.334189822559217 -2.7842873886719239 28.389898988010348
-60.336997490395547 -2.2842696994970861 28.388563095586278
-60.339805158231869 -1.7842520103222488 28.387227203162212
-60.342612826068191 -1.2842343211474256 28.385891310738145
-60.345420493904513 -0.78421663197259994 28.384555418314079
-60.348228161521327 -0.28419894279655583 28.383226555378656
-60.351035828664777 0.21581874638213538 28.381912848644024
-60.353843495520152 0.71583643556244736 28.38060836584507
-60.356651162341251 1.2158541247429349 28.37930498026963
-60.359588183896463 1.7158710102206862 28.378370324352993
-60.362804068021575 2.2158861630783968 28.378230574791885
-60.366189613084202 2.7159002618041779 28.378574448965413
-60.369595311248545 3.215914235315334 28.378975770176869
-60.373001009412882 3.7159282088264902 28.379377091388324
-60.376406707577232 4.2159421823376606 28.379778412599777
-60.379812405741561 4.7159561558488168 28.380179733811232
-60.383218103905897 5.2159701293599738 28.380581055022681
-60.386623802070233 5.7159841028711433 28.380982376234137
-60.390212196960967 6.2159966777618729 28.381341490122047
-60.394194335958076 6.7160062383755328 28.381609639682249
-60.397538055333243 7.2160178672857542 28.381714132254331
-60.399018391383166 7.7160376859560067 28.381578575683605
-60.399348712441977 8.216062615250566 28.381301071098566
-60.399542934832994 8.7160881493625979 28.381006767658036
-60.400131001481583 9.2161128140491257 28.380861297489727
-60.401567711250969 9.7161356053250909 28.381036528538175
-60.403520174489209 10.216157258056519 28.381406662203471
-60.405533592333107 10.716178776228453 28.381799830541077
-60.407732964440676 11.216199238070869 28.382139044424488
-60.410550377687422 11.716216156926926 28.382298934055463
-60.414046010421544 12.21622915879883 28.382262038544177
-60.417552969121047 12.716241951115618 28.382281214611695
-60.420254047262944 13.21625893324812 28.382737938908789
-60.422047784229086 13.716280632695476 28.383687298896547
-60.423505253930578 14.216304080414174 28.384819233268217
-60.424996823903264 14.716327417431152 28.385896520602643
-60.426605386206774 15.216350374649039 28.386786323086163
-60.428345632358337 15.716372904373884 28.387465096979632
-60.430134670298344 16.216395275703039 28.388065680096691
-60.431923708238344 16.716417647032195 28.388666263213754
-60.433712746178344 17.216440018361364 28.389266846330813
-60.435501784118358 17.71646238969052 28.389867429447875
-60.437290822058358 18.216484761019665 28.390468012564938
-60.439079859998358 18.71650713234882 28.391068595681993
-60.440868897938365 19.21652950367799 28.391669178799056
-60.442657935878366 19.716551875007148 28.392269761916118
-60.444446973818373 20.216574246336304 28.392870345033181
-60.44623601175838 20.716596617665473 28.39347092815024
-60.448025049698387 21.216618988994625 28.394071511267303
-60.449814087638387 21.716641360323784 28.394672094384365
-60.451885144499641 22.216661950734437 28.395207374784821
-60.454922467210473 22.716676439282349 28.395518912095064
-60.459046264856767 23.216684066860338 28.395578871374688
-60.463572290510157 23.716689154412656 28.395545692997299
-60.468098316163555 24.21669424196498 28.395512514619909
-60.472624341816953 24.71669932951729 28.395479336242524
-60.477150367470344 25.2167044170696 28.395446157865134
-60.481676393123742 25.716709504621932 28.395412979487745
-60.48620241877714 26.216714592174242 28.395379801110359
-60.49072844443053 26.716719679726552 28.395346622732969
-60.495254470083928 27.216724767278883 28.39531344435558
-60.499780495737326 27.716729854831193 28.395280265978187
-60.504306521390717 28.216734942383493 28.395247087600801
-60.508832547044115 28.716740029935803 28.395213909223415
-60.513358572697513 29.216745117488131 28.395180730846022
-60.517884598350904 29.716750205040441 28.395147552468629
-60.522410624004301 30.216755292592751 28.395114374091243
-60.526936649657699 30.716760380145082 28.395081195713853
-60.53146267531109 31.216765467697392 28.395048017336464
-60.535562140569041 31.716772654728189 28.394977019492153
-60.538202539780876 32.216787023104914 28.394776658723707
-60.539204488086824 32.716809455738002 28.394431030507768
-60.539600491137563 33.216834870760053 28.394031678301559
-60.539996494188316 33.716860285782111 28.39363232609535
-60.540392497239054 34.216885700804156 28.393232973889138
-60.540788500289793 34.716911115826193 28.392833621682925
-60.541184503340531 35.216936530848237 28.392434269476716
-60.541752216086721 35.716961524708353 28.392032327992723
-60.542906854615659 36.216985078982859 28.391621536024896
-60.544720215623748 36.717007017572016 28.391200810922712
-60.546777083023699 37.217028358899469 28.390776413892233
-60.548833950423642 37.717049700226916 28.390352016861758
-60.550890817823586 38.217071041554362 28.38992761983128
-60.55339760308857 38.717088575554328 28.389445647873082
-60.557441453038557 39.217093102494388 28.388766981373479
-60.563209678763428 39.717083037297073 28.387867650574215
-60.569615133443222 40.217067579694834 28.386886775088978
-60.576020588123029 40.717052122092625 28.385905899603735
-60.582426042802823 41.217036664490436 28.384925024118498
-60.588831497482623 41.717021206888226 28.383944148633262
-60.595236952162416 42.217005749285988 28.382963273148022
-60.601522671179502 42.716991687205109 28.381908089487123
-60.607399630989264 43.216982389220341 28.380599229099595
-60.612818279372519 43.716978432863726 28.379005939785777
-60.618067639873878 44.216976449560519 28.377307590096635
-60.623317000375238 44.716974466257355 28.375609240407492
-60.628566360876604 45.216972482954148 28.373910890718349
-60.633815721377971 45.71697049965092 28.372212541029207
-60.639065081879338 46.216968516347691 28.370514191340064
-60.643909327898882 46.716969203289374 28.368949838255311
-60.647371648617735 47.21697899896246 28.367842573984007
-60.649285462180657 47.716999001363618 28.367247497526442
-60.650627579406546 48.217022772006317 28.366841516673563
-60.65196969663242 48.717046542648987 28.366435535820685
-60.653311813858295 49.217070313291686 28.366029554967803
-60.655321909589929 49.717087990598571 28.365692016543655
-60.659609413151664 50.217084893268741 28.365587825931982
-60.666447796856382 50.717058526673043 28.365745003659089
-60.674227631379708 51.217023572112353 28.365998644341211
-60.682007465903041 51.716988617551657 28.366252285023339
-60.689787300426374 52.216953662990989 28.366505925705464
-60.697567134949708 52.716918708430356 28.366759566387589
-60.705346969473041 53.216883753869695 28.367013207069714
-60.713189280340231 53.716847789536061 28.367213353805461
-60.721244449620237 54.216808384881674 28.367231245373553
-60.729537906694333 54.716765128904527 28.367045108445502
-60.737919269493538 55.216720452152458 28.366783704242575
-60.746300632292758 55.716675775400432 28.366522300039648
-60.754681995091964 56.216631098648435 28.366260895836717
-60.763063357891177 56.716586421896409 28.365999491633794
-60.771444720690383 57.216541745144355 28.365738087430863
-60.779483942679796 57.716501677855888 28.365499362576678
-60.786358295037957 58.216477304176635 28.365337852962099
-60.791929330563065 58.716470489325012 28.365262735780501
-60.797019778076539 59.216470149155434 28.365219475141014
-60.802110225590013 59.716469808985835 28.365176214501531
-60.80720067310348 60.2164694688162 28.365132953862052
-60.812291120616962 60.716469128646551 28.365089693222565
-60.817381568130436 61.216468788476917 28.365046432583082
-60.822787363147704 61.716464282045564 28.365048956147351
-60.829266060627859 62.216445600799446 28.365207250676608
-60.83694452052238 62.716411068708922 28.36553973452456
-60.845065187872194 63.21637069432704 28.365936420929991
-60.853185855222023 63.716330319945129 28.366333107335418
-60.861306522571851 64.216289945563219 28.366729793740841
-60.86942718992168 64.716249571181294 28.367126480146268
-60.877547857271495 65.216209196799397 28.367523166551692
-60.885731669426178 65.716167758488467 28.367906153738399
-60.894130168420986 66.216122702911392 28.368242564773887
-60.902768606681491 66.716073604589099 28.368526921163117
-60.911495442172395 67.216023016858756 28.368792099838565
-60.920222277663299 67.715972429128428 28.369057278514017
-60.928949113154204 68.215921841398085 28.369322457189469
-60.937675948645108 68.7158712536677 28.369587635864924
-60.946402784136012 69.215820665937329 28.369852814540376
-60.953750036242695 69.715775904695988 28.37007364733892
-60.956410081522208 70.215750939256424 28.370143812697307
-60.953834463300026 70.715748085953294 28.370045680806086
-60.949330805019152 71.215753375473838 28.369885573228515
-60.94482714673827 71.715758664994354 28.369725465650944
-60.940323488457388 72.215763954514841 28.369565358073373
-60.935819830176506 72.715769244035357 28.369405250495806
-60.931316171895617 73.215774533555859 28.369245142918235
-60.926812513614735 73.715779823076389 28.36908503534066
-60.922308855333853 74.215785112596947 28.368924927763093
-60.917805197052971 74.715790402117477 28.368764820185525
-60.913301538772089 75.215795691637993 28.368604712607951
-60.908797880491207 75.715800981158495 28.368444605030383
-60.904294222210325 76.215806270678996 28.368284497452812
-60.899790563929443 76.715811560199512 28.368124389875241
-60.895286905648561 77.215816849720042 28.36796428229767
-60.890783247367672 77.715822139240601 28.367804174720103
-60.886279589086797 78.215827428761131 28.367644067142532
-60.881775930805922 78.715832718281632 28.367483959564968
-60.875507693190642 79.215806898927966 28.367297877551991
-60.865319921957955 79.715711979661506 28.367054100387072
-60.852586821493695 80.215572187192009 28.366772856224511
-60.833397842005169 80.715085965030369 28.366466907679289
-60.800737385082947 81.213845608208118 28.366118853212775
-60.759330485520408 81.712115624647851 28.365743461208318
-60.708369686437912 82.209269936887281 28.365338493305991
-60.634361082996342 82.703186690937315 28.364866678169843
-60.537836146832348 83.193545855185064 28.364335016373509
-60.432568237350026 83.682339856015957 28.363782658239515
-60.320723785807409 84.169567836737656 28.36321695997232
-60.196632323296249 84.653772542935044 28.362626771353803
-60.057044924318525 85.133610392972571 28.361944938815157
-59.899481596642971 85.607808314195296 28.361092483388788
-59.725851946399857 86.076501915920417 28.3600690013328
-59.539032602618107 86.540137260440687 28.358891407576166
-59.338101397933428 86.997733448082599 28.357873656794183
-59.121299749610927 87.447995558797231 28.357395044070479
-58.891309095143846 87.891837314863409 28.357479315342481
-58.651787326839639 88.3306582760883 28.358071959568129
-58.402075193299936 88.76368456722777 28.358961803071161
-58.140564158828454 89.18966451545505 28.359903269867392
-57.871920450857019 89.611353859438296 28.360849083091821
-57.59766656113289 90.02931863763007 28.361719582012029
-57.313377292045871 90.440470341014475 28.362421453047343
-57.018409550442421 90.84404220112053 28.363096130312378
-56.713189714706971 91.239921118147493 28.363936402797311
-56.399293595404323 91.629038270885687 28.364970589642954
-56.078548782869504 92.012553709935986 28.366190920367067
-55.749036354566577 92.388389283065891 28.367450418926214
-55.408016563284058 92.753757488946235 28.36857162968451
-55.059919477013665 93.112656710215333 28.369592468648754
-54.705305006385714 93.464838726013781 28.370460764470167
-54.334344718683703 93.799098287419611 28.370998553625352
-53.946076689514307 94.113571335916959 28.371281427828244
-53.550471964551718 94.419310243400446 28.371496957332273
-53.150198167855976 94.718723327333365 28.371684117430746
-52.741640849424797 95.006627535085713 28.37182093773027
-52.325837431801872 95.284180602751604 28.371968588688176
-51.905045955021151 95.554174247599036 28.372207634298661
-51.479742143264133 95.816999532790973 28.372579966760927
-51.050012398989118 96.072523195048959 28.373119023040239
-50.614959277997798 96.318707662628526 28.37379111728821
-50.171335544809722 96.548622991318609 28.374381886556954
-49.719065262558033 96.761398554827565 28.374649235408249
-49.262770720682163 96.965826578412035 28.37459871810227
-48.804856015919647 97.166649449173406 28.374292879833256
-48.345650616100997 97.364513044027717 28.373801538263965
-47.884019252101567 97.556405555059115 28.373091322355577
-47.418210019333998 97.737829201615625 28.372019844036373
-46.948480304686726 97.90896955634922 28.370586773987139
-46.474814925959414 98.068767236699571 28.368623853096963
-45.997023274583739 98.215849688974458 28.365809578665971
-45.514373358644761 98.344843089324186 28.36237545279474
-45.025292864532567 98.445276372000919 28.359165957384576
-44.530802425501214 98.516023942765216 28.35701701133538
-44.033531991087486 98.56662643326284 28.356137935999012
-43.535220395634347 98.607527578950297 28.356111920156479
-43.036509766311447 98.643542791516495 28.356609308229412
-42.537612018309268 98.677061994883431 28.357384820205851
-42.038598597508134 98.707852746435151 28.358230213175645
-41.539226879010101 98.729003450072042 28.35918974121477
-41.03940072246921 98.737927436806075 28.360294029652785
-40.539391039798701 98.741913628243168 28.361456780000278
-40.039381357128221 98.745899819680247 28.362619530347772
-39.539371674457769 98.74988601111734 28.363782280695268
-39.039361991787324 98.753872202554419 28.364945031042758
-38.539354828938443 98.758090650566331 28.366109764739178
-38.039357988701333 98.763260552637576 28.367282623352594
-37.539374234223089 98.769636593102945 28.368465781753201
-37.039395762713546 98.776499574477967 28.369653098372936
-36.539417291204025 98.783362555852975 28.370840414992671
-36.03943881969451 98.790225537227982 28.372027731612405
-35.539460348184988 98.797088518603005 28.37321504823214
-35.039481876675467 98.803951499978012 28.374402364851875
-34.539503405165917 98.81081448135302 28.37558968147161
-34.039524933656345 98.817677462728028 28.376776998091344
-33.539542687773853 98.824038342482424 28.377801697357874
-33.039544999425154 98.828344924096314 28.378161064124839
-32.539527749262817 98.830049214291122 28.377677617952269
-32.039502605380136 98.830703409586704 28.376854073986532
-31.539477461497448 98.831357604882299 28.376030530020795
-31.039452317614739 98.832011800177881 28.375206986055062
-30.539427173732001 98.832665995473462 28.374383442089325
-30.039402029849292 98.833320190769058 28.373559898123585
-29.539376885966607 98.833974386064654 28.372736354157851
-29.039351742083927 98.834628581360249 28.371912810192118
-28.539326876128236 98.835388913108432 28.371140052202453
-28.039303145890685 98.836582959820561 28.370574825529655
-27.53928085330843 98.838326027102681 28.370272303562373
-27.039259140590378 98.840290536443462 28.370075740959813
-26.539237427872354 98.842255045784242 28.369879178357252
-26.039215715154327 98.844219555125022 28.369682615754691
-25.539194002436275 98.846184064465803 28.36948605315213
-25.039172289718167 98.848148573806583 28.369289490549569
-24.539150577000054 98.850113083147363 28.369092927947008
-24.039128864281999 98.852077592488143 28.368896365344455
-23.539108166103816 98.85421091920054 28.368741461461923
-23.039091608789235 98.857033277219671 28.368756588435986
-22.539080289582351 98.860727245737536 28.368986800963146
-22.039071082159403 98.864772610818932 28.369303726906836
-21.539061874736422 98.868817975900328 28.369620652850521
-21.039052667313417 98.872863340981738 28.369937578794211
-20.53904345989044 98.876908706063162 28.3702545047379
-20.039035100099003 98.88104598216546 28.370569584108562
-19.539030197042159 98.88555808152546 28.370877132951222
-19.039029664559951 98.89054409433804 28.371175160456936
-18.53903089354931 98.895721108366473 28.371469350580689
-18.039032122538636 98.900898122394878 28.37176354070445
-17.539033351527934 98.906075136423297 28.372057730828203
-17.039032806864348 98.911012768409478 28.372376699875549
-16.539025034218113 98.914974871732866 28.372796647885075
-16.039008126565264 98.9177040638574 28.373344217048214
-15.53898753823556 98.919936491403632 28.373943207326359
-15.038966949905827 98.922168918949865 28.374542197604502
-14.538946361576064 98.924401346496097 28.375141187882647
-14.038925773246334 98.926633774042358 28.375740178160797
-13.538905176569431 98.928864322258363 28.37633936284012
-13.03890645776832 98.932228094110968 28.376944915914528
-12.539000588392243 98.940418787141084 28.377575111145955
-12.039214750850057 98.954856134295326 28.378236263110939
-11.539638632792302 98.974290433089209 28.378914948127125
-11.040743309031534 99.004073749220936 28.379615010270722
-10.542727621306998 99.047228752850032 28.380342693226812
-10.045455754212968 99.098688836503285 28.381087279560742
-9.549811933047005 99.162180645248839 28.381855652405392
-9.0570128074589391 99.244589519428757 28.382737668909076
-8.5682136857194262 99.347640480279026 28.383983390744575
-8.0834710284622133 99.469149847843639 28.385682662249529
-7.6013126302326812 99.601182258380931 28.387660362265375
-7.123077610775133 99.74583408825859 28.390032219326024
-6.6512077029848626 99.909974062327223 28.392954780035897
-6.1869037214747866 100.09428125201431 28.396261841462671
-5.7296956690840943 100.29603067548595 28.399796862490128
-5.2768507732615459 100.50777029657175 28.403450237340174
-4.8302000605886715 100.73162831255374 28.407210344145891
-4.3933197963289174 100.973975739463 28.411002093895178
-3.9672121434570724 101.23475392772778 28.4144015115066
-3.5520712675885946 101.51283077108829 28.417143254520717
-3.1462922791598813 101.80468554690896 28.419315491482088
-2.7495789850264289 102.10861743463037 28.420983665778294
-2.3645485645483841 102.42697801231844 28.422162574043664
-1.9909150667165134 102.75890064406838 28.42293672053847
-1.6240478817931097 103.09849826203835 28.423487554598715
-1.2661065836306356 103.4471262571835 28.423793155193323
-0.9223439314863292 103.80968008808509 28.423771227058811
-0.59454197680478527 104.18661317083743 28.423572663825794
-0.28126189576265731 104.57595792490437 28.423312808382114
0.023537306010909309 104.97219749223383 28.423032603928238
0.31755872243989802 105.37615585204523 28.42277210408222
0.59471016629347973 105.79183440210647 28.422515224573345
0.85363745038787409 106.21903847489307 28.422176793388509
1.0963827802098416 106.65586435003983 28.421719873783076
1.3296170882131122 107.09802214172461 28.421189194958124
1.5505872008947037 107.54610833746247 28.420551348337685
1.7526057092872234 108.00303823060453 28.419849326804311
1.9349092978230673 108.4681599130293 28.419402758569468
2.0980306578960368 108.94045237238666 28.419412969034198
2.2453747821439225 109.41807715014657 28.419818919946003
2.3768925233060694 109.90007634339689 28.420538180112608
2.4848820874053414 110.38744356428001 28.42144097515331
2.5685224946153475 110.87992183306176 28.42242324260328
2.6422305348696931 111.37448497087976 28.42343792797783
2.7121382637416955 111.86942501478867 28.424449240699946
2.7660365664880109 112.36595283654323 28.425446345578401
2.799316951129974 112.86452549571628 28.426425152726829
2.824188532410929 113.3639321205531 28.42739649733646
2.8490601136918854 113.86333874538994 28.428367841946091
2.8739316949728422 114.3627453702268 28.429339186555719
2.8909415272111927 114.86224872500016 28.430196632645462
2.890727554084322 115.36196399923192 28.430804545720704
2.8796512173548283 115.86181292257099 28.431255088326591
2.8670745733453247 116.3616803054955 28.431683894957743
2.8544979293358201 116.86154768842002 28.432112701588899
2.8372121769759473 117.3611907244716 28.432886823259359
2.8096112583283452 117.86034233515579 28.434417347583384
2.7755073321563888 118.35918413572419 28.436424732096594
2.7405064563974388 118.85798320467121 28.438497889184745
2.7055055806384889 119.35678227361825 28.4405710462729
2.6705047048795394 119.85558134256527 28.442644203361056
2.6337747642881708 120.35424473006154 28.4447507245523
2.5932582348595439 120.85261098013567 28.446930311910869
2.550355722253657 121.3507899997179 28.44915593929478
2.5071247504753504 121.84894324477955 28.451387904639816
2.4638937786970434 122.34709648984122 28.453619869984855
2.4176149166396761 122.84494040938367 28.455453088143067
2.3646626042528784 123.34210705110468 28.456413236964266
2.3075070620443978 123.83884711374051 28.456823488671887
2.2497738500646047 124.33552854959339 28.457158165416125
2.1909264815605027 124.83207444576303 28.457141946934133
2.1296399566103217 125.32832361298573 28.456357534455798
2.0668175883409114 125.8243859413645 28.455089419663469
2.0037843766740426 126.32042262016289 28.453754901327262
1.9378054960305438 126.81604255441499 28.452422377249562
1.8653787492660432 127.31075026361314 28.451094218466121
1.7888932771894281 127.80488375634218 28.449768807495676
1.7118512769450709 128.29893851310982 28.448443773302472
1.6348092767007139 128.79299326987746 28.447118739109264
1.5526725256707601 129.28612457070739 28.445995688332086
1.4593856840396588 129.7772348467993 28.445314687320128
1.3590829135630469 130.2670734412284 28.444911835590531
1.2578195540564752 130.75673792279494 28.444547066794101
1.1537230405589936 131.24577564064194 28.444314024592074
1.0434268652514389 131.7334418399945 28.444369233695596
0.92923082829647297 132.22024529351694 28.444605765626996
0.81450143751325899 132.70693075598405 28.444867095675143
0.69804679817289328 133.19319411430089 28.445229974755218
0.57781737553059442 133.67853392354911 28.445815039553658
0.45521413195589089 134.16329294711088 28.446539828693069
0.33228660219357126 134.64797262990453 28.447283705487003
0.20935907243125865 135.13265231269813 28.448027582280929
0.086431542668946024 135.61733199549175 28.448771459074862
-0.041231179413489152 136.10069230542624 28.449621627145596
-0.17925224201322176 136.58116645732952 28.450704309793288
-0.32378440868717334 137.05982641174776 28.4519331477645
-0.46920453123816075 137.53823895385301 28.453181917759064
-0.61462465378913989 138.01665149595823 28.454430687753629
-0.76004477634011902 138.49506403806345 28.455679457748197
-0.91086980772975457 138.97167256280548 28.456319723154607
-1.0735157192483582 139.44433558658943 28.455629150241794
-1.2435886645089398 139.91451966054694 28.454102414454969
-1.4146726722211866 140.38436626827288 28.452461849525207
-1.5890645328436388 140.85294500134103 28.45167498521042
-1.770689825046647 141.31875121554611 28.452754946645236
-1.9568584216801415 141.78281601599849 28.455007457734336
-2.1436447440737711 142.24664404690333 28.457419393343098
-2.3304310664674004 142.71047207780822 28.459831328951861
-2.5172173888610407 143.17430010871311 28.462243264560623
-2.7079066497509565 143.63646432877971 28.464172944330642
-2.9071285733955654 144.09499110060455 28.465048309143505
-3.1117070070607888 144.55123440846077 28.465261811558285
-3.317936911249781 145.00674613372792 28.465280467502293
-3.5261881754449504 145.46133590072918 28.46506949913082
-3.7357081053677517 145.91534701927065 28.464714411701692
-3.9454000257735888 146.36927969159433 28.464339786339288
-4.1550919461794136 146.82321236391795 28.46396516097688
-4.368578604551411 147.27529905138957 28.463501889127375
-4.590359184557447 147.72335108512851 28.462844868190668
-4.817343393933009 148.16887176595804 28.462066288540854
-5.0450320490102545 148.61404976275881 28.461271252778026
-5.2755141741828009 149.05774577316251 28.46056683189871
-5.5121009894258233 149.49820313509878 28.460060435612725
-5.7525167745239454 149.93662915929141 28.459678243862875
-5.9934503095019798 150.37478050781081 28.459312846939337
-6.2343838444800141 150.81293185633024 28.458947450015796
-6.4771258876167561 151.25006543634751 28.458563625147242
-6.7238194882921301 151.68497521063978 28.458139535552917
-6.9729906795686238 152.11849067898837 28.457690200342117
-7.2224964120663024 152.55181787861613 28.457237456295587
-7.4720021445639677 152.98514507824387 28.45678471224906
-7.721507877061633 153.41847227787159 28.456331968202527
-7.9741273452612269 153.84993459732291 28.455872798237102
-8.2335489176510137 154.27732299705957 28.45539959054528
-8.4972334913154199 154.7021581978963 28.454917585157357
-8.761492697766176 155.1266492393712 28.454434393880835
-9.0257519042169179 155.55114028084611 28.453951202604312
-9.2900111106676455 155.97563132232099 28.453468011327786
-9.5576647038652034 156.39791785658869 28.453046759150737
-9.8327320225872761 156.81538949715983 28.452760788989849
-10.112443632117898 157.2298448719595 28.452559565562865
-10.392780193679393 157.64389436747703 28.452369745953092
-10.673116755240869 158.05794386299453 28.452179926343312
-10.953453316802332 158.47199335851201 28.451990106733536
-11.23378987836379 158.88604285402948 28.45180028712376
-11.516331773613887 159.29855793862936 28.45165690239002
-11.803689259649051 159.70772246675187 28.451614913359933
-12.094061926188481 160.11478911467242 28.451636411109039
-12.384839516135729 160.52157402795078 28.451666434809724
-12.675617106082962 160.92835894122911 28.451696458510405
-12.96639469603018 161.33514385450738 28.45172648221109
-13.257172285977397 161.74192876778571 28.451756505911778
-13.55194300633821 162.14571423214551 28.451514393369081
-13.855431168139424 162.54295157070123 28.450678177574105
-14.16437482158066 162.93609100440423 28.449470164004715
-14.474049655635117 163.32868121014019 28.448212319669807
-14.783724489689558 163.72127141587609 28.446954475334906
-15.096691477732202 164.11115534099741 28.445729555054648
-15.41684434800025 164.49513218709555 28.444576499085695
-15.741492520754418 164.87541371699092 28.443468399575419
-16.066742267757558 165.25520072909217 28.442366316267155
-16.391992014760717 165.63498774119344 28.441264232958893
-16.718928882720142 166.01329861222291 28.440308041427919
-17.049547647735178 166.38838801922765 28.439670237563956
-17.382468843992626 166.76146292139842 28.439231533702156
-17.715697695393139 167.13426864168812 28.438819433952787
-18.048926546793652 167.50707436197783 28.438407334203422
-18.385236071953585 167.8770141895036 28.438069138109267
-18.728267613049365 168.24070065223512 28.437892199449958
-19.075501164738579 168.6004780636699 28.437816064694715
-19.423295384844806 168.9597338958383 28.437753380063903
-19.77108960495103 169.31898972800673 28.437690695433087
-20.118883825057253 169.67824556017516 28.437628010802268
-20.47017982143154 170.03394760072899 28.437832209259955
-20.829115176579396 170.38189680755724 28.438618630997375
-21.192823920470229 170.72500172177809 28.439768850028749
-21.557168470598519 171.0674613855025 28.440967526162854
-21.92151302072681 171.40992104922691 28.44216620229696
-22.2858575708551 171.75238071295126 28.443364878431062
-22.650202120983408 172.09484037667573 28.444563554565164
-23.014546671111763 172.4373000404002 28.445762230699266
-23.378891221240117 172.77975970412467 28.446960906833372
-23.745793014669847 173.1193987358086 28.448142906539879
-24.118271870568716 173.45288628355527 28.449288536817473
-24.494233121501683 173.7825327595489 28.450411457520026
-24.87065694830099 174.11166901568626 28.451531361648854
-25.247080775100315 174.44080527182362 28.452651265777682
-25.623504601899665 174.76994152796098 28.45377116990651
-26.002867444338893 175.09556610005353 28.454913299654969
-26.38863863337825 175.41353365657818 28.456103891028476
-26.778409468698172 175.72672223410129 28.457324728793218
-27.16871061933842 176.03927716414606 28.458549576943756
-27.559011769978675 176.35183209419083 28.459774425094299
-27.949312920618951 176.66438702423559 28.460999273244841
-28.341768049917238 176.97415866175862 28.462017203849342
-28.738918825323395 177.27786275694612 28.462584056832387
-29.138998956971335 177.57778164502804 28.462869507210637
-29.539466777411171 177.87719957581811 28.463117715059511
-29.939934597851011 178.17661750660812 28.463365922908388
-30.34040241829085 178.47603543739817 28.463614130757264
-30.743525752806406 178.77173728630464 28.463901236795714
-31.152436937396629 179.05933971483751 28.464273123740234
-31.564957279909009 179.34189154827376 28.464697877928181
-31.977954444344611 179.62377612510352 28.465129616643058
-32.390951608780206 179.9056607019333 28.465561355357934
-32.803948773215815 180.18754527876308 28.465993094072807
-33.216945937651438 180.46942985559284 28.466424832787681
-33.62994310208709 180.75131443242262 28.466856571502554
-34.045724746604655 181.02889992766058 28.467250497358041
-34.46757373441163 181.2971177840289 28.467562029519939
-34.893203968551646 181.55949760743374 28.467822212872825
-35.319332585817214 181.82110795515271 28.468075628250908
-35.745461203082783 182.08271830287171 28.468329043628991
-36.17158982034838 182.34432865059071 28.468582459007074
-36.598814963627561 182.60411199426179 28.468840845027366
-37.02842895311386 182.85991510250165 28.469110059883132
-37.459531056973695 183.11323875202305 28.469386020483213
-37.890828955013525 183.36623617420921 28.469662868634344
-38.322126853053362 183.61923359639536 28.469939716785476
-38.75342475109322 183.87223101858152 28.470216564936607
-39.184722649133114 184.1252284407677 28.470493413087738
-39.618796759421713 184.37318465823256 28.47072006502971
-40.058917626848604 184.6101608288194 28.470837386611162
-40.502803371805904 184.84030051981429 28.470886636099049
-40.947183449404037 185.06954257337384 28.470926947644724
-41.391563527002162 185.29878462693341 28.470967259190399
-41.835943604600317 185.52802668049299 28.471007570736077
-42.280323682198492 185.75726873405259 28.471047882281752
-42.72700852679624 185.98175624026587 28.471056000261491
-43.178712147790471 186.19589041792054 28.470994014708459
-43.633539020578951 186.40358158049696 28.470888402787729
-44.088775135764763 186.61042850920745 28.470777074466117
-44.544011250950561 186.81727543791789 28.470665746144508
-44.999247366136395 187.0241223666284 28.4705544178229
-45.456400387455297 187.22647921196733 28.470603891511878
-45.917726777795977 187.41906052655654 28.471003453354928
-46.381649187781107 187.60556102976068 28.471620785474339
-46.845911154521964 187.79126616895809 28.472266601726645
-47.310173121262821 187.9769713081555 28.472912417978947
-47.774435088003692 188.16267644735291 28.473558234231248
-48.238697054744591 188.34838158655035 28.474204050483557
-48.70426025929504 188.53066370094047 28.47465834357212
-49.172655782296893 188.70549514317042 28.474695760831729
-49.642812228772897 188.8756943155021 28.474473995924644
-50.113198518081198 189.04528886528831 28.47421840151608
-50.583584807389485 189.21488341507452 28.473962807107515
-51.053971096697794 189.38447796486071 28.473707212698951
-51.524357386006173 189.55407251464698 28.473451618290383
-51.995212835200107 189.72233826238258 28.473069371031702
-52.467089240728363 189.88771235438966 28.472411509779636
-52.939600079268637 190.05128954109148 28.47158237909116
-53.412193554372152 190.21463267616593 28.47073094010954
-53.884787029475703 190.37797581124039 28.46987950112792
-54.357380504579275 190.54131894631487 28.4690280621463
-54.83011923815814 190.70423893010567 28.468118011049537
-55.30317401074501 190.86623826323125 28.467080437516056
-55.776425085921971 191.02766574887738 28.465963655454551
-56.249701683156303 191.18901888642569 28.464836575186617
-56.722978280390642 191.35037202397393 28.463709494918682
-57.196254877625002 191.51172516152224 28.462582414650743
-57.669285204114622 191.67379234279258 28.46138802330448
-58.141779828703378 191.83741275191221 28.460047213135141
-58.613941861724697 192.00199748556398 28.458615498554614
-59.08606073433468 192.16670735962077 28.457171987307664
-59.55817960694467 192.33141723367754 28.45572847606071
-60.030298479554688 192.4961271077344 28.454284964813755
-60.502417352164727 192.66083698179119 28.452841453566805
-60.974536224774745 192.82554685584802 28.451397942319851
-61.446655097384735 192.99025672990481 28.449954431072896
-61.918098439726336 193.15684603479082 28.448554062634756
-62.388072795016058 193.32752229133848 28.447247511203045
-62.857135767007236 193.50073415872203 28.44599916535773
-63.326080812483362 193.6742741161089 28.444758350901211
-63.795025857959516 193.84781407349581 28.443517536444695
-64.263970903435649 194.02135403088266 28.442276721988179
-64.731065787618121 194.19955345644576 28.441017789995115
-65.194138198818621 194.38788312574167 28.439719468300446
-65.654716147936 194.5824948779744 28.438396719812221
-66.113257436239664 194.78174466738145 28.437092075300718
-66.56807156033976 194.98931336237629 28.435833644747156
-67.020574887289698 195.20203967916478 28.43460386629382
-67.472780070874023 195.41543144195316 28.433377784587982
-67.923107469796122 195.6326062725669 28.432214857261741
-68.369353323899702 195.85800396344339 28.431189202028495
-68.813069442352813 196.08849817136934 28.430248627842492
-69.256459585311802 196.3196491039073 28.429319016990306
-69.69984972827082 196.55080003644525 28.428389406138116
-70.139691380656643 196.78822962967317 28.427620730724414
-70.571821340476021 197.03930420799296 28.427201805323847
-70.99917338688212 197.29883277442661 28.426999573634124
-71.425910721868178 197.55944900457223 28.426825221080577
-71.852648056854221 197.82006523471784 28.426650868527034
-72.277634800646126 198.08345127535071 28.426425996287541
-72.698817720685881 198.3528557804631 28.426091350857128
-73.117644766803707 198.62598778307301 28.425688718102741
-73.536169171557631 198.89959862918806 28.425277351529335
-73.951208863267539 199.17822049963695 28.424904527546566
-74.358677680250437 199.46772930310053 28.424615441054293
-74.761458886911328 199.76397889959193 28.424378201771077
-75.163638644933258 200.06109338043038 28.424147614797079
-75.565818402955188 200.3582078612688 28.423917027823073
-75.966683205911878 200.65706469100999 28.423459736535694
-76.364691605483415 200.95970632787927 28.422509988140639
-76.76093206348034 201.26469053229641 28.421255438470347
-77.156946028222592 201.56997484603608 28.419961840319125
-77.552959992964873 201.87525915977574 28.418668242167907
-77.945598840554752 202.1847014796848 28.41750034776905
-78.330907372956489 202.50317444783491 28.416605465560146
-78.711680626439232 202.8272346939589 28.415879496474066
-79.09187379903868 203.15200957598518 28.415175132073223
-79.472066971638114 203.47678445801142 28.414470767672377
-79.84851427812815 203.80571836870834 28.413691636381035
-80.216827391434236 204.14368366004635 28.412750147890243
-80.580109716700676 204.48723462665467 28.411708245672024
-80.942749581001962 204.83149891656271 28.410653520035346
-81.303629733910256 205.17757347725347 28.409852765557176
-81.660689167826789 205.52757853244884 28.40960343810989
-82.015386297938775 205.88001376430509 28.409695051248868
-82.369782131845 206.23275894910043 28.409830149101719
-82.722707114185511 206.58695355795021 28.409864587529366
-83.072438968443009 206.94429477707658 28.40968050054974
-83.420197121231752 207.30358094459302 28.409361341031193
-83.767703849069022 207.66311487427731 28.409024974955788
-84.110861493417133 208.0266262086771 28.408778564170611
-84.444578770517495 208.39877112330137 28.408727415439557
-84.772462563589869 208.77625098422837 28.40879692494606
-85.099604156392843 209.15440961594902 28.408881785926233
-85.424408173049699 209.53453275203566 28.409099979401034
-85.744138769714596 209.91891960194457 28.409607554569341
-86.060735254833986 210.30594036640002 28.410293895640748
-86.376933472253626 210.69329583594572 28.411002953416393
-86.69026915645226 211.08290772732178 28.411463925155523
-86.997392883910834 211.47741625874187 28.411386527692407
-87.300680297552276 211.87494880475907 28.410976649934309
-87.603480820895641 212.27286514715959 28.410524575046985
-87.906281344239005 212.67078148956011 28.410072500159654
-88.206512160949003 213.07059334194051 28.409830396725468
-88.501167387717658 213.47451795421361 28.410043876316564
-88.792380554503708 213.88098155633239 28.410538607598788
-89.080059232282949 214.28990025596408 28.410821646001018
-89.36101604174182 214.70344732975431 28.410568089098373
-89.637824051556507 215.11985107912139 28.409983340582947
-89.914106817715208 215.53661648748687 28.409356662760622
-90.185535122044143 215.95641613615018 28.408544291118062
-90.446432925340247 216.38279778539567 28.40732910469719
-90.700833112060096 216.81324071491218 28.4058653701804
-90.9544117214067 217.24419716441528 28.404370208525773
-91.20799033075329 217.67515361391835 28.402875046871145
-91.461568940099866 218.1061100634214 28.401379885216521
-91.715147549446442 218.53706651292447 28.39988472356189
-91.962920859657203 218.971201272755 28.398219883342996
-92.198104161041371 219.41222886517536 28.39618705956773
-92.425523342179744 219.85750719179285 28.393927304372511
-92.652383961832044 220.30310680056647 28.391668342526305
-92.880157174735089 220.74824034328475 28.389473176211034
-93.108493026932848 221.19308654322856 28.38731734162706
-93.335015288763032 221.63884086880955 28.385275003773813
-93.557451590273871 222.08664270479713 28.383468005070895
-93.777369427587473 222.53570656519253 28.381806062408174
-93.99249135395678 222.98699232783625 28.380139836177332
-94.197903074275743 223.44275075193548 28.378424741082888
-94.395857312207582 223.90189041981751 28.376597362635408
-94.589864174669046 224.36273171930384 28.374588069386007
-94.781902517079573 224.82440791591313 28.372469027194867
-94.971184788030698 225.28719402992641 28.370322713276504
-95.155029198372091 225.75215858693878 28.368147176344898
-95.335524074362183 226.21846498961091 28.365953639046289
-95.509294018571751 226.68715017958851 28.364268129649467
-95.669399983875451 227.16062596772755 28.36368857958017
-95.821091578616091 227.63705183859335 28.363790086739773
-95.972021073802523 228.11375459053357 28.363834237813595
-96.123585147090893 228.59025585533803 28.36356905199785
-96.27553991302544 229.06663306993971 28.3631134157906
-96.427543614690137 229.5429947467847 28.362633924952206
-96.577867149056829 230.01987739415267 28.362176559345428
-96.724550034677918 230.49788889975008 28.361767135510171
-96.86899212470189 230.97659521023718 28.361387219523124
-97.013153900576299 231.45538843790763 28.361010994844371
-97.15215469879152 231.9355960635171 28.360767549290149
-97.279973944442119 232.41886806296159 28.360811777285093
-97.400913017940979 232.90402561625922 28.3610330150048
-97.520992494193578 233.38941874751393 28.361276368024615
-97.641071970446163 233.87481187876861 28.361519721044431
-97.758245403712152 234.36088114725661 28.361885464179803
-97.869123742317043 234.84841506988334 28.362516329808749
-97.976130020559566 235.3368498890876 28.363310270078152
-98.082653290114223 235.82539708796389 28.364124552610008
-98.185121121065507 236.31474696322249 28.364881772983317
-98.278805184199172 236.80583537373349 28.365515401114013
-98.367088027507577 237.29799282560202 28.366073031235086
-98.454697980204998 237.79028345995806 28.366621193430621
-98.54230793290246 238.28257409431416 28.367169355626153
-98.624546537714707 238.77568086067396 28.367549049535363
-98.695153104952723 239.27055501919199 28.367563913335161
-98.758609640697884 239.76651556601567 28.367354521775127
-98.821176834639232 240.2626112409904 28.36711723667834
-98.883744028580566 240.75870691596515 28.366879951581549
-98.940786627550438 241.255354541972 28.366373712161622
-98.985867244273265 241.75319726526308 28.365285126550663
-99.023597681416419 242.25177433002636 28.363838711527052
-99.060415326255495 242.75044259000975 28.362347858958685
-99.097232971094556 243.24911084999309 28.360857006390319
-99.130268673404231 243.74799130619704 28.359570708130942
-99.155117051968645 244.2473311345733 28.358727238480995
-99.174936610630823 244.74695311863258 28.358155763122916
-99.194132730606583 245.24661008242305 28.357618007756269
-99.213328850582357 245.74626704621346 28.357080252389629
-99.229948221783559 246.2459920349832 28.35660020780211
-99.24099023216651 246.74586426350646 28.356245077929401
-99.248607767236692 247.24582689659877 28.355966645148925
-99.255801439037796 247.74580071948591 28.355697705524996
-99.262995110838901 248.24577454237311 28.35542876590107
-99.26867947393508 248.74575947243648 28.355374300661225
-99.271097469987012 249.24576844007015 28.355783989678041
-99.271510658065182 249.74579216131613 28.356478564055926
-99.271676096508926 250.24581770578013 28.357208343922316
-99.271841534952685 250.74584325024409 28.357938123788699
-99.272349601061094 251.24586813488375 28.358586905105824
-99.27359904288987 251.74589159179934 28.359060422239686
-99.27530335316537 252.2459141727399 28.359426406654816
-99.277063783831949 252.74593664560504 28.359779123985206
-99.278824214498499 253.24595911847018 28.360131841315599
-99.280900767342374 253.7459800133046 28.360499934109015
-99.283661233506635 254.24599749415438 28.360901290889341
-99.286841159779726 254.74601288112726 28.36132304925442
-99.290072755018571 255.24602801017704 28.361747320680362
-99.293304350257429 255.7460431392268 28.362171592106307
-99.295512628435873 256.24606001022221 28.362464020781477
-99.295507371799033 256.74608064921648 28.36247126070111
-99.294144996712816 257.24610359837129 28.362303651361984
-99.292615720932133 257.74612683163355 28.362114538768861
-99.291086445151421 258.2461500648958 28.361925426175738
-99.290904341858862 258.74616897768038 28.361854043160456
-99.293635837800934 259.24617854634579 28.362037279958813
-99.298153014747868 259.74618238820563 28.362376567650955
-99.302889445953156 260.24618552690157 28.362735016001075
-99.307625877158443 260.74618866559751 28.363093464351191
-99.311629404983606 261.2461962493374 28.363453945070162
-99.314048099539875 261.74621344505852 28.363818820591867
-99.315495837698847 262.24623652961014 28.36418638861246
-99.316824549349235 262.74626033605512 28.364554286698073
-99.318153260999651 263.24628414250003 28.364922184783687
-99.319481972650038 263.74630794894495 28.365290082869301
-99.321088524572019 264.24633065829784 28.365595634383272
-99.323295763672107 264.74635099575153 28.365766393392285
-99.325870856313756 265.24636988068289 28.365854607106293
-99.328490955590382 265.74638858789911 28.365932721458616
-99.331111054867023 266.24640729511526 28.366010835810943
-99.333731154143649 266.74642600233148 28.36608895016327
-99.335973586789706 267.24644602582805 28.366122487016575
-99.337399665375074 267.74646889456119 28.366059666343439
-99.338326035730717 268.24649350492598 28.365937863114475
-99.33919138528681 268.74651832796633 28.365808857357113
-99.340056734842932 269.24654315100679 28.365679851599754
-99.340922084399011 269.74656797404714 28.365550845842392
-99.341787433955105 270.24659279708749 28.365421840085034
-99.343429354457015 270.74661347540405 28.365327620070953
-99.346749514706431 271.24662519659915 28.365308575180716
-99.351096441613365 271.74663143772284 28.365335523308318
-99.355568466376141 272.24663701117271 28.365368075073192
-99.360040491138932 272.74664258462258 28.36540062683806
-99.364512515901737 273.24664815807245 28.365433178602935
-99.368335471017815 273.74665758078953 28.365444733707413
-99.370755996591214 274.2466753205278 28.365410921820846
-99.372318872019235 274.74669814650701 28.365349365933415
-99.373777457197903 275.24672159097304 28.365284436375745
-99.375236042376585 275.74674503543906 28.365219506818072
-99.376694627555253 276.24676847990509 28.365154577260402
-99.378153212733935 276.74679192437111 28.365089647702732
-99.379942435893909 277.2468138970321 28.365043348599073
-99.382445901358551 277.74683269030828 28.365037294897235
-99.38538593748865 278.24684954022973 28.365055840636977
-99.38837893996083 278.74686615437633 28.365077370870509
-99.391371942432983 279.24688276852282 28.365098901104041
-99.394364944905149 279.74689938266937 28.365120431337573
-99.39735794737733 280.24691599681591 28.365141961571105
-99.400472272453783 280.74693181646819 28.365251531731694
-99.403848619498163 281.24694592024105 28.365551242839896
-99.407385042665553 281.74695897573793 28.365967116062137
-99.410940842592311 282.24697190434398 28.366397050377863
-99.414496642519055 282.74698483295003 28.366826984693592
-99.418052442445827 283.24699776155609 28.367256919009321
-99.420843401733066 283.74701341662956 28.367777988883041
-99.421982842794051 284.24703495895642 28.368495847508985
-99.42211376932093 284.74706009638783 28.369333876965371
-99.422122858900536 285.24708566813769 28.370186424057984
-99.422131948480143 285.74711123988749 28.3710389711506
-99.422141038059735 286.24713681163735 28.371891518243217
-99.422150127639327 286.74716238338721 28.37274406533583
-99.422721152783495 287.2471864813192 28.373490716238713
-99.42450528587446 287.74720739756935 28.374008758173936
-99.427029828165345 288.24722637190951 28.374387270743046
-99.429643607273917 288.74724511220347 28.374748966723974
-99.432257386382489 289.24726385249744 28.375110662704902
-99.43487116549106 289.74728259279146 28.375472358685826
-99.437387068141902 290.24730180033328 28.376226313491628
-99.439689636476047 290.74732202515077 28.377764149201973
-99.441836202599887 291.24734297968382 28.378999669800553
-99.443919261422266 291.74736421081252 28.378847952761461
-99.445835305827828 292.2473851344339 28.378019502527277
-99.445875375901608 292.74740079138007 28.377406806693877
-99.442595651711798 293.2474071282212 28.377175917908659
-99.437728056123518 293.74740900721724 28.377127649021958
-99.432860460535281 294.24741088621329 28.377079380135264
-99.428012167162862 294.74741293525528 28.377027396690394
-99.423414534150012 295.24741719252813 28.376927175649634
-99.419260315208831 295.7474253561254 28.376741623091625
-99.415318152195553 296.24743538786197 28.37651526205407
-99.411375989182289 296.74744541959853 28.376288901016515
-99.407433826169012 297.2474554513351 28.376062539978964
-99.403528250923046 297.7474657075889 28.375826007994739
-99.400096197592148 298.24747886956277 28.375457842776317
-99.397501424789397 298.74749716942523 28.37485692392951
-99.395306998367019 299.2475179259734 28.374144713741845
-99.39311257194467 299.74753868252151 28.373432503554184
-99.390918145522306 300.24755943906973 28.37272029336652
-99.388723719099943 300.7475801956179 28.372008083178859
-99.386887088964485 301.24759643302866 28.371288699607941
-99.389662539723162 301.74755441766251 28.370476849387515
-99.400588763409331 302.24740945415471 28.369501586017854
-99.415411475415794 302.74721527614474 28.368448202765197
-99.430234187422258 303.24702109813484 28.36739481951254
-99.445056899428749 303.74682692012493 28.36634143625988
-99.459879611435213 304.24663274211503 28.365288053007223
-99.474484281763068 304.74644277768482 28.364238756558446
-99.486289805286304 305.24630690579465 28.363241925143413
-99.493151160236124 305.74626657824547 28.362337763384222
-99.497649451738511 306.24627191607686 28.361477893051003
-99.502147743240926 306.74627725390826 28.360618022717791
-99.506646034743326 307.24628259173977 28.359758152384579
-99.511144326245741 307.74628792957122 28.358898282051364
-99.515454367180311 308.24629329027289 28.358035097565391
-99.517357384126797 308.74629894339876 28.357129537402809
-99.515011104800635 309.24630511276268 28.356149168345269
-99.510634302622066 309.74631152881057 28.355133051916624
-99.506257500443496 310.24631794485845 28.354116935487987
-99.501880698264941 310.74632436090633 28.353100819059346
-99.497503896086357 311.24633077695432 28.352084702630702
-99.493127093907788 311.7463371930022 28.351068586202061
-99.488750291729218 312.24634360905009 28.350052469773416
-99.484077869851902 312.74634333841385 28.349036278552614
-99.475645126833797 313.2462580122824 28.348019135965735
-99.460578600630441 313.74602263521314 28.347000315023202
-99.442342992683848 314.24571557601701 28.34598069229893
-99.424107384737255 314.74540851682093 28.344961069574651
-99.405871776790661 315.24510145762486 28.343941446850373
-99.387636168844097 315.74479439842878 28.342921824126098
-99.369400560897503 316.24448733923259 28.341902201401826
-99.35116495295091 316.74418028003652 28.340882578677551
-99.332929345004331 317.24387322084038 28.339862955953272
-99.293253498332845 317.74067692379271 28.339998240204004
-99.208024358795413 318.23134196850981 28.342587313162056
-99.092584742927556 318.71753276898733 28.346532147680797
-98.967196919588687 319.20152650315748 28.35043592848616
-98.837532132459884 319.6844403937489 28.354230937136943
-98.701315072856943 320.16540547416867 28.357855257006232
-98.549027219922436 320.64139398321157 28.361060752342532
-98.382596690483027 321.11282078610827 28.363898314050935
-98.206796758923076 321.58081392138871 28.36649030364287
-98.013323445211043 322.04141710292919 28.368381451110206
-97.794774221686652 322.49061644051937 28.369160434762378
-97.554345224863809 322.928718866336 28.369257161320984
-97.293842041214077 323.35507799263939 28.369132805944844
-97.0129245952985 323.76831629965289 28.368813830218642
-96.716493767369613 324.17082092344657 28.368283181317913
-96.409375794626385 324.56529962934292 28.367520819202849
-96.089568538577367 324.94932994457315 28.366648593439898
-95.753129525188768 325.3187724309675 28.366008555246271
-95.402201036408883 325.67472719888951 28.365857703243126
-95.039639113300993 326.01881742119156 28.366054698572185
-94.667450892573271 326.35257761102071 28.366238079699066
-94.290245782857866 326.68078823720634 28.366113926844626
-93.910262953397776 327.0057894401894 28.365419523146453
-93.52818208271826 327.32833540442755 28.364222702284692
-93.145035802783639 327.64961849376687 28.362755726997502
-92.760999593864071 327.96983741207373 28.361056307594936
-92.376597999344369 328.28961965374413 28.359206705830989
-91.992627967155727 328.60991928188946 28.35732003317397
-91.609270793361318 328.93095245245974 28.35545315515067
-91.226848941138783 329.25309436146495 28.353679721911639
-90.848098716454814 329.57946718781722 28.352231819472173
-90.476276187735536 329.91366588198599 28.351301352277535
-90.11274252006389 330.25684238553464 28.350794576117679
-89.758457115422516 330.60953392321801 28.350562454358148
-89.41256616807911 330.97053563831344 28.350479810284927
-89.072829304036702 331.33737554821528 28.350438145763658
-88.737356846437834 331.70814375716441 28.350403058590238
-88.404316707613532 332.08109132885539 28.350388626649334
-88.077826535873754 332.45956879083519 28.350627836559546
-87.763837046418033 332.8484629520251 28.351340417242639
-87.458310478635639 333.24427070740967 28.352319763112821
-87.156426921871969 333.64285813363261 28.353357622555382
-86.859219902812626 334.04493605262587 28.354469867989334
-86.565744778423891 334.44977284464312 28.355641225190116
-86.274165241830815 334.85597839840483 28.3568495117695
-85.984087037981567 335.26325852233043 28.358173748612039
-85.694376289777537 335.67080346066336 28.359676122937508
-85.403774388286863 336.0777106283349 28.361375482766384
-85.110850004342595 336.48293957072423 28.363464933334495
-84.814935259216981 336.88598942774263 28.366039101692934
-84.514407439077587 337.28553231489292 28.369305499944403
-84.201729898305715 337.67532145219616 28.373959602566014
-83.870949472616047 338.04983131757228 28.379802274180467
-83.523326953358094 338.40888071329857 28.384426347050528
-83.159616665178362 338.75150000402476 28.384751614330124
-82.780380037616439 339.07697269484061 28.380715528692669
-82.387697499790562 339.38610835791479 28.375044517671302
-81.981974540990834 339.67787328643556 28.369684669989425
-81.566025682717253 339.95519209366569 28.365469745415979
-81.141999817792964 340.21933096080249 28.363642035543563
-80.70411552051857 340.45786854849064 28.364887784751723
-80.248362270618884 340.6605136231986 28.36719202808791
-79.779334879016034 340.83216901800358 28.367970880387162
-79.302328576540475 340.98093025889773 28.366980192596614
-78.819506191002759 341.10965711283581 28.36521335923938
-78.331977815198485 341.21958959321569 28.363382115070902
-77.841332270618381 341.3155181970198 28.361749698390039
-77.348876792036407 341.40162162428538 28.360376948832467
-76.854663385916211 341.47646312133156 28.359343819563101
-76.358785755561001 341.53992570616003 28.358663124587991
-75.861873464932572 341.5952584743676 28.35824116326943
-75.364207381304567 341.64323536542452 28.358060180725012
-74.865911970965414 341.68441439504204 28.35810214958731
-74.367178583844407 341.71985708949796 28.358332359989188
-73.868107532928605 341.75043977282104 28.358722026769136
-73.368874853183414 341.77856781572137 28.359192205227135
-72.869595186068011 341.80585936627062 28.359689797961835
-72.370304322348233 341.83295369378698 28.361595448642678
-71.871033935569585 341.86041967764481 28.368228114550551
-71.371786334801271 341.8882992274344 28.380120834539753
-70.872547099059489 341.91633060239792 28.393944585507498
-70.373307863317748 341.94436197736138 28.407768336475243
-69.874068627576008 341.97239335232484 28.421592087442981
-69.374829391834254 342.0004247272883 28.435415838410727
-68.8755901560925 342.02845610225188 28.449239589378468
-68.376350920350731 342.05648747721534 28.46306334034621
-67.877148217538462 342.08511037730449 28.475402419549795
-67.378068243127927 342.11572044169111 28.482753905504854
-66.879124126732222 342.14853025929563 28.484584220255339
-66.380229672879182 342.18214419094619 28.484396285285627
-65.881335219026113 342.21575812259675 28.484208350315917
-65.382560331519016 342.25097432522034 28.482386846830174
-64.884039148061532 342.28959033596789 28.477099125953238
-64.385666673665384 342.33019915004445 28.469779675842037
-63.887308770626916 342.3710032302991 28.46226114537173
-63.388950867588463 342.41180731055374 28.45474261490142
-62.890592964550002 342.45261139080844 28.447224084431113
-62.392235061511549 342.49341547106303 28.439705553960799
-61.893877158473067 342.53421955131768 28.432187023490492
-61.39551925543455 342.57502363157232 28.424668493020178
-60.897161352396054 342.61582771182691 28.417149962549871
-60.398803449357601 342.65663179208161 28.409631432079557
-59.900445546319141 342.6974358723362 28.40211290160925
-59.402087643280687 342.73823995259079 28.39459437113894
-58.903729740242198 342.77904403284549 28.387075840668629
-58.405371837203688 342.81984811310008 28.379557310198315
-57.907013934165192 342.86065219335467 28.372038779728008
-57.408656031126711 342.90145627360937 28.364520249257694
-56.910298128088193 342.94226035386401 28.35700171878738
-56.411940225049712 342.98306443411866 28.349483188317073
-55.913582322011251 343.02386851437336 28.341964657846763
-55.415224418972763 343.06467259462795 28.334446127376452
-54.916866515934245 343.1054766748826 28.326927596906145
-54.418508612895764 343.14628075513724 28.319409066435831
-53.920150709857303 343.18708483539183 28.311890535965521
-53.421733303279773 343.2271304887559 28.306194860724943
-52.923189931783952 343.2655706043185 28.304358045203657
-52.424573141068734 343.30307492494973 28.304770383431752
-51.925949392513331 343.34049056156061 28.305395870919678
-51.427325643957957 343.37790619817144 28.306021358407602
-50.928701895402604 343.41532183478233 28.306646845895525
-50.430078146847251 343.45273747139316 28.307272333383452
-49.931454398291905 343.49015310800399 28.307897820871375
-49.432830649736559 343.52756874461483 28.308523308359298
-48.934206901181184 343.56498438122566 28.309148795847221
-48.435583152625782 343.60240001783654 28.309774283335152
-47.936959404070407 343.63981565444737 28.310399770823075
-47.438335655515054 343.67723129105821 28.311025258311002
-46.939711906959701 343.71464692766909 28.311650745798925
-46.441088158404355 343.75206256427987 28.312276233286848
-45.942464409849009 343.78947820089076 28.312901720774772
-45.443840661293635 343.82689383750159 28.313527208262698
-44.945216912738232 343.86430947411242 28.314152695750622
-44.44659316418285 343.90172511072331 28.314778183238545
-43.947969415627504 343.93914074733414 28.315403670726472
-43.449345667072159 343.97655638394502 28.316029158214398
-42.950721918516805 344.01397202055585 28.316654645702322
-42.452098169961431 344.05138765716669 28.317280133190245
-41.953474421406028 344.08880329377757 28.317905620678172
-41.454850672850654 344.12621893038835 28.318531108166098
-40.956226924295308 344.16363456699924 28.319156595654022
-40.457603175739955 344.20105020361007 28.319782083141945
-39.958979427184609 344.2384658402209 28.320407570629868
-39.460355678629256 344.27588147683173 28.321033058117791
-38.961731930073881 344.31329711344256 28.321658545605722
-38.463108181518479 344.3507127500535 28.322284033093645
-37.964484432963104 344.38812838666433 28.322909520581568
-37.465860684407758 344.42554402327511 28.323535008069491
-36.967236935852412 344.462959659886 28.324160495557418
-36.468496234562281 344.49863554493282 28.324762081880081
-35.969508209408957 344.53063231911005 28.325313123608485
-35.470376394733599 344.56049012623993 28.325834779644158
-34.971231161664662 344.59014832562809 28.326353693416099
-34.47208592859576 344.61980652501632 28.326872607188037
-33.972940695526844 344.64946472440448 28.327391520959978
-33.473795462457936 344.67912292379265 28.327910434731912
-32.974650229389027 344.70878112318087 28.328429348503853
-32.47550499632009 344.73843932256909 28.328948262275794
-31.976359763251121 344.7680975219572 28.329467176047729
-31.477214530182181 344.79775572134537 28.32998608981967
-30.978069297113265 344.82741392073359 28.330505003591611
-30.478924064044357 344.85707212012181 28.331023917363545
-29.979778830975444 344.88673031950998 28.331542831135486
-29.480633597906532 344.91638851889815 28.332061744907424
-28.981488364837588 344.94604671828631 28.332580658679365
-28.482343131768616 344.97570491767453 28.333099572451303
-27.983197898699679 345.0053631170627 28.333618486223237
-27.484052665630767 345.03502131645087 28.334137399995178
-26.984907432561855 345.06467951583909 28.33465631376712
-26.485762199492946 345.09433771522731 28.335175227539057
-25.986616966424002 345.12399591461542 28.335694141310995
-25.487471733355033 345.15365411400364 28.336213055082936
-24.988326500286092 345.18331231339187 28.336731968854878
-24.489181267217177 345.21297051278003 28.337250882626812
-23.990036034148268 345.2426287121682 28.337769796398749
-23.490890801079324 345.27228691155636 28.338288710170691
-22.991745568010355 345.30194511094459 28.338807623942628
-22.492600334941383 345.33160331033275 28.33932653771457
-21.993455101872414 345.36126150972098 28.339845451486504
-21.494309868803477 345.3909197091092 28.340364365258445
-20.995164635734561 345.42057790849736 28.340883279030383
-20.496019402665652 345.45023610788553 28.34140219280232
-19.996724992129437 345.47653558399224 28.3418028177393
-19.497115426548259 345.49573935988485 28.341953543520781
-18.997323083279099 345.51082790519359 28.341959337496167
-18.497513939899644 345.52553819685119 28.341951809985989
-17.997704796520214 345.54024848850878 28.341944282475808
-17.497895653140787 345.55495878016632 28.341936754965623
-16.998086509761357 345.56966907182391 28.341929227455442
-16.498277366381927 345.58437936348145 28.34192169994526
-15.998468223002472 345.59908965513904 28.341914172435075
-15.498659079622986 345.61379994679658 28.341906644924894
-14.998849936243529 345.62851023845417 28.341899117414716
-14.499040792864101 345.64322053011176 28.341891589904527
-13.99923164948467 345.6579308217693 28.34188406239435
-13.499422506105244 345.67264111342689 28.341876534884168
-12.999613362725787 345.68735140508443 28.341869007373987
-12.4998042193463 345.70206169674202 28.341861479863802
-11.999995075966844 345.71677198839961 28.34185395235362
-11.500190354174457 345.73162823072647 28.341813288609799
-11.000369789388618 345.74576378856909 28.341824587568006
-10.500491502244843 345.75750430338871 28.342103108356774
-10.000552833397423 345.76648125864779 28.342628022992848
-9.5005762514480416 345.77316102295879 28.343217774388581
-9.0005798434634485 345.7784360383996 28.343808274172005
-8.500578598619434 345.78336834422737 28.344398956535859
-8.000573237061424 345.78749050418639 28.344933054410149
-7.5005576826129854 345.78960676137291 28.345327050373285
-7.0005340925257578 345.7901416506204 28.345610595982826
-6.500508542976144 345.79029092883263 28.345867208660358
-6.0004851828239376 345.78980532085154 28.34585059562448
-5.5004672425921157 345.78774803265009 28.345157603965326
-5.0004535740088523 345.78445204258838 28.343931532199878
-4.5004409465511648 345.78085414469325 28.342575533237987
-4.0004295159571814 345.77710794833877 28.341333416248034
-3.5004210476647666 345.77299470537957 28.340373163218889
-3.0004149133843514 345.76859226458913 28.33963499219557
-2.5004093476780684 345.76411937411257 28.338950921189195
-2.0004037819718143 345.75964648363606 28.338266850182819
-1.5003982162655887 345.75517359315961 28.337582779176444
-1.0003926505593628 345.75070070268305 28.336898708170068
-0.50039842334014217 345.74540581833463 28.336263836674238
-0.00043225049329136123 345.73807710688408 28.335750697591969
0.49951182906986358 345.7291467228448 28.335333424805178
0.9994505312346873 345.71982649944732 28.33493948541086
1.4993892333994825 345.71050627604984 28.334545546016546
1.9993279355642493 345.7011860526523 28.334151606622228
2.4991948523312031 345.68961660382962 28.33387040483035
2.9988842014554429 345.67248349347074 28.333868069645341
3.4984337714876905 345.65097073631478 28.334085254866743
3.9979493446728771 345.62839276847274 28.334355831490132
4.4973690347057538 345.60408509945535 28.33451030959402
4.9965515918318326 345.57549962920211 28.334377659263655
5.4955475326013641 345.54354766000358 28.334019047623308
5.9944981067688055 345.51077729192014 28.33360550458773
6.4932466711813337 345.47549980986707 28.333227807687557
6.991495726497762 345.43402299237385 28.332938747450989
7.4893517928867137 345.38766884590967 28.332719422135462
7.9869042712700953 345.33818710379239 28.332545761379691
8.4839422544698131 345.28390282255765 28.332443107350542
8.9805755425600022 345.22584092754551 28.332396306273811
9.4768143551609985 345.16462260687558 28.332340887803358
9.9723210083396694 345.09786974527151 28.332230630299584
10.467251874105905 345.0267643903353 28.33207724608851
10.961636005391885 344.95207857482001 28.332059884495369
11.455014329646112 344.87115506657398 28.332404612231826
11.947601827875172 344.78532710887316 28.33303403639237
12.439525508187417 344.69585054324671 28.333623208917075
12.930283028492362 344.60029886384137 28.33394213118973
13.420123837514668 344.49997157447723 28.334048611384418
13.909042371505606 344.39539944667064 28.334089918155897
14.396231545696089 344.283201387085 28.334097547798898
14.882061562821818 344.1650098731298 28.334078709550681
15.366929016974394 344.04294968104409 28.334142881915735
15.850232738618232 343.9149227088252 28.334428009104617
16.33230772983503 343.78220723377081 28.334886755447357
16.814084811603408 343.6483550168706 28.335387596284729
17.294822002826706 343.51104614328369 28.336012698317091
17.772990404264476 343.36519846296324 28.336944756586256
18.249140897766551 343.21264313923581 28.338117943744066
18.724004370833391 343.05611737405673 28.339336905912258
19.196896835558888 342.89379982409923 28.340524602033874
19.668241318821579 342.72693354885956 28.341687742571672
20.13921081722286 342.55896538502452 28.34284493473579
20.609037451879644 342.38797534802086 28.344016995877503
21.076041860004249 342.20952299481831 28.345225774977308
21.540830406297957 342.02521162872404 28.346463383060517
22.005082453548447 341.83948169276835 28.347707971146633
22.467888691044855 341.65035353355654 28.349052861216961
22.927125273929178 341.45283527787103 28.350645393440463
23.383559976851569 341.24873149900674 28.352432304017636
23.837825546130816 341.03990210931153 28.354187881811491
24.288410202773427 340.82334118877554 28.35574999372831
24.736106329760368 340.60071308916679 28.3571602867952
25.183103741189075 340.37661738045642 28.358533855921145
25.628756743154707 340.14995032981102 28.359964040003263
26.071091584537065 339.91693690502177 28.361533956451996
26.51082333314206 339.67894475775017 28.363213492765464
26.949925740089924 339.43974892020481 28.364919531533218
27.387649452518737 339.19811822816689 28.366434276401471
27.821971061652569 338.95047922436936 28.367476979351263
28.25362454775378 338.6981281605307 28.368149480162614
28.684633319598277 338.44463849391775 28.368732526854494
29.114698632432443 338.18958333638091 28.369418063811004
29.542436261799907 337.93066583050575 28.37035646272745
29.968348901264946 337.66872010072569 28.371493114769898
30.392324813270076 337.40370591137662 28.372639069390708
30.812610438333365 337.13292650607343 28.37368985646474
31.230003375554698 336.85762794809762 28.374666045002169
31.64669794986203 336.58123836032462 28.375624223697457
32.061599711590056 336.30225154812302 28.376353500211472
32.472079723068617 336.01685900344376 28.376518217836956
32.879094671786149 335.72644666709539 28.376240524229168
33.283630267688544 335.43261068897687 28.375819589580949
33.684113590975016 335.13331893731277 28.375308677566178
34.081422052202569 334.82975271300768 28.374727270361589
34.476296239244924 334.52305267943109 28.37410539438541
34.867056494862339 334.21116786881515 28.373425661916102
35.254594258683674 333.89522176019773 28.372700609762227
35.641355005115926 333.57829637859254 28.371964629983033
36.026387470822719 333.25932809522476 28.371037646031539
36.407159272551652 332.93532352474131 28.369639786842871
36.784594588501299 332.60737508531417 28.367873189696734
37.161225801924068 332.27847616229656 28.366017725658015
37.535784312949396 331.94728864843717 28.364095373186551
37.905234103018934 331.61046029969145 28.362008156555888
38.270684558369162 331.2692160536983 28.359791876905021
38.635171697558405 330.92690815450231 28.357544509960427
38.997410157548615 330.5822946148931 28.355374379342532
39.354107336833636 330.23199942859083 28.353394577414925
39.706467992305363 329.87725787014216 28.351563723887828
40.055019882391946 329.51883502468405 28.349746556384041
40.39675956491628 329.15397921494849 28.347874764899764
40.733169361550125 328.78409024008641 28.345960235495333
41.068296636777681 328.41299014323261 28.34403542213763
41.401699884026357 328.040374689511 28.342329885045629
41.730856219354607 327.66402635719089 28.341164505652955
42.056690814778491 327.28475833827702 28.340421612861881
42.381726554239648 326.90478815450012 28.33978032523876
42.706762293700812 326.52481797072323 28.339139037615638
43.031798033161934 326.14484778694634 28.338497749992513
43.353758239032075 325.76236802932095 28.337856733372234
43.668144332469041 325.37370794755788 28.337216384150302
43.976608801812596 324.98021593906532 28.336576556716516
44.281795112804637 324.58415956601243 28.335953368837476
44.582413457800257 324.18464803132179 28.335370844856989
44.879461210103884 323.78243573771505 28.334820106187326
45.175651222611627 323.37957465871017 28.334277003092023
45.471841235119356 322.97671357970529 28.333733899996719
45.765755454807142 322.57223585422372 28.333114486109015
46.05406709972965 322.16377824855476 28.332307209373667
46.338000973581522 321.75221082194122 28.331353139320221
46.620883858308069 321.33989680809361 28.330363828003922
46.901371200214214 320.925997733879 28.32951569343912
47.175962252237277 320.50819725772482 28.329015045483402
47.4459473529555 320.08734915879245 28.328785840491356
47.714827249431494 319.66576977865446 28.328621768605394
47.981793836833752 319.24300521248625 28.328375432599689
48.244051921004036 318.81732399666106 28.327926651061777
48.502632925931664 318.38936503961236 28.327319770818701
48.758928912397899 317.96003404335795 28.326851048852781
49.011772364737539 317.52867118742216 28.326815576443746
49.261920148954772 317.0957218969512 28.327118376438907
49.511421665799276 316.66239227001722 28.327502274851227
49.759095497738386 316.22803986455619 28.327696162453613
50.002272950817463 315.79117127059135 28.327422594978533
50.241940700892599 315.35233863519989 28.326784149778373
50.480767441918459 314.91303536835869 28.326058271120644
50.719594182944292 314.47373210151756 28.325332392462919
50.958420923970124 314.03442883467642 28.32460651380519
51.193709651945809 313.5933072722375 28.324011037265816
51.420296698628732 313.14771364353874 28.323736282458597
51.640094421876505 312.69863076911383 28.323711764760624
51.858266489931736 312.24871241962484 28.3237471645581
52.076438557986975 311.79879407013584 28.323782564355575
52.294610626042207 311.34887572064684 28.323817964153047
52.512782694097446 310.89895737115785 28.323853363950519
52.730954762152685 310.4490390216688 28.323888763747995
52.949126830207945 309.99912067217974 28.323924163545467
53.163711298842188 309.54756350245839 28.323639790172262
53.369475644517848 309.09197728872749 28.322569253587041
53.568362542539468 308.6332494476743 28.32088571008984
53.765604516444562 308.17377020307623 28.319055549721988
53.962846490349655 307.71429095847816 28.317225389354132
54.160088464254756 307.25481171388009 28.315395228986272
54.357330438159877 306.7953324692819 28.313565068618416
54.54967485467008 306.33392657356967 28.31163668164341
54.729982828537437 305.86778565920281 28.309466888835317
54.900910589303919 305.39795466086883 28.307108964182511
55.069597022217408 304.92724194610827 28.304706086910926
55.238283455130897 304.4565292313477 28.302303209639341
55.406969888044394 303.98581651658719 28.299900332367759
55.575656320957904 303.51510380182663 28.297497455096178
55.739259865805352 303.04274621688876 28.295332233839357
55.890376227534034 302.56634766255661 28.293750864545647
56.031766887223426 302.08680177996752 28.292624231133864
56.170836139926195 301.60650466833857 28.291606137655656
56.30990539262897 301.12620755670963 28.290588044177451
56.448974645331745 300.64591044508074 28.289569950699242
56.588043898034542 300.16561333345169 28.288551857221037
56.727113150737338 299.68531622182269 28.287533763742829
56.866182403440128 299.20501911019369 28.28651567026462
57.005251656142896 298.72472199856475 28.285497576786419
57.143067426490973 298.24407222041947 28.28459774860967
57.277805168246807 297.76255644075695 28.283988330567517
57.410147299882269 297.28036665760919 28.283604936890214
57.541918367634871 296.79801620597704 28.283275422744595
57.673689435387459 296.31566575434493 28.282945908598975
57.805460503140054 295.83331530271283 28.282616394453363
57.934527276721461 295.35027308260294 28.281978194764179
58.05695519925321 294.86553261977457 28.280582193883546
58.174218302199193 294.37947097694263 28.278596647250737
58.290251142437903 293.89309462834768 28.276470670513625
58.406283982676619 293.40671827975274 28.274344693776509
58.522316822915322 292.92034193115791 28.272218717039401
58.638349663154031 292.43396558256308 28.270092740302282
58.754382503392733 291.94758923396819 28.267966763565166
58.868118041220626 291.46069796473802 28.266090294042307
58.976216203560497 290.9725431261345 28.264826092998824
59.079931522156784 290.48340591069035 28.264037907271323
59.182604070086697 289.99403496714336 28.263362975594678
59.28527661801661 289.50466402359643 28.262688043918036
59.387949165946509 289.01529308004945 28.262013112241391
59.490621713876415 288.52592213650252 28.261338180564749
59.593294261806335 288.03655119295547 28.260663248888108
59.695966809736262 287.54718024940848 28.259988317211466
59.794288684771416 287.05701267551274 28.259596624031918
59.881938701476493 286.56489103004492 28.25989969260252
59.961297020205663 286.07125113247901 28.260742569182113
60.038684826394253 285.57725042403848 28.261713730517656
60.116072632582842 285.08324971559796 28.262684891853194
60.193460438771446 284.58924900715738 28.263656053188733
60.27084824496005 284.0952482987168 28.264627214524275
60.348236051148646 283.60124759027627 28.265598375859813
60.423594958288469 283.10695374829794 28.266309142472632
60.493978951467135 282.61194113515631 28.266381414359806
60.560499813869754 282.1163703803013 28.265957880963867
60.626103560408737 281.62066712135857 28.26541664228774
60.69170730694772 281.12496386241571 28.264875403611612
60.757311053486703 280.62926060347291 28.264334164935484
60.822914800025686 280.13355734453012 28.263792926259349
60.885940899909144 279.63755238506548 28.263017971898964
60.942648509021915 279.14080787816943 28.26167011884791
60.994452076559838 278.64348937797627 28.259877615468291
61.044355552429451 278.14596291395594 28.258270017098823
61.092452978120569 277.6482604329467 28.257374090766444
61.139148986080578 277.15042137027882 28.257030391511353
61.185512732279349 276.65254992550149 28.256817619628759
61.231876478478114 276.15467848072416 28.256604847746161
61.278240224676892 275.65680703594683 28.256392075863566
61.323958891494769 275.15887796246159 28.25615657351949
61.368096953851953 274.66080768435012 28.255865375907693
61.411009045430433 274.16262788311008 28.255530979144922
61.453630691310003 273.66442213465979 28.255186348037405
61.496252337189574 273.16621638620956 28.254841716929885
61.538873983069138 272.66801063775927 28.254497085822365
61.579669372291633 272.16966816984689 28.254391042685125
61.615991163345484 271.67099079395041 28.254869444621782
61.648844528033216 271.17205376047212 28.255800972795406
61.680876807866426 270.67305525793415 28.256839770102374
61.712909087699622 270.17405675539618 28.257878567409342
61.743523572905943 269.67497895118299 28.258760267180104
61.770665822154001 269.17570693398386 28.259257228778047
61.795116983366185 268.67628439583825 28.259456006638985
61.818931497873884 268.17682624805684 28.259584241399516
61.842746012381575 267.67736810027537 28.25971247616005
61.864338183010496 267.17783267080654 28.259882027891486
61.880488937785401 266.67810801688722 28.260152744353846
61.892423892488566 266.17823675912911 28.26050183936534
61.903362119095256 265.67833084029536 28.26086946516595
61.914300345701953 265.17842492146167 28.261237090966556
61.925238572308643 264.67851900262792 28.261604716767163
61.936176798915341 264.17861308379412 28.261972342567773
61.947115025522024 263.67870716496043 28.26233996836838
61.957651612688302 263.17879339265994 28.26272302614554
61.96720513083352 262.67886039789482 28.263143855855816
61.97599742925793 262.17891251860095 28.263593933502666
61.984609937542125 261.67896112377611 28.264050919129534
61.993222445826319 261.17900972895114 28.2645079047564
62.001834954110521 260.67905833412624 28.264964890383272
62.010447462394716 260.17910693930139 28.265421876010141
62.01905997067891 259.67915554447649 28.26587886163701
62.027672478963112 259.17920414965164 28.266335847263878
62.036284987247299 258.67925275482679 28.266792832890747
62.044897495531501 258.17930136000194 28.267249818517616
62.053510003815703 257.67934996517698 28.267706804144485
62.06212251209989 257.17939857035208 28.268163789771354
62.070572340485349 256.67944454093498 28.268738317946891
62.078601645456018 256.17948370116375 28.269616690631391
62.086277943293311 255.67951714446087 28.27075012468778
62.093859077513272 255.17954904658831 28.271952318155776
62.101440211733248 254.67958094871574 28.27315451162378
62.109362789203658 254.17961876730797 28.273838342351304
62.118167757193703 253.67967187579791 28.273182570180378
62.127713176471772 253.17973781468913 28.271402680433962
62.137458099768629 252.67980721054869 28.269319913270039
62.146709869873803 252.17986853484047 28.267659310518809
62.154687482072376 251.67990900465523 28.267089452253042
62.161596238032772 251.17993198021932 28.267434589720139
62.168217142469921 250.67995024444207 28.268026142847333
62.174838046907063 250.17996850866479 28.26861769597452
62.181458951344204 249.6799867728875 28.269209249101714
62.188492723434756 249.18001158402896 28.269691670878348
62.196592898079786 248.68005330531304 28.269892215520635
62.205587274873565 248.18010920612608 28.269856399945887
62.214822318915019 247.6801689232442 28.269756969937909
62.224057362956472 247.18022864036243 28.269657539929927
62.233292406997933 246.68028835748061 28.269558109921945
62.242527451039379 246.18034807459884 28.269458679913967
62.25176249508084 245.68040779171702 28.269359249905982
62.260997539122286 245.18046750883514 28.269259819898
62.270232583163747 244.68052722595337 28.269160389890022
62.278704726760317 244.18057653383067 28.26898271679967
62.285207339600248 243.68059896884364 28.268603048602031
62.290059592261528 243.18059888585077 28.268054119436911
62.294468115055928 242.68059274847536 28.267459681329235
62.298876637850327 242.1805866110999 28.266865243221552
62.302871605808974 241.68057790903543 28.266606568789694
62.305799194066218 241.18056258754171 28.26721449607799
62.307832687427918 240.68054172125639 28.268548335779123
62.309625910759749 240.1805193649198 28.27007724984875
62.311419134091572 239.68049700858319 28.271606163918378
62.312923603468278 239.18047414372128 28.272880356391749
62.313683003942302 238.68044996671659 28.27349729331296
62.313818528476347 238.18042469100243 28.273563883918627
62.313786492017954 237.68039912019623 28.273482662164653
62.313754455559561 237.18037354939003 28.27340144041068
62.314565173350729 236.68035241217663 28.273250370611116
62.317549903302556 236.18034271208703 28.272919117204552
62.322354394827023 235.68034258546658 28.272437040720746
62.327647390013034 235.1803450287843 28.271914476721108
62.332940385199038 234.68034747210197 28.271391912721477
62.337287640122241 234.18034555313153 28.270986315067347
62.339195824508138 233.68033238379024 28.270882374409737
62.339063088607872 233.18030980057202 28.27103084870868
62.338382762695922 232.68028469155939 28.271247047313139
62.337702436783978 232.1802595825468 28.271463245917595
62.338240977160247 231.68024219458718 28.271599761412354
62.341922203759637 231.18024471434623 28.271530824501468
62.348232203940682 230.68026388638333 28.271290032108396
62.355247157768453 230.18028752403291 28.27100315352908
62.362262111596223 229.68031116168254 28.270716274949763
62.368662782235248 229.18032856233236 28.270231770171645
62.37347999697527 228.6803298856839 28.269237838510254
62.376973149483526 228.18031776543808 28.267817931678717
62.380111412470242 227.68030204189347 28.266283850361503
62.382921737443326 227.18028493855093 28.26508239318753
62.384886909214018 226.68026427922939 28.264738166185538
62.386145588620948 226.18024064734385 28.265110527097779
62.387214990852819 225.68021621907519 28.265674869895523
62.388284393084689 225.18019179080653 28.266239212693268
62.389353795316552 224.68016736253793 28.266803555491009
62.390403407251497 224.18014289441334 28.267338885571466
62.39140203144099 223.68011832360372 28.267799467251287
62.392358051030385 223.18009366699204 28.268197590281709
62.393302663468219 222.68006898740731 28.268578990346075
62.394247275906046 222.18004430782253 28.268960390410442
62.395218651599023 221.68001968331151 28.269227532844003
62.39625896307939 221.17999520065769 28.269200374763557
62.397356856369129 220.67997083649652 28.268927388547503
62.398470158935979 220.17994650404484 28.268588617079043
62.399583461502814 219.67992217159315 28.268249845610583
62.401520213274011 219.17990394474634 28.267955854118391
62.405577449617113 218.6799014405949 28.267777176659308
62.411405307490995 218.17991206501955 28.267694787337625
62.417706751528087 217.67992620092986 28.267638152096509
62.424008195565179 217.17994033684016 28.26758151685539
62.42937001117847 216.67994819127077 28.267419950411298
62.432312762159768 216.17993987409048 28.266988239561723
62.433236269148452 215.67991805812727 28.266331033510127
62.433619968352744 215.1798926335124 28.265613545459011
62.434003667557029 214.67986720889752 28.264896057407896
62.435150517238576 214.17984603623995 28.264163773790262
62.438261597426163 213.67983580745826 28.263393408688096
62.443011687194044 213.17983471055666 28.262591267316395
62.448199706513428 212.67983605361647 28.261780635593183
62.453387725832812 212.17983739667625 28.260970003869971
62.457715924313135 211.67983447050588 28.260330184978315
62.459831636182102 211.17982055877422 28.260129900796329
62.460101837345533 210.67979748361051 28.260296247539017
62.45987919357573 210.17977196134581 28.260560503328264
62.459656549805921 209.6797464390811 28.260824759117511
62.459557997586707 209.17972095841941 28.261025040270646
62.459778678399836 208.67969558478427 28.261060742796289
62.460265550625842 208.17967030039293 28.260959211975312
62.460823472782991 207.67964503982185 28.260821051799077
62.46196419697749 207.17962256532007 28.260878615125989
62.464603919772856 206.67960725674033 28.261439589969275
62.468493233657853 206.17959792179676 28.262420217335851
62.472715942069001 205.67959018063658 28.263512809212507
62.476938650480143 205.17958243947641 28.264605401089167
62.481161358891285 204.67957469831629 28.265697992965826
62.48512869442736 204.17956521035313 28.266730109482243
62.488439399604843 203.67955123090309 28.2676067280529
62.491202962690359 203.17953350888848 28.268353776812731
62.49382064116741 202.67951478899312 28.269066278347267
62.496438319644462 202.17949606909764 28.269778779881797
62.498701689502397 201.67947628298458 28.270216742775666
62.500054267386233 201.17945375603375 28.269948971806425
62.500648187179237 200.67942894606026 28.269093349032985
62.501039932236381 200.1794035276842 28.268081069677777
62.501431677293525 199.67937810930812 28.267068790322575
62.502557379820907 199.17935664879104 28.266265640431904
62.505569325025519 198.67934535982022 28.265999945280875
62.510151883173847 198.17934254036527 28.266181771215521
62.515152769058915 197.67934197673887 28.26648279296073
62.520153654943982 197.17934141311247 28.266783814705938
62.52468838217348 196.67933755123133 28.26707865735715
62.528025394177419 196.17932521504662 28.267357623879359
62.53036545169698 195.67930582501907 28.267623375425529
62.532440111302137 195.17928455719749 28.267885609030671
62.534514770907286 194.67926328937588 28.268147842635813
62.536589430512436 194.17924202155433 28.268410076240954
62.538664090117592 193.67922075373281 28.268672309846096
62.540738749722749 193.17919948591125 28.268934543451238
62.542813409327906 192.6791782180897 28.269196777056386
62.544888068933055 192.17915695026818 28.269459010661528
62.546962728538205 191.67913568244657 28.26972124426667
62.549037388143361 191.17911441462496 28.269983477871811
62.551112047748511 190.67909314680344 28.270245711476953
62.55318670735366 190.17907187898189 28.270507945082098
62.555261366958817 189.67905061116033 28.27077017868724
62.557336026563966 189.17902934333875 28.271032412292385
62.559410686169116 188.67900807551715 28.271294645897527
62.561485345774273 188.17898680769559 28.271556879502668
62.563560005379422 187.67896553987407 28.27181911310781
62.565634664984572 187.17894427205249 28.272081346712955
62.567882183714516 186.67892390871191 28.272179755373006
62.57057339860684 186.17890586700014 28.271857656874264
62.573633428449511 185.67888975510311 28.271186018893218
62.576791436204978 185.17887415587302 28.27042152364357
62.579949443960437 184.67885855664295 28.269657028393919
62.583107451715904 184.17884295741288 28.268892533144264
62.586265459471363 183.67882735818284 28.26812803789462
62.589423467226823 183.17881175895278 28.267363542644965
62.592581474982282 182.67879615972271 28.266599047395317
62.595739482737748 182.17878056049261 28.265834552145662
62.598897490493201 181.67876496126252 28.265070056896015
62.602055498248667 181.17874936203242 28.264305561646363
62.605213506004134 180.67873376280232 28.263541066396712
62.608371513759593 180.17871816357217 28.262776571147064
62.611529521515052 179.67870256434202 28.262012075897413
62.614687529270512 179.17868696511186 28.261247580647762
62.617845537025971 178.67867136588183 28.260483085398107
62.621003544781431 178.17865576665179 28.259718590148459
62.62416155253689 177.67864016742172 28.258954094898808
62.627319560292349 177.17862456819165 28.258189599649157
62.631308554746155 176.67861853844562 28.257630999918224
62.637428401675805 176.17863704718934 28.257600366491314
62.645316993462103 175.67867592446078 28.2580079791163
62.653674464327551 175.17872020125412 28.258531767007888
62.662031935192985 174.6787644780475 28.259055554899469
62.670389406058433 174.17880875484087 28.259579342791056
62.678746876923881 173.67885303163422 28.260103130682637
62.687104347789322 173.17889730842757 28.260626918574218
62.695461818654763 172.67894158522085 28.261150706465806
62.703819289520212 172.1789858620142 28.26167449435739
62.712176760385653 171.67903013880755 28.262198282248974
62.720534231251094 171.17907441560092 28.262722070140562
62.728891702116542 170.67911869239427 28.263245858032143
62.737249172981976 170.17916296918764 28.263769645923727
62.745606643847424 169.67920724598099 28.264293433815311
62.754658944031611 169.17926615657194 28.26468185207705
62.765491639371916 168.67936256405841 28.264723406113646
62.777800637068211 168.17949006394323 28.264477340589472
62.790500371283137 167.67962579312839 28.264155150099832
62.803200105498071 167.17976152231353 28.263832959610195
62.815899839713005 166.67989725149869 28.263510769120558
62.828599573927931 166.18003298068385 28.263188578630917
62.841299308142865 165.68016870986892 28.26286638814128
62.853999042357799 165.18030443905403 28.262544197651643
62.866698776572733 164.68044016823916 28.262222007162002
62.879398510787659 164.18057589742432 28.261899816672365
62.892098245002586 163.68071162660948 28.261577626182724
62.90479797921752 163.18084735579455 28.261255435693087
62.917497713432446 162.68098308497966 28.260933245203447
62.931303775480607 162.18115457242942 28.260718431563276
62.947942696319402 161.68141762235382 28.260778566670467
62.966928351239773 161.18175652243383 28.261066468723989
62.986534209284315 160.68211546845927 28.261414565825941
63.006140067328843 160.18247441448472 28.261762662927893
63.025745925373393 159.68283336051013 28.262110760029849
63.045351783417935 159.18319230653552 28.262458857131797
63.064957641462485 158.68355125256096 28.262806954233749
63.08456349950702 158.18391019858643 28.263155051335701
63.104169357551562 157.68426914461187 28.263503148437657
63.123775215596098 157.18462809063735 28.263851245539609
63.144093737845445 156.68501817750555 28.264318032771445
63.166236125151116 156.18548796066625 28.265088574252434
63.189888249955075 155.68602371388374 28.266110553842083
63.213938911405762 155.18657688170828 28.267198907421118
63.237989572856449 154.68713004953284 28.268287261000147
63.262040234307136 154.18768321735737 28.269375614579179
63.286090895757823 153.68823638518194 28.270463968158211
63.31014155720851 153.18878955300647 28.271552321737239
63.334192218659211 152.68934272083095 28.272640675316268
63.358242880109898 152.18989588865543 28.273729028895303
63.382680344860944 151.69046861862199 28.274690397191769
63.408107221886382 151.19109138700199 28.275326947170704
63.434352513559482 150.69175554578263 28.275694816362289
63.460813610906229 150.19243061869258 28.275991837801481
63.487274708252983 149.69310569160254 28.276288859240672
63.513735805599737 149.19378076451244 28.276585880679868
63.540196902946491 148.69445583742234 28.276882902119063
63.566658000293245 148.1951309103323 28.277179923558258
63.593119097639985 147.69580598324225 28.277476944997449
63.620174371356356 147.19651475232143 28.277745716588583
63.648748835688153 146.69730967579289 28.277942258945671
63.678579152141992 146.19817581954135 28.278079092378867
63.708740306472038 145.69906072534374 28.278200196274145
63.738901460802097 145.19994563114614 28.278321300169424
63.76906261513215 144.7008305369485 28.278442404064698
63.799223769462188 144.2017154427509 28.278563507959973
63.82938492379224 143.70260034855329 28.278684611855248
63.859546078122293 143.2034852543556 28.278805715750526
63.889707232452352 142.70437016015794 28.278926819645797
63.919868386782404 142.20525506596033 28.279047923541075
63.950406225879199 141.7061636224079 28.278995129906569
63.981906659465167 141.20713261660802 28.278497951952261
64.014202227729271 140.70815153437769 28.277633697947692
64.046707020949071 140.20918358860951 28.276672854682886
64.079211814168872 139.71021564284132 28.275712011418079
64.111716607388672 139.21124769707308 28.274751168153273
64.144221400608473 138.71227975130492 28.273790324888466
64.176726193828273 138.21331180553676 28.27282948162366
64.209230987048073 137.71434385976863 28.271868638358853
64.240789604362533 137.21531987323425 28.271253065160526
64.269931418868254 136.71615274261805 28.2715194100725
64.297078155472491 136.21686744613686 28.272513781005642
64.323700441078643 135.7175510871063 28.273699529916129
64.350322726684794 135.21823472807577 28.274885278826616
64.376945012290946 134.71891836904527 28.276071027737103
64.403567297897084 134.21960201001474 28.277256776647597
64.430189583503221 133.72028565098424 28.278442525558081
64.456811869109387 133.22096929195374 28.279628274468571
64.483434154715539 132.72165293292315 28.280814023379058
64.510407553659633 132.22235606358956 28.281867574956951
64.538277338840587 131.72310895111303 28.282583629047075
64.566886556481379 131.22390288325954 28.283021280159424
64.595689933683104 130.72470759286907 28.283385828449191
64.624493310884844 130.22551230247856 28.283750376738951
64.653296688086584 129.72631701208809 28.28411492502871
64.682100065288324 129.22712172169753 28.284479473318473
64.710903442490064 128.72792643130697 28.284844021608237
64.73970681969179 128.22873114091647 28.285208569897996
64.76851019689353 127.72953585052596 28.285573118187756
64.797313574095256 127.23034056013546 28.285937666477516
64.826249579740619 126.73115303207973 28.28622747012605
64.85552400277453 126.23198531055277 28.286326553853563
64.885077375254653 125.73283391507888 28.286268431662734
64.914703908236064 125.23368680146413 28.286169078833353
64.94433044121746 124.73453968784935 28.286069726003973
64.97395697419887 124.23539257423457 28.285970373174585
65.003583507180281 123.73624546061978 28.285871020345205
65.033210040161691 123.23709834700495 28.285771667515821
65.062836573143102 122.73795123339013 28.285672314686437
65.092463106124512 122.23880411977535 28.285572961857056
65.121913400900453 121.73964673926704 28.285469586189947
65.150914219649536 121.24046317418376 28.285355950720692
65.179544800961295 120.74125804063102 28.285233864160325
65.208078382657121 120.24204725629035 28.285109563473267
65.236611964352932 119.74283647194962 28.284985262786211
65.265145546048757 119.24362568760887 28.28486096209916
65.293679127744582 118.74441490326819 28.284736661412104
65.322212709440407 118.24520411892752 28.284612360725049
65.350746291136218 117.74599333458684 28.284488060037994
65.379702529735013 117.24680782097099 28.284219021622302
65.409736240404584 116.7476867295851 28.283581005771051
65.440656924506769 116.24861867048463 28.28263924823456
65.471809766873761 115.7495644921645 28.281617988719752
65.502962609240754 115.25051031384442 28.280596729204952
65.534115451607747 114.75145613552434 28.279575469690148
65.565268293974739 114.25240195720427 28.278554210175344
65.596421136341732 113.75334777888418 28.277532950660543
65.627573978708725 113.25429360056413 28.276511691145743
65.658360247912867 112.75521737608582 28.275477305520134
65.688212439557134 112.25608497504123 28.274409472804592
65.717296195570242 111.75690635933861 28.273314124241569
65.746179020349217 111.25771565938598 28.272211580810211
65.775061845128164 110.75852495943337 28.271109037378849
65.803944669907139 110.25933425948071 28.270006493947491
65.832827494686114 109.76014355952805 28.268903950516133
65.861710319465061 109.26095285957544 28.267801407084775
65.890593144244036 108.76176215962282 28.266698863653417
65.919475969022983 108.26257145967021 28.265596320222059
65.948358793801958 107.76338075971762 28.264493776790697
65.977632339595203 107.26421361608851 28.263759763667103
66.007900943573588 106.76510646388971 28.263964295146437
66.038987500879415 106.26604862558109 28.264940324908345
66.070287674341785 105.7670036660559 28.26611783865766
66.101587847804154 105.26795870653068 28.267295352406972
66.132888021266524 104.76891374700546 28.268472866156287
66.164188194728894 104.26986878748025 28.269650379905599
66.195488368191263 103.77082382795504 28.270827893654918
66.226788541653633 103.27177886842978 28.27200540740423
66.258088715116003 102.77273390890451 28.273182921153541
66.28855134862394 102.27364077774331 28.27434541503726
66.316882079248074 101.77442502885005 28.2754696768407
66.343461623967983 101.27510855940068 28.276562534080369
66.36958434571298 100.77576581549121 28.27764719897095
66.395707067457977 100.27642307158175 28.278731863861527
66.421829789202974 99.777080327672337 28.279816528752107
66.447952510947971 99.277737583762942 28.280901193642684
66.474075232692968 98.778394839853547 28.281985858533261
66.500197954437965 98.279052095944138 28.283070523423845
66.525453871152621 97.779668663363211 28.284122177921304
66.548504388622845 97.280181707195908 28.285089844562798
66.569744522695231 96.780609769870438 28.285988566671712
66.59051286758384 96.281015686301686 28.286869321710892
66.611281212472463 95.781421602732934 28.287750076750076
66.632049557361086 95.281827519164196 28.288630831789259
66.652817902249708 94.782233435595458 28.289511586828439
66.673586247138331 94.282639352026706 28.290392341867623
66.69435459202694 93.783045268457897 28.291273096906803
66.715122936915563 93.283451184889088 28.292153851945983
66.735891281804172 92.783857101320336 28.293034606985167
66.756659626692795 92.284263017751613 28.293915362024343
66.777427971581417 91.784668934182861 28.294796117063527
66.79819631647004 91.285074850614109 28.29567687210271
66.818964661358649 90.785480767045371 28.296557627141887
66.839733006247272 90.285886683476562 28.29743838218107
66.860501351135895 89.786292599907767 28.298319137220247
66.878040762270032 89.286615082080999 28.298862401941918
66.888424337143036 88.786752660526105 28.298657733867387
66.89418304075717 88.286770734289078 28.297969671152956
66.899243775619126 87.786770772840001 28.29720865627732
66.904304510481083 87.286770811390909 28.296447641401684
66.909365245343039 86.786770849941746 28.295686626526049
66.91442598020501 86.286770888492597 28.294925611650413
66.919486715066952 85.786770927043506 28.294164596774777
66.924547449928909 85.286770965594428 28.293403581899142
66.929608184790865 84.786771004145322 28.292642567023506
66.934668919652836 84.286771042696245 28.291881552147871
66.939729654514792 83.786771081247153 28.291120537272235
66.944790389376749 83.286771119798004 28.290359522396599
66.949851124238705 82.786771158348841 28.289598507520964
66.954911859100662 82.28677119689975 28.288837492645328
66.959972593962618 81.786771235450672 28.288076477769696
66.965033328824575 81.28677127400158 28.28731546289406
66.970094063686531 80.786771312552432 28.286554448018425
66.975154798548488 80.286771351103269 28.285793433142789
66.980215533410444 79.786771389654177 28.285032418267154
66.984560931491842 79.286766674162919 28.284623706353887
66.987322133536509 78.786751430295411 28.284995210098302
66.989060953849474 78.286729391801956 28.285870236270959
66.990646251686854 77.786706333016582 28.286820872176552
66.992231549524234 77.286683274231166 28.287771508082145
66.993816847361614 76.786660215445735 28.288722143987734
66.995402145198995 76.286637156660362 28.289672779893326
66.99698744303636 75.786614097875002 28.290623415798919
66.99857274087374 75.286591039089629 28.291574051704508
67.000739363999401 74.786571464264654 28.293098584813976
67.00419299076195 74.28655960262499 28.295893676427397
67.008476648933453 73.786552715474755 28.299508193437106
67.01288466016527 73.286546573589106 28.303245474543019
67.017292671397087 72.7865404317035 28.306982755648932
67.021700682628918 72.286534289817908 28.310720036754844
67.026108693860735 71.786528147932316 28.314457317860757
67.030271433100751 71.286520135675147 28.317605893444757
67.033891361392818 70.786507984102499 28.319451606031549
67.037161483764521 70.286493165013454 28.320457709189661
67.040379339171949 69.786477947352026 28.321338360394392
67.043597194579363 69.286462729690655 28.322219011599124
67.04681504998679 68.786447512029284 28.323099662803852
67.050032905394218 68.286432294367913 28.323980314008583
67.053250760801632 67.786417076706542 28.324860965213315
67.05646861620906 67.286401859045156 28.325741616418043
67.059686471616487 66.786386641383729 28.326622267622774
67.062904327023915 66.286371423722301 28.327502918827506
67.066122182431329 65.78635620606093 28.328383570032237
67.069340037838742 65.286340988399559 28.329264221236965
67.07255789324617 64.786325770738188 28.330144872441696
67.075775748653598 64.286310553076746 28.331025523646424
67.078993604061026 63.786295335415318 28.331906174851156
67.082211459468439 63.286280117753947 28.332786826055887
67.085429314875867 62.786264900092576 28.333667477260619
67.088647170283295 62.286249682431205 28.33454812846535
67.091865025690709 61.786234464769834 28.335428779670078
67.095082881098136 61.286219247108455 28.33630943087481
67.098300736505564 60.786204029447028 28.337190082079537
67.101518591912978 60.286188811785593 28.338070733284269
67.104736447320406 59.786173594124222 28.338951384489
67.107954302727819 59.286158376462851 28.339832035693732
67.110896631916944 58.786141753426904 28.340511255443275
67.113229727858311 58.286122022879368 28.34074507750837
67.115170935959128 57.786100293432384 28.340692398570113
67.117053963248821 57.286078267222898 28.340597184857778
67.118936990538515 56.786056241013412 28.340501971145443
67.120820017828194 56.28603421480399 28.340406757433108
67.122703045117888 55.786012188594569 28.34031154372077
67.124586072407567 55.285990162385147 28.340216330008435
67.12646909969726 54.785968136175718 28.3401211162961
67.128352126986954 54.285946109966297 28.340025902583765
67.130235154276647 53.785924083756811 28.33993068887143
67.132118181566327 53.285902057547332 28.339835475159095
67.134001208856006 52.785880031337911 28.33974026144676
67.135884236145699 52.285858005128489 28.339645047734422
67.137767263435393 51.785835978919053 28.339549834022087
67.139650290725072 51.285813952709631 28.339454620309752
67.141790726378161 50.785793216549429 28.339630913107154
67.14450002498323 50.285775331350187 28.340407225237961
67.147574824402113 49.785759277925308 28.341569056506351
67.150703670046198 49.28574349536305 28.342787894088673
67.153832515690283 48.785727712800806 28.344006731670994
67.156961361334382 48.285711930238548 28.345225569253316
67.160090206978467 47.78569614767629 28.346444406835637
67.163219052622566 47.28568036511404 28.347663244417959
67.16634789826665 46.785664582551732 28.348882082000276
67.169476743910735 46.285648799989417 28.350100919582598
67.17260558955482 45.785633017427159 28.351319757164923
67.175734435198919 45.285617234864915 28.352538594747241
67.178863280843004 44.785601452302657 28.353757432329562
67.181992126487089 44.285585669740286 28.354976269911887
67.185120972131188 43.785569887177864 28.356195107494209
67.188249817775272 43.285554104615557 28.357413945076527
67.191378663419357 42.785538322053299 28.358632782658844
67.194507509063442 42.285522539491048 28.359851620241166
67.197636354707541 41.785506756928797 28.361070457823491
67.20076520035164 41.285490974366539 28.362289295405812
67.203894045995725 40.785475191804231 28.36350813298813
67.207022891639809 40.285459409241923 28.364726970570452
67.210151737283894 39.785443626679665 28.365945808152773
67.212978937347117 39.285426396284549 28.366884838928737
67.215140060636344 38.785405968866485 28.367206016082001
67.216873967120222 38.285383490901118 28.367130906408924
67.218545087991885 37.785360711578527 28.366997556725867
67.220216208863533 37.285337932255885 28.366864207042809
67.221887329735196 36.785315152933244 28.366730857359748
67.223558450606859 36.285292373610659 28.366597507676691
67.225229571478508 35.785269594288074 28.366464157993633
67.226900692350171 35.28524681496549 28.366330808310572
67.228571813221834 34.785224035642848 28.366197458627514
67.230242934093496 34.285201256320207 28.366064108944453
67.231914054965159 33.785178476997622 28.365930759261392
67.233585175836808 33.285155697675037 28.365797409578335
67.235256296708457 32.785132918352453 28.365664059895273
67.236927417580134 32.285110139029868 28.365530710212212
67.238598538451782 31.785087359707283 28.365397360529151
67.240269659323445 31.285064580384645 28.365264010846094
67.242215440053116 30.785043083168368 28.364816102150492
67.244767360789453 30.28502441540077 28.363674000996856
67.247707581965045 29.785007560211344 28.362087191964786
67.25070462343129 29.284990970257823 28.36043530849977
67.25370166489752 28.784974380304298 28.358783425034755
67.256698706363764 28.284957790350777 28.357131541569739
67.259695747829994 27.784941200397199 28.35547965810472
67.262692789296224 27.284924610443618 28.353827774639704
67.265689830762454 26.784908020490096 28.352175891174689
67.268686872228699 26.284891430536575 28.350524007709673
67.271683913694929 25.784874840583051 28.348872124244657
67.274680955161159 25.284858250629529 28.347220240779642
67.277677996627403 24.784841660676008 28.345568357314626
67.280675038093634 24.284825070722427 28.343916473849614
67.283672079559864 23.784808480768845 28.342264590384598
67.286669121026094 23.28479189081532 28.340612706919579
67.289666162492324 22.784775300861803 28.338960823454563
67.292663203958554 22.284758710908282 28.337308939989551
67.295660245424784 21.784742120954757 28.335657056524536
67.298657286891029 21.284725531001232 28.334005173059516
67.301654328357273 20.784708941047654 28.332353289594501
67.304651369823503 20.284692351094076 28.330701406129485
67.307648411289733 19.784675761140551 28.329049522664469
67.310647303292342 19.284659182295428 28.327974763454954
67.313650275694471 18.78464262794412 28.328172552863123
67.316655857286406 18.284626089255195 28.329184066740169
67.319661818205077 17.784609552843293 28.330313880723907
67.322667779123748 17.284593016431447 28.331443694707637
67.325673740042404 16.784576480019602 28.332573508691375
67.328679700961061 16.284559943607757 28.33370332267511
67.331685661879732 15.784543407195912 28.334833136658848
67.334691622798402 15.284526870784065 28.335962950642578
67.337697583717059 14.784510334372165 28.33709276462632
67.34070354463573 14.284493797960263 28.338222578610051
67.343709505554386 13.784477261548417 28.339352392593788
67.346715466473057 13.284460725136572 28.340482206577526
67.349721427391728 12.784444188724727 28.341612020561257
67.352727388310385 12.284427652312882 28.342741834544995
67.355733349229041 11.784411115901037 28.343871648528733
67.358739310147712 11.284394579489135 28.345001462512471
67.360581707857193 10.784377566274564 28.345793697578632
67.359860010030573 10.284359502349972 28.345842024115566
67.357500810759376 9.784340767413223 28.345415270346749
67.354904642370485 9.2843219353717323 28.344919765883837
67.35230847398158 8.7843031033302417 28.344424261420929
67.349712305592689 8.2842842712887492 28.343928756958025
67.347116137203798 7.7842654392472008 28.343433252495117
67.344519968814893 7.2842466072056524 28.342937748032206
67.341916396054472 6.7842278139297383 28.342440095355315
67.339294579637723 6.284209116168471 28.341937149686636
67.336658489022895 5.784190493139759 28.341430062676348
67.334018963494785 5.2841718880945363 28.340921979102252
67.331379437966675 4.7841532830493136 28.340413895528155
67.328739912438564 4.284134678004035 28.339905811954054
67.326100386910454 3.7841160729587568 28.339397728379957
67.323460861382344 3.2840974679135346 28.338889644805864
67.320821335854248 2.7840788628683129 28.338381561231763
67.318181810326138 2.2840602578230906 28.337873477657666
67.315542284798028 1.7840416527778689 28.337365394083569
67.312902759269917 1.2840230477326469 28.336857310509473
67.310263233741807 0.78400444268736824 28.336349226935376
67.307623708213697 0.28398583764208951 28.335841143361279
67.304984182685587 -0.21603276740313238 28.335333059787182
67.302822770335197 -0.71605255934875256 28.335003112136839
67.301838589655276 -1.2160752737336686 28.335111778732781
67.301774532783128 -1.7161002722960386 28.335563266050062
67.301931481226021 -2.216125819496908 28.336097095766135
67.302088429668913 -2.7161513666977211 28.336630925482211
67.30224537811182 -3.2161769138985337 28.337164755198287
67.302402326554713 -3.7162024610993463 28.337698584914357
67.302559274997591 -4.2162280083001589 28.338232414630429
67.302716223440484 -4.7162535555009715 28.338766244346502
67.302873171883377 -5.2162791027018409 28.339300074062578
67.30303012032627 -5.7163046499027104 28.339833903778647
67.303187068769162 -6.2163301971035221 28.340367733494723
67.303344017212055 -6.7163557443043347 28.340901563210796
67.303500965654948 -7.2163812915051473 28.341435392926869
67.30365791409784 -7.7164068387059608 28.341969222642938
67.303814862540733 -8.2164323859067725 28.34250305235901
67.304446010612494 -8.7164564706769987 28.3428833361776
67.306243916366114 -9.2164769571690197 28.342885823716941
67.30895273859683 -9.7164946343965095 28.342593356390232
67.311879919251666 -10.216511638207086 28.342230184579247
67.314807099906503 -10.716528642017662 28.341867012768258
67.317734280561353 -11.216545645828237 28.341503840957273
67.32066146121619 -11.716562649638814 28.341140669146284
67.323588641871027 -12.216579653449447 28.340777497335303
67.326515822525863 -12.71659665726008 28.340414325524314
67.3294430031807 -13.216613661070655 28.340051153713326
67.332370183835536 -13.716630664881233 28.33968798190234
67.335297364490373 -14.21664766869181 28.339324810091352
67.338224545145209 -14.716664672502386 28.338961638280367
67.341151725800046 -15.216681676312961 28.338598466469378
67.344078906454882 -15.716698680123594 28.338235294658389
67.347006087109719 -16.216715683934225 28.337872122847408
67.349933267764555 -16.716732687744802 28.337508951036419
67.352860448419392 -17.216749691555378 28.33714577922543
67.355787629074243 -17.716766695365955 28.336782607414449
67.358714809729079 -18.216783699176588 28.33641943560346
67.361641990383916 -18.716800702987221 28.336056263792472
67.364569171038752 -19.216817706797798 28.33569309198149
67.367496351693603 -19.716834710608374 28.335329920170501
67.37042353234844 -20.216851714418951 28.334966748359513
67.373075661831223 -20.716869887266679 28.334757594239562
67.375051756496219 -21.216890933433636 28.334926992666482
67.376500935041719 -21.716914219127624 28.335391443114048
67.377824181113482 -22.216938040066534 28.335926410726422
67.379147427185274 -22.716961861005384 28.336461378338793
67.380470673257051 -23.216985681944234 28.33699634595116
67.381793919328828 -23.71700950288314 28.337531313563531
67.38311716540062 -24.2170333238221 28.338066281175905
67.384440411472397 -24.717057144761011 28.338601248788272
67.385763657544189 -25.217080965699914 28.339136216400643
67.387086903615966 -25.717104786638821 28.339671184013014
67.388410149687758 -26.217128607577671 28.340206151625381
67.389733395759535 -26.717152428516521 28.340741119237748
67.391056641831312 -27.21717624945537 28.341276086850122
67.392379887903104 -27.717200070394277 28.341811054462493
67.393703133974881 -28.217223891333184 28.34234602207486
67.395210448576989 -28.717247027828918 28.342683810833599
67.397169852914089 -29.217268483267553 28.34253730966222
67.399481231130238 -29.717288629921363 28.342013765191503
67.401876562020746 -30.217308464404319 28.341400288497933
67.404271892911254 -30.717328298887274 28.340786811804364
67.406667223801747 -31.217348133370283 28.340173335110798
67.409062554692255 -31.717367967853299 28.339559858417228
67.411457885582763 -32.217387802336255 28.338946381723659
67.413853216473257 -32.71740763681921 28.338332905030093
67.41624854736375 -33.217427471302166 28.337719428336523
67.418643878254258 -33.717447305785122 28.337105951642954
67.421039209144766 -34.217467140268077 28.336492474949388
67.423434540035259 -34.71748697475109 28.335878998255819
67.425829870925767 -35.217506809234102 28.335265521562249
67.428225201816275 -35.717526643717058 28.334652044868683
67.430620532706769 -36.217546478200013 28.334038568175117
67.433015863597277 -36.717566312682969 28.333425091481551
67.43541119448777 -37.217586147165918 28.332811614787978
67.437806525378278 -37.717605981648873 28.332198138094409
67.440201856268772 -38.217625816131886 28.331584661400839
67.442597187159279 -38.717645650614898 28.330971184707273
67.444992518049787 -39.217665485097854 28.330357708013707
67.447387848940281 -39.717685319580809 28.329744231320142
67.449783179830789 -40.217705154063765 28.329130754626572
67.452001844004883 -40.717725653411875 28.328850608518071
67.453787063663384 -41.217747783979277 28.329388275277232
67.455235394439995 -41.717771182389846 28.330561576016514
67.456603614133854 -42.217794882289382 28.331886028453329
67.457971833827713 -42.717818582188869 28.333210480890145
67.459340053521572 -43.217842282088355 28.334534933326957
67.460708273215431 -43.717865981987842 28.335859385763776
67.46207649290929 -44.217889681887321 28.337183838200588
67.463444712603163 -44.717913381786801 28.338508290637407
67.464812932297022 -45.217937081686344 28.339832743074219
67.466181151990881 -45.717960781585887 28.341157195511034
67.46754937168474 -46.217984481485374 28.342481647947853
67.468917591378599 -46.718008181384853 28.343806100384668
67.470285811072458 -47.21803188128434 28.34513055282148
67.471654030766317 -47.718055581183883 28.346455005258299
67.473022250460176 -48.218079281083419 28.347779457695111
67.474390470154034 -48.718102980982906 28.34910391013193
67.47582442653632 -49.218126475917906 28.35045932724546
67.477419536335475 -49.718149468382705 28.351890654228711
67.479139742903044 -50.218172070800563 28.353380906921267
67.480889629510614 -50.718194580677185 28.354885140130115
67.482639516118198 -51.218217090553857 28.356389373338963
67.484389402725782 -51.718239600430536 28.357893606547812
67.486139289333366 -52.218262110307165 28.35939783975666
67.487889175940936 -52.71828462018378 28.360902072965505
67.48963906254852 -53.218307130060403 28.36240630617435
67.491388949156089 -53.718329639937025 28.363910539383198
67.493138835763673 -54.21835214981364 28.365414772592047
67.494888722371257 -54.718374659690319 28.366919005800895
67.496638608978827 -55.218397169566998 28.368423239009743
67.498388495586411 -55.718419679443613 28.369927472218592
67.500138382193995 -56.218442189320243 28.37143170542744
67.501888268801565 -56.718464699196858 28.372935938636282
67.503638155409149 -57.218487209073487 28.37444017184513
67.505388042016733 -57.718509718950116 28.375944405053978
67.507137928624303 -58.218532228826788 28.377448638262827
67.508887815231887 -58.718554738703467 28.378952871471675
67.510637701839471 -59.21857724858009 28.38045710468052
67.512387588447041 -59.718599758456705 28.381961337889368
67.514137475054611 -60.218622268333327 28.383465571098213
67.516228484938935 -60.718642910057739 28.384029246008851
67.519154839700249 -61.218658977038984 28.382289675701333
67.522728514385363 -61.718671498990588 28.378765289852158
67.526455287394029 -62.218683182503455 28.37481877538125
67.530182060402694 -62.718694866016264 28.370872260910353
67.53390883341136 -63.218706549529067 28.366925746439453
67.537635606420011 -63.718718233041876 28.362979231968552
67.541362379428676 -64.218729916554736 28.359032717497648
67.545498075483579 -64.718737583998262 28.355623886038792
67.550634580435769 -65.218735422409168 28.353530993965855
67.556545934043768 -65.718725650963023 28.35245693162863
67.562640250456553 -66.218714082622995 28.351623442653239
67.568734566869352 -66.718702514282981 28.350789953677847
67.574828883282123 -67.218690945942967 28.349956464702451
67.580923199694908 -67.71867937760301 28.349122975727063
67.587017516107693 -68.218667809263053 28.348289486751671
67.593111832520478 -68.718656240923025 28.347455997776279
67.598529301601488 -69.218650271796008 28.346810262781503
67.602290906865207 -69.718658000786348 28.346623855922424
67.604771326489654 -70.218676328372482 28.34679284339289
67.606949576960361 -70.718697155650005 28.34704565103781
67.609127827431081 -71.218717982927586 28.347298458682737
67.611306077901787 -71.718738810205167 28.347551266327663
67.613484328372493 -72.218759637482691 28.34780407397259
67.6156625788432 -72.718780464760215 28.348056881617516
67.617840829313906 -73.218801292037739 28.34830968926244
67.620019079784612 -73.718822119315263 28.348562496907363
67.622197330255332 -74.218842946592787 28.348815304552289
67.624375580726053 -74.718863773870368 28.349068112197216
67.626553831196759 -75.218884601147948 28.349320919842143
67.628732081667465 -75.718905428425458 28.349573727487069
67.630910332138171 -76.218926255702996 28.349826535131992
67.633088582608877 -76.718947082980506 28.350079342776915
67.635266833079598 -77.21896791025803 28.350332150421842
67.637445083550318 -77.718988737535554 28.350584958066769
67.639623334021024 -78.219009564813135 28.350837765711695
67.641801584491731 -78.719030392090716 28.351090573356618
67.643979834962437 -79.219051219368239 28.351343381001545
67.646158085433143 -79.719072046645763 28.351596188646468
67.648336335903849 -80.219092873923287 28.351848996291395
67.65051458637457 -80.719113701200868 28.352101803936321
67.652973547054486 -81.219132850521348 28.352275843717038
67.656118525997655 -81.719147899138676 28.352257385356879
67.659793410839654 -82.219159780221162 28.35209023430756
67.663592893526456 -82.719170916514798 28.351888120845768
67.667392376213257 -83.219182052808435 28.351686007383975
67.671191858900045 -83.719193189102057 28.351483893922186
67.67499134158686 -84.219204325395737 28.351281780460393
67.678790824273662 -84.71921546168943 28.351079666998601
67.682590306960464 -85.219226597983052 28.350877553536812
67.685593774041195 -85.719240125948687 28.350747756447792
67.686652649811805 -86.219259496544311 28.350794621460619
67.686210389780442 -86.719283377383775 28.35097786155881
67.685415569651141 -87.21930831750916 28.351193131013311
67.684620749521841 -87.719333257634588 28.351408400467808
67.68382592939254 -88.21935819776003 28.351623669922304
67.68303110926324 -88.719383137885387 28.351838939376798
67.682822627731952 -89.219407026906865 28.35195162884192
67.684046078710765 -89.719428348964641 28.351813801588253
67.686374378915787 -90.219447690406881 28.351482680865132
67.688961934434886 -90.719466567093278 28.351106203401976
67.691549489953985 -91.219485443779746 28.35072972593882
67.694137045473099 -91.7195043204662 28.350353248475663
67.696724600992212 -92.219523197152654 28.349976771012503
67.699312156511311 -92.719542073839179 28.349600293549344
67.701899712030411 -93.219560950525633 28.349223816086187
67.704487267549524 -93.719579827212087 28.348847338623028
67.707074823068638 -94.219598703898555 28.348470861159868
67.709662378587751 -94.719617580584952 28.348094383696711
67.71224993410685 -95.219636457271349 28.347717906233552
67.71483748962595 -95.719655333957775 28.347341428770392
67.717425045145063 -96.219674210644172 28.346964951307235
67.720012600664177 -96.719693087330569 28.346588473844076
67.722600156183276 -97.219711964017037 28.346211996380923
67.725187711702389 -97.719730840703491 28.34583551891776
67.727775267221489 -98.219749717389902 28.345459041454603
67.730362822740602 -98.719768594076299 28.345082563991447
67.732950378259716 -99.219787470762697 28.344706086528287
67.735537933778829 -99.719806347449094 28.344329609065127
67.738125489297929 -100.21982522413552 28.343953131601971
67.740713044817028 -100.71984410082197 28.343576654138815
67.743335719259335 -101.21986278866899 28.343172845110093
67.746044069735092 -101.71988101582377 28.342702358065253
67.748818415508254 -102.21989888811251 28.34218050968488
67.751608199468521 -102.7199166773879 28.34164664641952
67.754397983428788 -103.21993446666332 28.341112783154156
67.757187767389041 -103.71995225593869 28.340578919888792
67.759977551349309 -104.21997004521415 28.340045056623431
67.762767335309562 -104.7199878344896 28.339511193358071
67.765557119269829 -105.220005623765 28.33897733009271
67.767989198897311 -105.72002467251568 28.338304171924893
67.769548968745752 -106.22004679266502 28.337291324537681
67.77043723203451 -106.72007127718577 28.336016983419032
67.771168594209797 -107.22009631415462 28.334681542885889
67.771899956385099 -107.72012135112351 28.333346102352753
67.7726313185604 -108.22014638809242 28.332010661819616
67.773362680735687 -108.72017142506127 28.330675221286473
67.774372727172462 -109.22019560775112 28.329526458169376
67.776062161634826 -109.72021770784428 28.328832784982474
67.778274319363916 -110.22023820558113 28.328489259407846
67.780608496595619 -110.72025832927923 28.328227468931338
67.782942673827336 -111.22027845297728 28.327965678454824
67.785276851059052 -111.72029857667536 28.327703887978313
67.787611028290755 -112.22031870037341 28.327442097501802
67.789945205522457 -112.72033882407149 28.327180307025294
67.792279382754174 -113.22035894776955 28.32691851654878
67.794613559985876 -113.72037907146768 28.326656726072269
67.796947737217579 -114.22039919516581 28.326394935595754
67.799281914449296 -114.72041931886386 28.326133145119243
67.801616091681012 -115.22043944256194 28.325871354642736
67.803950268912715 -115.72045956625999 28.325609564166221
67.806284446144417 -116.22047968995807 28.325347773689714
67.808618623376134 -116.72049981365613 28.325085983213199
67.810952800607836 -117.22051993735425 28.324824192736685
67.813286977839553 -117.72054006105239 28.324562402260177
67.815621155071256 -118.22056018475044 28.324300611783666
67.817955332302972 -118.7205803084485 28.324038821307155
67.820289509534675 -119.22060043214657 28.323777030830641
67.822623686766377 -119.72062055584465 28.323515240354126
67.824957863998094 -120.22064067954271 28.323253449877619
67.827461582760009 -120.72065984675481 28.323013137125638
67.830378204192385 -121.22067668453397 28.322825131379535
67.833612006375091 -121.72069173290518 28.322677306471562
67.836919628167863 -122.22070636481547 28.322538833120397
67.84022724996062 -122.72072099672576 28.322400359769226
67.843534871753377 -123.22073562863605 28.322261886418062
67.84684249354612 -123.72075026054632 28.32212341306689
67.850150115338892 -124.22076489245667 28.321984939715726
67.853457737131649 -124.720779524367 28.321846466364558
67.856765358924406 -125.22079415627729 28.321707993013387
67.86064885063189 -125.7208030759712 28.321389085450022
67.865934213292746 -126.22079809011107 28.320630937227264
67.872295708116084 -126.72078242979205 28.319535610322326
67.878907334063314 -127.22076428835175 28.318361911182393
67.885518960010529 -127.72074614691138 28.317188212042453
67.892130585957773 -128.22072800547102 28.31601451290252
67.898742211904988 -128.72070986403065 28.314840813762586
67.904558587773124 -129.22069861185184 28.314007004064241
67.908439660739845 -129.72070412522663 28.314000341749797
67.910835878140972 -130.22072250192412 28.314628305878394
67.912887292798857 -130.72074386565214 28.315403638507721
67.914938707456741 -131.22076522938011 28.316178971137049
67.91699012211464 -131.72078659310807 28.316954303766373
67.919041536772539 -132.22080795683604 28.317729636395701
67.921092951430424 -132.72082932056401 28.318504969025032
67.923144366088309 -133.22085068429197 28.319280301654352
67.925195780746208 -133.72087204802 28.320055634283683
67.927247195404092 -134.22089341174802 28.320830966913014
67.929298610061977 -134.72091477547599 28.321606299542339
67.931350024719876 -135.22093613920399 28.322381632171663
67.933401439377775 -135.72095750293195 28.32315696480099
67.93545285403566 -136.22097886665992 28.323932297430318
67.937504268693544 -136.72100023038789 28.324707630059642
67.939555683351443 -137.22102159411591 28.325482962688973
67.941607098009328 -137.72104295784396 28.326258295318301
67.943658512667213 -138.22106432157193 28.327033627947628
67.947526676990165 -138.72105932903159 28.327709248092258
67.955812334946501 -139.22099025025545 28.328142413662782
67.967482731174414 -139.72087206781259 28.328389807539168
67.979937121705603 -140.22074251167055 28.328594171810828
67.992391512236807 -140.72061295552857 28.328798536082491
68.004845902767997 -141.22048339938661 28.329002900354155
68.017300293299186 -141.72035384324457 28.329207264625815
68.02975468383039 -142.22022428710252 28.329411628897475
68.042404994977602 -142.72008961723188 28.330232175040553
68.05554739477671 -143.21994210334384 28.332600368963629
68.069086210031571 -143.71978424260669 28.336215312832476
68.082725272706313 -144.21962376530939 28.340145540738504
68.097940082896059 -144.71940525921795 28.343316524113899
68.117111475729914 -145.21904104722012 28.344581101987167
68.139468791306967 -145.7185595097921 28.344310602448104
68.162631194498132 -146.21804832404609 28.343652186468191
68.185793597689297 -146.71753713830012 28.342993770488278
68.208956000880448 -147.21702595255414 28.342335354508364
68.234348029126664 -147.71638120511216 28.341884091486307
68.265336889415593 -148.21540118946979 28.34195282634893
68.300830538624865 -148.71415132251468 28.342440098107364
68.33746176976679 -149.21283331075114 28.343033061834774
68.374093000908715 -149.71151529898759 28.343626025562187
68.412345321165333 -150.21006218718736 28.344344256895745
68.454665961077666 -150.70827002546696 28.345376862472946
68.500259972957224 -151.20620506401636 28.346662413718995
68.546680126263055 -151.70407125271907 28.348011803996389
68.593100279568858 -152.20193744142176 28.349361194273786
68.63952043287469 -152.69980363012448 28.35071058455118
68.685940586180507 -153.19766981882719 28.35205997482857
68.732360739486339 -153.69553600752994 28.353409365105968
68.778981984289587 -154.1933831995666 28.354387098658783
68.826107691872394 -154.69118273612747 28.354432485559848
68.873639050522044 -155.18894395173515 28.353728149331126
68.921272688956407 -155.68669550519925 28.352834779899801
68.968906327390755 -156.18444705866335 28.351941410468473
69.016539965825103 -156.68219861212745 28.351048041037146
69.064173604259466 -157.17995016559161 28.350154671605814
69.111807242693828 -157.67770171905576 28.349261302174487
69.159440881128177 -158.17545327251986 28.348367932743159
69.207074519562539 -158.67320482598396 28.347474563311835
69.254708157996902 -159.17095637944806 28.346581193880503
69.30234179643125 -159.66870793291216 28.345687824449179
69.349975434865598 -160.16645948637631 28.344794455017851
69.397609073299975 -160.66421103984058 28.343901085586523
69.445242711734338 -161.16196259330479 28.343007716155199
69.493564278585424 -161.65964541978229 28.342096563031713
69.543610361499105 -162.15715595974066 28.341140829306472
69.595041691287733 -162.65452810762056 28.340149285454206
69.646821680305479 -163.15186542295461 28.339148728384501
69.69860166932321 -163.64920273828866 28.338148171314806
69.750381658340956 -164.14654005362266 28.337147614245104
69.802161647358702 -164.64387736895665 28.336147057175403
69.853941636376447 -165.14121468429065 28.335146500105701
69.905721625394179 -165.63855199962464 28.334145943035999
69.957501614411925 -166.13588931495863 28.333145385966301
70.009281603429685 -166.63322663029268 28.332144828896602
70.061061592447416 -167.13056394562673 28.331144271826901
70.112841581465162 -167.62790126096073 28.330143714757199
70.164621570482893 -168.12523857629472 28.329143157687497
70.216401559500639 -168.62257589162871 28.328142600617795
70.268181548518385 -169.11991320696271 28.327142043548093
70.31996153753613 -169.6172505222967 28.326141486478392
70.371741526553876 -170.11458783763075 28.325140929408697
70.42279033590998 -170.61199801226832 28.324768266426506
70.472007791685272 -171.10959067440291 28.325968262184521
70.519756079283866 -171.60732973362121 28.328429893160397
70.567135372624932 -172.10510556172957 28.331208394701456
70.614514665965999 -172.60288138983799 28.333986896242514
70.661893959307065 -173.10065721794643 28.336765397783569
70.709273252648131 -173.59843304605477 28.339543899324628
70.756652545989198 -174.09620887416312 28.342322400865683
70.804031839330264 -174.59398470227148 28.345100902406742
70.851411132671345 -175.09176053037987 28.347879403947793
70.898790426012411 -175.5895363584882 28.350657905488852
70.946169719353492 -176.08731218659662 28.353436407029911
70.993549012694544 -176.58508801470504 28.356214908570966
71.040928306035624 -177.08286384281337 28.358993410112021
71.088269800187916 -177.58064326002034 28.361279552293741
71.13551670002694 -178.07843165912158 28.362333541167338
71.18268780880571 -178.57622725471552 28.362400301502703
71.229839921648718 -179.07402465400654 28.362219627248621
71.276992034491755 -179.57182205329761 28.362038952994546
71.324144147334792 -180.06961945258868 28.361858278740467
71.371296260177814 -180.56741685187973 28.361677604486388
71.418448373020823 -181.06521425117074 28.361496930232306
71.465600485863831 -181.56301165046176 28.361316255978231
71.512752598706868 -182.06080904975278 28.361135581724149
71.559904711549876 -182.55860644904379 28.36095490747007
71.607056824392913 -183.05640384833487 28.360774233215992
71.65420893723595 -183.554201247626 28.360593558961916
71.701361050078958 -184.05199864691701 28.360412884707834
71.748513162921995 -184.54979604620803 28.360232210453756
71.797366392729387 -185.04741467133232 28.360409846587856
71.85047380420815 -185.54458621503932 28.36148355131569
71.906986228136518 -186.04139991841194 28.363274462066464
71.964350599807503 -186.53812408870076 28.365244820634608
72.021714971478474 -187.0348482589896 28.367215179202759
72.079079343149459 -187.53157242927841 28.369185537770903
72.136443714820444 -188.02829659956717 28.371155896339054
72.193157798350498 -188.52509328307303 28.372765835396354
72.248246234038589 -189.02207124153603 28.373474765865062
72.302034238465438 -189.51919421026207 28.373462937689148
72.355497171332146 -190.01635342751109 28.373270939946345
72.408960104198854 -190.51351264476011 28.373078942203541
72.462423037065548 -191.0106718620091 28.372886944460731
72.515885969932256 -191.5078310792581 28.372694946717928
72.569348902798964 -192.00499029650706 28.372502948975118
72.622811835665658 -192.50214951375608 28.372310951232311
72.676274768532366 -192.99930873100516 28.372118953489505
72.72973770139906 -193.49646794825415 28.371926955746702
72.783200634265768 -193.99362716550311 28.371734958003891
72.836663567132462 -194.49078638275211 28.371542960261085
72.890126499999155 -194.98794560000107 28.371350962518278
72.943589432865849 -195.48510481725009 28.371158964775475
72.997052365732571 -195.98226403449911 28.370966967032665
73.050515298599265 -196.47942325174813 28.370774969289858
73.103978231465973 -196.97658246899712 28.370582971547051
73.157441164332667 -197.47374168624609 28.370390973804248
73.210904097199375 -197.97090090349508 28.370198976061438
73.264367030066069 -198.46806012074404 28.370006978318631
73.317829962932763 -198.96521933799306 28.369814980575825
73.371458313211676 -199.46236060000894 28.369620276705941
73.425499769991191 -199.95945702137942 28.369418814667899
73.479871187535309 -200.45651762715838 28.369211954674782
73.534324876755619 -200.95356930275818 28.369003748767668
73.588778565975929 -201.45062097835796 28.368795542860546
73.643232255196239 -201.94767265395777 28.368587336953432
73.697685944416563 -202.44472432955757 28.368379131046318
73.752139633636887 -202.94177600515741 28.368170925139196
73.806593322857211 -203.43882768075724 28.367962719232082
73.86104701207752 -203.93587935635708 28.367754513324961
73.915500701297844 -204.43293103195688 28.367546307417843
73.969954390518154 -204.92998270755669 28.367338101510729
74.024408079738478 -205.42703438315647 28.367129895603615
74.078861768958802 -205.92408605875625 28.366921689696497
74.133315458179112 -206.42113773435614 28.366713483789376
74.18776914739945 -206.918189409956 28.366505277882261
74.24222283661976 -207.41524108555578 28.366297071975147
74.29667652584007 -207.91229276115558 28.366088866068029
74.351130215060394 -208.40934443675536 28.365880660160911
74.405583904280718 -208.90639611235525 28.365672454253797
74.460037593501042 -209.40344778795509 28.365464248346676
74.514491282721352 -209.90049946355489 28.365256042439558
74.568944971941676 -210.3975511391547 28.36504783653244
74.623398661161986 -210.89460281475448 28.364839630625326
74.67785235038231 -211.39165449035431 28.364631424718208
74.732306039602634 -211.88870616595409 28.364423218811091
74.787197129867337 -212.38570875790739 28.36453398191701
74.843179263537181 -212.88258891670807 28.36544037421168
74.900031280884093 -213.37937146014303 28.366981117844766
74.957099539547372 -213.87612973771832 28.368679552640543
75.01416779821065 -214.37288801529365 28.370377987436321
75.0712360568739 -214.86964629286894 28.372076422232094
75.128304315537179 -215.36640457044422 28.373774857027868
75.185372574200443 -215.86316284801961 28.375473291823646
75.242440832863721 -216.35992112559495 28.377171726619416
75.299509091527 -216.85667940317026 28.378870161415193
75.356577350190264 -217.35343768074554 28.380568596210967
75.38956538945132 -217.85060402922343 28.381769115105733
75.374155173864594 -218.34859054961149 28.381968884785252
75.334189106788926 -218.84699320111179 28.381660903737306
75.293985223669864 -219.345399882717 28.381348005276124
75.252985313555584 -219.84373976755552 28.381171562385241
75.210385654567077 -220.34194541316236 28.381269349697948
75.166974578815768 -220.84008297060575 28.38150623070695
75.123555808180669 -221.33821988235073 28.381744430778951
75.080137037545569 -221.83635679409571 28.381982630850949
75.036718266910469 -222.33449370584071 28.38222083092295
74.993299496275355 -222.83263061758575 28.382459030994951
74.949880725640256 -223.33076752933076 28.382697231066949
74.906461955005156 -223.82890444107574 28.382935431138947
74.863043184370056 -224.32704135282074 28.383173631210951
74.819624413734957 -224.82517826456572 28.383411831282949
74.776205643099857 -225.3233151763107 28.38365003135495
74.732786872464757 -225.82145208805571 28.383888231426948
74.689368101829643 -226.31958899980074 28.384126431498945
74.645949331194544 -226.81772591154578 28.384364631570946
74.602530560559444 -227.31586282329079 28.384602831642944
74.559111789924344 -227.81399973503576 28.384841031714945
74.515693019289245 -228.31213664678077 28.385079231786946
74.472274248654116 -228.81027355852592 28.385317431858944
74.428855478019017 -229.30841047027104 28.385555631930945
74.385436707383917 -229.80654738201602 28.385793832002946
74.342017936748817 -230.304684293761 28.386032032074944
74.298599166113718 -230.80282120550601 28.386270232146945
74.255180395478618 -231.30095811725099 28.386508432218946
74.211761624843518 -231.79909502899596 28.386746632290944
74.168342854208419 -232.29723194074097 28.386984832362945
74.124924083573305 -232.79536885248604 28.387223032434942
74.081505312938205 -233.29350576423101 28.38746123250694
74.038086542303105 -233.79164267597599 28.387699432578941
73.994667771667991 -234.289779587721 28.387937632650939
73.949665117422583 -234.78776820159578 28.388087697554358
73.901481864068145 -235.28545901828991 28.38806077809047
73.851689063326546 -235.78299913423314 28.387944295397698
73.801883430696535 -236.28053804873599 28.387827098674776
73.752077798066523 -236.77807696323879 28.387709901951858
73.702272165436511 -237.27561587774159 28.38759270522894
73.6524665328065 -237.77315479224438 28.387475508506022
73.602660900176474 -238.27069370674724 28.3873583117831
73.552855267546462 -238.76823262125009 28.387241115060181
73.503049634916465 -239.26577153575289 28.387123918337263
73.453244002286439 -239.76331045025569 28.387006721614345
73.403438369656413 -240.26084936475849 28.386889524891426
73.353632737026416 -240.75838827926128 28.386772328168508
73.30382710439639 -241.25592719376411 28.38665513144559
73.254021471766379 -241.75346610826696 28.386537934722668
73.204215839136367 -242.25100502276979 28.38642073799975
73.154410206506356 -242.74854393727259 28.386303541276831
73.104604573876344 -243.24608285177538 28.386186344553913
73.054316526146749 -243.74357252257613 28.38597028161989
73.00306019104525 -244.24096335307325 28.385555777750241
72.951314526498592 -244.73830423406955 28.385040990642644
72.899565404779153 -245.23564476216649 28.38452549502162
72.8478162830597 -245.73298529026349 28.384009999400597
72.796067161340275 -246.2303258183604 28.38349450377957
72.74431803962085 -246.72766634645731 28.382979008158543
72.692568917901411 -247.22500687455425 28.38246351253752
72.640819796181972 -247.72234740265117 28.381948016916496
72.589070674462533 -248.21968793074805 28.381432521295473
72.537321552743094 -248.71702845884502 28.380917025674446
72.485572431023655 -249.21436898694202 28.380401530053422
72.433823309304216 -249.71170951503893 28.379886034432399
72.382074187584777 -250.20905004313585 28.379370538811376
72.330325065865338 -250.70639057123279 28.378855043190352
72.278814962972035 -251.20375573597778 28.378522903456997
72.227784422853659 -251.70117033121957 28.378558645449576
72.176995951806703 -252.19860987751076 28.378780083231007
72.126209005882401 -252.69604958100257 28.379002690963027
72.0754220599581 -253.19348928449432 28.379225298695054
72.024635114033799 -253.6909289879861 28.379447906427078
71.973848168109498 -254.18836869147788 28.379670514159102
71.923061222185197 -254.68580839496968 28.379893121891122
71.872274276260882 -255.18324809846152 28.380115729623146
71.821487330336595 -255.68068780195324 28.38033833735517
71.770700384412294 -256.17812750544499 28.38056094508719
71.720489331641573 -256.67562465118931 28.380361502823572
71.671433411249666 -257.17323701519149 28.379315508361174
71.622960076154556 -257.67090748895168 28.377842559488144
71.574490087131053 -258.16857829646466 28.376367158407618
71.526020098107551 -258.66624910397758 28.374891757327092
71.477550109084035 -259.16391991149044 28.373416356246569
71.429080120060533 -259.6615907190033 28.371940955166046
71.380610131037031 -260.15926152651616 28.37046555408552
71.332140142013543 -260.65693233402908 28.368990153004994
71.283670152990027 -261.15460314154194 28.367514751924467
71.235323740002542 -261.65228592230784 28.366114293555789
71.187225127754488 -262.14999271242891 28.364864113995289
71.139251388877284 -262.64771160150133 28.363689663915604
71.091278298667504 -263.14543055342301 28.362515607220402
71.043305208457724 -263.6431495053447 28.361341550525204
70.995332118247944 -264.14086845726632 28.360167493830005
70.94735902803815 -264.63858740918801 28.358993437134806
70.901104312501786 -265.13645996978823 28.357832843881521
70.858294711407083 -265.63464049551681 28.356699243052464
70.817220215175368 -266.13297612546631 28.355579236746124
70.776154084038424 -266.63131250318708 28.354459295980185
70.735087952901495 -267.12964888090784 28.353339355214249
70.694021821764551 -267.62798525862854 28.352219414448314
70.652955690627635 -268.12632163634925 28.351099473682375
70.613977288183946 -268.62481238913279 28.349979984275446
70.579183714858971 -269.12361258502523 28.348861399612673
70.546496613691716 -269.62256854194754 28.347743270361171
70.513818884256665 -270.12152519185344 28.346625143135803
70.481141154821614 -270.62048184175933 28.345507015910435
70.448463425386578 -271.11943849166528 28.344388888685067
70.415785695951527 -271.61839514157123 28.343270761459699
70.386793215450382 -272.1175383445879 28.3421545887458
70.365186380065211 -272.61705542060372 28.341042333088339
70.347295088110258 -273.1167605832855 28.339932048009366
70.329418943403482 -273.61646651274486 28.338821770963897
70.311542798696706 -274.11617244220417 28.337711493918423
70.297917077334461 -274.61595781351627 28.337728564234954
70.292808524592218 -275.11590237359616 28.340004658370326
70.291983039056404 -275.61592698565346 28.34341675805738
70.29117387545152 -276.11595190277325 28.346833186839284
70.290364711846635 -276.61597681989298 28.350249615621188
70.28952754562161 -277.11600168855028 28.352576831274348
70.288634277128835 -277.61602646011482 28.35272184660824
70.287712811960915 -278.11605118288111 28.351770100689809
70.286791249765514 -278.61607590547953 28.350814580709589
70.285869687570099 -279.1161006280779 28.349859060729369
70.284948125374697 -279.61612535067627 28.348903540749145
70.285114006083134 -280.11614733266777 28.348061708371748
70.287458192648941 -280.61616382482634 28.347447608751878
70.290896662218046 -281.11617755913949 28.346947911838591
70.294338551836844 -281.61619128483335 28.346448572477183
70.297780441455657 -282.11620501052727 28.345949233115771
70.300131271446702 -282.61622147134642 28.345999894526457
70.300296834168805 -283.11624341030802 28.347152144387998
70.299365041236342 -283.61626810017822 28.34885756883498
70.298430100290489 -284.11629279793999 28.350564580188628
70.297495159344635 -284.61631749570176 28.352271591542273
70.296560218398781 -285.11634219346359 28.353978602895921
70.2960579715335 -285.61636694950926 28.355733107432407
70.296422212571628 -286.11639182227077 28.357582719044004
70.297221347174784 -286.61641675361233 28.359480065257312
70.298021581520175 -287.11644168510207 28.361377532180054
70.298821815865551 -287.61646661659182 28.363274999102799
70.300008985370113 -288.11649032863698 28.364415314015716
70.301970895222127 -288.61651159905114 28.364039622442117
70.30432148029152 -289.11653164453679 28.362903373924961
70.306672935390026 -289.61655168728049 28.361765422940945
70.309024390488545 -290.11657173002413 28.360627471956924
70.311375845587051 -290.61659177276783 28.359489520972907
70.312611414919715 -291.11661207302035 28.358680401883724
70.311613064881499 -291.61663288878617 28.358529579514624
70.309494533399032 -292.11665396305187 28.358708854901181
70.307373854077383 -292.61667503781331 28.35888876321814
70.305253174755705 -293.11669611257474 28.359068671535105
70.303132495434042 -293.61671718733618 28.359248579852068
70.302356209954468 -294.11673672294387 28.359621792604525
70.30427088531863 -294.61675317775627 28.360381926696956
70.307534300844054 -295.1167680884389 28.361335990162857
70.310799889529065 -295.61678299663356 28.362290366097746
70.31406547821409 -296.11679790482816 28.363244742032638
70.31684815910647 -296.61681503283353 28.364205662125322
70.318664372071851 -297.11683660345909 28.365179679373838
70.319996372561036 -297.61686039989263 28.366160258460656
70.32132772070841 -298.11688419932477 28.36714084638772
70.322659068855813 -298.61690799875691 28.368121434314791
70.323990417003202 -299.11693179818906 28.369102022241862
70.325450766515686 -299.61695518751452 28.369588141357525
70.327169251851629 -300.11697775620343 28.369084812697078
70.329017004739228 -300.61699991393948 28.368085994918633
70.330864890720107 -301.11702207125251 28.367086666986896
70.332712776700973 -301.61704422856542 28.366087339055156
70.334560662681824 -302.11706638587833 28.365088011123412
70.336408548662689 -302.61708854319124 28.364088683191671
70.337929987203083 -303.11711148038972 28.363085915507224
70.338798315693055 -303.61713597787343 28.362076266050146
70.33933976640364 -304.11716125627095 28.361063172305911
70.339881001944789 -304.61718653518238 28.360050076294449
70.340422237485939 -305.11721181409376 28.35903698028299
70.340963473027074 -305.6172370930052 28.358023884271532
70.34208113283816 -306.11726041852637 28.357440547627331
70.344351836968627 -306.61727983660347 28.357716875683153
70.347199356927987 -307.1172972999633 28.358423255037263
70.35004707266684 -307.61731476265976 28.359129780356891
70.352894788405692 -308.11733222535622 28.359836305676517
70.35574250414453 -308.61734968805263 28.360542830996145
70.358590215291343 -309.11736715077188 28.361249347523746
70.361257454590259 -309.61738551104457 28.361610328817985
70.363563763969537 -310.11740566635575 28.361280266021598
70.365689610685038 -310.61742671917472 28.360604685575908
70.367815457400539 -311.11744777199368 28.359929105130213
70.369941304116026 -311.6174688248127 28.359253524684522
70.372066949846328 -312.1174898780078 28.3585779778345
70.373597354802286 -312.61751204516452 28.35800192841473
70.37393788116519 -313.11753643911607 28.357624773068459
70.373683568724189 -313.61756194627702 28.357347047961099
70.373429256283188 -314.11758745343798 28.357069322853739
70.373174943842173 -314.61761296059893 28.356791597746383
70.372920631401172 -315.11763846775995 28.356513872639024
70.372666318960171 -315.6176639749209 28.356236147531664
70.372412477763135 -316.11768948113422 28.355958571687857
70.372789003683323 -316.61771371976357 28.355880660633908
70.374424850105967 -317.11773542606795 28.356201631369046
70.37669012115785 -317.61775586668364 28.356721968366962
70.378955392209718 -318.11777630729921 28.357242305364878
70.381220663261587 -318.61779674791484 28.35776264236279
70.38348593431347 -319.11781718853047 28.358282979360705
70.385751220274642 -319.61783762907771 28.358802719230269
70.388029954068799 -320.11785800797895 28.358783863547028
70.390335538800997 -320.61787826379322 28.357689608143239
70.392654541547586 -321.11789845809818 28.356057951443344
70.39497354429416 -321.61791865240303 28.354426294743448
70.397292404089981 -322.11793884731219 28.352795118106979
70.39950844348806 -322.61795947685522 28.351509237404802
70.401519270942828 -323.11798097385326 28.350912508380929
70.403427563901332 -323.61800290427658 28.350660115164494
70.405335856859821 -324.11802483470001 28.350407721948063
70.407244149818325 -324.61804676512338 28.350155328731631
70.409151955689268 -325.11806869684733 28.34990305004278
70.410772725724939 -325.61809139503333 28.349718261315548
70.411820885352725 -326.11811562224113 28.349668108928814
70.412582983320348 -326.61814061330961 28.349685217448538
70.413345081287957 -327.11816560437802 28.349702325968259
70.414107179255566 -327.61819059544655 28.349719434487984
70.414869506473167 -328.1182155860609 28.349736749818085
70.415746305704928 -328.61824034989814 28.349857332325389
70.416851361214938 -329.11826466154389 28.350183828755959
70.418070430239069 -329.61828874732089 28.350613178742982
70.419289499263201 -330.11831283309789 28.351042528730002
70.420508568287346 -330.61833691887495 28.351471878717021
70.421727637311477 -331.118361004652 28.35190122870404
70.422946684101788 -331.61838509048243 28.352329774323842
70.424156316439166 -332.11840919891182 28.352417727201196
70.425347186572083 -332.61843335237904 28.351826907695294
70.426528686719706 -333.11845752833841 28.350897104181371
70.427710186867301 -333.61848170429784 28.349967300667451
70.428891687014925 -334.1185058802572 28.349037497153535
70.43007375497362 -334.61853005439463 28.348107574373913
70.43146790709001 -335.11855354797109 28.347133104442932
70.433284524088563 -335.61857568589181 28.346069898006334
70.435312089622656 -336.1185971468957 28.344962382949774
70.437339655156734 -336.61861860789958 28.343854867893221
70.439367220690826 -337.11864006890352 28.342747352836668
70.441394786224919 -337.61866152990751 28.341639837780114
70.443409653051674 -338.11868283156116 28.340534705768111
70.441261422261888 -338.61865189241718 28.340210822338143
70.43082509236099 -339.1185169497287 28.341442286938602
70.416251062258183 -339.61833008494307 28.343450234031991
70.401677032155376 -340.11814322015749 28.34545818112538
70.387103002052584 -340.61795635537203 28.347466128218777
70.372531556617872 -341.11776955811916 28.349473148666583
70.358719585214047 -341.61760260455623 28.351207885310618
70.346418807867749 -342.11747513577507 28.352400834283888
70.334872335216161 -342.61736737561841 28.353323352744571
70.323325862564573 -343.11725961546176 28.354245871205251
70.311779389912985 -343.61715185530505 28.355168389665927
70.300232917261397 -344.11704409514846 28.356090908126607
70.288686444609823 -344.61693633499186 28.357013426587287
70.277139971958235 -345.11682857483515 28.35793594504797
70.265593499306632 -345.6167208146785 28.358858463508646
70.254047026655044 -346.11661305452185 28.359780981969326
70.24250055400347 -346.6165052943652 28.360703500430006
70.230954081351882 -347.11639753420849 28.361626018890682
70.219407608700294 -347.61628977405184 28.362548537351365
70.207868618231316 -348.11618213279377 28.363470849128031
70.198138025026992 -348.61610322857899 28.364343206656855
70.192001779804059 -349.11608144175528 28.365116275742039
70.187658967480544 -349.61608815417776 28.365839803947409
70.183316155157016 -350.11609486660024 28.366563332152779
70.178973342833487 -350.61610157902271 28.367286860358146
70.174630530509958 -351.11610829144524 28.368010388563516
70.170287718186444 -351.61611500386783 28.368733916768882
70.165953674750696 -352.11612172518244 28.369454361651986
70.1635462879741 -352.61613040022718 28.369497354213667
70.164965907852533 -353.11614295605591 28.368194692099323
70.168294646614569 -353.61615744783057 28.366220744308102
70.171623385376606 -354.11617193960529 28.364246796516877
70.174952124138642 -354.6161864313799 28.362272848725652
70.178280862900678 -355.11620092315457 28.360298900934424
70.181609601662714 -355.61621541492923 28.358324953143203
70.184932412176593 -356.11622991829847 28.356351473753541
70.187073899097584 -356.61624673212572 28.354471332867995
70.186870523577255 -357.11626813208534 28.352776463785997
70.185497680960367 -357.61629181931386 28.351173996404992
70.184124838343479 -358.11631550654226 28.34957152902399
70.182751995726576 -358.61633919377067 28.347969061642985
70.181386274023708 -359.11636286285977 28.346364026129031
70.181350949171687 -359.61638314298614 28.344279187604407
70.183955055279284 -360.11639669960516 28.341242447457283
70.187875316409674 -360.61640690354028 28.337731040565384
70.191795577540063 -361.11641710747534 28.334219633673481
70.195715838670452 -361.61642731141029 28.330708226781574
70.199636099800841 -362.11643751534535 28.327196819889675
70.203556360931259 -362.61644771928036 28.323685412997776
70.207476622061648 -363.11645792321536 28.320174006105873
70.21139041003461 -363.61646815026023 28.316662550425821
70.214230153694217 -364.11648221176188 28.313142999680245
70.214941228199422 -364.61650387284726 28.309607405168066
70.214591204706139 -365.11652932216958 28.306063813166652
70.21422610915802 -365.61655475970696 28.30252010803099
70.213825467944687 -366.11658016945103 28.298976136081514
70.213830725869485 -366.61660491921805 28.295256841132474
70.214848749567707 -367.11662815617751 28.291124534335601
70.216607785011604 -367.61665029520481 28.286691671257771
70.218521439176286 -368.1166722051388 28.282196094426816
70.220435093340953 -368.61669411507279 28.277700517595857
70.222348747505634 -369.11671602500678 28.273204940764902
70.224406006094313 -369.61673727340423 28.268357241672643
70.226801753000387 -370.11675696250171 28.262679559294291
70.229443663269151 -370.61677551760863 28.256398277127673
70.232136853007262 -371.11679383648851 28.249991256197568
70.234830042745386 -371.61681215536839 28.24358423526747
70.237523232483511 -372.11683047424827 28.237177214337372
70.24008318873878 -372.6168494144942 28.23111638302894
70.242329297819111 -373.11686981844116 28.225871042184576
70.24434741299811 -373.61689128569185 28.221218113403356
70.246318147967855 -374.11691297391144 28.216688295842868
70.248288882937601 -374.61693466213109 28.21215847828238
70.250259617907346 -375.11695635035062 28.207628660721895
70.252230352877092 -375.61697803857021 28.203098843161406
70.256678461118469 -376.11695670345853 28.198662229091344
70.266959379351647 -376.6168340727852 28.194445056417734
70.281473797753534 -377.11663792098267 28.190387156065718
70.296866279603947 -377.61642652028127 28.186362290129296
70.312258761454359 -378.11621511957981 28.182337424192866
70.327651243304771 -378.61600371887829 28.178312558256444
70.343043725155169 -379.11579231817683 28.174287692320021
70.358436207005582 -379.61558091747537 28.170262826383599
70.373828688855994 -380.11536951677391 28.166237960447173
70.389221170706406 -380.61515811607245 28.162213094510747
70.404613652556819 -381.1149467153711 28.158188228574325
70.420028995538317 -381.61473460776097 28.154900316202244
70.435498125038777 -382.11452083697179 28.153346271095884
70.451006244183873 -382.61430586055042 28.153049099827918
70.466522427585744 -383.11409063476731 28.153011888696973
70.482038610987615 -383.61387540898414 28.152974677566029
70.497554794389487 -384.11366018320098 28.152937466435088
70.513070977791358 -384.61344495741776 28.152900255304143
70.528587161193229 -385.11322973163465 28.152863044173198
70.544103344595101 -385.61301450585148 28.152825833042257
70.559619527996972 -386.11279928006826 28.152788621911316
70.575135711398843 -386.61258405428521 28.152751410780375
70.590651894800715 -387.11236882850204 28.152714199649431
70.606168078202586 -387.61215360271888 28.152676988518486
70.619574599040774 -388.11197979235027 28.152587104729399
70.628020176396973 -388.6119033717419 28.152373359387965
70.632872854480269 -389.11189748440995 28.152069908916246
70.636983914208969 -389.61190615600907 28.151747942208452
70.641094973937669 -390.11191482760825 28.151425975500658
70.645206033666369 -390.61192349920736 28.151104008792863
70.649317093395069 -391.11193217080648 28.150782042085069
70.653428153123755 -391.6119408424056 28.150460075377278
70.657539212852456 -392.11194951400466 28.150138108669484
70.661622608500437 -392.61195840892231 28.149584771490773
70.66564097445719 -393.11196782879256 28.148487553948307
70.669612273273628 -393.61197762861264 28.146996687091082
70.673573870560276 -394.11198750674845 28.145424680811939
70.677535467846923 -394.61199738488426 28.143852674532795
70.68149706513357 -395.11200726302002 28.142280668253644
70.685458662420217 -395.61201714115583 28.1407086619745
70.689420259706864 -396.11202701929159 28.139136655695353
70.693381856993511 -396.6120368974274 28.137564649416205
70.697343454280158 -397.11204677556321 28.135992643137065
70.701305051566806 -397.61205665369903 28.134420636857921
70.705121480246504 -398.11206756824504 28.132920937418792
70.708596825710146 -398.6120809179053 28.131591127669019
70.711825510562477 -399.11209602856326 28.130384176777888
70.715003449412649 -399.61211150151507 28.129202501896071
70.718181388262806 -400.11212697446683 28.128020827014261
70.721359327112964 -400.61214244741853 28.12683915213244
70.724537265963122 -401.11215792037024 28.125657477250623
70.727715204813279 -401.61217339332194 28.124475802368806
70.73099977974212 -402.1121881271784 28.123791201532903
70.73453481942019 -402.61220112506226 28.124274118556077
70.738250880360738 -403.1122128682868 28.125600849159653
70.742004133893204 -403.61222435372929 28.12710094953048
70.74575738742567 -404.11223583917166 28.128601049901299
70.749510640958135 -404.61224732461403 28.130101150272118
70.753289795316064 -405.1122585759166 28.131520765398925
70.757478209643651 -405.61226612756576 28.131668629995726
70.762407441434149 -406.11226698232792 28.129514449264569
70.767694131543365 -406.6122646057164 28.126249488491432
70.772980821652567 -407.11226222910489 28.122984527718295
70.778267511761783 -407.61225985249337 28.119719566945157
70.783554201870999 -408.11225747588179 28.116454606172024
70.788381131134472 -408.61224753576971 28.113252659343928
70.785994065604271 -409.11211891862263 28.111039448889766
70.770558293023882 -409.6117756379075 28.110614669348319
70.748828047341249 -410.11132880715866 28.111052598290712
70.72709780165863 -410.61088197640981 28.111490527233109
70.705367555976025 -411.11043514566097 28.111928456175505
70.683637310293406 -411.60998831491207 28.112366385117902
70.661907064610787 -412.10954148416323 28.112804314060295
70.640176818928168 -412.60909465341433 28.113242243002688
70.618184990717083 -413.10863243290572 28.113665134304338
70.592114737041172 -413.6079302652256 28.113853568445148
70.558672380020937 -414.10679437248149 28.113618201186519
70.521674762592781 -414.60544931208511 28.113178452048533
70.484677145164625 -415.10410425168868 28.112738702910551
70.447679527736454 -415.60275919129231 28.112298953772569
70.410681910308298 -416.10141413089588 28.111859204634587
70.373684292880142 -416.60006907049944 28.111419455496602
70.336686675451972 -417.09872401010313 28.110979706358624
70.299412633554454 -417.59735396244366 28.110556076528525
70.257855869813369 -418.09559678010817 28.110382187657109
70.208562935793154 -418.5931402902097 28.110659422779406
70.15554012886804 -419.09034664016133 28.111154160244617
70.10251732194294 -419.58755299011301 28.111648897709834
70.049197776796134 -420.08472250236491 28.11211832043001
69.991296814171122 -420.58132326792588 28.112196902311737
69.925123231254716 -421.07689705320445 28.11156974675167
69.854961707303445 -421.57197576719165 28.110602379843222
69.784800183352175 -422.0670544811789 28.109635012934778
69.714638659400904 -422.56213319516615 28.10866764602633
69.644259038465179 -423.05717817290588 28.107715547403423
69.570526559460077 -423.55170451509434 28.106998171853434
69.490742655269557 -424.04529479492271 28.106704437592647
69.40804208697854 -424.53843391169488 28.10661488983369
69.325341518687537 -425.03157302846699 28.106525342074733
69.24264095039652 -425.52471214523922 28.106435794315779
69.159623229573285 -426.01779203353078 28.106358555981352
69.071749868332105 -426.50996512722025 28.106469776300738
68.975116683851681 -427.00050231714727 28.106920985654156
68.87426216401775 -427.49025116943324 28.10753603481232
68.773407644183806 -427.98000002171926 28.10815108397049
68.672553124349861 -428.46974887400523 28.108766133128658
68.571525976193556 -428.95946036175116 28.109410621630488
68.467866828136692 -429.44860216623488 28.110503960868595
68.359461565245766 -429.93671669781463 28.112406683548269
68.248769559099003 -430.42433627521257 28.114699378276896
68.138077552952254 -430.91195585261028 28.116992073005527
68.027215230825249 -431.39953498469015 28.119251107487081
67.913766773717398 -431.88649998149413 28.120999033484878
67.795656994588597 -432.37235804369988 28.121825723256386
67.67530171243942 -432.85768286126569 28.122208625038287
67.554946430290215 -433.34300767883155 28.122591526820187
67.434591148141038 -433.82833249639737 28.122974428602092
67.313873207879382 -434.31355916376049 28.123440458967501
67.187670964471295 -434.79730155310494 28.125163602675816
67.051588089107753 -435.27836983701974 28.129151587319381
66.910746226822738 -435.75815014332107 28.134230428138821
66.769904364537709 -436.2379304496223 28.139309268958264
66.629062502252708 -436.71771075592352 28.144388109777701
66.488271314952996 -437.19750577560774 28.149406622385676
66.348240285698466 -437.67752150569504 28.15352017221921
66.209577547578348 -438.15793451643992 28.156004781138261
66.071573617532792 -438.63853881082184 28.157705083705803
65.933569687487235 -439.11914310520399 28.159405386273345
65.795291127716567 -439.59966375776497 28.161135972030557
65.652908202285943 -440.07893437587188 28.163319142749991
65.503140434710616 -440.5559558505343 28.166316633824859
65.349817560925487 -441.03189457438503 28.16970614348261
65.196436748615895 -441.50781441672609 28.173090288061697
65.042193366350745 -441.98345315727676 28.176394559090109
64.886398659747726 -442.45858633877566 28.179555178253189
64.729652680761603 -442.93340601663743 28.182586712943905
64.569869280377617 -443.40718394647462 28.18472829367041
64.404624775627113 -443.87908887486083 28.185269789705558
64.23675200843158 -444.35009238495451 28.185041213934547
64.068825369710751 -444.82107650221371 28.184840365452516
63.900101003950098 -445.29177345128159 28.185050101375793
63.729942798685599 -445.76195424247032 28.18599782424274
63.559094609431803 -446.23188665113668 28.187300676937024
63.388109706959042 -446.70176810931548 28.188643535984834
63.215106030431052 -447.17089720774914 28.190577148356624
63.038474945449515 -447.63867443815553 28.19357224831581
62.860007242603174 -448.10576579429096 28.19702776781277
62.680195715665263 -448.57233570773252 28.199742381260414
62.497970351286675 -449.03796898228967 28.201126145846885
62.314583703311484 -449.5031516451553 28.201869646542342
62.13100397483786 -449.9682556333463 28.202652548841289
61.944588989525563 -450.43220433702402 28.204014037101331
61.75308273203116 -450.8940784956996 28.206414492473094
61.559127378694889 -451.35495471921166 28.20931473059898
61.365172025358611 -451.81583094272366 28.212214968724862
61.171099736486447 -452.27665699801139 28.215103276843752
60.97531773456911 -452.73674954430305 28.217817156475803
60.776467113169204 -453.19552557727576 28.220217969155176
60.576140649795953 -453.65366843770119 28.222468213361704
60.375814186422701 -454.11181129812661 28.224718457568233
60.175255528007753 -454.56984877940073 28.226972525967604
59.971315090528222 -455.02635147765216 28.229282291401681
59.761307680044567 -455.48010074731241 28.231691978326658
59.54838288057968 -455.93252599225269 28.234149713900663
59.33545808111478 -456.38495123719298 28.236607449474661
59.122533281649893 -456.83737648213321 28.239065185048659
58.909317146804284 -457.28965832581457 28.241527323222286
58.691878118746644 -457.73986157471165 28.244053276878986
58.466867310407203 -458.18633783781689 28.246693653702991
58.238216279617234 -458.63102230865559 28.249389040810826
58.009565248827258 -459.07570677949428 28.252084427918668
57.780914218037289 -459.52039125033303 28.254779815026506
57.551751692247286 -459.9647920639427 28.257477652684656
57.315211577736662 -460.40510152499968 28.260210836049708
57.0654507707848 -460.83807925263892 28.263007359177628
56.809335365112375 -461.26753294218378 28.265834326911818
56.553219959439971 -461.69698663172863 28.268661294646012
56.296614956903014 -462.12612732314716 28.271458462876478
56.03297769029971 -462.55077230465389 28.273827609617399
55.756744686157298 -462.96736486071597 28.275430111890397
55.474458611677626 -463.3800877031191 28.276664191681295
55.191756564684511 -463.79250899239315 28.277867244327297
54.903095802211055 -464.20061059890179 28.278625839893522
54.603765526317275 -464.60097749926638 28.278588602734875
54.299308479970065 -464.99762782312348 28.278168962786243
53.994545614148151 -465.39403311981937 28.277752432258076
53.685413104425223 -465.78693739212474 28.277380330097888
53.36845876532449 -466.17357469713227 28.277087756412282
53.047746421272237 -466.55720103207136 28.276833392253732
52.72703407721999 -466.94082736701046 28.276579028095185
52.406321733167744 -467.32445370194955 28.276324663936634
52.085340454888225 -467.70784645274193 28.276089502044439
51.760531109579873 -468.08791431707562 28.276127669298397
51.428872432895581 -468.46203316093209 28.276654888045591
51.09392355763697 -468.83329428662341 28.27741703140623
50.758974682378415 -469.20455541231456 28.278179174766869
50.424025807119847 -469.57581653800577 28.278941318127504
50.088911408559881 -469.94692472396775 28.279709319171253
49.751449976134737 -470.3158643045391 28.280560379098631
49.409791045883509 -470.68092549351667 28.281559983743943
49.066116128369906 -471.04412395656192 28.282630931906674
48.722441210856303 -471.40732241960723 28.283701880069394
48.378766293342728 -471.77052088265242 28.284772828232121
48.034951688411041 -472.13358444171485 28.285830825531754
47.689164135257272 -472.49474261390225 28.286705904550963
47.339849747913732 -472.85249472428836 28.287253999598615
46.988841787184356 -473.20861125576511 28.287645078092041
46.637833826454944 -473.56472778724191 28.288036156585463
46.286825865725532 -473.92084431871876 28.288427235078892
45.935686065544999 -474.27682833700015 28.288830141451843
45.582691143263972 -474.63094775287874 28.289399478741416
45.226381495135399 -474.98173550353795 28.290266194225673
44.868480403808597 -475.33092367818517 28.291275684867511
44.510579312481795 -475.68011185283245 28.292285175509349
44.152678221155021 -476.02930002747974 28.293294666151183
43.792469785433141 -476.37605219673753 28.294526633494126
43.427410220058789 -476.71768273005608 28.296226352128983
43.05957042856479 -477.05637800766425 28.298194143244366
42.691494196208495 -477.39482366011197 28.300184732249459
42.323417963852172 -477.73326931255974 28.302175321254552
41.952964168370229 -478.06904604133263 28.30389455413308
41.577512463387528 -478.3992123874209 28.305043365411258
41.199197628780091 -478.72616473916457 28.305865401868424
40.820640010923093 -479.0528445555733 28.306659728978364
40.442082393066094 -479.37952437198203 28.307454056088304
40.063524775209096 -479.70620418839076 28.30824838319824
39.68223725368189 -480.02959746166147 28.30884821176388
39.295212204759416 -480.3460833002498 28.309039256408511
38.904901812056927 -480.65861389888778 28.308996228844023
38.514313699299485 -480.97081014911976 28.308933414447132
38.123725586542044 -481.28300639935168 28.308870600050238
37.733137473784602 -481.59520264958354 28.30880778565334
37.342549361027153 -481.90739889981541 28.308744971256445
36.949938586588544 -482.21698777429901 28.308946614898822
36.553077596958701 -482.52109777502022 28.309703963722377
36.153784161989861 -482.82207215546174 28.310779348790454
35.75428583519205 -483.12278241363759 28.311881522961155
35.354787508394239 -483.42349267181345 28.312983697131855
34.955289181596427 -483.72420292998925 28.314085871302552
34.555790854798616 -484.02491318816516 28.315188045473256
34.155647042235238 -484.3247573658245 28.315436905760187
33.754147165098431 -484.62278204386195 28.313893087122807
33.351871616111339 -484.91976596420551 28.311323852288062
32.94953097408186 -485.21666254596033 28.308668566296522
32.547190332052367 -485.51355912771515 28.306013280304981
32.144849690022831 -485.81045570947009 28.303357994313437
31.741560421648096 -486.10604746558835 28.301340486002768
31.336278687587146 -486.39889860595144 28.30066254637584
30.929857901189266 -486.69018299171381 28.300750411073778
30.523341901795519 -486.98133641299421 28.300902289093713
30.116825902401736 -487.27248983427461 28.301054167113648
29.708951015533962 -487.56169059888225 28.30117577378612
29.297782776464345 -487.84615897300426 28.301224015878585
28.884104495412924 -488.12702053617329 28.301216342853408
28.469850637107598 -488.40705502220226 28.301195847943141
28.054855769912653 -488.68597513368593 28.301174391344674
27.63806532657 -488.96219494780331 28.301150604430831
27.219906757600764 -489.23635729082361 28.301125041950872
26.801434630263046 -489.51004808556809 28.301099072531958
26.382962502925274 -489.78373888031263 28.30107310311304
25.963838801419499 -490.05641837500474 28.301097176383514
25.543136574899727 -490.32664786092136 28.301242484719552
25.121232020855896 -490.59501122944437 28.301480135118531
24.699052090134035 -490.8629471892969 28.301738935204288
24.275683797139813 -491.12895626838542 28.302039766810459
23.849437031755087 -491.39029802235933 28.302442407918576
23.420998408406319 -491.64808576839573 28.302922573469296
22.99205803721167 -491.90505995084538 28.303420485481109
22.563117666017014 -492.16203413329509 28.303918397492922
22.134177294822365 -492.4190083157448 28.304416309504738
21.704428279324581 -492.67460446683742 28.305084630311836
21.272721057640037 -492.92686358888233 28.306165611612414
20.839523356491465 -493.1765827469028 28.307560687514133
20.405984737762491 -493.42572093858962 28.309027606318779
19.972446119033517 -493.6748591302765 28.310494525123431
19.538907500304546 -493.92399732196338 28.311961443928077
19.105368881575572 -494.17313551365021 28.313428362732726
18.670949230850297 -494.42070360358537 28.314918365719365
18.234396771159364 -494.6644707792442 28.316464251069554
17.796221789526115 -494.90534643160476 28.318052648600869
17.357676062919914 -495.14556137319204 28.319650760131747
16.919130336313714 -495.38577631477938 28.321248871662625
16.48058460970751 -495.62599125636672 28.322846983193507
16.042038883101309 -495.86620619795406 28.324445094724389
15.603127654402968 -496.10574691080535 28.325911204164939
15.163331905807976 -496.34365598119882 28.327057866801198
14.722863623696206 -496.58032445288524 28.327961642099893
14.28224182587217 -496.81670973958614 28.32880997477497
13.841620028048137 -497.05309502628694 28.329658307450053
13.400998230224102 -497.28948031298773 28.330506640125137
12.960376432400066 -497.52586559968859 28.33135497280022
12.519827429703591 -497.7623862925916 28.33223857240241
12.079454538180144 -497.99923456985255 28.333207492274127
11.639215483620166 -498.23633179722253 28.334241251903578
11.199006949978198 -498.47348579654584 28.335289797948342
10.75879841633623 -498.71063979586916 28.336338343993106
10.31858988269426 -498.94779379519247 28.33738689003787
9.878381349052292 -499.18494779451584 28.338435436082634
9.438135208047413 -499.42203191119114 28.339484196401237
8.9977981128931859 -499.65894701530328 28.340533474945353
8.5573919315290876 -499.89573374223295 28.341583147118968
8.1169700107415608 -500.13249122189541 28.342632908970415
7.6765480899540357 -500.36924870155792 28.343682670821863
7.2361261691665089 -500.60600618122038 28.344732432673304
6.7957042483789323 -500.84276366088289 28.345782194524752
6.3551570896780945 -501.07928732739913 28.347040232775406
5.9143071346643286 -501.31524568779696 28.34880183519541
5.4732273007643872 -501.55077487539688 28.350945736756465
5.0320951463779906 -501.78620638317091 28.353176649688439
4.5909629919915922 -502.02163789094504 28.355407562620414
4.1498308376051947 -502.25706939871912 28.357638475552392
3.708698683218747 -502.49250090649321 28.359869388484363
3.2678483798238727 -502.72845626413255 28.362225348552798
2.8276792848128536 -502.96567771957086 28.36488353625311
2.388027053594727 -503.20385982101112 28.367771037807813
1.9484923287772595 -503.44226032051984 28.370710672721479
1.5089576039597923 -503.68066082002866 28.373650307635145
1.069422879142325 -503.91906131953738 28.376589942548808
0.63002486750881803 -504.15771290370043 28.379469113683584
0.19095716667890683 -504.39697112996964 28.38220219913147
-0.24786005209579362 -504.6366893864888 28.384824504542237
-0.68662038643491852 -504.87651211580584 28.387421651823896
-1.1253807207740436 -505.11633484512288 28.390018799105551
-1.5641410551131687 -505.35615757443986 28.39261594638721
-2.0029013894522931 -505.5959803037569 28.395213093668865
-2.4418149375698435 -505.83552151311216 28.397779689840608
-2.8810985244380634 -506.07438280127485 28.400272499603158
-3.32066254747245 -506.31272880693723 28.402709389877071
-3.7602901817007561 -506.5509579313304 28.40513359596163
-4.1999178159290622 -506.78918705572357 28.407557802046178
-4.6395454501573692 -507.02741618011675 28.409982008130736
-5.0792460386900578 -507.26551039543563 28.412464886569211
-5.5191227698455902 -507.50327888304889 28.415089424946629
-5.9591329233335584 -507.7408006424738 28.41782126614018
-6.3991733108355033 -507.9782664923415 28.420577422564833
-6.8392136983374492 -508.21573234220926 28.423333578989492
-7.2792540858393942 -508.45319819207697 28.426089735414148
-7.7192051877798846 -508.69082907498671 28.428651214941645
-8.1589407875687119 -508.92885828630529 28.430742816814668
-8.5985132397386881 -509.16718905531536 28.432478694070269
-9.0380487608800149 -509.40558808665031 28.43413404746574
-9.4775842820213398 -509.64398711798532 28.435789400861204
-9.9171198031626666 -509.88238614932033 28.437444754256674
-10.356739089989865 -510.12063037488764 28.439062589728799
-10.79656049920122 -510.35850106192896 28.440589896340164
-11.236534856123159 -510.59608908922132 28.442048699000047
-11.676543804057403 -510.83361318952291 28.443492008645862
-12.116552751991644 -511.07113728982449 28.444935318291677
-12.556561699925886 -511.30866139012608 28.446378627937488
-12.996367772770512 -511.54655916283195 28.447591987732615
-13.435684452575153 -511.78535834080253 28.44825064238043
-13.874630971568738 -512.02483931208997 28.448489736285698
-14.313493847701574 -512.26447434383363 28.448634024745033
-14.75235672383436 -512.50410937557717 28.448778313204365
-15.191219599967145 -512.74374440732072 28.448922601663696
-15.63021953521697 -512.98312746231443 28.449004787269637
-16.069550012544617 -513.22190283122143 28.448937200962234
-16.509130396676795 -513.46021875820486 28.448756379388325
-16.948767204652771 -513.69843095260137 28.448549991607859
-17.388404012628751 -513.93664314699799 28.448343603827396
-17.828172417113244 -514.17461156180116 28.448227227273478
-18.268258122492121 -514.41199218378335 28.448327882637805
-18.70858364013408 -514.64892855890389 28.448592568158993
-19.148963265653308 -514.88576470038981 28.448894263145338
-19.589342891172535 -515.12260084187596 28.449195958131682
-20.029722516691812 -515.359436983362 28.449497653118023
-20.470164878631813 -515.59615626146433 28.449633446417774
-20.91075846997829 -515.83259383429925 28.44936932506964
-21.351466310875637 -516.06881858675081 28.448803079485494
-21.792199908338063 -516.30499536070261 28.448168722626626
-22.233335548111125 -516.54041306585259 28.447503534872475
-22.675440165631091 -516.77400130987917 28.446764040383293
-23.118276611713021 -517.00620783806403 28.4459684251099
-23.561277950920598 -517.23810304272911 28.445160164892048
-24.003730859483156 -517.47102935918792 28.444325122437121
-24.444862202821909 -517.70644036810711 28.443425542244462
-24.884995707647931 -517.94372742656572 28.442477233287555
-25.324904508540126 -518.18143695389699 28.441517951067052
-25.764813309432313 -518.41914648122838 28.440558668846549
-26.204605213916338 -518.65707162556782 28.439632416526987
-26.644115492106899 -518.89551623342049 28.438785739694165
-27.083413206934914 -519.13435291727467 28.437999124132013
-27.522663088285704 -519.37327783062551 28.43722602425472
-27.961912969636501 -519.61220274397635 28.436452924377427
-28.401625549143056 -519.85026572817469 28.435800689056084
-28.842452618582037 -520.08625260432927 28.435439577287156
-29.284120573418662 -520.32067305185387 28.435298118955224
-29.725977621876332 -520.55474124963973 28.435206055063816
-30.167834670334052 -520.78880944742559 28.435113991172415
-30.609635377409727 -521.02298382855031 28.434997335176831
-31.05130040493956 -521.25741391705549 28.434821457248667
-31.492863097523834 -521.49203687030467 28.434600911767895
-31.934402793326306 -521.72670316425649 28.434370328562913
-32.375942489128718 -521.96136945820831 28.434139745357932
-32.817553205258861 -522.19590184722733 28.433902459330376
-33.259334914238124 -522.43011183860835 28.433649035180594
-33.701245547932515 -522.66407874951028 28.43338344325408
-34.143185133820573 -522.89799107263912 28.433115118850491
-34.585124719708581 -523.13190339576795 28.432846794446903
-35.026347589575956 -523.36714247893894 28.432565848137695
-35.465845214514204 -523.60557527617379 28.43225451897387
-35.904042497656121 -523.8464152214101 28.431920289817647
-36.341947967910201 -524.08779536062582 28.431580921618032
-36.779853438164324 -524.32917549984165 28.431241553418417
-37.218186123229415 -524.56977130003008 28.430827089472757
-37.657546962393454 -524.80847947515201 28.430231896776277
-38.097682465322627 -525.04576541722281 28.429500533816302
-38.537991692728887 -525.2827324122818 28.428738633597604
-38.978300920135155 -525.5196994073408 28.427976733378905
-39.418610147541415 -525.75666640239979 28.427214833160207
-39.859121347150783 -525.99325593735944 28.426338111595854
-40.300118496662179 -526.22893729438397 28.425185127155579
-40.741481629368451 -526.46393467583641 28.423824081000426
-41.182926767570642 -526.69877879955266 28.422416414660653
-41.624060142585108 -526.93420375413825 28.421205012950271
-42.064443543793821 -527.17102594853566 28.420465743091366
-42.504262286954187 -527.40890012994782 28.420081943047222
-42.943954582684299 -527.64700988943264 28.419777745595766
-43.383646878414403 -527.88511964891745 28.419473548144314
-43.823339174144465 -528.12322940840227 28.419169350692862
-44.263031469874527 -528.36133916788708 28.418865153241406
-44.703181117080035 -528.59859327673132 28.418774792389137
-45.144430639063259 -528.83378964965777 28.419198682598939
-45.586507856175537 -529.06743750267015 28.420009565135349
-46.028770245114686 -529.30073892104599 28.420907025535474
-46.471032634053834 -529.53404033942184 28.421804485935599
-46.913260810843603 -529.76740654809805 28.422596177862694
-47.355406729370891 -530.00092853586602 28.423133564492154
-47.797490767821174 -530.2345677109156 28.423479645945413
-48.239560972307672 -530.46823308445596 28.423782959047081
-48.68163117679417 -530.70189845799632 28.424086272148749
-49.123381166071987 -530.93616408343667 28.424338180034788
-49.564361405289908 -531.17187262577636 28.42446651737594
-50.00476279001392 -531.40866624621469 28.424501929274207
-50.445034855095287 -531.64570227975253 28.424516581058853
-50.885306920176674 -531.88273831329036 28.424531232843499
-51.325592051995159 -532.11975006759542 28.424682910075322
-51.765908587736718 -532.35670347044265 28.425163907212017
-52.206248731113234 -532.59361300807223 28.425892467816901
-52.646594144938703 -532.83051275270941 28.426676297432298
-53.08685843128184 -533.06756294974161 28.427511271482878
-53.52692777346968 -533.3049746742638 28.4284691423426
-53.966850609793944 -533.54265809658091 28.429519373515078
-54.406740756927661 -533.78040214159819 28.430590212626342
-54.846630904061378 -534.01814618661524 28.431661051737606
-55.286937935758374 -534.25510964471391 28.432683532838716
-55.728246495280629 -534.4901978126544 28.433589838151619
-56.170307456763403 -534.72387716103333 28.434408865918549
-56.612536176944758 -534.95724239309072 28.435208433917559
-57.054764897126127 -535.19060762514812 28.436008001916573
-57.496871076411331 -535.42420424934255 28.436659254717227
-57.938682925313081 -535.65835665318741 28.436954269963238
-58.380273736136459 -535.89292643992144 28.436981755695061
-58.821815298368797 -536.1275892220317 28.43694963426897
-59.263356860601128 -536.36225200414174 28.436917512842875
-59.705210532091911 -536.59632216317834 28.436851533416782
-60.147813700497238 -536.82896920145447 28.436704247634495
-60.590979534956389 -537.06054786743084 28.436495923139852
-61.033730379997053 -537.29290779400378 28.436296434190837
-61.475183992879195 -537.52771475689542 28.436150791871487
-61.915663944892799 -537.76435838679492 28.436045565106028
-62.355927200380165 -538.00141078259389 28.435949333166604
-62.796190455867539 -538.23846317839264 28.435853101227181
-63.236453711354919 -538.4755155741916 28.435756869287754
-63.676919592516313 -538.71218946751503 28.435687600768315
-64.117871874303134 -538.94795476995228 28.435683057631827
-64.559189080318802 -539.18303839804253 28.435727075001289
-65.000587435611919 -539.41797044019722 28.435781890913724
-65.441985790905051 -539.65290248235169 28.435836706826166
-65.883384146198239 -539.88783452450639 28.435891522738608
-66.324787122438352 -540.12275788351485 28.43598308648124
-66.766201188428795 -540.35766040395401 28.436162840862846
-67.207623571079182 -540.59254729669294 28.436408733031854
-67.64904780158605 -540.82743071715481 28.436669320179469
-68.090472032092904 -541.06231413761668 28.436929907327084
-68.532144428653794 -541.29672780816713 28.437183101389529
-68.974412271053339 -541.53001436795682 28.43741855659637
-69.417126506967975 -541.76245595595924 28.437640713347513
-69.859939856613096 -541.99470993302396 28.437859917413391
-70.302635974411672 -542.22718665996717 28.43782579353433
-70.745050854945731 -542.46019776019205 28.43718394009754
-71.187254956490463 -542.69360935734403 28.436086611380105
-71.629412284463768 -542.92710982802009 28.434888208994821
-72.071841822113242 -543.16009071995268 28.433602132699914
-72.514924271213602 -543.3918253706928 28.432105765204646
-72.958495914187381 -543.62262627527889 28.430451837037531
-73.402978784907447 -543.85163737829544 28.429116917967043
-73.849386798165654 -544.07685276413508 28.428630857388637
-74.297236889557283 -544.29922486921328 28.428780656361187
-74.746795934601153 -544.51803063063994 28.429320419064666
-75.199906855955305 -544.72929430782676 28.430475739478329
-75.656556596830725 -544.93290137430665 28.431987918076121
-76.115359264558322 -545.13167736028208 28.433315369545717
-76.575319513259842 -545.32778364529918 28.434359067912531
-77.035939416335268 -545.52234199529028 28.435212065752779
-77.496909776035253 -545.71607223960018 28.435961997315566
-77.9586396494865 -545.907948726771 28.436718770772188
-78.421983073882672 -546.09587391531682 28.437541047316547
-78.8871189771736 -546.2793210258269 28.438459786680582
-79.35396788866386 -546.45836541981055 28.439503649527332
-79.822589654426537 -546.63269967900806 28.440540203610407
-80.293092270019201 -546.80188413262192 28.44138135621111
-80.765079733576769 -546.9669333811155 28.441988097881236
-81.23798199807635 -547.12936426467718 28.442372947208582
-81.711876525692688 -547.28884980613384 28.442611830039038
-82.187064387957236 -547.44442631811933 28.442802549853564
-82.66311332883123 -547.59739160817685 28.442978781760701
-83.139890838466172 -547.74803499018333 28.443171839930848
-83.618228953700296 -547.89357984646927 28.443404906620103
-84.098121179075179 -548.03398224341413 28.443656437363231
-84.578650842768113 -548.1722402434242 28.443904007937533
-85.059457984402044 -548.30952832154162 28.444142885226768
-85.540701902567875 -548.4452732344555 28.444366539432785
-86.022260465178277 -548.57990648425823 28.444579227256192
-86.504549693666405 -548.71178837213984 28.444771666133072
-86.988401297028815 -548.83775208204702 28.444921880994453
-87.473378164863988 -548.95945336074919 28.445041684982414
-87.958584417389517 -549.0802857446397 28.445155289726593
-88.444270437427647 -549.19909549272518 28.445255051398636
-88.931080934606058 -549.31316459525692 28.445322367734654
-89.418701083526983 -549.42382031409613 28.445366322615008
-89.906989176016268 -549.53140527613516 28.445317309169631
-90.396553668615596 -549.63292374998014 28.44504225942201
-90.887224581322656 -549.72911189042793 28.444567214860353
-91.378515390835688 -549.82212181868317 28.443999391630527
-91.870390868849498 -549.91197798325561 28.443377393734544
-92.362856392017378 -549.99853661624468 28.442710649772856
-92.856081931767221 -550.08058058628762 28.441988774785507
-93.350083974118064 -550.15786413055605 28.441210262299887
-93.844987259185615 -550.22867211185121 28.440379111615183
-94.341198504346025 -550.28933773958113 28.43948373233464
-94.838523911364845 -550.34063724776138 28.43854498220179
-95.336663051370834 -550.38323183725561 28.437597062782711
-95.835458959319425 -550.41768797994735 28.436649459225798
-96.334655161289078 -550.44585521902695 28.435703270661946
-96.834200498627013 -550.46628426776533 28.434762531862557
-97.334031105830874 -550.47895052209515 28.433832729958979
-97.833987163329994 -550.4865501323759 28.432916728678023
-98.33398768725867 -550.49086486023634 28.432013599666583
-98.834002380709762 -550.49231198076836 28.431122664500936
-99.334014395843852 -550.49055112899964 28.430245527342912
-99.8340049404936 -550.4855198146837 28.42940016517009
-100.33395364749084 -550.47730557980344 28.428609929702205
-100.83383046993544 -550.46564923827202 28.427891616833111
-101.33360206160715 -550.4501731916165 28.427259777510564
-101.83319730206195 -550.43007691140588 28.426810075012039
-102.33253218957742 -550.40441564660648 28.42666584831786
-102.83169037877533 -550.37511330968528 28.426732899853363
-103.3306357427595 -550.34265599768378 28.426998023456218
-103.8291667854489 -550.30454176698117 28.427626512873204
-104.32687402415283 -550.25766300399823 28.428334095989932
-104.82328937805266 -550.19895827987432 28.428668632837883
-105.31882002214147 -550.13234995197308 28.428697160149618
-105.81417137192865 -550.06413988856275 28.428663671910712
-106.3092891770855 -549.99433579878792 28.428545527791513
-106.80386039030208 -549.92080102181069 28.428229253568439
-107.29803905352912 -549.84458694952309 28.427770686778494
-107.79213821407654 -549.76783024276256 28.427283301645268
-108.28623737462394 -549.69107353600214 28.426795916512045
-108.78008262265826 -549.6127683128052 28.426308762898593
-109.27333372710112 -549.53083963243398 28.425822151030737
-109.7661582819002 -549.44630958702351 28.425335928094771
-110.25889651813388 -549.36125311731166 28.424849783864875
-110.75124632277608 -549.27409086344994 28.424388160563765
-111.24268735932175 -549.18200195198415 28.423983906020183
-111.73287644469114 -549.08355432581186 28.423642225186079
-112.22153066476314 -548.97778806736096 28.423358932005375
-112.70917809334026 -548.86728297880506 28.423111563389188
-113.19603427600754 -548.75339886650295 28.422887022816965
-113.68151574420287 -548.63385177289956 28.422698891286416
-114.16512293546501 -548.50702525734391 28.422586724323171
-114.64645393025887 -548.37185473329509 28.422596413886417
-115.12629503023399 -548.23128745625058 28.422689732706868
-115.60583516435617 -548.08963000938479 28.422799945035777
-116.08490565320584 -547.94643175079773 28.422937338987452
-116.56287784240432 -547.79963019185777 28.423138299142281
-117.0400623681179 -547.65024446737641 28.42338484683512
-117.51708788472521 -547.50033706598492 28.423640597485583
-117.99346372023098 -547.34844047299271 28.424005443655954
-118.46832046786936 -547.19189274143548 28.424625377561341
-118.94208808307769 -547.03201030755031 28.425428200377031
-119.4156359726218 -546.87145511830147 28.426267919887906
-119.88918386216596 -546.71089992905252 28.427107639398784
-120.36126174314856 -546.54631557164817 28.428198731710495
-120.8299031336135 -546.37231208668118 28.429877467025815
-121.2953689937729 -546.18978915180094 28.431916636005397
-121.75867272384578 -546.00177105955368 28.433898735715722
-122.2203219862288 -545.80969881025931 28.435724871590679
-122.68065352425339 -545.61447836652587 28.437403750935118
-123.13954215545678 -545.41590588044505 28.438905775756297
-123.59670687167485 -545.21340309199581 28.440188431932228
-124.05274800393491 -545.00834853141851 28.441327044998296
-124.50759409611332 -544.80070045921434 28.442314340666101
-124.95920427164523 -544.58623025115094 28.442958511280231
-125.40692172133168 -544.36369413815373 28.443264078875984
-125.85268625849417 -544.1371738077753 28.443432560251004
-126.29713274427269 -543.90810368766313 28.443530982447143
-126.73926438474702 -543.67461989700882 28.44351079502934
-127.17913529368914 -543.43687458505542 28.443425915931023
-127.61726340126712 -543.19592071856641 28.443371227179394
-128.05438247325748 -542.9531248507335 28.443350379502409
-128.49075157243414 -542.70898923419395 28.443359770971945
-128.92584264274706 -542.46258908625668 28.443423907150713
-129.35900039026075 -542.21283171089271 28.443525752046295
-129.7895951197826 -541.95869274528559 28.443632025905899
-130.21848717431439 -541.70165118558714 28.443735834158844
-130.64612547613388 -541.44254142239663 28.443837056233026
-131.07163446333703 -541.1799631502671 28.443933395014756
-131.49389502854478 -540.91225182601636 28.444060403299144
-131.91182143244743 -540.63785038409674 28.44426649410622
-132.32686602210268 -540.35901931581691 28.444529662580379
-132.74133215126804 -540.07929909798975 28.444804288134151
-133.15427071422619 -539.79738372852466 28.445109433477434
-133.56364241862582 -539.51034269224954 28.445485842358696
-133.97046310452978 -539.2196357772691 28.4459132189474
-134.37536950096933 -538.92628936818596 28.446272876571314
-134.77700130619121 -538.6284973493041 28.44645055937103
-135.17629161893797 -538.32752650253201 28.446498121293601
-135.57386520405993 -538.02430580756629 28.44644406228835
-135.96852712129811 -537.71732081996515 28.446213678042987
-136.36110749191022 -537.40764474569187 28.445857239170749
-136.75092913980086 -537.09458594189846 28.445637201599112
-137.13528513735301 -536.77489007232975 28.445794512272247
-137.5157345770246 -536.45045037906152 28.446221531519502
-137.89406671972546 -536.12353667452453 28.446834539187599
-138.26928355887654 -535.79306653942183 28.447755540433299
-138.64227421641763 -535.46005499536932 28.448896632475119
-139.01380717473256 -535.12542231439318 28.450146756982484
-139.3829784925986 -534.78819386567443 28.451548495494372
-139.75046256757537 -534.44911090490791 28.453058552633305
-140.11760902744237 -534.10965685869019 28.454590284188768
-140.48392253727584 -533.76931357219553 28.456160266219818
-140.84829259933286 -533.42689550093746 28.457819494662676
-141.20949727949392 -533.08117287379082 28.459500538909584
-141.56627787299834 -532.73090155319949 28.461096515901861
-141.92009739793949 -532.37759357571395 28.46262264424206
-142.27332505682085 -532.02367862337746 28.464134811052631
-142.62386526061846 -531.66718586665922 28.465573527050545
-142.96813667590752 -531.30468009391564 28.466840910841604
-143.30622985741496 -530.93634989866109 28.467928952427364
-143.63945699639964 -530.56358948536422 28.468859544930901
-143.96984887306769 -530.18827886132385 28.469695191121765
-144.29864408825603 -529.81156777364595 28.470476866742558
-144.62503593524409 -529.43277814137628 28.471176888192613
-144.94971266981904 -529.0525052001276 28.471818638886742
-145.27169021198074 -528.66999290878471 28.472418704670801
-145.58817176534845 -528.28294904427503 28.472948684393337
-145.90073206174225 -527.89267201034863 28.473428659381916
-146.21251018308487 -527.5017500545332 28.473898659901685
-146.52104111628083 -527.10835191442482 28.474336313034254
-146.822001233035 -526.7091805527125 28.474698548260672
-147.11652982595706 -526.30515028514128 28.475012551146659
-147.40757732901864 -525.89857162228395 28.475328796079289
-147.6969098988215 -525.49076092148084 28.475654287437926
-147.98516768615124 -525.08219078694356 28.4759881931964
-148.27171671658479 -524.6724226762766 28.476337418209063
-148.55607661384352 -524.26113565409628 28.476662268553046
-148.8379311569114 -523.84812911426161 28.476907020510168
-149.11817258122704 -523.43401798176944 28.477093117506506
-149.39285843966803 -523.01639612387942 28.477156161971145
-149.65534510048735 -522.59110477764921 28.476959639582514
-149.90913651055342 -522.1603468321938 28.476578105117976
-150.16076239831403 -521.7282485889707 28.476184210651411
-150.41137439401558 -521.29556218688015 28.475847313627021
-150.66126386863039 -520.86245665024717 28.475551034194503
-150.91100962654031 -520.4292677435418 28.475262834009179
-151.15620422362582 -519.99361929198926 28.475141109384811
-151.39079482739444 -519.55224021519007 28.475407265084606
-151.61783092700216 -519.10677852243884 28.475949754749838
-151.84336535494162 -518.66050529413542 28.476547173617305
-152.06889978288115 -518.21423206583188 28.477144592484777
-152.29008186206636 -517.76589746217815 28.477894971037919
-152.50112516611054 -517.31276089472658 28.479001668430907
-152.70494796613565 -516.85620452572869 28.48036212444655
-152.90518730627019 -516.3980493277295 28.481541753770365
-153.10042029905111 -515.93775215771734 28.482182810454844
-153.2920887438994 -515.47592989138798 28.482440400341574
-153.48304960591054 -515.01380488485165 28.482621869909586
-153.67401046792168 -514.5516798783151 28.482803339477595
-153.86233418971148 -514.08851139791443 28.482614997649236
-154.0445166694158 -513.62291292704231 28.481565457279864
-154.22232808561316 -513.15558489681962 28.479902954017554
-154.39753792185468 -512.68727692531093 28.477902154456888
-154.56870879275144 -512.21748596983753 28.475396732764246
-154.73700558789761 -511.74663974206351 28.472532228457879
-154.90473265432502 -511.2755843274104 28.469596543119692
-155.07121004504504 -510.80409381762252 28.466513229445496
-155.23477823611677 -510.3315904221667 28.463086242368153
-155.39481449148337 -509.85788213881654 28.460399928215956
-155.55103651030191 -509.38290362451289 28.459958281407378
-155.7048374430837 -508.90712324498793 28.461147398578035
-155.85815911461248 -508.43118413383382 28.462659330376589
-156.01010432208395 -507.95481320848018 28.465131950833275
-156.15884609431149 -507.47743732493819 28.469840375334055
-156.30531038822312 -506.99934696761778 28.476138341948644
-156.4493808891381 -506.52054471257424 28.48188724764011
-156.58893021667933 -506.04041499635122 28.485627196522049
-156.72526705507516 -505.55934206157031 28.487939694737822
-156.86096929183202 -505.07808280147708 28.489970211445993
-156.99667152858891 -504.59682354138386 28.49200072815416
-157.13090442388781 -504.1151627521885 28.493039308800714
-157.26171957392015 -503.63256799071553 28.491770607663966
-157.39010725779318 -503.14930987199364 28.488863151145466
-157.51801587931547 -502.66592083919829 28.485632284966904
-157.64325245122464 -502.18186634656104 28.482564838724212
-157.76227508492366 -501.69626430543531 28.479877430853122
-157.87688599104172 -501.20956354685876 28.477459839917636
-157.99062705817576 -500.72264615947802 28.475095447482008
-158.1043681253098 -500.23572877209722 28.472731055046385
-158.21521826577347 -499.74818370936021 28.470775600447524
-158.31934704442074 -499.25917931068955 28.469770920280084
-158.41870587944649 -498.76913926622001 28.469440975465169
-158.51712520599671 -498.27889523652891 28.46924392940813
-158.61554453254692 -497.7886512068377 28.469046883351094
-158.71396385909713 -497.2984071771466 28.468849837294055
-158.80671953627927 -496.80728349472787 28.468566263938634
-158.8829355194238 -496.3135909408926 28.468030002793384
-158.94306306259725 -495.81739960240731 28.467247947963632
-158.99797821046917 -495.32039869796097 28.466386259940819
-159.05035577993439 -494.82316755876968 28.465222636679009
-159.09532476602425 -494.32526423806155 28.463177498825893
-159.13308932058342 -493.82670725855405 28.460275137507161
-159.16852044858058 -493.32793856701937 28.457095132075118
-159.19989605337241 -492.82900851056502 28.45345382354855
-159.2194356244398 -492.32960751102098 28.448466203163438
-159.22746969767422 -491.82974872005593 28.442169868344791
-159.23177878359488 -491.32974171583987 28.435449827856637
-159.23608786951553 -490.82973471162381 28.428729787368475
-159.23694427853658 -490.32978933740299 28.422918958099675
-159.22773303366984 -489.83002366996539 28.419759296065365
-159.20874451172614 -489.33043252610918 28.419174334841955
-159.18659368969378 -488.83089782904636 28.419422118414317
-159.16444286766139 -488.33136313198349 28.41966990198668
-159.13996755365702 -487.83197309673642 28.41993972833064
-159.10871644396309 -487.33300474455757 28.420273808420596
-159.07088721880638 -486.83444577306864 28.420670267687775
-159.03093118190424 -486.33601916101679 28.421086895157771
-158.98800463712999 -485.8379731753347 28.420856605806676
-158.93034574024333 -485.34181492129528 28.417417906713467
-158.85164561960448 -484.8483804391721 28.409975395951385
-158.76173742430959 -484.35651903615428 28.402956877799348
-158.66845988186967 -483.86528027031903 28.399198725011043
-158.57374168742896 -483.37430772920459 28.396834626228568
-158.47789882359564 -482.8835734137981 28.394760274437964
-158.37649108924609 -482.39401784054206 28.394119592402063
-158.26732762204188 -481.9061050744632 28.395477008899977
-158.15484862310663 -481.41889459911903 28.397688601168873
-158.04236962417136 -480.93168412377474 28.399900193437766
-157.92876417468912 -480.44475553033101 28.402032674475148
-157.80959038332855 -479.95922035339828 28.403774087849005
-157.68265925985216 -479.47562636378609 28.404970699590365
-157.55187224784714 -478.99301297658707 28.40604560191537
-157.41841499552817 -478.51114540059211 28.407669603120521
-157.28123860581385 -478.03031659789565 28.410058394733554
-157.14247287127392 -477.54993170699663 28.412774013658463
-157.00279472629484 -477.06982529371896 28.415493988543361
-156.85861228093276 -476.59109364206398 28.418235467513917
-156.70815846612226 -476.11427608079032 28.421006886775828
-156.55502517180716 -475.63827632589675 28.423791098203431
-156.40189187749209 -475.1622765710033 28.426575309631033
-156.2441983616385 -474.68787360835427 28.429572475876874
-156.07591348933801 -474.21717928040391 28.433064240985505
-155.90012656875942 -473.74911184511791 28.436906339365002
-155.72068309387686 -473.2824192748572 28.440251622074378
-155.53616428895862 -472.81772330151591 28.442283732093223
-155.34805174677177 -472.3544410775682 28.443386011420294
-155.15856010873782 -471.89171415405661 28.444603159635196
-154.96750111303999 -471.42963347762338 28.446509970312704
-154.77533254505451 -470.96801029590586 28.448905010558967
-154.58168818840869 -470.50701201091761 28.451716889689827
-154.38512214478649 -470.04725646956842 28.455274532068998
-154.18648830628118 -469.58838046766272 28.459359980965864
-153.98513908195773 -469.1307162287905 28.462859849151155
-153.77842645830034 -468.6754650857763 28.464760820834009
-153.56791929063951 -468.22192118062492 28.465530591433815
-153.35667022675437 -467.76871106876274 28.466079193479072
-153.14542116286924 -467.31550095690068 28.466627795524332
-152.93128183659482 -466.8636982736241 28.467651523002068
-152.71043533451825 -466.41516168514414 28.469777831966987
-152.48484526800556 -465.9689350005014 28.472683927608866
-152.25832855046957 -465.52315955348467 28.475742353872988
-152.02994024803286 -465.07836154039001 28.478387530330053
-151.79720963595781 -464.63583129550523 28.480073915861048
-151.56140915930854 -464.19490428527467 28.481082468961102
-151.32500954282261 -463.75429017541023 28.481958730749209
-151.08860992633663 -463.31367606554568 28.482834992537313
-150.8519751352064 -462.8731885596024 28.483631266054442
-150.61479481757425 -462.43299473240421 28.484241993541211
-150.37722897087065 -461.99300845093194 28.484721593780229
-150.13958794695341 -461.55306264036176 28.48517562453085
-149.90194692303623 -461.11311682979175 28.485629655281471
-149.66376109137263 -460.67346761004779 28.486010022371424
-149.42431173247422 -460.23450624870645 28.486219547467879
-149.18396974234554 -459.79603083169229 28.486308379559372
-148.94345384047506 -459.35765009142892 28.486373696978717
-148.70293793860455 -458.91926935116555 28.486439014398066
-148.46236555131591 -458.48091962639302 28.486324201825518
-148.22166218723368 -458.04264181946553 28.485791708910394
-147.98086632581845 -457.60441480175564 28.484964245285752
-147.7400524584458 -457.16619767090918 28.4840793613023
-147.49923859107315 -456.72798054006273 28.483194477318847
-147.25842472370044 -456.28976340921622 28.482309593335394
-147.01713196629356 -455.85181124539599 28.481692671552821
-146.77472903546453 -455.41447333397082 28.48169694564471
-146.53154242789364 -454.97756902625622 28.482139724882892
-146.28820342696889 -454.54074903688365 28.482667775593775
-146.04477172459084 -454.10398075663028 28.483348439777526
-145.80112515296548 -453.66733233101849 28.484382841048017
-145.55732694720544 -453.23076848733285 28.485666876073388
-145.31349927510485 -452.79422108005122 28.486999421239769
-145.06967160300431 -452.35767367276958 28.48833196640615
-144.82673201306039 -451.92063644733798 28.489738832016705
-144.58585045405471 -451.48246412320054 28.491317926933206
-144.34642071045562 -451.04349105610146 28.493018519129059
-144.10727283348146 -450.60436252659645 28.494742699742496
-143.86812495650724 -450.16523399709138 28.496466880355936
-143.62853733739493 -449.72634645776463 28.498280006048766
-143.38793088287656 -449.28801726685384 28.500299207958133
-143.1466059839604 -448.85008180223952 28.502463727062398
-142.90514173391438 -448.41222270568431 28.504656432224415
-142.66249344860614 -447.97502764556742 28.506771555812421
-142.41710237934166 -447.53937080694379 28.508706963894234
-142.16977784795159 -447.10479830199176 28.510515685685725
-141.92207860312999 -446.67043594565655 28.512299855119061
-141.67437935830844 -446.23607358932145 28.514084024552396
-141.42668011348684 -445.80171123298624 28.515868193985732
-141.17898086866518 -445.36734887665091 28.517652363419067
-140.9326162641029 -444.93224048754735 28.519329957313573
-140.6894533434085 -444.49534243185576 28.520751885922245
-140.4486898696718 -444.05710314129283 28.521982210575747
-140.20845879928441 -443.61856624967857 28.523170021021077
-139.96822772889703 -443.1800293580643 28.524357831466403
-139.7275361632137 -442.74174649027589 28.525650397583799
-139.48574015312295 -442.30407286908877 28.527194207996605
-139.24311674010517 -441.86685566962632 28.528926239984035
-139.0003098732717 -441.42973966911308 28.530700004922736
-138.75750300643824 -440.99262366859978 28.532473769861443
-138.51469613960478 -440.55550766808659 28.534247534800148
-138.27188927277132 -440.11839166757335 28.536021299738852
-138.0291750486177 -439.68122427816786 28.537775460194119
-137.78668294436608 -439.24393367885858 28.539482616979562
-137.54435715187867 -438.80655082641806 28.541154579875659
-137.30206819393328 -438.36914754185784 28.542818748068804
-137.05977923598786 -437.93174425729762 28.544482916261948
-136.81679151207942 -437.49473213366082 28.545963896788287
-136.57212881496056 -437.05865764022099 28.547005768298746
-136.32621246931018 -436.62328492440497 28.54771898477788
-136.08001868237562 -436.18806751693921 28.548359467574752
-135.83382489544113 -435.75285010947357 28.548999950371627
-135.58803594858225 -435.3174050764157 28.549266154776099
-135.3432172162498 -434.88141453003175 28.548635386881934
-135.09912439274331 -434.44501583377269 28.5473335095677
-134.85519210361196 -434.00852687537207 28.545883216739643
-134.61125981448058 -433.5720379169714 28.544432923911586
-134.36724365858632 -433.13559588667209 28.54325172400074
-134.12302655807554 -432.69926629602082 28.542715270246628
-133.87865916862032 -432.26302080036186 28.542661030054333
-133.63425856807433 -431.82679388814847 28.542713350184346
-133.38985796752837 -431.39056697593503 28.54276567031436
-133.14545736698244 -430.95434006372176 28.542817990444366
-132.90105676643645 -430.51811315150832 28.542870310574376
-132.65665616589052 -430.08188623929505 28.542922630704386
-132.41296418313874 -429.64526651573078 28.543029586899344
-132.17096948264737 -429.20770592990851 28.543267407468008
-131.93024349329471 -428.76944205362321 28.54360304858924
-131.68987442198068 -428.33098081361334 28.543966192775127
